timestamp_us,shunt_voltage_mV,bus_voltage_V,current_mA,power_mW,workload_state,status
20250,0.335000,5.085000,32.750,170.000,0,OK
40222,0.335000,5.078750,33.500,170.000,0,OK
60234,0.337500,5.083750,33.750,172.500,0,OK
80222,0.332500,5.086250,33.250,170.000,0,OK
100234,0.335000,5.085000,33.500,170.000,0,OK
120222,0.330000,5.086250,33.000,167.500,0,OK
140234,0.332500,5.083750,33.250,170.000,0,OK
160222,0.332500,5.085000,33.250,170.000,0,OK
180234,0.335000,5.085000,33.250,170.000,0,OK
200222,0.332500,5.085000,33.000,167.500,0,OK
220234,0.335000,5.080000,33.500,170.000,0,OK
240222,0.332500,5.083750,33.250,170.000,0,OK
260234,0.335000,5.085000,33.500,170.000,0,OK
280222,0.332500,5.083750,33.250,170.000,0,OK
300234,0.335000,5.085000,33.500,170.000,0,OK
320222,0.342500,5.085000,33.250,170.000,0,OK
340234,0.332500,5.083750,33.000,167.500,0,OK
360222,0.335000,5.083750,33.000,167.500,0,OK
380234,0.332500,5.086250,33.250,167.500,0,OK
400222,0.332500,5.080000,33.250,167.500,0,OK
420234,0.335000,5.085000,33.500,170.000,0,OK
440222,0.332500,5.083750,33.250,170.000,0,OK
460234,0.332500,5.085000,33.250,170.000,0,OK
480222,0.330000,5.085000,33.000,167.500,0,OK
500234,0.337500,5.083750,33.250,170.000,0,OK
520222,0.335000,5.086250,33.250,170.000,0,OK
540234,0.332500,5.083750,33.250,167.500,0,OK
560222,0.335000,5.083750,33.500,170.000,0,OK
580234,0.332500,5.082500,33.250,170.000,0,OK
600222,0.335000,5.083750,33.500,170.000,0,OK
620234,0.332500,5.085000,33.250,170.000,0,OK
640222,0.330000,5.083750,33.000,167.500,0,OK
660234,0.327500,5.085000,32.750,166.250,0,OK
680222,0.332500,5.083750,33.250,170.000,0,OK
700234,0.332500,5.083750,33.000,167.500,0,OK
720222,0.332500,5.083750,33.500,167.500,0,OK
740234,0.332500,5.078750,33.250,167.500,0,OK
760222,0.335000,5.085000,33.500,170.000,0,OK
780234,0.332500,5.085000,33.250,170.000,0,OK
800222,0.335000,5.085000,33.500,170.000,0,OK
820234,0.332500,5.085000,33.250,170.000,0,OK
840222,0.332500,5.086250,33.250,170.000,0,OK
860234,0.330000,5.085000,32.750,166.250,0,OK
880222,0.332500,5.086250,33.000,167.500,0,OK
900234,0.332500,5.086250,33.250,167.500,0,OK
920222,0.332500,5.080000,33.250,167.500,0,OK
940234,0.335000,5.083750,33.500,170.000,0,OK
960222,0.330000,5.085000,33.000,167.500,0,OK
980234,0.332500,5.085000,33.250,170.000,0,OK
1000222,0.332500,5.085000,33.250,170.000,0,OK
1020234,0.342500,5.083750,33.000,167.500,0,OK
1040222,0.332500,5.083750,33.250,170.000,0,OK
1060234,0.332500,5.083750,33.250,167.500,0,OK
1080222,0.332500,5.085000,33.250,167.500,0,OK
1100234,0.335000,5.081250,33.500,170.000,0,OK
1120222,0.332500,5.083750,33.250,170.000,0,OK
1140234,0.332500,5.083750,33.250,170.000,0,OK
1160222,0.330000,5.085000,33.000,167.500,0,OK
1180234,0.332500,5.085000,33.250,170.000,0,OK
1200222,0.337500,5.083750,33.000,167.500,0,OK
1220234,0.327500,5.085000,33.250,170.000,0,OK
1240222,0.332500,5.083750,33.000,167.500,0,OK
1260234,0.335000,5.085000,33.500,170.000,0,OK
1280222,0.335000,5.081250,33.500,170.000,0,OK
1300234,0.332500,5.085000,33.250,170.000,0,OK
1320222,0.330000,5.085000,33.000,167.500,0,OK
1340234,0.332500,5.085000,33.250,170.000,0,OK
1360222,0.330000,5.085000,33.000,167.500,0,OK
1380234,0.327500,5.086250,33.250,170.000,0,OK
1400222,0.330000,5.085000,33.000,167.500,0,OK
1420234,0.335000,5.085000,33.250,170.000,0,OK
1440222,0.335000,5.078750,33.500,170.000,0,OK
1460234,0.332500,5.083750,33.250,170.000,0,OK
1480222,0.332500,5.085000,33.250,170.000,0,OK
1500234,0.330000,5.085000,33.000,167.500,0,OK
1520222,0.332500,5.083750,33.250,170.000,0,OK
1540234,0.332500,5.085000,33.250,170.000,0,OK
1560222,0.332500,5.085000,33.250,170.000,0,OK
1580234,0.332500,5.086250,33.250,170.000,0,OK
1600222,0.332500,5.085000,33.000,167.500,0,OK
1620234,0.335000,5.080000,33.500,170.000,0,OK
1640222,0.335000,5.085000,33.500,170.000,0,OK
1660234,0.335000,5.083750,33.500,170.000,0,OK
1680222,0.330000,5.085000,33.000,167.500,0,OK
1700234,0.330000,5.085000,33.000,167.500,0,OK
1720222,0.340000,5.085000,33.000,167.500,0,OK
1740234,0.332500,5.085000,33.250,170.000,0,OK
1760222,0.330000,5.085000,33.250,167.500,0,OK
1780234,0.335000,5.085000,33.500,170.000,0,OK
1800222,0.332500,5.081250,33.250,167.500,0,OK
1820234,0.332500,5.083750,33.250,170.000,0,OK
1840222,0.330000,5.085000,33.000,167.500,0,OK
1860234,0.330000,5.083750,33.000,167.500,0,OK
1880222,0.332500,5.085000,33.250,170.000,0,OK
1900234,0.335000,5.085000,33.250,170.000,0,OK
1920222,0.335000,5.085000,33.250,170.000,0,OK
1940234,0.332500,5.085000,33.000,167.500,0,OK
1960222,0.332500,5.085000,33.250,167.500,0,OK
1980234,0.332500,5.083750,33.250,170.000,0,OK
2000222,0.337500,5.085000,33.750,172.500,0,OK
2020234,0.332500,5.086250,33.250,170.000,0,OK
2040222,0.332500,5.085000,33.250,170.000,0,OK
2060234,0.330000,5.083750,33.000,167.500,0,OK
2080222,0.330000,5.083750,33.250,170.000,0,OK
2100234,0.332500,5.086250,33.250,170.000,0,OK
2120222,0.335000,5.083750,33.250,170.000,0,OK
2140234,0.330000,5.078750,33.000,167.500,0,OK
2160222,0.332500,5.083750,33.250,170.000,0,OK
2180234,0.332500,5.085000,33.250,170.000,0,OK
2200222,0.332500,5.083750,33.250,170.000,0,OK
2220234,0.330000,5.083750,33.000,167.500,0,OK
2240222,0.347500,5.085000,33.000,167.500,0,OK
2260234,0.330000,5.083750,33.500,170.000,0,OK
2280222,0.332500,5.085000,33.000,167.500,0,OK
2300234,0.335000,5.085000,32.750,170.000,0,OK
2320222,0.332500,5.081250,33.250,167.500,0,OK
2340234,0.332500,5.085000,33.250,170.000,0,OK
2360222,0.330000,5.085000,33.000,167.500,0,OK
2380234,0.335000,5.085000,33.500,170.000,0,OK
2400222,0.332500,5.083750,33.250,170.000,0,OK
2420234,0.337500,5.085000,33.250,170.000,0,OK
2440222,0.327500,5.085000,33.000,167.500,0,OK
2460234,0.332500,5.083750,33.250,167.500,0,OK
2480222,0.332500,5.085000,33.250,167.500,0,OK
2500234,0.332500,5.082500,33.250,170.000,0,OK
2520222,0.335000,5.085000,33.500,170.000,0,OK
2540234,0.330000,5.083750,33.000,167.500,0,OK
2560222,0.332500,5.085000,33.250,170.000,0,OK
2580234,0.330000,5.083750,33.000,167.500,0,OK
2600222,0.335000,5.085000,33.000,167.500,0,OK
2620234,0.335000,5.085000,33.250,170.000,0,OK
2640222,0.335000,5.085000,33.000,170.000,0,OK
2660234,0.337500,5.085000,33.750,172.500,0,OK
2680222,0.332500,5.082500,33.250,170.000,0,OK
2700234,0.332500,5.086250,33.250,170.000,0,OK
2720222,0.332500,5.085000,33.250,170.000,0,OK
2740234,0.332500,5.083750,33.250,170.000,0,OK
2760222,0.330000,5.083750,33.000,167.500,0,OK
2780234,0.332500,5.083750,33.250,170.000,0,OK
2800222,0.335000,5.083750,33.250,170.000,0,OK
2820234,0.332500,5.086250,33.250,167.500,0,OK
2840222,0.332500,5.080000,33.250,167.500,0,OK
2860234,0.332500,5.085000,33.250,170.000,0,OK
2880222,0.332500,5.085000,33.250,170.000,0,OK
2900234,0.330000,5.085000,33.000,167.500,0,OK
2920222,0.332500,5.085000,33.250,170.000,0,OK
2940234,0.342500,5.083750,33.250,170.000,0,OK
2960222,0.330000,5.086250,33.250,170.000,0,OK
2980234,0.332500,5.085000,33.250,170.000,0,OK
3000222,0.335000,5.085000,33.500,170.000,0,OK
3020234,0.332500,5.081250,33.250,167.500,0,OK
3040222,0.335000,5.086250,33.500,170.000,0,OK
3060234,0.330000,5.086250,33.000,167.500,0,OK
3080222,0.332500,5.083750,33.250,170.000,0,OK
3100234,0.332500,5.085000,33.250,170.000,0,OK
3120222,0.340000,5.085000,33.500,170.000,0,OK
3140234,0.335000,5.085000,33.000,167.500,0,OK
3160222,0.332500,5.085000,33.250,167.500,0,OK
3180234,0.332500,5.085000,33.250,167.500,0,OK
3200222,0.332500,5.082500,33.250,170.000,0,OK
3220234,0.332500,5.085000,33.250,170.000,0,OK
3240222,0.332500,5.083750,33.250,170.000,0,OK
3260234,0.330000,5.085000,33.000,167.500,0,OK
3280222,0.332500,5.085000,33.250,170.000,0,OK
3300234,0.330000,5.085000,33.000,167.500,0,OK
3320222,0.332500,5.086250,33.250,170.000,0,OK
3340234,0.335000,5.085000,33.000,170.000,0,OK
3360222,0.332500,5.078750,33.250,167.500,0,OK
3380234,0.335000,5.085000,33.500,170.000,0,OK
3400222,0.332500,5.086250,33.250,170.000,0,OK
3420234,0.330000,5.086250,33.000,167.500,0,OK
3440222,0.335000,5.085000,33.500,170.000,0,OK
3460234,0.332500,5.086250,33.250,170.000,0,OK
3480222,0.330000,5.086250,33.000,167.500,0,OK
3500234,0.332500,5.085000,33.000,167.500,0,OK
3520222,0.330000,5.085000,33.250,167.500,0,OK
3540234,0.335000,5.080000,33.500,170.000,0,OK
3560222,0.332500,5.086250,33.250,170.000,0,OK
3580234,0.332500,5.085000,33.250,170.000,0,OK
3600222,0.330000,5.085000,33.000,167.500,0,OK
3620234,0.332500,5.083750,33.250,170.000,0,OK
3640222,0.340000,5.085000,33.500,170.000,0,OK
3660234,0.332500,5.083750,33.250,170.000,0,OK
3680222,0.335000,5.086250,33.250,170.000,0,OK
3700234,0.332500,5.085000,33.250,167.500,0,OK
3720222,0.332500,5.082500,33.250,170.000,0,OK
3740234,0.332500,5.086250,33.250,170.000,0,OK
3760222,0.332500,5.086250,33.250,170.000,0,OK
3780234,0.332500,5.085000,33.250,170.000,0,OK
3800222,0.330000,5.083750,33.000,167.500,0,OK
3820234,0.335000,5.085000,33.000,167.500,0,OK
3840222,0.332500,5.083750,33.000,167.500,0,OK
3860234,0.332500,5.085000,33.000,167.500,0,OK
3880222,0.330000,5.085000,33.000,167.500,0,OK
3900234,0.332500,5.083750,33.250,170.000,0,OK
3920222,0.332500,5.086250,33.250,170.000,0,OK
3940234,0.330000,5.085000,33.000,167.500,0,OK
3960222,0.330000,5.085000,33.000,167.500,0,OK
3980234,0.330000,5.085000,33.000,167.500,0,OK
4000222,0.330000,5.085000,33.250,170.000,0,OK
4020234,0.332500,5.085000,33.000,167.500,0,OK
4040222,0.332500,5.085000,33.000,167.500,0,OK
4060234,0.332500,5.080000,33.250,167.500,0,OK
4080222,0.332500,5.085000,33.250,170.000,0,OK
4100234,0.332500,5.085000,33.250,170.000,0,OK
4120222,0.327500,5.085000,32.750,166.250,0,OK
4140234,0.332500,5.085000,33.250,170.000,0,OK
4160222,0.330000,5.085000,33.000,167.500,0,OK
4180234,0.330000,5.083750,33.250,170.000,0,OK
4200222,0.332500,5.083750,33.000,167.500,0,OK
4220234,0.332500,5.085000,33.000,167.500,0,OK
4240222,0.332500,5.080000,33.250,167.500,0,OK
4260234,0.332500,5.085000,33.250,170.000,0,OK
4280222,0.327500,5.085000,32.750,166.250,0,OK
4300234,0.330000,5.085000,33.000,167.500,0,OK
4320222,0.332500,5.085000,33.250,170.000,0,OK
4340234,0.340000,5.085000,33.000,167.500,0,OK
4360222,0.335000,5.085000,33.250,170.000,0,OK
4380234,0.335000,5.083750,33.000,170.000,0,OK
4400222,0.332500,5.086250,33.250,167.500,0,OK
4420234,0.332500,5.082500,33.250,170.000,0,OK
4440222,0.332500,5.085000,33.250,170.000,0,OK
4460234,0.330000,5.085000,33.000,167.500,0,OK
4480222,0.330000,5.085000,33.000,167.500,0,OK
4500234,0.332500,5.085000,33.250,170.000,0,OK
4520222,0.332500,5.085000,33.000,167.500,0,OK
4540234,0.327500,5.085000,33.000,167.500,0,OK
4560222,0.332500,5.085000,33.250,167.500,0,OK
4580234,0.332500,5.085000,33.250,167.500,0,OK
4600222,0.335000,5.083750,33.500,170.000,0,OK
4620234,0.330000,5.085000,33.000,167.500,0,OK
4640222,0.332500,5.083750,33.250,170.000,0,OK
4660234,0.332500,5.086250,33.250,170.000,0,OK
4680222,0.330000,5.086250,33.000,167.500,0,OK
4700234,0.330000,5.085000,33.250,170.000,0,OK
4720222,0.337500,5.085000,33.000,167.500,0,OK
4740234,0.332500,5.086250,33.000,167.500,0,OK
4760222,0.332500,5.078750,33.250,167.500,0,OK
4780234,0.332500,5.085000,33.250,170.000,0,OK
4800222,0.332500,5.086250,33.250,170.000,0,OK
4820234,0.332500,5.085000,33.250,170.000,0,OK
4840222,0.330000,5.085000,33.000,167.500,0,OK
4860234,0.347500,5.085000,32.750,166.250,0,OK
4880222,0.335000,5.086250,33.250,170.000,0,OK
4900234,0.332500,5.086250,33.000,167.500,0,OK
4920222,0.335000,5.086250,33.500,170.000,0,OK
4940234,0.330000,5.080000,33.000,167.500,0,OK
4960222,0.335000,5.086250,33.500,170.000,0,OK
4980234,0.330000,5.085000,33.000,167.500,0,OK
5000222,0.332500,5.085000,33.250,170.000,0,OK
5020234,0.327500,5.086250,32.750,166.250,0,OK
5040222,0.337500,5.085000,33.000,167.500,0,OK
5060234,0.332500,5.086250,33.000,167.500,0,OK
5080222,0.332500,5.085000,33.500,167.500,0,OK
5100234,0.332500,5.086250,33.250,167.500,0,OK
5120222,0.332500,5.082500,33.250,170.000,0,OK
5140234,0.332500,5.086250,33.250,170.000,0,OK
5160222,0.330000,5.085000,33.000,167.500,0,OK
5180234,0.332500,5.085000,33.250,170.000,0,OK
5200222,0.332500,5.086250,33.250,170.000,0,OK
5220234,0.332500,5.085000,33.000,167.500,0,OK
5240222,0.330000,5.083750,33.500,170.000,0,OK
5260234,0.332500,5.085000,33.250,167.500,0,OK
5280222,0.332500,5.085000,33.250,167.500,0,OK
5300234,0.332500,5.085000,33.250,170.000,0,OK
5320222,0.332500,5.086250,33.250,170.000,0,OK
5340234,0.330000,5.083750,33.000,167.500,0,OK
5360222,0.332500,5.083750,33.250,170.000,0,OK
5380234,0.330000,5.086250,33.000,167.500,0,OK
5400222,0.332500,5.085000,33.250,170.000,0,OK
5420234,0.332500,5.086250,33.000,167.500,0,OK
5440222,0.332500,5.086250,33.000,167.500,0,OK
5460234,0.330000,5.080000,33.000,167.500,0,OK
5480222,0.332500,5.083750,33.250,170.000,0,OK
5500234,0.332500,5.086250,33.250,170.000,0,OK
5520222,0.332500,5.083750,33.250,170.000,0,OK
5540234,0.330000,5.083750,33.000,167.500,0,OK
5560222,0.342500,5.086250,33.000,167.500,0,OK
5580234,0.330000,5.086250,33.000,167.500,0,OK
5600222,0.337500,5.086250,33.250,170.000,0,OK
5620234,0.335000,5.085000,33.500,170.000,0,OK
5640222,0.332500,5.081250,33.250,167.500,0,OK
5660234,0.335000,5.085000,33.500,170.000,0,OK
5680222,0.332500,5.085000,33.250,170.000,0,OK
5700234,0.332500,5.085000,33.250,170.000,0,OK
5720222,0.332500,5.085000,33.250,170.000,0,OK
5740234,0.335000,5.085000,33.000,167.500,0,OK
5760222,0.332500,5.083750,32.750,166.250,0,OK
5780234,0.330000,5.083750,33.000,167.500,0,OK
5800222,0.332500,5.085000,33.250,167.500,0,OK
5820234,0.332500,5.081250,33.250,167.500,0,OK
5840222,0.335000,5.085000,33.500,170.000,0,OK
5860234,0.332500,5.086250,33.250,170.000,0,OK
5880222,0.335000,5.085000,33.500,170.000,0,OK
5900234,0.335000,5.085000,33.500,170.000,0,OK
5920222,0.330000,5.085000,33.250,170.000,0,OK
5940234,0.330000,5.085000,33.250,170.000,0,OK
5960222,0.335000,5.086250,32.500,170.000,0,OK
5980234,0.332500,5.078750,33.250,167.500,0,OK
6000222,0.332500,5.085000,33.250,170.000,0,OK
6020234,0.335000,5.085000,33.500,170.000,0,OK
6040222,0.327500,5.085000,32.750,166.250,0,OK
6060234,0.332500,5.086250,33.250,170.000,0,OK
6080222,0.332500,5.085000,33.250,170.000,0,OK
6100234,0.330000,5.085000,33.000,167.500,0,OK
6120222,0.330000,5.086250,33.250,170.000,0,OK
6140234,0.332500,5.083750,33.250,167.500,0,OK
6160222,0.332500,5.081250,33.250,167.500,0,OK
6180234,0.335000,5.083750,33.500,170.000,0,OK
6200222,0.332500,5.086250,33.250,170.000,0,OK
6220234,0.330000,5.083750,33.000,167.500,0,OK
6240222,0.330000,5.083750,33.000,167.500,0,OK
6260234,0.342500,5.083750,33.250,170.000,0,OK
6280222,0.332500,5.085000,33.250,170.000,0,OK
6300234,0.332500,5.085000,33.000,167.500,0,OK
6320222,0.335000,5.085000,33.500,170.000,0,OK
6340234,0.337500,5.081250,33.750,172.500,0,OK
6360222,0.332500,5.085000,33.250,170.000,0,OK
6380234,0.332500,5.083750,33.250,170.000,0,OK
6400222,0.332500,5.083750,33.250,170.000,0,OK
6420234,0.332500,5.085000,33.250,170.000,0,OK
6440222,0.335000,5.086250,33.250,170.000,0,OK
6460234,0.332500,5.086250,33.000,167.500,0,OK
6480222,0.335000,5.086250,33.000,170.000,0,OK
6500234,0.335000,5.085000,33.500,170.000,0,OK
6520222,0.332500,5.082500,33.250,170.000,0,OK
6540234,0.332500,5.083750,33.250,170.000,0,OK
6560222,0.330000,5.083750,33.000,167.500,0,OK
6580234,0.330000,5.083750,33.000,167.500,0,OK
6600222,0.335000,5.085000,33.500,170.000,0,OK
6620234,0.332500,5.086250,32.750,166.250,0,OK
6640222,0.335000,5.086250,33.250,170.000,0,OK
6660234,0.330000,5.085000,33.250,167.500,0,OK
6680222,0.332500,5.078750,33.250,167.500,0,OK
6700234,0.335000,5.085000,33.500,170.000,0,OK
6720222,0.330000,5.085000,33.000,167.500,0,OK
6740234,0.330000,5.083750,33.000,167.500,0,OK
6760222,0.332500,5.085000,33.250,170.000,0,OK
6780234,0.347500,5.085000,33.250,170.000,0,OK
6800222,0.330000,5.086250,33.250,170.000,0,OK
6820234,0.330000,5.086250,33.000,167.500,0,OK
6840222,0.332500,5.085000,33.250,167.500,0,OK
6860234,0.335000,5.081250,33.500,170.000,0,OK
6880222,0.332500,5.085000,33.250,170.000,0,OK
6900234,0.335000,5.085000,33.500,170.000,0,OK
6920222,0.332500,5.085000,33.250,170.000,0,OK
6940234,0.335000,5.083750,33.500,170.000,0,OK
6960222,0.340000,5.085000,33.000,167.500,0,OK
6980234,0.335000,5.085000,33.000,167.500,0,OK
7000222,0.335000,5.085000,33.250,170.000,0,OK
7020234,0.332500,5.085000,33.250,167.500,0,OK
7040222,0.332500,5.082500,33.250,170.000,0,OK
7060234,0.335000,5.085000,33.500,170.000,0,OK
7080222,0.332500,5.085000,33.250,170.000,0,OK
7100234,0.332500,5.085000,33.250,170.000,0,OK
7120222,0.327500,5.083750,32.750,166.250,0,OK
7140234,0.335000,5.085000,33.250,170.000,0,OK
7160222,0.332500,5.085000,33.250,170.000,0,OK
7180234,0.332500,5.085000,33.250,167.500,0,OK
7200222,0.332500,5.085000,33.250,167.500,0,OK
7220234,0.332500,5.085000,33.250,170.000,0,OK
7240222,0.332500,5.085000,33.250,170.000,0,OK
7260234,0.332500,5.085000,33.250,170.000,0,OK
7280222,0.330000,5.086250,33.000,167.500,0,OK
7300234,0.335000,5.085000,33.500,170.000,0,OK
7320222,0.332500,5.085000,33.000,167.500,0,OK
7340234,0.332500,5.086250,33.250,170.000,0,OK
7360222,0.335000,5.086250,33.250,170.000,0,OK
7380234,0.332500,5.080000,33.250,167.500,0,OK
7400222,0.332500,5.085000,33.250,170.000,0,OK
7420234,0.335000,5.086250,33.500,170.000,0,OK
7440222,0.332500,5.083750,33.250,170.000,0,OK
7460234,0.332500,5.085000,33.250,170.000,0,OK
7480222,0.342500,5.085000,33.250,170.000,0,OK
7500234,0.332500,5.085000,33.250,170.000,0,OK
7520222,0.335000,5.085000,33.250,170.000,0,OK
7540234,0.335000,5.085000,33.500,170.000,0,OK
7560222,0.332500,5.082500,33.250,170.000,0,OK
7580234,0.335000,5.085000,33.500,170.000,0,OK
7600222,0.332500,5.085000,33.250,170.000,0,OK
7620234,0.330000,5.086250,33.000,167.500,0,OK
7640222,0.332500,5.085000,33.250,170.000,0,OK
7660234,0.340000,5.086250,33.500,170.000,0,OK
7680222,0.332500,5.085000,33.000,167.500,0,OK
7700234,0.335000,5.085000,33.250,170.000,0,OK
7720222,0.332500,5.085000,33.250,167.500,0,OK
7740234,0.337500,5.081250,33.750,172.500,0,OK
7760222,0.332500,5.085000,33.250,170.000,0,OK
7780234,0.332500,5.085000,33.250,170.000,0,OK
7800222,0.335000,5.083750,33.500,170.000,0,OK
7820234,0.332500,5.086250,33.250,170.000,0,OK
7840222,0.332500,5.085000,33.250,170.000,0,OK
7860234,0.330000,5.086250,33.250,170.000,0,OK
7880222,0.335000,5.085000,33.250,170.000,0,OK
7900234,0.332500,5.080000,33.250,167.500,0,OK
7920222,0.332500,5.083750,33.250,170.000,0,OK
7940234,0.335000,5.085000,33.500,170.000,0,OK
7960222,0.330000,5.086250,33.000,167.500,0,OK
7980234,0.332500,5.085000,33.250,170.000,0,OK
8000222,0.330000,5.083750,33.000,167.500,0,OK
8020234,0.330000,5.085000,32.750,166.250,0,OK
8040222,0.335000,5.083750,33.250,170.000,0,OK
8060234,0.335000,5.086250,33.000,170.000,0,OK
8080222,0.332500,5.081250,33.250,167.500,0,OK
8100234,0.335000,5.085000,33.500,170.000,0,OK
8120222,0.335000,5.085000,33.500,170.000,0,OK
8140234,0.332500,5.086250,33.250,170.000,0,OK
8160222,0.335000,5.086250,33.500,170.000,0,OK
8180234,0.337500,5.083750,33.500,170.000,0,OK
8200222,0.330000,5.086250,33.250,170.000,0,OK
8220234,0.332500,5.085000,33.000,167.500,0,OK
8240222,0.335000,5.086250,33.500,170.000,0,OK
8260234,0.332500,5.082500,33.250,170.000,0,OK
8280222,0.332500,5.085000,33.250,170.000,0,OK
8300234,0.332500,5.086250,33.250,170.000,0,OK
8320222,0.335000,5.085000,33.500,170.000,0,OK
8340234,0.332500,5.085000,33.250,170.000,0,OK
8360222,0.335000,5.083750,33.250,170.000,0,OK
8380234,0.332500,5.085000,33.000,167.500,0,OK
8400222,0.332500,5.086250,33.000,167.500,0,OK
8420234,0.330000,5.086250,33.000,167.500,0,OK
8440222,0.332500,5.083750,33.250,170.000,0,OK
8460234,0.332500,5.086250,33.250,170.000,0,OK
8480222,0.332500,5.085000,33.250,170.000,0,OK
8500234,0.337500,5.086250,33.750,172.500,0,OK
8520222,0.332500,5.085000,33.250,170.000,0,OK
8540234,0.330000,5.085000,33.250,170.000,0,OK
8560222,0.332500,5.086250,33.000,167.500,0,OK
8580234,0.335000,5.083750,33.250,170.000,0,OK
8600222,0.337500,5.080000,33.750,172.500,0,OK
8620234,0.332500,5.083750,33.250,170.000,0,OK
8640222,0.332500,5.086250,33.250,170.000,0,OK
8660234,0.327500,5.083750,32.750,166.250,0,OK
8680222,0.332500,5.086250,33.250,170.000,0,OK
8700234,0.332500,5.085000,33.250,170.000,0,OK
8720222,0.330000,5.085000,33.250,170.000,0,OK
8740234,0.332500,5.085000,33.250,170.000,0,OK
8760222,0.335000,5.085000,33.250,170.000,0,OK
8780234,0.332500,5.081250,33.250,167.500,0,OK
8800222,0.330000,5.086250,33.000,167.500,0,OK
8820234,0.335000,5.086250,33.500,170.000,0,OK
8840222,0.330000,5.083750,33.000,167.500,0,OK
8860234,0.330000,5.083750,33.000,167.500,0,OK
8880222,0.340000,5.083750,33.500,170.000,0,OK
8900234,0.327500,5.085000,33.250,170.000,0,OK
8920222,0.332500,5.085000,32.750,167.500,0,OK
8940234,0.332500,5.085000,33.250,167.500,0,OK
8960222,0.335000,5.081250,33.500,170.000,0,OK
8980234,0.335000,5.085000,33.500,170.000,0,OK
9000222,0.335000,5.085000,33.500,170.000,0,OK
9020234,0.332500,5.085000,33.250,170.000,0,OK
9040222,0.332500,5.085000,33.250,170.000,0,OK
9060234,0.335000,5.085000,33.250,170.000,0,OK
9080222,0.332500,5.085000,33.000,167.500,0,OK
9100234,0.332500,5.086250,33.000,167.500,0,OK
9120222,0.335000,5.085000,33.500,170.000,0,OK
9140234,0.332500,5.082500,33.250,170.000,0,OK
9160222,0.332500,5.086250,33.250,170.000,0,OK
9180234,0.332500,5.085000,33.250,170.000,0,OK
9200222,0.330000,5.085000,33.000,167.500,0,OK
9220234,0.327500,5.086250,32.750,166.250,0,OK
9240222,0.330000,5.085000,33.000,167.500,0,OK
9260234,0.332500,5.086250,33.250,170.000,0,OK
9280222,0.332500,5.086250,33.000,167.500,0,OK
9300234,0.332500,5.080000,33.250,167.500,0,OK
9320222,0.332500,5.085000,33.250,170.000,0,OK
9340234,0.332500,5.085000,33.250,170.000,0,OK
9360222,0.327500,5.085000,32.750,166.250,0,OK
9380234,0.330000,5.083750,33.000,167.500,0,OK
9400222,0.332500,5.085000,33.250,170.000,0,OK
9420234,0.330000,5.085000,33.250,170.000,0,OK
9440222,0.335000,5.086250,33.250,170.000,0,OK
9460234,0.332500,5.086250,33.250,167.500,0,OK
9480222,0.332500,5.081250,33.250,167.500,0,OK
9500234,0.330000,5.086250,33.000,167.500,0,OK
9520222,0.332500,5.086250,33.250,170.000,0,OK
9540234,0.332500,5.083750,33.250,170.000,0,OK
9560222,0.335000,5.085000,33.500,170.000,0,OK
9580234,0.340000,5.083750,33.000,167.500,0,OK
9600222,0.335000,5.083750,33.250,170.000,0,OK
9620234,0.335000,5.086250,33.250,170.000,0,OK
9640222,0.332500,5.083750,33.250,167.500,0,OK
9660234,0.332500,5.081250,33.250,167.500,0,OK
9680222,0.335000,5.085000,33.500,170.000,0,OK
9700234,0.332500,5.085000,33.250,170.000,0,OK
9720222,0.332500,5.085000,33.250,170.000,0,OK
9740234,0.332500,5.085000,33.250,170.000,0,OK
9760222,0.332500,5.086250,33.250,170.000,0,OK
9780234,0.335000,5.085000,33.250,170.000,0,OK
9800222,0.330000,5.085000,33.250,167.500,0,OK
9820234,0.335000,5.086250,33.500,170.000,0,OK
9840222,0.335000,5.083750,33.500,170.000,0,OK
9860234,0.332500,5.085000,33.250,170.000,0,OK
9880222,0.330000,5.085000,33.000,167.500,0,OK
9900234,0.332500,5.085000,33.250,170.000,0,OK
9920222,0.335000,5.085000,33.500,170.000,0,OK
9940234,0.332500,5.085000,33.250,170.000,0,OK
9960222,0.337500,5.086250,33.000,167.500,0,OK
9980234,0.330000,5.085000,33.000,167.500,0,OK
10000222,0.330000,5.080000,33.000,167.500,0,OK
10020234,0.332500,5.086250,33.250,170.000,0,OK
10040222,0.332500,5.085000,33.250,170.000,0,OK
10060234,0.330000,5.085000,33.000,167.500,0,OK
10080222,0.332500,5.085000,33.250,170.000,0,OK
10100234,0.342500,5.085000,33.000,167.500,0,OK
10120222,0.332500,5.083750,33.250,170.000,0,OK
10140234,0.327500,5.085000,32.750,166.250,0,OK
10160222,0.332500,5.085000,33.250,167.500,0,OK
10180234,0.332500,5.081250,33.250,167.500,0,OK
10200222,0.332500,5.085000,33.250,170.000,0,OK
10220234,0.330000,5.083750,33.000,167.500,0,OK
10240222,0.335000,5.085000,33.500,170.000,0,OK
10260234,0.330000,5.085000,33.000,167.500,0,OK
10280222,0.337500,5.085000,33.000,167.500,0,OK
10300234,0.335000,5.083750,33.000,167.500,0,OK
10320222,0.332500,5.086250,33.000,167.500,0,OK
10340234,0.335000,5.085000,33.500,170.000,0,OK
10360222,0.335000,5.082500,33.500,170.000,0,OK
10380234,0.335000,5.085000,33.500,170.000,0,OK
10400222,0.330000,5.086250,33.000,167.500,0,OK
10420234,0.327500,5.086250,32.750,166.250,0,OK
10440222,0.335000,5.085000,33.500,170.000,0,OK
10460234,0.332500,5.085000,33.000,167.500,0,OK
10480222,0.330000,5.085000,33.250,170.000,0,OK
10500234,0.332500,5.086250,33.250,167.500,0,OK
10520222,0.332500,5.078750,33.250,167.500,0,OK
10540234,0.330000,5.083750,33.000,167.500,0,OK
10560222,0.337500,5.086250,33.750,172.500,0,OK
10580234,0.330000,5.085000,33.000,167.500,0,OK
10600222,0.332500,5.085000,33.250,170.000,0,OK
10620234,0.332500,5.086250,33.250,170.000,0,OK
10640222,0.330000,5.085000,33.250,170.000,0,OK
10660234,0.335000,5.087500,33.000,167.500,0,OK
10680222,0.335000,5.086250,33.250,170.000,0,OK
10700234,0.332500,5.080000,33.250,167.500,0,OK
10720222,0.335000,5.085000,33.500,170.000,0,OK
10740234,0.332500,5.085000,33.250,170.000,0,OK
10760222,0.330000,5.085000,33.000,167.500,0,OK
10780234,0.332500,5.086250,33.250,170.000,0,OK
10800222,0.342500,5.086250,33.250,170.000,0,OK
10820234,0.330000,5.085000,33.250,170.000,0,OK
10840222,0.332500,5.085000,33.000,167.500,0,OK
10860234,0.332500,5.085000,33.250,167.500,0,OK
10880222,0.330000,5.082500,33.000,167.500,0,OK
10900234,0.332500,5.085000,33.250,170.000,0,OK
10920222,0.332500,5.085000,33.250,170.000,0,OK
10940234,0.332500,5.083750,33.250,170.000,0,OK
10960222,0.332500,5.085000,33.250,170.000,0,OK
10980234,0.332500,5.085000,33.250,170.000,0,OK
11000222,0.332500,5.085000,33.250,170.000,0,OK
11020234,0.332500,5.085000,33.250,167.500,0,OK
11040222,0.330000,5.085000,33.000,167.500,0,OK
11060234,0.332500,5.082500,33.250,170.000,0,OK
11080222,0.332500,5.083750,33.250,170.000,0,OK
11100234,0.332500,5.083750,33.250,170.000,0,OK
11120222,0.327500,5.085000,32.750,166.250,0,OK
11140234,0.332500,5.083750,33.250,170.000,0,OK
11160222,0.330000,5.085000,33.250,170.000,0,OK
11180234,0.332500,5.085000,33.250,170.000,0,OK
11200222,0.332500,5.086250,33.250,167.500,0,OK
11220234,0.335000,5.081250,33.500,170.000,0,OK
11240222,0.332500,5.085000,33.250,170.000,0,OK
11260234,0.332500,5.085000,33.250,170.000,0,OK
11280222,0.332500,5.083750,33.250,170.000,0,OK
11300234,0.332500,5.085000,33.250,170.000,0,OK
11320222,0.330000,5.086250,33.000,167.500,0,OK
11340234,0.330000,5.083750,33.250,170.000,0,OK
11360222,0.332500,5.085000,33.250,170.000,0,OK
11380234,0.332500,5.085000,33.000,167.500,0,OK
11400222,0.337500,5.080000,33.750,172.500,0,OK
11420234,0.335000,5.085000,33.500,170.000,0,OK
11440222,0.332500,5.085000,33.250,170.000,0,OK
11460234,0.332500,5.083750,33.250,170.000,0,OK
11480222,0.330000,5.085000,33.000,167.500,0,OK
11500234,0.340000,5.085000,33.250,170.000,0,OK
11520222,0.330000,5.085000,33.250,170.000,0,OK
11540234,0.332500,5.085000,33.000,167.500,0,OK
11560222,0.332500,5.086250,33.250,167.500,0,OK
11580234,0.332500,5.082500,33.250,170.000,0,OK
11600222,0.337500,5.086250,33.750,172.500,0,OK
11620234,0.332500,5.085000,33.250,170.000,0,OK
11640222,0.327500,5.085000,32.750,166.250,0,OK
11660234,0.332500,5.085000,33.250,170.000,0,OK
11680222,0.332500,5.086250,33.500,170.000,0,OK
11700234,0.332500,5.085000,33.000,167.500,0,OK
11720222,0.332500,5.086250,33.000,167.500,0,OK
11740234,0.332500,5.085000,33.250,167.500,0,OK
11760222,0.332500,5.083750,33.250,170.000,0,OK
11780234,0.332500,5.086250,33.250,170.000,0,OK
11800222,0.327500,5.085000,32.750,166.250,0,OK
11820234,0.332500,5.085000,33.250,170.000,0,OK
11840222,0.330000,5.083750,33.000,167.500,0,OK
11860234,0.332500,5.085000,33.250,170.000,0,OK
11880222,0.332500,5.085000,32.750,166.250,0,OK
11900234,0.332500,5.085000,33.250,167.500,0,OK
11920222,0.332500,5.080000,33.250,167.500,0,OK
11940234,0.335000,5.085000,33.500,170.000,0,OK
11960222,0.332500,5.086250,33.250,170.000,0,OK
11980234,0.330000,5.085000,33.000,167.500,0,OK
12000222,0.332500,5.083750,33.250,170.000,0,OK
12020234,0.347500,5.085000,33.250,170.000,0,OK
12040222,0.332500,5.083750,33.000,167.500,0,OK
12060234,0.332500,5.085000,33.500,170.000,0,OK
12080222,0.335000,5.086250,33.500,170.000,0,OK
12100234,0.332500,5.081250,33.250,167.500,0,OK
12120222,0.332500,5.086250,33.250,170.000,0,OK
12140234,0.330000,5.086250,33.000,167.500,0,OK
12160222,0.332500,5.085000,33.250,170.000,0,OK
12180234,0.330000,5.085000,33.000,167.500,0,OK
12200222,0.340000,5.085000,33.250,170.000,0,OK
12220234,0.332500,5.085000,33.000,167.500,0,OK
12240222,0.332500,5.085000,33.250,167.500,0,OK
12260234,0.335000,5.085000,33.500,170.000,0,OK
12280222,0.335000,5.083750,33.500,170.000,0,OK
12300234,0.332500,5.086250,33.250,170.000,0,OK
12320222,0.327500,5.086250,32.750,166.250,0,OK
12340234,0.335000,5.083750,33.500,170.000,0,OK
12360222,0.335000,5.086250,33.500,170.000,0,OK
12380234,0.332500,5.085000,33.250,170.000,0,OK
12400222,0.332500,5.085000,33.250,170.000,0,OK
12420234,0.332500,5.086250,33.000,167.500,0,OK
12440222,0.332500,5.085000,33.250,167.500,0,OK
12460234,0.332500,5.083750,33.250,170.000,0,OK
12480222,0.332500,5.085000,33.250,170.000,0,OK
12500234,0.332500,5.085000,33.250,170.000,0,OK
12520222,0.332500,5.086250,33.250,170.000,0,OK
12540234,0.335000,5.085000,33.500,170.000,0,OK
12560222,0.332500,5.086250,33.000,167.500,0,OK
12580234,0.335000,5.085000,33.250,170.000,0,OK
12600222,0.332500,5.085000,33.000,167.500,0,OK
12620234,0.332500,5.078750,33.250,167.500,0,OK
12640222,0.335000,5.085000,33.500,170.000,0,OK
12660234,0.332500,5.085000,33.250,170.000,0,OK
12680222,0.330000,5.085000,33.000,167.500,0,OK
12700234,0.332500,5.085000,33.250,170.000,0,OK
12720222,0.345000,5.085000,33.000,167.500,0,OK
12740234,0.332500,5.083750,33.250,170.000,0,OK
12760222,0.337500,5.085000,33.250,170.000,0,OK
12780234,0.337500,5.085000,33.750,172.500,0,OK
12800222,0.332500,5.081250,33.250,167.500,0,OK
12820234,0.332500,5.086250,33.250,170.000,0,OK
12840222,0.330000,5.085000,33.000,167.500,0,OK
12860234,0.327500,5.083750,32.750,166.250,0,OK
12880222,0.332500,5.086250,33.250,170.000,0,OK
12900234,0.335000,5.085000,33.000,167.500,0,OK
12920222,0.330000,5.086250,33.250,170.000,0,OK
12940234,0.330000,5.085000,33.000,167.500,0,OK
12960222,0.332500,5.086250,33.250,167.500,0,OK
12980234,0.335000,5.082500,33.500,170.000,0,OK
13000222,0.332500,5.085000,33.250,170.000,0,OK
13020234,0.335000,5.086250,33.500,170.000,0,OK
13040222,0.330000,5.085000,33.000,167.500,0,OK
13060234,0.332500,5.085000,33.250,170.000,0,OK
13080222,0.332500,5.086250,33.250,170.000,0,OK
13100234,0.330000,5.085000,33.000,167.500,0,OK
13120222,0.335000,5.086250,33.000,170.000,0,OK
13140234,0.335000,5.078750,33.500,170.000,0,OK
13160222,0.332500,5.083750,33.250,170.000,0,OK
13180234,0.335000,5.085000,33.500,170.000,0,OK
13200222,0.332500,5.085000,33.250,170.000,0,OK
13220234,0.332500,5.085000,33.250,170.000,0,OK
13240222,0.330000,5.085000,33.000,167.500,0,OK
13260234,0.330000,5.083750,33.250,170.000,0,OK
13280222,0.330000,5.085000,33.250,170.000,0,OK
13300234,0.332500,5.086250,33.500,167.500,0,OK
13320222,0.335000,5.081250,33.500,170.000,0,OK
13340234,0.332500,5.085000,33.250,170.000,0,OK
13360222,0.332500,5.085000,33.250,170.000,0,OK
13380234,0.335000,5.085000,33.500,170.000,0,OK
13400222,0.332500,5.085000,33.250,170.000,0,OK
13420234,0.342500,5.083750,33.250,170.000,0,OK
13440222,0.332500,5.086250,33.000,167.500,0,OK
13460234,0.335000,5.086250,33.000,170.000,0,OK
13480222,0.332500,5.085000,33.250,167.500,0,OK
13500234,0.332500,5.082500,33.250,170.000,0,OK
13520222,0.332500,5.085000,33.250,170.000,0,OK
13540234,0.332500,5.085000,33.250,170.000,0,OK
13560222,0.332500,5.086250,33.250,170.000,0,OK
13580234,0.332500,5.085000,33.250,170.000,0,OK
13600222,0.337500,5.085000,33.000,167.500,0,OK
13620234,0.335000,5.085000,33.000,167.500,0,OK
13640222,0.335000,5.086250,33.000,170.000,0,OK
13660234,0.332500,5.083750,33.250,167.500,0,OK
13680222,0.335000,5.083750,33.500,170.000,0,OK
13700234,0.335000,5.086250,33.500,170.000,0,OK
13720222,0.332500,5.085000,33.250,170.000,0,OK
13740234,0.332500,5.086250,33.250,170.000,0,OK
13760222,0.330000,5.085000,33.000,167.500,0,OK
13780234,0.330000,5.083750,33.000,167.500,0,OK
13800222,0.332500,5.085000,33.250,170.000,0,OK
13820234,0.332500,5.086250,33.250,167.500,0,OK
13840222,0.335000,5.078750,33.500,170.000,0,OK
13860234,0.332500,5.085000,33.250,170.000,0,OK
13880222,0.332500,5.085000,33.250,170.000,0,OK
13900234,0.330000,5.085000,33.000,167.500,0,OK
13920222,0.330000,5.085000,33.000,167.500,0,OK
13940234,0.330000,5.086250,33.000,167.500,0,OK
13960222,0.332500,5.085000,32.750,166.250,0,OK
13980234,0.335000,5.085000,33.000,167.500,0,OK
14000222,0.332500,5.086250,33.250,167.500,0,OK
14020234,0.335000,5.081250,33.500,170.000,0,OK
14040222,0.332500,5.085000,33.250,170.000,0,OK
14060234,0.330000,5.085000,33.000,167.500,0,OK
14080222,0.330000,5.085000,33.000,167.500,0,OK
14100234,0.332500,5.085000,33.250,170.000,0,OK
14120222,0.340000,5.083750,33.000,167.500,0,OK
14140234,0.330000,5.085000,33.250,170.000,0,OK
14160222,0.332500,5.085000,33.500,167.500,0,OK
14180234,0.335000,5.086250,33.500,170.000,0,OK
14200222,0.335000,5.082500,33.500,170.000,0,OK
14220234,0.332500,5.086250,33.250,170.000,0,OK
14240222,0.332500,5.083750,33.250,170.000,0,OK
14260234,0.332500,5.085000,33.250,170.000,0,OK
14280222,0.337500,5.083750,33.750,172.500,0,OK
14300234,0.332500,5.083750,33.250,170.000,0,OK
14320222,0.332500,5.085000,33.250,170.000,0,OK
14340234,0.332500,5.085000,33.000,167.500,0,OK
14360222,0.332500,5.085000,33.250,167.500,0,OK
14380234,0.332500,5.082500,33.250,170.000,0,OK
14400222,0.335000,5.086250,33.500,170.000,0,OK
14420234,0.330000,5.086250,33.000,167.500,0,OK
14440222,0.335000,5.083750,33.500,170.000,0,OK
14460234,0.332500,5.085000,33.250,170.000,0,OK
14480222,0.332500,5.085000,33.000,167.500,0,OK
14500234,0.332500,5.083750,33.000,167.500,0,OK
14520222,0.332500,5.085000,33.250,167.500,0,OK
14540234,0.327500,5.080000,32.750,166.250,0,OK
14560222,0.332500,5.085000,33.250,170.000,0,OK
14580234,0.330000,5.085000,33.000,167.500,0,OK
14600222,0.330000,5.085000,33.000,167.500,0,OK
14620234,0.335000,5.086250,33.500,170.000,0,OK
14640222,0.345000,5.085000,33.000,167.500,0,OK
14660234,0.332500,5.085000,32.750,166.250,0,OK
14680222,0.332500,5.085000,33.250,170.000,0,OK
14700234,0.337500,5.086250,33.750,172.500,0,OK
14720222,0.330000,5.080000,33.000,167.500,0,OK
14740234,0.335000,5.086250,33.500,170.000,0,OK
14760222,0.330000,5.086250,33.000,167.500,0,OK
14780234,0.332500,5.085000,33.250,170.000,0,OK
14800222,0.332500,5.085000,33.250,170.000,0,OK
14820234,0.340000,5.085000,33.250,170.000,0,OK
14840222,0.327500,5.086250,33.000,167.500,0,OK
14860234,0.335000,5.086250,33.000,170.000,0,OK
14880222,0.332500,5.085000,33.250,167.500,0,OK
14900234,0.332500,5.083750,33.250,170.000,0,OK
14920222,0.330000,5.086250,33.000,167.500,0,OK
14940234,0.330000,5.083750,33.000,167.500,0,OK
14960222,0.332500,5.086250,33.250,170.000,0,OK
14980234,0.330000,5.086250,33.000,167.500,0,OK
15000222,0.327500,5.085000,33.000,167.500,0,OK
15020234,0.332500,5.086250,33.000,167.500,0,OK
15040222,0.332500,5.086250,33.250,167.500,0,OK
15060234,0.332500,5.078750,33.250,167.500,0,OK
15080222,0.332500,5.083750,33.250,170.000,0,OK
15100234,0.330000,5.083750,33.000,167.500,0,OK
15120222,0.327500,5.083750,32.750,166.250,0,OK
15140234,0.332500,5.083750,33.250,170.000,0,OK
15160222,0.330000,5.083750,33.000,167.500,0,OK
15180234,0.327500,5.083750,33.250,170.000,0,OK
15200222,0.332500,5.086250,33.250,170.000,0,OK
15220234,0.335000,5.086250,33.250,170.000,0,OK
15240222,0.327500,5.080000,32.750,166.250,0,OK
15260234,0.332500,5.085000,33.250,170.000,0,OK
15280222,0.332500,5.086250,33.250,170.000,0,OK
15300234,0.332500,5.086250,33.250,170.000,0,OK
15320222,0.330000,5.085000,33.000,167.500,0,OK
15340234,0.340000,5.085000,33.000,167.500,0,OK
15360222,0.332500,5.085000,33.000,167.500,0,OK
15380234,0.330000,5.085000,33.250,167.500,0,OK
15400222,0.337500,5.086250,33.750,172.500,0,OK
15420234,0.330000,5.082500,33.000,167.500,0,OK
15440222,0.332500,5.085000,33.250,170.000,0,OK
15460234,0.330000,5.085000,33.000,167.500,0,OK
15480222,0.330000,5.085000,33.000,167.500,0,OK
15500234,0.330000,5.085000,33.000,167.500,0,OK
15520222,0.335000,5.086250,33.250,170.000,0,OK
15540234,0.332500,5.085000,33.250,170.000,0,OK
15560222,0.335000,5.086250,33.250,170.000,0,OK
15580234,0.332500,5.085000,33.250,167.500,0,OK
15600222,0.332500,5.082500,33.250,170.000,0,OK
15620234,0.332500,5.085000,33.250,170.000,0,OK
15640222,0.332500,5.083750,33.250,170.000,0,OK
15660234,0.330000,5.085000,33.000,167.500,0,OK
15680222,0.332500,5.083750,33.250,170.000,0,OK
15700234,0.332500,5.085000,33.250,170.000,0,OK
15720222,0.330000,5.086250,33.250,170.000,0,OK
15740234,0.335000,5.086250,33.000,170.000,0,OK
15760222,0.332500,5.080000,33.250,167.500,0,OK
15780234,0.332500,5.085000,33.250,170.000,0,OK
15800222,0.332500,5.086250,33.250,170.000,0,OK
15820234,0.332500,5.086250,33.250,170.000,0,OK
15840222,0.330000,5.086250,33.000,167.500,0,OK
15860234,0.330000,5.085000,33.000,167.500,0,OK
15880222,0.332500,5.085000,32.750,166.250,0,OK
15900234,0.332500,5.086250,33.250,170.000,0,OK
15920222,0.332500,5.086250,33.000,167.500,0,OK
15940234,0.332500,5.080000,33.250,167.500,0,OK
15960222,0.335000,5.085000,33.500,170.000,0,OK
15980234,0.332500,5.083750,33.250,170.000,0,OK
16000222,0.327500,5.085000,32.750,166.250,0,OK
16020234,0.327500,5.083750,32.750,166.250,0,OK
16040222,0.340000,5.083750,33.500,170.000,0,OK
16060234,0.330000,5.085000,33.250,170.000,0,OK
16080222,0.337500,5.086250,33.000,172.500,0,OK
16100234,0.332500,5.086250,33.250,167.500,0,OK
16120222,0.332500,5.082500,33.250,170.000,0,OK
16140234,0.332500,5.083750,33.250,170.000,0,OK
16160222,0.335000,5.083750,33.500,170.000,0,OK
16180234,0.332500,5.085000,33.250,170.000,0,OK
16200222,0.332500,5.085000,33.250,170.000,0,OK
16220234,0.335000,5.083750,33.000,167.500,0,OK
16240222,0.332500,5.085000,33.250,170.000,0,OK
16260234,0.335000,5.085000,33.000,170.000,0,OK
16280222,0.335000,5.083750,33.500,170.000,0,OK
16300234,0.330000,5.083750,33.000,167.500,0,OK
16320222,0.332500,5.085000,33.250,170.000,0,OK
16340234,0.332500,5.083750,33.250,170.000,0,OK
16360222,0.330000,5.085000,33.000,167.500,0,OK
16380234,0.332500,5.085000,33.250,170.000,0,OK
16400222,0.330000,5.086250,33.000,167.500,0,OK
16420234,0.332500,5.085000,33.000,167.500,0,OK
16440222,0.335000,5.085000,33.000,170.000,0,OK
16460234,0.330000,5.080000,33.000,167.500,0,OK
16480222,0.335000,5.083750,33.500,170.000,0,OK
16500234,0.332500,5.085000,33.250,170.000,0,OK
16520222,0.332500,5.085000,33.250,170.000,0,OK
16540234,0.332500,5.085000,33.250,170.000,0,OK
16560222,0.342500,5.083750,33.000,167.500,0,OK
16580234,0.330000,5.085000,33.250,170.000,0,OK
16600222,0.332500,5.083750,33.250,170.000,0,OK
16620234,0.332500,5.085000,33.250,167.500,0,OK
16640222,0.335000,5.080000,33.500,170.000,0,OK
16660234,0.332500,5.085000,33.250,170.000,0,OK
16680222,0.332500,5.086250,33.250,170.000,0,OK
16700234,0.330000,5.083750,33.000,167.500,0,OK
16720222,0.330000,5.086250,33.000,167.500,0,OK
16740234,0.335000,5.085000,33.250,170.000,0,OK
16760222,0.332500,5.085000,33.250,170.000,0,OK
16780234,0.332500,5.085000,33.000,167.500,0,OK
16800222,0.332500,5.085000,33.250,167.500,0,OK
16820234,0.332500,5.082500,33.250,170.000,0,OK
16840222,0.335000,5.085000,33.500,170.000,0,OK
16860234,0.332500,5.083750,33.250,170.000,0,OK
16880222,0.332500,5.086250,33.250,170.000,0,OK
16900234,0.332500,5.085000,33.250,170.000,0,OK
16920222,0.332500,5.085000,33.250,170.000,0,OK
16940234,0.332500,5.085000,33.000,167.500,0,OK
16960222,0.332500,5.085000,33.000,167.500,0,OK
16980234,0.335000,5.085000,33.500,170.000,0,OK
17000222,0.337500,5.083750,33.750,172.500,0,OK
17020234,0.335000,5.083750,33.500,170.000,0,OK
17040222,0.335000,5.083750,33.500,170.000,0,OK
17060234,0.332500,5.086250,33.250,170.000,0,OK
17080222,0.332500,5.085000,33.250,170.000,0,OK
17100234,0.332500,5.085000,33.000,167.500,0,OK
17120222,0.335000,5.083750,33.250,170.000,0,OK
17140234,0.335000,5.085000,33.250,170.000,0,OK
17160222,0.327500,5.078750,32.750,166.250,0,OK
17180234,0.332500,5.085000,33.250,170.000,0,OK
17200222,0.330000,5.085000,33.000,167.500,0,OK
17220234,0.332500,5.086250,33.250,170.000,0,OK
17240222,0.332500,5.086250,33.250,170.000,0,OK
17260234,0.342500,5.085000,33.000,167.500,0,OK
17280222,0.330000,5.083750,33.000,167.500,0,OK
17300234,0.332500,5.085000,33.000,167.500,0,OK
17320222,0.332500,5.085000,33.250,167.500,0,OK
17340234,0.330000,5.082500,33.000,167.500,0,OK
17360222,0.332500,5.085000,33.250,170.000,0,OK
17380234,0.330000,5.086250,33.000,167.500,0,OK
17400222,0.335000,5.083750,33.500,170.000,0,OK
17420234,0.332500,5.083750,33.250,170.000,0,OK
17440222,0.335000,5.083750,33.000,167.500,0,OK
17460234,0.330000,5.086250,33.250,170.000,0,OK
17480222,0.332500,5.085000,33.250,167.500,0,OK
17500234,0.330000,5.085000,33.000,167.500,0,OK
17520222,0.335000,5.085000,33.500,170.000,0,OK
17540234,0.335000,5.085000,33.500,170.000,0,OK
17560222,0.332500,5.085000,33.250,170.000,0,OK
17580234,0.332500,5.085000,33.250,170.000,0,OK
17600222,0.327500,5.085000,32.750,166.250,0,OK
17620234,0.330000,5.086250,33.250,170.000,0,OK
17640222,0.330000,5.085000,33.250,170.000,0,OK
17660234,0.330000,5.085000,33.500,167.500,0,OK
17680222,0.335000,5.078750,33.500,170.000,0,OK
17700234,0.337500,5.083750,33.750,172.500,0,OK
17720222,0.330000,5.085000,33.000,167.500,0,OK
17740234,0.330000,5.085000,33.000,167.500,0,OK
17760222,0.332500,5.085000,33.250,170.000,0,OK
17780234,0.330000,5.085000,33.000,167.500,0,OK
17800222,0.330000,5.083750,32.750,166.250,0,OK
17820234,0.332500,5.085000,33.750,172.500,0,OK
17840222,0.337500,5.085000,33.250,172.500,0,OK
17860234,0.332500,5.080000,33.250,167.500,0,OK
17880222,0.330000,5.086250,33.000,167.500,0,OK
17900234,0.332500,5.085000,33.250,170.000,0,OK
17920222,0.330000,5.085000,33.000,167.500,0,OK
17940234,0.332500,5.083750,33.250,170.000,0,OK
17960222,0.342500,5.085000,33.250,170.000,0,OK
17980234,0.332500,5.083750,33.250,170.000,0,OK
18000222,0.332500,5.086250,33.250,167.500,0,OK
18020234,0.332500,5.083750,33.250,167.500,0,OK
18040222,0.335000,5.081250,33.500,170.000,0,OK
18060234,0.332500,5.083750,33.250,170.000,0,OK
18080222,0.332500,5.085000,33.250,170.000,0,OK
18100234,0.332500,5.086250,33.250,170.000,0,OK
18120222,0.332500,5.086250,33.250,170.000,0,OK
18140234,0.332500,5.085000,33.000,167.500,0,OK
18160222,0.330000,5.085000,33.000,167.500,0,OK
18180234,0.332500,5.086250,33.000,167.500,0,OK
18200222,0.332500,5.086250,33.250,167.500,0,OK
18220234,0.330000,5.083750,33.000,167.500,0,OK
18240222,0.332500,5.086250,33.250,170.000,0,OK
18260234,0.332500,5.085000,33.250,170.000,0,OK
18280222,0.332500,5.085000,33.250,170.000,0,OK
18300234,0.332500,5.085000,33.250,170.000,0,OK
18320222,0.332500,5.086250,33.250,170.000,0,OK
18340234,0.330000,5.085000,33.250,170.000,0,OK
18360222,0.332500,5.086250,33.000,167.500,0,OK
18380234,0.332500,5.080000,33.250,167.500,0,OK
18400222,0.332500,5.085000,33.250,170.000,0,OK
18420234,0.332500,5.086250,33.250,170.000,0,OK
18440222,0.330000,5.085000,33.000,167.500,0,OK
18460234,0.330000,5.085000,33.000,167.500,0,OK
18480222,0.332500,5.083750,33.250,170.000,0,OK
18500234,0.332500,5.085000,33.000,167.500,0,OK
18520222,0.332500,5.086250,33.000,167.500,0,OK
18540234,0.335000,5.086250,33.500,170.000,0,OK
18560222,0.330000,5.081250,33.000,167.500,0,OK
18580234,0.332500,5.086250,33.250,170.000,0,OK
18600222,0.327500,5.085000,32.750,166.250,0,OK
18620234,0.330000,5.085000,33.000,167.500,0,OK
18640222,0.332500,5.085000,33.250,170.000,0,OK
18660234,0.340000,5.086250,33.000,167.500,0,OK
18680222,0.335000,5.085000,33.000,167.500,0,OK
18700234,0.332500,5.085000,33.250,167.500,0,OK
18720222,0.335000,5.086250,33.500,170.000,0,OK
18740234,0.335000,5.082500,33.500,170.000,0,OK
18760222,0.335000,5.086250,33.500,170.000,0,OK
18780234,0.330000,5.085000,33.000,167.500,0,OK
18800222,0.332500,5.085000,33.250,170.000,0,OK
18820234,0.330000,5.086250,33.000,167.500,0,OK
18840222,0.332500,5.085000,33.250,170.000,0,OK
18860234,0.332500,5.086250,33.250,170.000,0,OK
18880222,0.332500,5.085000,33.250,167.500,0,OK
18900234,0.335000,5.086250,33.500,170.000,0,OK
18920222,0.332500,5.083750,33.250,170.000,0,OK
18940234,0.332500,5.085000,33.250,170.000,0,OK
18960222,0.332500,5.085000,33.250,170.000,0,OK
18980234,0.332500,5.083750,33.250,170.000,0,OK
19000222,0.332500,5.085000,33.250,170.000,0,OK
19020234,0.332500,5.083750,33.000,167.500,0,OK
19040222,0.332500,5.085000,33.000,167.500,0,OK
19060234,0.332500,5.086250,33.250,167.500,0,OK
19080222,0.330000,5.080000,33.000,167.500,0,OK
19100234,0.337500,5.085000,33.750,172.500,0,OK
19120222,0.330000,5.085000,33.000,167.500,0,OK
19140234,0.330000,5.085000,33.000,167.500,0,OK
19160222,0.332500,5.086250,33.250,170.000,0,OK
19180234,0.347500,5.086250,32.750,166.250,0,OK
19200222,0.330000,5.085000,33.250,170.000,0,OK
19220234,0.332500,5.086250,33.000,167.500,0,OK
19240222,0.332500,5.085000,33.250,167.500,0,OK
19260234,0.332500,5.082500,33.250,170.000,0,OK
19280222,0.332500,5.086250,33.250,170.000,0,OK
19300234,0.332500,5.085000,33.250,170.000,0,OK
19320222,0.332500,5.086250,33.250,170.000,0,OK
19340234,0.332500,5.083750,33.250,170.000,0,OK
19360222,0.337500,5.086250,33.000,167.500,0,OK
19380234,0.332500,5.085000,33.250,170.000,0,OK
19400222,0.337500,5.086250,33.000,172.500,0,OK
19420234,0.332500,5.085000,33.250,167.500,0,OK
19440222,0.332500,5.082500,33.250,170.000,0,OK
19460234,0.330000,5.086250,33.000,167.500,0,OK
19480222,0.332500,5.086250,33.250,170.000,0,OK
19500234,0.330000,5.083750,33.000,167.500,0,OK
19520222,0.330000,5.085000,33.000,167.500,0,OK
19540234,0.332500,5.083750,33.500,170.000,0,OK
19560222,0.330000,5.085000,33.500,170.000,0,OK
19580234,0.330000,5.085000,33.250,167.500,0,OK
19600222,0.330000,5.080000,33.000,167.500,0,OK
19620234,0.332500,5.083750,33.250,170.000,0,OK
19640222,0.332500,5.085000,33.250,170.000,0,OK
19660234,0.332500,5.085000,33.250,170.000,0,OK
19680222,0.332500,5.085000,33.250,170.000,0,OK
19700234,0.332500,5.085000,33.250,170.000,0,OK
19720222,0.335000,5.085000,33.250,170.000,0,OK
19740234,0.332500,5.086250,33.250,170.000,0,OK
19760222,0.332500,5.086250,33.000,167.500,0,OK
19780234,0.330000,5.081250,33.000,167.500,0,OK
19800222,0.332500,5.085000,33.250,170.000,0,OK
19820234,0.332500,5.085000,33.250,170.000,0,OK
19840222,0.330000,5.085000,33.000,167.500,0,OK
19860234,0.330000,5.085000,33.000,167.500,0,OK
19880222,0.340000,5.083750,33.000,167.500,0,OK
19900234,0.332500,5.083750,32.750,166.250,0,OK
19920222,0.330000,5.086250,33.250,167.500,0,OK
19940234,0.332500,5.083750,33.250,167.500,0,OK
19960222,0.332500,5.081250,33.250,167.500,0,OK
19980234,0.335000,5.085000,33.500,170.000,0,OK
20000222,0.332500,5.085000,33.250,170.000,0,OK
20020234,0.332500,5.085000,33.250,170.000,0,OK
20040222,0.330000,5.085000,33.000,167.500,0,OK
20060234,0.335000,5.085000,33.000,167.500,0,OK
20080222,0.332500,5.085000,33.250,170.000,0,OK
20100234,0.335000,5.086250,33.250,170.000,0,OK
20120222,0.330000,5.086250,33.000,167.500,0,OK
20140234,0.330000,5.083750,33.000,167.500,0,OK
20160222,0.332500,5.085000,33.250,170.000,0,OK
20180234,0.330000,5.086250,33.000,167.500,0,OK
20200222,0.330000,5.085000,33.000,167.500,0,OK
20220234,0.332500,5.085000,33.250,170.000,0,OK
20240222,0.330000,5.085000,33.250,170.000,0,OK
20260234,0.335000,5.086250,33.000,167.500,0,OK
20280222,0.330000,5.085000,33.000,167.500,0,OK
20300234,0.332500,5.078750,33.250,167.500,0,OK
20320222,0.332500,5.083750,33.250,170.000,0,OK
20340234,0.332500,5.083750,33.250,170.000,0,OK
20360222,0.332500,5.086250,33.250,170.000,0,OK
20380234,0.330000,5.086250,33.000,167.500,0,OK
20400222,0.332500,5.085000,33.250,170.000,0,OK
20420234,0.335000,5.085000,33.000,167.500,0,OK
20440222,0.332500,5.086250,33.250,170.000,0,OK
20460234,0.332500,5.085000,33.000,167.500,0,OK
20480222,0.332500,5.081250,33.250,167.500,0,OK
20500234,0.330000,5.086250,33.000,167.500,0,OK
20520222,0.332500,5.085000,33.250,170.000,0,OK
20540234,0.332500,5.085000,33.250,170.000,0,OK
20560222,0.332500,5.085000,33.250,170.000,0,OK
20580234,0.340000,5.085000,33.250,170.000,0,OK
20600222,0.330000,5.085000,33.250,170.000,0,OK
20620234,0.332500,5.085000,33.250,167.500,0,OK
20640222,0.335000,5.085000,33.500,170.000,0,OK
20660234,0.335000,5.083750,33.500,170.000,0,OK
20680222,0.330000,5.085000,33.000,167.500,0,OK
20700234,0.330000,5.085000,33.000,167.500,0,OK
20720222,0.330000,5.086250,33.000,167.500,0,OK
20740234,0.332500,5.085000,33.250,170.000,0,OK
20760222,0.335000,5.086250,33.000,167.500,0,OK
20780234,0.332500,5.083750,33.250,170.000,0,OK
20800222,0.335000,5.083750,33.000,170.000,0,OK
20820234,0.332500,5.085000,33.250,167.500,0,OK
20840222,0.332500,5.083750,33.250,170.000,0,OK
20860234,0.335000,5.085000,33.500,170.000,0,OK
20880222,0.330000,5.085000,33.000,167.500,0,OK
20900234,0.332500,5.085000,33.250,170.000,0,OK
20920222,0.330000,5.085000,33.000,167.500,0,OK
20940234,0.335000,5.085000,33.250,170.000,0,OK
20960222,0.335000,5.085000,33.000,167.500,0,OK
20980234,0.332500,5.086250,33.250,167.500,0,OK
21000222,0.335000,5.080000,33.500,170.000,0,OK
21020234,0.335000,5.085000,33.500,170.000,0,OK
21040222,0.332500,5.085000,33.250,170.000,0,OK
21060234,0.332500,5.085000,33.250,170.000,0,OK
21080222,0.330000,5.085000,33.000,167.500,0,OK
21100234,0.345000,5.085000,33.000,167.500,0,OK
21120222,0.332500,5.085000,33.250,170.000,0,OK
21140234,0.332500,5.085000,33.000,167.500,0,OK
21160222,0.332500,5.085000,33.250,167.500,0,OK
21180234,0.335000,5.081250,33.500,170.000,0,OK
21200222,0.335000,5.086250,33.500,170.000,0,OK
21220234,0.335000,5.085000,33.500,170.000,0,OK
21240222,0.330000,5.083750,33.000,167.500,0,OK
21260234,0.330000,5.087500,33.000,167.500,0,OK
21280222,0.337500,5.085000,33.250,170.000,0,OK
21300234,0.332500,5.086250,33.250,170.000,0,OK
21320222,0.332500,5.086250,33.500,167.500,0,OK
21340234,0.335000,5.086250,33.500,170.000,0,OK
21360222,0.332500,5.082500,33.250,170.000,0,OK
21380234,0.332500,5.086250,33.250,170.000,0,OK
21400222,0.332500,5.083750,33.250,170.000,0,OK
21420234,0.332500,5.085000,33.250,170.000,0,OK
21440222,0.332500,5.085000,33.250,170.000,0,OK
21460234,0.335000,5.086250,33.250,170.000,0,OK
21480222,0.332500,5.083750,33.250,170.000,0,OK
21500234,0.332500,5.085000,33.250,167.500,0,OK
21520222,0.332500,5.086250,33.250,167.500,0,OK
21540234,0.335000,5.083750,33.500,170.000,0,OK
21560222,0.330000,5.085000,33.000,167.500,0,OK
21580234,0.330000,5.085000,33.000,167.500,0,OK
21600222,0.332500,5.085000,33.250,170.000,0,OK
21620234,0.327500,5.086250,32.750,166.250,0,OK
21640222,0.332500,5.085000,33.250,170.000,0,OK
21660234,0.332500,5.086250,33.000,167.500,0,OK
21680222,0.332500,5.083750,33.250,167.500,0,OK
21700234,0.330000,5.080000,33.000,167.500,0,OK
21720222,0.335000,5.085000,33.500,170.000,0,OK
21740234,0.330000,5.085000,33.000,167.500,0,OK
21760222,0.330000,5.083750,33.000,167.500,0,OK
21780234,0.332500,5.085000,33.250,170.000,0,OK
21800222,0.340000,5.086250,33.500,170.000,0,OK
21820234,0.330000,5.085000,33.000,167.500,0,OK
21840222,0.335000,5.085000,33.250,170.000,0,OK
21860234,0.335000,5.086250,33.500,170.000,0,OK
21880222,0.332500,5.082500,33.250,170.000,0,OK
21900234,0.335000,5.086250,33.500,170.000,0,OK
21920222,0.330000,5.085000,33.000,167.500,0,OK
21940234,0.332500,5.083750,33.250,170.000,0,OK
21960222,0.332500,5.086250,33.250,170.000,0,OK
21980234,0.335000,5.085000,33.000,167.500,0,OK
22000222,0.330000,5.086250,33.250,170.000,0,OK
22020234,0.335000,5.083750,33.000,170.000,0,OK
22040222,0.330000,5.085000,33.000,167.500,0,OK
22060234,0.332500,5.082500,33.250,170.000,0,OK
22080222,0.332500,5.085000,33.250,170.000,0,OK
22100234,0.332500,5.085000,33.250,170.000,0,OK
22120222,0.330000,5.083750,33.000,167.500,0,OK
22140234,0.335000,5.083750,33.500,170.000,0,OK
22160222,0.330000,5.086250,33.000,167.500,0,OK
22180234,0.330000,5.085000,33.250,170.000,0,OK
22200222,0.332500,5.085000,33.250,167.500,0,OK
22220234,0.335000,5.078750,33.500,170.000,0,OK
22240222,0.330000,5.083750,33.000,167.500,0,OK
22260234,0.332500,5.085000,33.250,170.000,0,OK
22280222,0.330000,5.085000,33.000,167.500,0,OK
22300234,0.332500,5.085000,33.250,170.000,0,OK
22320222,0.332500,5.085000,33.250,170.000,0,OK
22340234,0.327500,5.083750,33.250,170.000,0,OK
22360222,0.335000,5.085000,33.250,170.000,0,OK
22380234,0.332500,5.085000,33.250,167.500,0,OK
22400222,0.332500,5.081250,33.250,167.500,0,OK
22420234,0.330000,5.085000,33.000,167.500,0,OK
22440222,0.335000,5.086250,33.500,170.000,0,OK
22460234,0.330000,5.085000,33.000,167.500,0,OK
22480222,0.332500,5.085000,33.250,170.000,0,OK
22500234,0.337500,5.085000,33.250,170.000,0,OK
22520222,0.335000,5.083750,33.250,170.000,0,OK
22540234,0.332500,5.085000,33.000,167.500,0,OK
22560222,0.330000,5.087500,33.000,167.500,0,OK
22580234,0.332500,5.082500,33.250,170.000,0,OK
22600222,0.332500,5.085000,33.250,170.000,0,OK
22620234,0.330000,5.085000,33.000,167.500,0,OK
22640222,0.332500,5.083750,33.250,170.000,0,OK
22660234,0.332500,5.085000,33.250,170.000,0,OK
22680222,0.335000,5.086250,33.000,167.500,0,OK
22700234,0.332500,5.086250,33.000,167.500,0,OK
22720222,0.335000,5.086250,33.250,170.000,0,OK
22740234,0.332500,5.085000,33.250,167.500,0,OK
22760222,0.337500,5.082500,33.750,172.500,0,OK
22780234,0.330000,5.085000,33.000,167.500,0,OK
22800222,0.330000,5.085000,33.000,167.500,0,OK
22820234,0.332500,5.085000,33.250,170.000,0,OK
22840222,0.330000,5.083750,33.000,167.500,0,OK
22860234,0.332500,5.086250,33.000,167.500,0,OK
22880222,0.335000,5.086250,32.750,166.250,0,OK
22900234,0.332500,5.085000,32.750,167.500,0,OK
22920222,0.330000,5.080000,33.000,167.500,0,OK
22940234,0.332500,5.083750,33.250,170.000,0,OK
22960222,0.332500,5.086250,33.250,170.000,0,OK
22980234,0.332500,5.085000,33.250,170.000,0,OK
23000222,0.332500,5.085000,33.250,170.000,0,OK
23020234,0.345000,5.085000,33.000,167.500,0,OK
23040222,0.332500,5.085000,33.000,167.500,0,OK
23060234,0.335000,5.085000,33.000,167.500,0,OK
23080222,0.332500,5.086250,33.250,167.500,0,OK
23100234,0.332500,5.081250,33.250,167.500,0,OK
23120222,0.335000,5.086250,33.500,170.000,0,OK
23140234,0.327500,5.085000,32.750,166.250,0,OK
23160222,0.332500,5.085000,33.250,170.000,0,OK
23180234,0.330000,5.085000,33.000,167.500,0,OK
23200222,0.340000,5.085000,33.000,167.500,0,OK
23220234,0.332500,5.085000,33.000,167.500,0,OK
23240222,0.335000,5.085000,33.000,170.000,0,OK
23260234,0.332500,5.086250,33.250,167.500,0,OK
23280222,0.335000,5.081250,33.500,170.000,0,OK
23300234,0.332500,5.083750,33.250,170.000,0,OK
23320222,0.330000,5.085000,33.000,167.500,0,OK
23340234,0.332500,5.085000,33.250,170.000,0,OK
23360222,0.332500,5.083750,33.250,170.000,0,OK
23380234,0.332500,5.085000,33.250,170.000,0,OK
23400222,0.330000,5.085000,33.250,170.000,0,OK
23420234,0.335000,5.086250,33.250,170.000,0,OK
23440222,0.332500,5.086250,33.250,167.500,0,OK
23460234,0.332500,5.083750,33.250,170.000,0,OK
23480222,0.335000,5.085000,33.500,170.000,0,OK
23500234,0.330000,5.085000,33.000,167.500,0,OK
23520222,0.330000,5.085000,33.000,167.500,0,OK
23540234,0.332500,5.085000,33.250,170.000,0,OK
23560222,0.332500,5.086250,33.250,170.000,0,OK
23580234,0.332500,5.085000,33.250,170.000,0,OK
23600222,0.332500,5.085000,33.000,167.500,0,OK
23620234,0.335000,5.080000,33.500,170.000,0,OK
23640222,0.335000,5.085000,33.500,170.000,0,OK
23660234,0.335000,5.085000,33.500,170.000,0,OK
23680222,0.332500,5.085000,33.250,170.000,0,OK
23700234,0.332500,5.085000,33.250,170.000,0,OK
23720222,0.347500,5.085000,33.000,167.500,0,OK
23740234,0.330000,5.083750,33.000,167.500,0,OK
23760222,0.335000,5.085000,33.250,170.000,0,OK
23780234,0.335000,5.086250,33.500,170.000,0,OK
23800222,0.332500,5.081250,33.250,167.500,0,OK
23820234,0.332500,5.086250,33.250,170.000,0,OK
23840222,0.327500,5.085000,32.750,166.250,0,OK
23860234,0.330000,5.086250,33.000,167.500,0,OK
23880222,0.332500,5.085000,33.250,170.000,0,OK
23900234,0.335000,5.086250,33.250,170.000,0,OK
23920222,0.330000,5.086250,33.000,167.500,0,OK
23940234,0.332500,5.086250,33.000,167.500,0,OK
23960222,0.332500,5.086250,33.250,167.500,0,OK
23980234,0.335000,5.082500,33.500,170.000,0,OK
24000222,0.332500,5.086250,33.250,170.000,0,OK
24020234,0.327500,5.085000,32.750,166.250,0,OK
24040222,0.330000,5.085000,33.000,167.500,0,OK
24060234,0.332500,5.085000,33.250,170.000,0,OK
24080222,0.330000,5.086250,33.000,167.500,0,OK
24100234,0.335000,5.086250,33.250,170.000,0,OK
24120222,0.332500,5.086250,33.000,167.500,0,OK
24140234,0.332500,5.078750,33.250,167.500,0,OK
24160222,0.332500,5.083750,33.250,170.000,0,OK
24180234,0.335000,5.085000,33.500,170.000,0,OK
24200222,0.332500,5.085000,33.250,170.000,0,OK
24220234,0.330000,5.085000,33.000,167.500,0,OK
24240222,0.332500,5.085000,33.250,170.000,0,OK
24260234,0.330000,5.083750,33.000,167.500,0,OK
24280222,0.332500,5.085000,33.250,170.000,0,OK
24300234,0.335000,5.085000,33.000,170.000,0,OK
24320222,0.332500,5.080000,33.250,167.500,0,OK
24340234,0.332500,5.086250,33.250,170.000,0,OK
24360222,0.335000,5.086250,33.500,170.000,0,OK
24380234,0.332500,5.086250,33.250,170.000,0,OK
24400222,0.332500,5.085000,33.250,170.000,0,OK
24420234,0.340000,5.085000,33.250,170.000,0,OK
24440222,0.335000,5.083750,33.000,167.500,0,OK
24460234,0.332500,5.086250,33.250,167.500,0,OK
24480222,0.335000,5.085000,33.500,170.000,0,OK
24500234,0.330000,5.082500,33.000,167.500,0,OK
24520222,0.332500,5.086250,33.250,170.000,0,OK
24540234,0.332500,5.086250,33.250,170.000,0,OK
24560222,0.330000,5.085000,33.000,167.500,0,OK
24580234,0.332500,5.085000,33.250,170.000,0,OK
24600222,0.337500,5.085000,33.250,170.000,0,OK
24620234,0.332500,5.085000,33.000,167.500,0,OK
24640222,0.335000,5.085000,33.000,170.000,0,OK
24660234,0.332500,5.086250,33.250,167.500,0,OK
24680222,0.332500,5.083750,33.250,170.000,0,OK
24700234,0.335000,5.086250,33.500,170.000,0,OK
24720222,0.327500,5.085000,32.750,166.250,0,OK
24740234,0.330000,5.085000,33.000,167.500,0,OK
24760222,0.330000,5.083750,33.000,167.500,0,OK
24780234,0.332500,5.083750,33.250,170.000,0,OK
24800222,0.330000,5.086250,33.000,167.500,0,OK
24820234,0.335000,5.086250,33.250,170.000,0,OK
24840222,0.332500,5.078750,33.250,167.500,0,OK
24860234,0.332500,5.085000,33.250,170.000,0,OK
24880222,0.332500,5.086250,33.250,170.000,0,OK
24900234,0.332500,5.086250,33.250,170.000,0,OK
24920222,0.330000,5.085000,33.000,167.500,0,OK
24940234,0.330000,5.085000,33.000,167.500,0,OK
24960222,0.332500,5.081250,33.000,167.500,0,OK
24980234,0.332500,5.083750,33.500,170.000,0,OK
25000222,0.330000,5.091250,33.000,167.500,0,OK
25020234,0.335000,5.081250,33.500,170.000,0,OK
25040222,0.332500,5.082500,33.250,170.000,0,OK
25060234,0.332500,5.083750,33.250,170.000,0,OK
25080222,0.332500,5.087500,33.250,170.000,0,OK
25100234,0.332500,5.087500,33.250,170.000,0,OK
25120222,0.337500,5.087500,33.000,167.500,0,OK
25140234,0.332500,5.086250,33.000,167.500,0,OK
25160222,0.332500,5.088750,33.000,167.500,0,OK
25180234,0.332500,5.091250,33.250,167.500,0,OK
25200222,0.335000,5.082500,33.500,170.000,0,OK
25220234,0.335000,5.085000,33.500,170.000,0,OK
25240222,0.330000,5.085000,33.000,167.500,0,OK
25260234,0.332500,5.087500,33.250,170.000,0,OK
25280222,0.332500,5.087500,33.250,170.000,0,OK
25300234,0.332500,5.090000,33.500,170.000,0,OK
25320222,0.332500,5.088750,33.000,167.500,0,OK
25340234,0.332500,5.086250,33.250,167.500,0,OK
25360222,0.332500,5.086250,33.250,167.500,0,OK
25380234,0.332500,5.085000,33.250,170.000,0,OK
25400222,0.335000,5.087500,33.500,170.000,0,OK
25420234,0.332500,5.087500,33.250,170.000,0,OK
25440222,0.330000,5.085000,33.000,167.500,0,OK
25460234,0.332500,5.086250,33.250,170.000,0,OK
25480222,0.332500,5.088750,33.250,170.000,0,OK
25500234,0.332500,5.087500,33.250,170.000,0,OK
25520222,0.332500,5.088750,33.250,167.500,0,OK
25540234,0.332500,5.082500,33.250,170.000,0,OK
25560222,0.337500,5.087500,33.750,172.500,0,OK
25580234,0.335000,5.086250,33.500,170.000,0,OK
25600222,0.332500,5.087500,33.250,170.000,0,OK
25620234,0.332500,5.087500,33.250,170.000,0,OK
25640222,0.345000,5.087500,33.250,170.000,0,OK
25660234,0.332500,5.086250,32.750,166.250,0,OK
25680222,0.332500,5.087500,33.500,170.000,0,OK
25700234,0.332500,5.087500,33.250,167.500,0,OK
25720222,0.332500,5.081250,33.250,167.500,0,OK
25740234,0.332500,5.086250,33.250,170.000,0,OK
25760222,0.332500,5.086250,33.250,170.000,0,OK
25780234,0.330000,5.086250,33.000,167.500,0,OK
25800222,0.335000,5.086250,33.500,170.000,0,OK
25820234,0.337500,5.088750,33.000,167.500,0,OK
25840222,0.332500,5.086250,33.250,170.000,0,OK
25860234,0.332500,5.086250,33.250,167.500,0,OK
25880222,0.332500,5.088750,33.250,167.500,0,OK
25900234,0.332500,5.086250,33.250,170.000,0,OK
25920222,0.335000,5.087500,33.500,170.000,0,OK
25940234,0.332500,5.086250,33.250,170.000,0,OK
25960222,0.335000,5.087500,33.500,170.000,0,OK
25980234,0.335000,5.086250,33.500,170.000,0,OK
26000222,0.332500,5.087500,33.500,170.000,0,OK
26020234,0.332500,5.086250,33.250,170.000,0,OK
26040222,0.332500,5.086250,33.500,167.500,0,OK
26060234,0.332500,5.081250,33.250,167.500,0,OK
26080222,0.332500,5.085000,33.250,170.000,0,OK
26100234,0.332500,5.086250,33.250,170.000,0,OK
26120222,0.330000,5.085000,33.000,167.500,0,OK
26140234,0.332500,5.085000,33.250,170.000,0,OK
26160222,0.330000,5.086250,33.000,167.500,0,OK
26180234,0.332500,5.087500,33.000,167.500,0,OK
26200222,0.332500,5.088750,33.250,170.000,0,OK
26220234,0.332500,5.090000,33.000,167.500,0,OK
26240222,0.332500,5.081250,33.250,167.500,0,OK
26260234,0.332500,5.087500,33.250,170.000,0,OK
26280222,0.335000,5.090000,33.500,170.000,0,OK
26300234,0.332500,5.086250,33.250,170.000,0,OK
26320222,0.332500,5.086250,33.250,170.000,0,OK
26340234,0.342500,5.085000,33.250,170.000,0,OK
26360222,0.332500,5.087500,33.250,170.000,0,OK
26380234,0.335000,5.087500,33.000,170.000,0,OK
26400222,0.335000,5.087500,33.500,170.000,0,OK
26420234,0.335000,5.082500,33.500,170.000,0,OK
26440222,0.335000,5.085000,33.500,170.000,0,OK
26460234,0.332500,5.087500,33.250,170.000,0,OK
26480222,0.332500,5.088750,33.250,170.000,0,OK
26500234,0.332500,5.086250,33.250,170.000,0,OK
26520222,0.335000,5.088750,33.250,170.000,0,OK
26540234,0.332500,5.086250,33.250,170.000,0,OK
26560222,0.332500,5.087500,33.000,167.500,0,OK
26580234,0.335000,5.088750,33.500,170.000,0,OK
26600222,0.332500,5.086250,33.250,170.000,0,OK
26620234,0.335000,5.086250,33.500,170.000,0,OK
26640222,0.330000,5.086250,33.000,167.500,0,OK
26660234,0.330000,5.086250,33.000,167.500,0,OK
26680222,0.335000,5.087500,33.500,170.000,0,OK
26700234,0.330000,5.086250,33.250,170.000,0,OK
26720222,0.332500,5.088750,33.250,170.000,0,OK
26740234,0.335000,5.085000,33.250,170.000,0,OK
26760222,0.332500,5.080000,33.250,167.500,0,OK
26780234,0.335000,5.083750,33.500,170.000,0,OK
26800222,0.332500,5.087500,33.250,170.000,0,OK
26820234,0.332500,5.086250,33.250,170.000,0,OK
26840222,0.330000,5.087500,33.000,167.500,0,OK
26860234,0.330000,5.087500,33.000,167.500,0,OK
26880222,0.332500,5.087500,33.000,167.500,0,OK
26900234,0.332500,5.086250,33.250,170.000,0,OK
26920222,0.332500,5.088750,33.000,167.500,0,OK
26940234,0.335000,5.082500,33.500,170.000,0,OK
26960222,0.332500,5.087500,33.250,170.000,0,OK
26980234,0.332500,5.088750,33.250,170.000,0,OK
27000222,0.332500,5.085000,33.250,170.000,0,OK
27020234,0.330000,5.087500,33.000,167.500,0,OK
27040222,0.342500,5.086250,33.250,170.000,0,OK
27060234,0.330000,5.087500,33.500,170.000,0,OK
27080222,0.332500,5.086250,33.500,167.500,0,OK
27100234,0.335000,5.087500,33.500,170.000,0,OK
27120222,0.332500,5.082500,33.250,170.000,0,OK
27140234,0.327500,5.085000,32.750,166.250,0,OK
27160222,0.335000,5.085000,33.500,170.000,0,OK
27180234,0.332500,5.087500,33.250,170.000,0,OK
27200222,0.327500,5.088750,32.750,166.250,0,OK
27220234,0.332500,5.088750,33.000,167.500,0,OK
27240222,0.330000,5.086250,33.000,167.500,0,OK
27260234,0.332500,5.087500,33.000,167.500,0,OK
27280222,0.335000,5.087500,33.500,170.000,0,OK
27300234,0.332500,5.086250,33.250,170.000,0,OK
27320222,0.335000,5.086250,33.500,170.000,0,OK
27340234,0.332500,5.086250,33.250,170.000,0,OK
27360222,0.335000,5.087500,33.500,170.000,0,OK
27380234,0.330000,5.087500,33.000,167.500,0,OK
27400222,0.332500,5.087500,32.500,166.250,0,OK
27420234,0.332500,5.088750,33.250,170.000,0,OK
27440222,0.335000,5.087500,32.750,170.000,0,OK
27460234,0.330000,5.080000,33.000,167.500,0,OK
27480222,0.335000,5.086250,33.500,170.000,0,OK
27500234,0.332500,5.087500,33.250,170.000,0,OK
27520222,0.330000,5.087500,33.000,167.500,0,OK
27540234,0.332500,5.085000,33.250,170.000,0,OK
27560222,0.347500,5.087500,33.250,170.000,0,OK
27580234,0.330000,5.087500,33.250,170.000,0,OK
27600222,0.330000,5.087500,33.000,167.500,0,OK
27620234,0.335000,5.088750,33.750,170.000,0,OK
27640222,0.332500,5.082500,33.250,170.000,0,OK
27660234,0.332500,5.087500,33.250,170.000,0,OK
27680222,0.332500,5.087500,33.250,170.000,0,OK
27700234,0.332500,5.086250,33.250,170.000,0,OK
27720222,0.332500,5.088750,33.250,170.000,0,OK
27740234,0.337500,5.086250,33.500,170.000,0,OK
27760222,0.332500,5.087500,33.250,170.000,0,OK
27780234,0.332500,5.088750,33.250,167.500,0,OK
27800222,0.335000,5.090000,33.500,170.000,0,OK
27820234,0.335000,5.085000,33.500,170.000,0,OK
27840222,0.335000,5.086250,33.500,170.000,0,OK
27860234,0.330000,5.085000,33.000,167.500,0,OK
27880222,0.330000,5.087500,33.000,167.500,0,OK
27900234,0.330000,5.086250,33.000,167.500,0,OK
27920222,0.330000,5.088750,33.000,167.500,0,OK
27940234,0.332500,5.086250,33.000,167.500,0,OK
27960222,0.337500,5.090000,33.000,172.500,0,OK
27980234,0.335000,5.087500,33.500,170.000,0,OK
28000222,0.337500,5.086250,33.750,172.500,0,OK
28020234,0.337500,5.088750,33.750,172.500,0,OK
28040222,0.332500,5.086250,33.250,170.000,0,OK
28060234,0.330000,5.085000,33.000,167.500,0,OK
28080222,0.332500,5.086250,33.250,170.000,0,OK
28100234,0.330000,5.086250,33.000,167.500,0,OK
28120222,0.330000,5.087500,33.250,170.000,0,OK
28140234,0.335000,5.086250,33.250,170.000,0,OK
28160222,0.332500,5.082500,33.250,170.000,0,OK
28180234,0.332500,5.086250,33.250,170.000,0,OK
28200222,0.335000,5.087500,33.500,170.000,0,OK
28220234,0.330000,5.087500,33.000,167.500,0,OK
28240222,0.335000,5.086250,33.500,170.000,0,OK
28260234,0.342500,5.086250,33.250,170.000,0,OK
28280222,0.332500,5.086250,33.000,167.500,0,OK
28300234,0.335000,5.086250,32.750,166.250,0,OK
28320222,0.332500,5.086250,33.250,167.500,0,OK
28340234,0.332500,5.082500,33.250,170.000,0,OK
28360222,0.332500,5.086250,33.250,170.000,0,OK
28380234,0.332500,5.086250,33.250,170.000,0,OK
28400222,0.330000,5.086250,33.000,167.500,0,OK
28420234,0.332500,5.086250,33.250,170.000,0,OK
28440222,0.337500,5.087500,33.250,170.000,0,OK
28460234,0.332500,5.086250,33.250,170.000,0,OK
28480222,0.332500,5.087500,33.250,167.500,0,OK
28500234,0.335000,5.087500,33.500,170.000,0,OK
28520222,0.332500,5.081250,33.250,167.500,0,OK
28540234,0.330000,5.087500,33.000,167.500,0,OK
28560222,0.330000,5.086250,33.000,167.500,0,OK
28580234,0.332500,5.087500,33.250,170.000,0,OK
28600222,0.330000,5.086250,33.000,167.500,0,OK
28620234,0.332500,5.090000,33.250,170.000,0,OK
28640222,0.335000,5.086250,32.750,166.250,0,OK
28660234,0.332500,5.088750,32.750,167.500,0,OK
28680222,0.332500,5.081250,33.250,167.500,0,OK
28700234,0.332500,5.086250,33.250,170.000,0,OK
28720222,0.332500,5.087500,33.250,170.000,0,OK
28740234,0.330000,5.086250,33.000,167.500,0,OK
28760222,0.332500,5.085000,33.250,170.000,0,OK
28780234,0.330000,5.087500,33.000,167.500,0,OK
28800222,0.332500,5.086250,33.000,167.500,0,OK
28820234,0.332500,5.088750,33.250,170.000,0,OK
28840222,0.332500,5.085000,33.250,167.500,0,OK
28860234,0.332500,5.082500,33.250,170.000,0,OK
28880222,0.332500,5.086250,33.250,170.000,0,OK
28900234,0.335000,5.088750,33.500,170.000,0,OK
28920222,0.330000,5.088750,33.000,167.500,0,OK
28940234,0.330000,5.086250,33.000,167.500,0,OK
28960222,0.342500,5.086250,33.000,167.500,0,OK
28980234,0.332500,5.086250,33.250,170.000,0,OK
29000222,0.332500,5.086250,33.500,167.500,0,OK
29020234,0.332500,5.088750,33.250,167.500,0,OK
29040222,0.335000,5.081250,33.500,170.000,0,OK
29060234,0.335000,5.087500,33.500,170.000,0,OK
29080222,0.330000,5.086250,33.000,167.500,0,OK
29100234,0.332500,5.087500,33.250,170.000,0,OK
29120222,0.330000,5.087500,33.000,167.500,0,OK
29140234,0.332500,5.086250,33.500,170.000,0,OK
29160222,0.332500,5.086250,33.000,167.500,0,OK
29180234,0.332500,5.087500,33.000,167.500,0,OK
29200222,0.335000,5.086250,33.500,170.000,0,OK
29220234,0.332500,5.085000,33.250,170.000,0,OK
29240222,0.337500,5.086250,33.750,172.500,0,OK
29260234,0.330000,5.087500,33.000,167.500,0,OK
29280222,0.335000,5.087500,33.500,170.000,0,OK
29300234,0.332500,5.087500,33.250,170.000,0,OK
29320222,0.335000,5.087500,33.000,167.500,0,OK
29340234,0.330000,5.087500,33.250,170.000,0,OK
29360222,0.335000,5.087500,33.750,170.000,0,OK
29380234,0.335000,5.080000,33.500,170.000,0,OK
29400222,0.337500,5.086250,33.750,172.500,0,OK
29420234,0.332500,5.086250,33.250,170.000,0,OK
29440222,0.332500,5.085000,33.250,170.000,0,OK
29460234,0.327500,5.083750,32.750,166.250,0,OK
29480222,0.330000,5.086250,33.000,167.500,0,OK
29500234,0.335000,5.087500,33.750,172.500,0,OK
29520222,0.332500,5.087500,33.250,170.000,0,OK
29540234,0.330000,5.087500,33.000,167.500,0,OK
29560222,0.332500,5.083750,33.250,170.000,0,OK
29580234,0.337500,5.087500,33.750,172.500,0,OK
29600222,0.332500,5.087500,33.250,170.000,0,OK
29620234,0.330000,5.085000,33.000,167.500,0,OK
29640222,0.332500,5.086250,33.250,170.000,0,OK
29660234,0.337500,5.085000,33.250,170.000,0,OK
29680222,0.332500,5.086250,33.250,170.000,0,OK
29700234,0.332500,5.087500,33.000,167.500,0,OK
29720222,0.332500,5.088750,33.250,167.500,0,OK
29740234,0.335000,5.085000,33.500,170.000,0,OK
29760222,0.332500,5.086250,33.250,170.000,0,OK
29780234,0.332500,5.086250,33.250,170.000,0,OK
29800222,0.330000,5.087500,33.000,167.500,0,OK
29820234,0.332500,5.088750,33.250,170.000,0,OK
29840222,0.330000,5.086250,33.250,170.000,0,OK
29860234,0.330000,5.086250,33.250,170.000,0,OK
29880222,0.330000,5.088750,33.250,167.500,0,OK
29900234,0.337500,5.087500,33.750,172.500,0,OK
29920222,0.330000,5.085000,33.000,167.500,0,OK
29940234,0.332500,5.088750,33.250,170.000,0,OK
29960222,0.335000,5.085000,33.500,170.000,0,OK
29980234,0.330000,5.086250,33.000,167.500,0,OK
30000222,0.332500,5.086250,33.250,170.000,0,OK
30020234,0.332500,5.087500,33.000,167.500,0,OK
30040222,0.332500,5.087500,33.250,170.000,0,OK
30060234,0.332500,5.087500,33.000,167.500,0,OK
30080222,0.332500,5.082500,33.250,170.000,0,OK
30100234,0.332500,5.087500,33.250,170.000,0,OK
30120222,0.332500,5.086250,33.250,170.000,0,OK
30140234,0.332500,5.086250,33.250,170.000,0,OK
30160222,0.332500,5.086250,33.250,170.000,0,OK
30180234,0.345000,5.086250,33.000,167.500,0,OK
30200222,0.332500,5.086250,33.000,167.500,0,OK
30220234,0.332500,5.090000,33.250,170.000,0,OK
30240222,0.332500,5.086250,33.250,167.500,0,OK
30260234,0.332500,5.082500,33.250,170.000,0,OK
30280222,0.332500,5.087500,33.250,170.000,0,OK
30300234,0.335000,5.086250,33.500,170.000,0,OK
30320222,0.330000,5.087500,33.000,167.500,0,OK
30340234,0.327500,5.085000,32.750,166.250,0,OK
30360222,0.337500,5.086250,33.250,170.000,0,OK
30380234,0.335000,5.087500,33.250,170.000,0,OK
30400222,0.335000,5.088750,33.500,170.000,0,OK
30420234,0.330000,5.090000,33.000,167.500,0,OK
30440222,0.332500,5.083750,33.250,170.000,0,OK
30460234,0.335000,5.086250,33.500,170.000,0,OK
30480222,0.330000,5.086250,33.000,167.500,0,OK
30500234,0.332500,5.087500,33.250,170.000,0,OK
30520222,0.332500,5.086250,33.250,170.000,0,OK
30540234,0.330000,5.087500,33.250,170.000,0,OK
30560222,0.332500,5.086250,33.250,170.000,0,OK
30580234,0.330000,5.087500,33.000,167.500,0,OK
30600222,0.335000,5.080000,33.500,170.000,0,OK
30620234,0.332500,5.083750,33.250,170.000,0,OK
30640222,0.332500,5.086250,33.250,170.000,0,OK
30660234,0.330000,5.086250,33.000,167.500,0,OK
30680222,0.332500,5.085000,33.250,170.000,0,OK
30700234,0.330000,5.086250,33.000,167.500,0,OK
30720222,0.330000,5.085000,33.500,170.000,0,OK
30740234,0.332500,5.086250,33.500,170.000,0,OK
30760222,0.332500,5.087500,33.250,167.500,0,OK
30780234,0.330000,5.083750,33.000,167.500,0,OK
30800222,0.335000,5.087500,33.500,170.000,0,OK
30820234,0.330000,5.087500,33.000,167.500,0,OK
30840222,0.330000,5.087500,33.000,167.500,0,OK
30860234,0.330000,5.086250,33.000,167.500,0,OK
30880222,0.340000,5.087500,32.750,166.250,0,OK
30900234,0.330000,5.087500,33.250,170.000,0,OK
30920222,0.332500,5.087500,33.250,167.500,0,OK
30940234,0.335000,5.086250,33.500,170.000,0,OK
30960222,0.335000,5.083750,33.500,170.000,0,OK
30980234,0.332500,5.087500,33.250,170.000,0,OK
31000222,0.330000,5.087500,33.000,167.500,0,OK
31020234,0.332500,5.086250,33.250,170.000,0,OK
31040222,0.335000,5.086250,33.500,170.000,0,OK
31060234,0.335000,5.086250,33.000,167.500,0,OK
31080222,0.330000,5.087500,33.250,170.000,0,OK
31100234,0.332500,5.087500,33.000,167.500,0,OK
31120222,0.332500,5.088750,33.250,167.500,0,OK
31140234,0.335000,5.083750,33.500,170.000,0,OK
31160222,0.335000,5.087500,33.500,170.000,0,OK
31180234,0.332500,5.087500,33.250,170.000,0,OK
31200222,0.332500,5.088750,33.250,170.000,0,OK
31220234,0.332500,5.086250,33.250,170.000,0,OK
31240222,0.332500,5.086250,33.250,170.000,0,OK
31260234,0.332500,5.086250,32.750,166.250,0,OK
31280222,0.335000,5.088750,32.750,170.000,0,OK
31300234,0.335000,5.082500,33.500,170.000,0,OK
31320222,0.332500,5.086250,33.250,170.000,0,OK
31340234,0.332500,5.086250,33.250,170.000,0,OK
31360222,0.332500,5.086250,33.250,170.000,0,OK
31380234,0.332500,5.086250,33.250,170.000,0,OK
31400222,0.332500,5.086250,33.250,170.000,0,OK
31420234,0.332500,5.088750,33.250,170.000,0,OK
31440222,0.332500,5.087500,33.250,170.000,0,OK
31460234,0.335000,5.087500,33.000,170.000,0,OK
31480222,0.332500,5.083750,33.250,170.000,0,OK
31500234,0.335000,5.088750,33.500,170.000,0,OK
31520222,0.330000,5.087500,33.000,167.500,0,OK
31540234,0.332500,5.086250,33.250,170.000,0,OK
31560222,0.332500,5.085000,33.250,170.000,0,OK
31580234,0.337500,5.087500,33.000,167.500,0,OK
31600222,0.332500,5.085000,33.000,167.500,0,OK
31620234,0.332500,5.085000,33.250,167.500,0,OK
31640222,0.332500,5.085000,33.250,167.500,0,OK
31660234,0.335000,5.083750,33.500,170.000,0,OK
31680222,0.335000,5.088750,33.500,170.000,0,OK
31700234,0.332500,5.086250,33.250,170.000,0,OK
31720222,0.330000,5.086250,33.000,167.500,0,OK
31740234,0.330000,5.086250,33.000,167.500,0,OK
31760222,0.335000,5.086250,33.000,167.500,0,OK
31780234,0.330000,5.086250,33.250,170.000,0,OK
31800222,0.335000,5.085000,33.250,170.000,0,OK
31820234,0.335000,5.087500,33.500,170.000,0,OK
31840222,0.332500,5.085000,33.250,170.000,0,OK
31860234,0.335000,5.086250,33.500,170.000,0,OK
31880222,0.332500,5.087500,33.250,170.000,0,OK
31900234,0.330000,5.085000,33.000,167.500,0,OK
31920222,0.332500,5.087500,33.250,170.000,0,OK
31940234,0.330000,5.086250,33.000,167.500,0,OK
31960222,0.332500,5.088750,33.250,170.000,0,OK
31980234,0.335000,5.087500,33.250,170.000,0,OK
32000222,0.335000,5.080000,33.500,170.000,0,OK
32020234,0.332500,5.085000,33.250,170.000,0,OK
32040222,0.335000,5.085000,33.500,170.000,0,OK
32060234,0.332500,5.086250,33.250,170.000,0,OK
32080222,0.330000,5.086250,33.000,167.500,0,OK
32100234,0.347500,5.086250,33.250,170.000,0,OK
32120222,0.330000,5.088750,33.000,167.500,0,OK
32140234,0.335000,5.087500,33.250,170.000,0,OK
32160222,0.332500,5.086250,33.250,167.500,0,OK
32180234,0.335000,5.082500,33.500,170.000,0,OK
32200222,0.335000,5.088750,33.500,170.000,0,OK
32220234,0.330000,5.086250,33.000,167.500,0,OK
32240222,0.330000,5.086250,33.000,167.500,0,OK
32260234,0.332500,5.087500,33.250,170.000,0,OK
32280222,0.337500,5.086250,33.250,170.000,0,OK
32300234,0.332500,5.087500,33.250,170.000,0,OK
32320222,0.335000,5.088750,33.000,170.000,0,OK
32340234,0.332500,5.085000,33.250,167.500,0,OK
32360222,0.332500,5.083750,33.250,170.000,0,OK
32380234,0.332500,5.088750,33.250,170.000,0,OK
32400222,0.332500,5.086250,33.250,170.000,0,OK
32420234,0.332500,5.086250,33.250,170.000,0,OK
32440222,0.332500,5.086250,33.250,170.000,0,OK
32460234,0.335000,5.086250,33.000,167.500,0,OK
32480222,0.332500,5.083750,33.250,170.000,0,OK
32500234,0.330000,5.086250,33.250,167.500,0,OK
32520222,0.332500,5.077500,33.250,167.500,0,OK
32540234,0.332500,5.085000,33.250,170.000,0,OK
32560222,0.335000,5.087500,33.500,170.000,0,OK
32580234,0.330000,5.086250,33.000,167.500,0,OK
32600222,0.332500,5.087500,33.250,170.000,0,OK
32620234,0.332500,5.086250,33.250,170.000,0,OK
32640222,0.330000,5.086250,33.250,170.000,0,OK
32660234,0.335000,5.087500,33.000,167.500,0,OK
32680222,0.332500,5.087500,33.000,167.500,0,OK
32700234,0.330000,5.080000,33.000,167.500,0,OK
32720222,0.332500,5.085000,33.250,170.000,0,OK
32740234,0.335000,5.086250,33.500,170.000,0,OK
32760222,0.330000,5.086250,33.000,167.500,0,OK
32780234,0.335000,5.086250,33.500,170.000,0,OK
32800222,0.342500,5.086250,33.250,170.000,0,OK
32820234,0.332500,5.086250,33.000,167.500,0,OK
32840222,0.335000,5.085000,33.000,167.500,0,OK
32860234,0.335000,5.087500,33.500,170.000,0,OK
32880222,0.332500,5.083750,33.250,170.000,0,OK
32900234,0.332500,5.088750,33.250,170.000,0,OK
32920222,0.332500,5.086250,33.250,170.000,0,OK
32940234,0.330000,5.086250,33.000,167.500,0,OK
32960222,0.335000,5.086250,33.500,170.000,0,OK
32980234,0.337500,5.086250,33.250,170.000,0,OK
33000222,0.330000,5.086250,33.000,167.500,0,OK
33020234,0.335000,5.088750,33.000,170.000,0,OK
33040222,0.332500,5.086250,33.250,167.500,0,OK
33060234,0.332500,5.085000,33.250,170.000,0,OK
33080222,0.332500,5.087500,33.250,170.000,0,OK
33100234,0.330000,5.087500,33.000,167.500,0,OK
33120222,0.332500,5.087500,33.250,170.000,0,OK
33140234,0.332500,5.086250,33.250,170.000,0,OK
33160222,0.332500,5.088750,33.000,167.500,0,OK
33180234,0.332500,5.088750,33.250,170.000,0,OK
33200222,0.335000,5.088750,33.250,170.000,0,OK
33220234,0.335000,5.078750,33.500,170.000,0,OK
33240222,0.332500,5.085000,33.250,170.000,0,OK
33260234,0.332500,5.087500,33.250,170.000,0,OK
33280222,0.332500,5.087500,33.250,170.000,0,OK
33300234,0.330000,5.086250,33.000,167.500,0,OK
33320222,0.330000,5.087500,33.000,167.500,0,OK
33340234,0.332500,5.085000,33.250,170.000,0,OK
33360222,0.332500,5.087500,33.000,167.500,0,OK
33380234,0.335000,5.087500,33.500,170.000,0,OK
33400222,0.330000,5.081250,33.000,167.500,0,OK
33420234,0.335000,5.086250,33.500,170.000,0,OK
33440222,0.332500,5.087500,33.250,170.000,0,OK
33460234,0.332500,5.086250,33.250,170.000,0,OK
33480222,0.332500,5.086250,33.250,170.000,0,OK
33500234,0.340000,5.086250,33.000,167.500,0,OK
33520222,0.330000,5.087500,33.250,170.000,0,OK
33540234,0.332500,5.087500,33.000,167.500,0,OK
33560222,0.332500,5.087500,33.250,167.500,0,OK
33580234,0.335000,5.083750,33.500,170.000,0,OK
33600222,0.335000,5.087500,33.500,170.000,0,OK
33620234,0.330000,5.086250,33.000,167.500,0,OK
33640222,0.332500,5.086250,33.250,170.000,0,OK
33660234,0.332500,5.086250,33.250,170.000,0,OK
33680222,0.332500,5.086250,33.000,167.500,0,OK
33700234,0.332500,5.086250,33.000,167.500,0,OK
33720222,0.335000,5.086250,33.250,170.000,0,OK
33740234,0.332500,5.086250,33.250,167.500,0,OK
33760222,0.335000,5.085000,33.500,170.000,0,OK
33780234,0.335000,5.086250,33.500,170.000,0,OK
33800222,0.332500,5.088750,33.250,170.000,0,OK
33820234,0.330000,5.087500,33.000,167.500,0,OK
33840222,0.330000,5.086250,33.000,167.500,0,OK
33860234,0.332500,5.086250,33.250,170.000,0,OK
33880222,0.332500,5.086250,33.250,170.000,0,OK
33900234,0.332500,5.086250,33.000,167.500,0,OK
33920222,0.332500,5.080000,33.250,167.500,0,OK
33940234,0.332500,5.086250,33.250,170.000,0,OK
33960222,0.335000,5.086250,33.500,170.000,0,OK
33980234,0.330000,5.087500,33.000,167.500,0,OK
34000222,0.332500,5.086250,33.250,170.000,0,OK
34020234,0.345000,5.088750,33.250,170.000,0,OK
34040222,0.332500,5.087500,33.000,167.500,0,OK
34060234,0.332500,5.087500,33.000,167.500,0,OK
34080222,0.337500,5.087500,32.750,172.500,0,OK
34100234,0.335000,5.083750,33.500,170.000,0,OK
34120222,0.332500,5.086250,33.250,170.000,0,OK
34140234,0.332500,5.086250,33.250,170.000,0,OK
34160222,0.330000,5.086250,33.000,167.500,0,OK
34180234,0.330000,5.086250,33.000,167.500,0,OK
34200222,0.337500,5.086250,33.250,170.000,0,OK
34220234,0.332500,5.088750,33.250,170.000,0,OK
34240222,0.332500,5.085000,33.250,167.500,0,OK
34260234,0.332500,5.085000,33.250,167.500,0,OK
34280222,0.332500,5.085000,33.250,170.000,0,OK
34300234,0.335000,5.087500,33.500,170.000,0,OK
34320222,0.332500,5.090000,33.250,170.000,0,OK
34340234,0.332500,5.085000,33.250,170.000,0,OK
34360222,0.332500,5.087500,33.250,170.000,0,OK
34380234,0.330000,5.087500,33.000,167.500,0,OK
34400222,0.330000,5.086250,33.250,170.000,0,OK
34420234,0.335000,5.088750,33.250,170.000,0,OK
34440222,0.332500,5.086250,33.250,170.000,0,OK
34460234,0.332500,5.085000,33.250,170.000,0,OK
34480222,0.335000,5.086250,33.500,170.000,0,OK
34500234,0.332500,5.087500,33.250,170.000,0,OK
34520222,0.332500,5.087500,33.250,170.000,0,OK
34540234,0.330000,5.086250,33.000,167.500,0,OK
34560222,0.332500,5.086250,33.250,170.000,0,OK
34580234,0.335000,5.087500,33.000,167.500,0,OK
34600222,0.335000,5.087500,33.000,170.000,0,OK
34620234,0.332500,5.080000,33.250,167.500,0,OK
34640222,0.335000,5.086250,33.500,170.000,0,OK
34660234,0.332500,5.087500,33.250,170.000,0,OK
34680222,0.330000,5.087500,33.000,167.500,0,OK
34700234,0.332500,5.087500,33.250,170.000,0,OK
34720222,0.342500,5.086250,33.000,167.500,0,OK
34740234,0.330000,5.087500,33.000,167.500,0,OK
34760222,0.332500,5.087500,33.000,167.500,0,OK
34780234,0.332500,5.087500,33.250,167.500,0,OK
34800222,0.332500,5.082500,33.250,170.000,0,OK
34820234,0.335000,5.087500,33.500,170.000,0,OK
34840222,0.332500,5.085000,33.250,170.000,0,OK
34860234,0.332500,5.085000,33.250,170.000,0,OK
34880222,0.330000,5.087500,33.000,167.500,0,OK
34900234,0.337500,5.086250,33.250,170.000,0,OK
34920222,0.330000,5.087500,33.250,170.000,0,OK
34940234,0.332500,5.086250,33.250,167.500,0,OK
34960222,0.335000,5.087500,33.500,170.000,0,OK
34980234,0.335000,5.083750,33.500,170.000,0,OK
35000222,0.332500,5.086250,33.250,170.000,0,OK
35020234,0.332500,5.087500,33.250,170.000,0,OK
35040222,0.330000,5.086250,33.000,167.500,0,OK
35060234,0.332500,5.085000,33.250,170.000,0,OK
35080222,0.332500,5.086250,32.750,166.250,0,OK
35100234,0.327500,5.088750,33.250,170.000,0,OK
35120222,0.330000,5.086250,33.000,167.500,0,OK
35140234,0.337500,5.081250,33.750,172.500,0,OK
35160222,0.335000,5.086250,33.500,170.000,0,OK
35180234,0.332500,5.087500,33.250,170.000,0,OK
35200222,0.332500,5.087500,33.250,170.000,0,OK
35220234,0.330000,5.088750,33.000,167.500,0,OK
35240222,0.332500,5.086250,33.250,170.000,0,OK
35260234,0.330000,5.086250,33.250,170.000,0,OK
35280222,0.335000,5.086250,33.000,167.500,0,OK
35300234,0.335000,5.086250,33.250,170.000,0,OK
35320222,0.332500,5.081250,33.250,167.500,0,OK
35340234,0.335000,5.087500,33.500,170.000,0,OK
35360222,0.332500,5.086250,33.250,170.000,0,OK
35380234,0.332500,5.086250,33.250,170.000,0,OK
35400222,0.335000,5.086250,33.500,170.000,0,OK
35420234,0.340000,5.090000,33.250,170.000,0,OK
35440222,0.330000,5.086250,33.250,170.000,0,OK
35460234,0.332500,5.086250,33.250,167.500,0,OK
35480222,0.335000,5.087500,33.500,170.000,0,OK
35500234,0.330000,5.085000,33.000,167.500,0,OK
35520222,0.332500,5.086250,33.250,170.000,0,OK
35540234,0.332500,5.087500,33.250,170.000,0,OK
35560222,0.332500,5.086250,33.250,170.000,0,OK
35580234,0.332500,5.087500,33.250,170.000,0,OK
35600222,0.332500,5.086250,33.000,167.500,0,OK
35620234,0.332500,5.087500,33.250,170.000,0,OK
35640222,0.335000,5.085000,33.000,170.000,0,OK
35660234,0.335000,5.085000,33.500,170.000,0,OK
35680222,0.332500,5.085000,33.250,170.000,0,OK
35700234,0.332500,5.088750,33.250,170.000,0,OK
35720222,0.332500,5.087500,33.250,170.000,0,OK
35740234,0.330000,5.086250,33.000,167.500,0,OK
35760222,0.332500,5.086250,33.250,170.000,0,OK
35780234,0.332500,5.087500,33.000,167.500,0,OK
35800222,0.330000,5.087500,33.000,167.500,0,OK
35820234,0.332500,5.088750,33.500,167.500,0,OK
35840222,0.335000,5.080000,33.500,170.000,0,OK
35860234,0.332500,5.086250,33.250,170.000,0,OK
35880222,0.335000,5.085000,33.500,170.000,0,OK
35900234,0.335000,5.088750,33.500,170.000,0,OK
35920222,0.330000,5.087500,33.000,167.500,0,OK
35940234,0.330000,5.087500,33.000,167.500,0,OK
35960222,0.332500,5.086250,33.250,170.000,0,OK
35980234,0.332500,5.087500,33.250,170.000,0,OK
36000222,0.332500,5.087500,33.250,167.500,0,OK
36020234,0.330000,5.081250,33.000,167.500,0,OK
36040222,0.335000,5.086250,33.500,170.000,0,OK
36060234,0.332500,5.087500,33.250,170.000,0,OK
36080222,0.332500,5.086250,33.250,170.000,0,OK
36100234,0.330000,5.086250,33.000,167.500,0,OK
36120222,0.340000,5.085000,33.250,170.000,0,OK
36140234,0.330000,5.086250,33.000,167.500,0,OK
36160222,0.335000,5.087500,33.250,170.000,0,OK
36180234,0.332500,5.087500,33.250,167.500,0,OK
36200222,0.335000,5.086250,33.500,170.000,0,OK
36220234,0.335000,5.085000,33.500,170.000,0,OK
36240222,0.330000,5.086250,33.000,167.500,0,OK
36260234,0.332500,5.086250,33.250,170.000,0,OK
36280222,0.330000,5.087500,33.000,167.500,0,OK
36300234,0.332500,5.087500,33.250,170.000,0,OK
36320222,0.332500,5.088750,32.750,166.250,0,OK
36340234,0.332500,5.087500,33.000,167.500,0,OK
36360222,0.332500,5.087500,33.250,167.500,0,OK
36380234,0.332500,5.085000,33.250,170.000,0,OK
36400222,0.330000,5.086250,33.000,167.500,0,OK
36420234,0.330000,5.086250,33.000,167.500,0,OK
36440222,0.327500,5.086250,32.750,166.250,0,OK
36460234,0.332500,5.086250,33.250,170.000,0,OK
36480222,0.330000,5.086250,33.250,170.000,0,OK
36500234,0.332500,5.088750,33.250,170.000,0,OK
36520222,0.330000,5.090000,33.250,167.500,0,OK
36540234,0.332500,5.082500,33.250,170.000,0,OK
36560222,0.335000,5.087500,33.500,170.000,0,OK
36580234,0.332500,5.086250,33.250,170.000,0,OK
36600222,0.330000,5.087500,33.000,167.500,0,OK
36620234,0.332500,5.087500,33.250,170.000,0,OK
36640222,0.342500,5.086250,33.000,167.500,0,OK
36660234,0.332500,5.087500,33.000,167.500,0,OK
36680222,0.332500,5.086250,33.250,170.000,0,OK
36700234,0.332500,5.086250,33.250,167.500,0,OK
36720222,0.332500,5.080000,33.250,167.500,0,OK
36740234,0.335000,5.087500,33.500,170.000,0,OK
36760222,0.330000,5.086250,33.000,167.500,0,OK
36780234,0.330000,5.086250,33.000,167.500,0,OK
36800222,0.330000,5.088750,33.000,167.500,0,OK
36820234,0.332500,5.087500,33.000,167.500,0,OK
36840222,0.330000,5.087500,33.250,170.000,0,OK
36860234,0.335000,5.088750,33.000,170.000,0,OK
36880222,0.337500,5.086250,33.750,172.500,0,OK
36900234,0.332500,5.085000,33.250,170.000,0,OK
36920222,0.332500,5.086250,33.250,170.000,0,OK
36940234,0.332500,5.086250,33.250,170.000,0,OK
36960222,0.332500,5.086250,33.250,170.000,0,OK
36980234,0.332500,5.086250,33.250,170.000,0,OK
37000222,0.332500,5.088750,33.250,170.000,0,OK
37020234,0.330000,5.087500,33.250,170.000,0,OK
37040222,0.335000,5.086250,33.250,170.000,0,OK
37060234,0.330000,5.081250,33.000,167.500,0,OK
37080222,0.332500,5.086250,33.250,170.000,0,OK
37100234,0.335000,5.086250,33.500,170.000,0,OK
37120222,0.332500,5.086250,33.250,170.000,0,OK
37140234,0.335000,5.086250,33.500,170.000,0,OK
37160222,0.330000,5.086250,33.000,167.500,0,OK
37180234,0.332500,5.086250,33.250,170.000,0,OK
37200222,0.332500,5.086250,33.250,170.000,0,OK
37220234,0.332500,5.088750,33.000,167.500,0,OK
37240222,0.332500,5.082500,33.250,170.000,0,OK
37260234,0.332500,5.087500,33.250,170.000,0,OK
37280222,0.332500,5.088750,33.250,170.000,0,OK
37300234,0.330000,5.086250,33.000,167.500,0,OK
37320222,0.330000,5.087500,33.000,167.500,0,OK
37340234,0.345000,5.087500,33.250,170.000,0,OK
37360222,0.330000,5.087500,33.250,170.000,0,OK
37380234,0.335000,5.087500,33.250,170.000,0,OK
37400222,0.332500,5.087500,33.250,167.500,0,OK
37420234,0.335000,5.082500,33.500,170.000,0,OK
37440222,0.332500,5.087500,33.250,170.000,0,OK
37460234,0.330000,5.087500,33.000,167.500,0,OK
37480222,0.330000,5.087500,33.000,167.500,0,OK
37500234,0.330000,5.087500,33.000,167.500,0,OK
37520222,0.337500,5.087500,33.250,170.000,0,OK
37540234,0.330000,5.086250,33.000,167.500,0,OK
37560222,0.335000,5.087500,33.000,170.000,0,OK
37580234,0.335000,5.088750,33.500,170.000,0,OK
37600222,0.332500,5.082500,33.250,170.000,0,OK
37620234,0.332500,5.087500,33.250,170.000,0,OK
37640222,0.332500,5.087500,33.250,170.000,0,OK
37660234,0.330000,5.085000,33.000,167.500,0,OK
37680222,0.332500,5.086250,33.250,170.000,0,OK
37700234,0.330000,5.087500,33.250,170.000,0,OK
37720222,0.332500,5.087500,33.250,170.000,0,OK
37740234,0.332500,5.086250,33.000,167.500,0,OK
37760222,0.332500,5.080000,33.250,167.500,0,OK
37780234,0.332500,5.085000,33.250,170.000,0,OK
37800222,0.335000,5.086250,33.500,170.000,0,OK
37820234,0.332500,5.085000,33.250,170.000,0,OK
37840222,0.327500,5.087500,32.750,166.250,0,OK
37860234,0.332500,5.086250,33.250,170.000,0,OK
37880222,0.330000,5.086250,33.000,167.500,0,OK
37900234,0.335000,5.086250,33.000,167.500,0,OK
37920222,0.335000,5.087500,33.250,170.000,0,OK
37940234,0.332500,5.083750,33.250,170.000,0,OK
37960222,0.335000,5.087500,33.500,170.000,0,OK
37980234,0.330000,5.086250,33.000,167.500,0,OK
38000222,0.335000,5.086250,33.500,170.000,0,OK
38020234,0.332500,5.087500,33.250,170.000,0,OK
38040222,0.340000,5.087500,33.250,170.000,0,OK
38060234,0.332500,5.086250,33.250,170.000,0,OK
38080222,0.332500,5.087500,33.250,167.500,0,OK
38100234,0.332500,5.087500,33.250,167.500,0,OK
38120222,0.332500,5.081250,33.250,167.500,0,OK
38140234,0.332500,5.086250,33.250,170.000,0,OK
38160222,0.332500,5.087500,33.250,170.000,0,OK
38180234,0.335000,5.088750,33.500,170.000,0,OK
38200222,0.332500,5.087500,33.250,170.000,0,OK
38220234,0.335000,5.087500,33.250,170.000,0,OK
38240222,0.330000,5.087500,33.000,167.500,0,OK
38260234,0.332500,5.087500,33.250,167.500,0,OK
38280222,0.332500,5.088750,33.250,167.500,0,OK
38300234,0.332500,5.085000,33.250,170.000,0,OK
38320222,0.335000,5.085000,33.500,170.000,0,OK
38340234,0.332500,5.086250,33.250,170.000,0,OK
38360222,0.335000,5.086250,33.500,170.000,0,OK
38380234,0.330000,5.086250,33.000,167.500,0,OK
38400222,0.332500,5.086250,33.250,170.000,0,OK
38420234,0.330000,5.087500,32.750,166.250,0,OK
38440222,0.332500,5.086250,33.250,167.500,0,OK
38460234,0.332500,5.080000,33.250,167.500,0,OK
38480222,0.330000,5.086250,33.000,167.500,0,OK
38500234,0.332500,5.088750,33.250,170.000,0,OK
38520222,0.332500,5.088750,33.250,170.000,0,OK
38540234,0.332500,5.086250,33.250,170.000,0,OK
38560222,0.330000,5.087500,33.000,167.500,0,OK
38580234,0.332500,5.087500,33.250,170.000,0,OK
38600222,0.335000,5.087500,32.750,166.250,0,OK
38620234,0.335000,5.088750,33.500,170.000,0,OK
38640222,0.335000,5.086250,33.500,170.000,0,OK
38660234,0.335000,5.087500,33.500,170.000,0,OK
38680222,0.330000,5.086250,33.000,167.500,0,OK
38700234,0.332500,5.087500,33.250,170.000,0,OK
38720222,0.330000,5.087500,33.000,167.500,0,OK
38740234,0.335000,5.086250,33.500,170.000,0,OK
38760222,0.335000,5.087500,33.000,167.500,0,OK
38780234,0.330000,5.086250,33.250,167.500,0,OK
38800222,0.332500,5.088750,33.250,167.500,0,OK
38820234,0.332500,5.082500,33.250,170.000,0,OK
38840222,0.332500,5.086250,33.250,170.000,0,OK
38860234,0.332500,5.086250,33.250,170.000,0,OK
38880222,0.332500,5.086250,33.250,170.000,0,OK
38900234,0.332500,5.086250,33.250,170.000,0,OK
38920222,0.335000,5.087500,33.250,170.000,0,OK
38940234,0.332500,5.087500,33.250,170.000,0,OK
38960222,0.332500,5.086250,33.250,167.500,0,OK
38980234,0.335000,5.087500,33.500,170.000,0,OK
39000222,0.332500,5.086250,33.250,170.000,0,OK
39020234,0.335000,5.087500,33.500,170.000,0,OK
39040222,0.330000,5.086250,33.000,167.500,0,OK
39060234,0.332500,5.085000,33.250,170.000,0,OK
39080222,0.332500,5.085000,33.250,170.000,0,OK
39100234,0.335000,5.086250,33.000,167.500,0,OK
39120222,0.335000,5.086250,33.000,167.500,0,OK
39140234,0.335000,5.086250,33.500,170.000,0,OK
39160222,0.330000,5.082500,33.000,167.500,0,OK
39180234,0.330000,5.086250,33.000,167.500,0,OK
39200222,0.335000,5.086250,33.500,170.000,0,OK
39220234,0.327500,5.088750,32.750,166.250,0,OK
39240222,0.330000,5.086250,33.000,167.500,0,OK
39260234,0.342500,5.087500,33.000,167.500,0,OK
39280222,0.330000,5.087500,33.500,170.000,0,OK
39300234,0.332500,5.086250,33.000,167.500,0,OK
39320222,0.335000,5.088750,33.500,170.000,0,OK
39340234,0.335000,5.082500,33.500,170.000,0,OK
39360222,0.337500,5.086250,33.750,172.500,0,OK
39380234,0.332500,5.086250,33.250,170.000,0,OK
39400222,0.330000,5.087500,33.000,167.500,0,OK
39420234,0.327500,5.087500,32.750,166.250,0,OK
39440222,0.340000,5.086250,33.000,167.500,0,OK
39460234,0.332500,5.087500,33.000,167.500,0,OK
39480222,0.332500,5.088750,33.250,167.500,0,OK
39500234,0.332500,5.088750,33.250,167.500,0,OK
39520222,0.332500,5.083750,33.250,170.000,0,OK
39540234,0.332500,5.087500,33.250,170.000,0,OK
39560222,0.330000,5.087500,33.000,167.500,0,OK
39580234,0.330000,5.086250,33.000,167.500,0,OK
39600222,0.332500,5.086250,33.250,170.000,0,OK
39620234,0.330000,5.087500,33.000,167.500,0,OK
39640222,0.330000,5.086250,33.000,167.500,0,OK
39660234,0.335000,5.087500,33.250,170.000,0,OK
39680222,0.335000,5.081250,33.500,170.000,0,OK
39700234,0.332500,5.086250,33.250,170.000,0,OK
39720222,0.332500,5.087500,33.250,170.000,0,OK
39740234,0.332500,5.086250,33.250,170.000,0,OK
39760222,0.330000,5.087500,33.000,167.500,0,OK
39780234,0.332500,5.087500,33.250,170.000,0,OK
39800222,0.332500,5.087500,33.000,167.500,0,OK
39820234,0.335000,5.088750,33.000,167.500,0,OK
39840222,0.335000,5.087500,33.250,170.000,0,OK
39860234,0.332500,5.082500,33.250,170.000,0,OK
39880222,0.332500,5.087500,33.250,170.000,0,OK
39900234,0.335000,5.086250,33.500,170.000,0,OK
39920222,0.332500,5.086250,33.250,170.000,0,OK
39940234,0.330000,5.086250,33.000,167.500,0,OK
39960222,0.340000,5.086250,33.000,167.500,0,OK
39980234,0.332500,5.087500,33.000,167.500,0,OK
40000222,0.332500,5.087500,33.250,167.500,0,OK
40020234,0.335000,5.088750,33.500,170.000,0,OK
40040222,0.332500,5.083750,33.250,170.000,0,OK
40060234,0.332500,5.087500,33.250,170.000,0,OK
40080222,0.332500,5.086250,33.250,170.000,0,OK
40100234,0.332500,5.087500,33.250,170.000,0,OK
40120222,0.330000,5.091250,33.000,167.500,0,OK
40140234,0.335000,5.086250,32.750,166.250,0,OK
40160222,0.330000,5.088750,33.000,167.500,0,OK
40180234,0.335000,5.087500,33.000,170.000,0,OK
40200222,0.335000,5.086250,33.500,170.000,0,OK
40220234,0.332500,5.081250,33.250,167.500,0,OK
40240222,0.332500,5.086250,33.250,170.000,0,OK
40260234,0.332500,5.086250,33.250,170.000,0,OK
40280222,0.332500,5.087500,33.250,170.000,0,OK
40300234,0.332500,5.085000,33.250,170.000,0,OK
40320222,0.330000,5.087500,33.250,170.000,0,OK
40340234,0.332500,5.086250,33.250,170.000,0,OK
40360222,0.332500,5.086250,33.250,167.500,0,OK
40380234,0.332500,5.080000,33.250,167.500,0,OK
40400222,0.332500,5.086250,33.250,170.000,0,OK
40420234,0.332500,5.086250,33.250,170.000,0,OK
40440222,0.330000,5.087500,33.000,167.500,0,OK
40460234,0.330000,5.087500,33.000,167.500,0,OK
40480222,0.345000,5.086250,33.000,167.500,0,OK
40500234,0.330000,5.087500,33.250,170.000,0,OK
40520222,0.332500,5.090000,33.000,167.500,0,OK
40540234,0.332500,5.087500,32.750,167.500,0,OK
40560222,0.332500,5.082500,33.250,170.000,0,OK
40580234,0.335000,5.087500,33.500,170.000,0,OK
40600222,0.332500,5.087500,33.250,170.000,0,OK
40620234,0.330000,5.087500,33.000,167.500,0,OK
40640222,0.335000,5.086250,33.500,170.000,0,OK
40660234,0.340000,5.086250,33.000,167.500,0,OK
40680222,0.335000,5.085000,33.250,170.000,0,OK
40700234,0.332500,5.086250,33.250,167.500,0,OK
40720222,0.335000,5.087500,33.500,170.000,0,OK
40740234,0.330000,5.083750,33.000,167.500,0,OK
40760222,0.332500,5.086250,33.250,170.000,0,OK
40780234,0.332500,5.085000,33.250,170.000,0,OK
40800222,0.335000,5.086250,33.500,170.000,0,OK
40820234,0.332500,5.087500,33.250,170.000,0,OK
40840222,0.332500,5.086250,33.250,170.000,0,OK
40860234,0.332500,5.087500,33.250,170.000,0,OK
40880222,0.332500,5.086250,33.250,167.500,0,OK
40900234,0.335000,5.087500,33.500,170.000,0,OK
40920222,0.332500,5.085000,33.250,170.000,0,OK
40940234,0.332500,5.087500,33.250,170.000,0,OK
40960222,0.332500,5.086250,33.250,170.000,0,OK
40980234,0.330000,5.086250,33.000,167.500,0,OK
41000222,0.330000,5.087500,33.000,167.500,0,OK
41020234,0.332500,5.088750,33.250,170.000,0,OK
41040222,0.332500,5.087500,33.000,167.500,0,OK
41060234,0.335000,5.087500,33.000,170.000,0,OK
41080222,0.330000,5.080000,33.000,167.500,0,OK
41100234,0.332500,5.087500,33.250,170.000,0,OK
41120222,0.335000,5.086250,33.500,170.000,0,OK
41140234,0.332500,5.086250,33.250,170.000,0,OK
41160222,0.330000,5.086250,33.000,167.500,0,OK
41180234,0.347500,5.086250,32.750,166.250,0,OK
41200222,0.332500,5.086250,33.250,170.000,0,OK
41220234,0.330000,5.087500,33.000,167.500,0,OK
41240222,0.332500,5.085000,33.250,167.500,0,OK
41260234,0.337500,5.082500,33.750,172.500,0,OK
41280222,0.332500,5.088750,33.250,170.000,0,OK
41300234,0.332500,5.087500,33.250,170.000,0,OK
41320222,0.327500,5.088750,32.750,166.250,0,OK
41340234,0.330000,5.086250,33.000,167.500,0,OK
41360222,0.337500,5.086250,32.750,166.250,0,OK
41380234,0.330000,5.087500,33.500,170.000,0,OK
41400222,0.330000,5.087500,33.000,167.500,0,OK
41420234,0.332500,5.087500,33.250,167.500,0,OK
41440222,0.332500,5.083750,33.250,170.000,0,OK
41460234,0.335000,5.088750,33.500,170.000,0,OK
41480222,0.332500,5.086250,33.250,170.000,0,OK
41500234,0.330000,5.086250,33.000,167.500,0,OK
41520222,0.332500,5.086250,33.250,170.000,0,OK
41540234,0.332500,5.087500,33.250,170.000,0,OK
41560222,0.332500,5.087500,33.250,170.000,0,OK
41580234,0.335000,5.087500,33.000,170.000,0,OK
41600222,0.335000,5.081250,33.500,170.000,0,OK
41620234,0.332500,5.085000,33.250,170.000,0,OK
41640222,0.330000,5.087500,33.000,167.500,0,OK
41660234,0.327500,5.087500,32.750,166.250,0,OK
41680222,0.332500,5.087500,33.250,170.000,0,OK
41700234,0.330000,5.087500,33.000,167.500,0,OK
41720222,0.330000,5.088750,33.000,167.500,0,OK
41740234,0.332500,5.086250,33.250,170.000,0,OK
41760222,0.332500,5.088750,33.250,167.500,0,OK
41780234,0.332500,5.081250,33.250,167.500,0,OK
41800222,0.332500,5.088750,33.250,170.000,0,OK
41820234,0.332500,5.087500,33.250,170.000,0,OK
41840222,0.332500,5.086250,33.250,170.000,0,OK
41860234,0.332500,5.086250,33.250,170.000,0,OK
41880222,0.340000,5.086250,32.750,166.250,0,OK
41900234,0.330000,5.086250,33.500,170.000,0,OK
41920222,0.332500,5.088750,33.000,167.500,0,OK
41940234,0.332500,5.085000,33.250,167.500,0,OK
41960222,0.330000,5.083750,33.000,167.500,0,OK
41980234,0.332500,5.088750,33.250,170.000,0,OK
42000222,0.330000,5.087500,33.000,167.500,0,OK
42020234,0.330000,5.087500,33.000,167.500,0,OK
42040222,0.330000,5.087500,33.000,167.500,0,OK
42060234,0.335000,5.088750,33.250,170.000,0,OK
42080222,0.330000,5.087500,33.000,167.500,0,OK
42100234,0.335000,5.086250,33.000,170.000,0,OK
42120222,0.335000,5.087500,33.500,170.000,0,OK
42140234,0.332500,5.086250,33.250,170.000,0,OK
42160222,0.332500,5.086250,33.250,170.000,0,OK
42180234,0.332500,5.086250,33.250,170.000,0,OK
42200222,0.332500,5.086250,33.250,170.000,0,OK
42220234,0.330000,5.088750,33.000,167.500,0,OK
42240222,0.332500,5.085000,32.750,166.250,0,OK
42260234,0.332500,5.086250,33.250,170.000,0,OK
42280222,0.335000,5.087500,33.000,170.000,0,OK
42300234,0.337500,5.081250,33.750,172.500,0,OK
42320222,0.335000,5.086250,33.500,170.000,0,OK
42340234,0.335000,5.086250,33.500,170.000,0,OK
42360222,0.332500,5.087500,33.250,170.000,0,OK
42380234,0.330000,5.087500,33.000,167.500,0,OK
42400222,0.332500,5.086250,33.250,170.000,0,OK
42420234,0.332500,5.086250,33.250,170.000,0,OK
42440222,0.330000,5.087500,33.250,170.000,0,OK
42460234,0.332500,5.088750,33.000,167.500,0,OK
42480222,0.332500,5.082500,33.250,170.000,0,OK
42500234,0.332500,5.088750,33.250,170.000,0,OK
42520222,0.330000,5.087500,33.000,167.500,0,OK
42540234,0.332500,5.086250,33.250,170.000,0,OK
42560222,0.332500,5.086250,33.250,170.000,0,OK
42580234,0.340000,5.086250,33.250,170.000,0,OK
42600222,0.332500,5.086250,33.250,170.000,0,OK
42620234,0.330000,5.088750,33.250,167.500,0,OK
42640222,0.335000,5.087500,33.500,170.000,0,OK
42660234,0.332500,5.083750,33.250,170.000,0,OK
42680222,0.335000,5.086250,33.500,170.000,0,OK
42700234,0.330000,5.087500,33.000,167.500,0,OK
42720222,0.330000,5.087500,33.000,167.500,0,OK
42740234,0.332500,5.086250,33.250,170.000,0,OK
42760222,0.330000,5.087500,33.250,170.000,0,OK
42780234,0.332500,5.087500,32.750,166.250,0,OK
42800222,0.332500,5.087500,33.000,167.500,0,OK
42820234,0.335000,5.088750,33.500,170.000,0,OK
42840222,0.332500,5.086250,33.250,170.000,0,OK
42860234,0.337500,5.087500,33.750,172.500,0,OK
42880222,0.335000,5.086250,33.500,170.000,0,OK
42900234,0.330000,5.086250,33.000,167.500,0,OK
42920222,0.332500,5.087500,33.250,170.000,0,OK
42940234,0.332500,5.087500,33.000,167.500,0,OK
42960222,0.332500,5.086250,33.250,170.000,0,OK
42980234,0.330000,5.086250,33.000,167.500,0,OK
43000222,0.332500,5.081250,33.250,167.500,0,OK
43020234,0.335000,5.086250,33.500,170.000,0,OK
43040222,0.332500,5.087500,33.250,170.000,0,OK
43060234,0.330000,5.087500,33.000,167.500,0,OK
43080222,0.330000,5.087500,33.000,167.500,0,OK
43100234,0.347500,5.086250,33.000,167.500,0,OK
43120222,0.332500,5.087500,33.000,167.500,0,OK
43140234,0.330000,5.086250,33.000,167.500,0,OK
43160222,0.332500,5.088750,33.250,167.500,0,OK
43180234,0.335000,5.083750,33.500,170.000,0,OK
43200222,0.337500,5.087500,33.750,172.500,0,OK
43220234,0.330000,5.087500,33.000,167.500,0,OK
43240222,0.332500,5.086250,33.250,170.000,0,OK
43260234,0.332500,5.087500,33.250,170.000,0,OK
43280222,0.335000,5.086250,33.000,167.500,0,OK
43300234,0.330000,5.086250,33.000,167.500,0,OK
43320222,0.335000,5.087500,33.250,170.000,0,OK
43340234,0.332500,5.085000,33.250,167.500,0,OK
43360222,0.332500,5.083750,33.250,170.000,0,OK
43380234,0.332500,5.086250,33.250,170.000,0,OK
43400222,0.330000,5.086250,33.000,167.500,0,OK
43420234,0.332500,5.087500,33.250,170.000,0,OK
43440222,0.332500,5.086250,33.250,170.000,0,OK
43460234,0.332500,5.086250,33.000,167.500,0,OK
43480222,0.332500,5.087500,33.250,170.000,0,OK
43500234,0.332500,5.087500,33.250,167.500,0,OK
43520222,0.335000,5.077500,33.500,170.000,0,OK
43540234,0.335000,5.085000,33.500,170.000,0,OK
43560222,0.332500,5.087500,33.250,170.000,0,OK
43580234,0.332500,5.086250,33.250,170.000,0,OK
43600222,0.330000,5.086250,33.000,167.500,0,OK
43620234,0.330000,5.088750,33.000,167.500,0,OK
43640222,0.330000,5.086250,33.250,170.000,0,OK
43660234,0.332500,5.087500,33.250,170.000,0,OK
43680222,0.332500,5.086250,33.250,167.500,0,OK
43700234,0.332500,5.082500,33.250,170.000,0,OK
43720222,0.332500,5.085000,33.250,170.000,0,OK
43740234,0.332500,5.086250,33.250,170.000,0,OK
43760222,0.330000,5.086250,33.000,167.500,0,OK
43780234,0.330000,5.086250,33.000,167.500,0,OK
43800222,0.345000,5.087500,33.250,170.000,0,OK
43820234,0.332500,5.087500,33.000,167.500,0,OK
43840222,0.335000,5.086250,33.000,170.000,0,OK
43860234,0.332500,5.087500,33.250,167.500,0,OK
43880222,0.332500,5.082500,33.250,170.000,0,OK
43900234,0.332500,5.088750,33.250,170.000,0,OK
43920222,0.332500,5.088750,33.250,170.000,0,OK
43940234,0.335000,5.087500,33.500,170.000,0,OK
43960222,0.332500,5.086250,33.250,170.000,0,OK
43980234,0.332500,5.088750,33.250,170.000,0,OK
44000222,0.335000,5.087500,33.250,170.000,0,OK
44020234,0.332500,5.088750,33.000,167.500,0,OK
44040222,0.335000,5.086250,33.500,170.000,0,OK
44060234,0.332500,5.085000,33.250,170.000,0,OK
44080222,0.335000,5.086250,33.500,170.000,0,OK
44100234,0.330000,5.087500,33.000,167.500,0,OK
44120222,0.332500,5.086250,33.250,170.000,0,OK
44140234,0.335000,5.086250,33.500,170.000,0,OK
44160222,0.330000,5.086250,32.750,166.250,0,OK
44180234,0.330000,5.087500,33.250,170.000,0,OK
44200222,0.332500,5.086250,33.250,167.500,0,OK
44220234,0.335000,5.080000,33.500,170.000,0,OK
44240222,0.332500,5.085000,33.250,170.000,0,OK
44260234,0.332500,5.087500,33.250,170.000,0,OK
44280222,0.332500,5.087500,33.250,170.000,0,OK
44300234,0.330000,5.086250,33.000,167.500,0,OK
44320222,0.330000,5.087500,33.000,167.500,0,OK
44340234,0.332500,5.086250,33.250,170.000,0,OK
44360222,0.335000,5.087500,33.250,170.000,0,OK
44380234,0.337500,5.086250,32.750,172.500,0,OK
44400222,0.335000,5.082500,33.500,170.000,0,OK
44420234,0.337500,5.086250,33.750,172.500,0,OK
44440222,0.332500,5.085000,33.250,170.000,0,OK
44460234,0.332500,5.085000,33.250,170.000,0,OK
44480222,0.332500,5.085000,33.250,170.000,0,OK
44500234,0.340000,5.085000,33.500,170.000,0,OK
44520222,0.335000,5.086250,33.000,167.500,0,OK
44540234,0.332500,5.087500,33.250,167.500,0,OK
44560222,0.330000,5.086250,33.000,167.500,0,OK
44580234,0.332500,5.083750,33.250,170.000,0,OK
44600222,0.335000,5.087500,33.500,170.000,0,OK
44620234,0.330000,5.087500,33.000,167.500,0,OK
44640222,0.332500,5.085000,33.250,170.000,0,OK
44660234,0.332500,5.085000,33.250,170.000,0,OK
44680222,0.335000,5.087500,33.250,170.000,0,OK
44700234,0.332500,5.086250,33.000,167.500,0,OK
44720222,0.335000,5.088750,33.000,170.000,0,OK
44740234,0.332500,5.087500,33.250,167.500,0,OK
44760222,0.330000,5.086250,33.000,167.500,0,OK
44780234,0.332500,5.086250,33.250,170.000,0,OK
44800222,0.332500,5.087500,33.250,170.000,0,OK
44820234,0.330000,5.087500,33.000,167.500,0,OK
44840222,0.330000,5.086250,33.000,167.500,0,OK
44860234,0.330000,5.087500,33.000,167.500,0,OK
44880222,0.335000,5.086250,33.000,167.500,0,OK
44900234,0.332500,5.086250,33.000,167.500,0,OK
44920222,0.330000,5.080000,33.000,167.500,0,OK
44940234,0.332500,5.087500,33.250,170.000,0,OK
44960222,0.332500,5.085000,33.250,170.000,0,OK
44980234,0.330000,5.085000,33.000,167.500,0,OK
45000222,0.330000,5.086250,33.000,167.500,0,OK
45020234,0.332500,5.086250,33.250,170.000,0,OK
45040222,0.332500,5.087500,33.250,170.000,0,OK
45060234,0.332500,5.086250,33.000,167.500,0,OK
45080222,0.332500,5.087500,33.000,167.500,0,OK
45100234,0.335000,5.082500,33.500,170.000,0,OK
45120222,0.332500,5.086250,33.250,170.000,0,OK
45140234,0.332500,5.085000,33.250,170.000,0,OK
45160222,0.332500,5.085000,33.250,170.000,0,OK
45180234,0.332500,5.086250,33.250,170.000,0,OK
45200222,0.335000,5.086250,33.250,170.000,0,OK
45220234,0.332500,5.086250,33.250,170.000,0,OK
45240222,0.332500,5.086250,33.250,167.500,0,OK
45260234,0.335000,5.088750,33.500,170.000,0,OK
45280222,0.335000,5.085000,33.500,170.000,0,OK
45300234,0.335000,5.085000,33.500,170.000,0,OK
45320222,0.332500,5.086250,33.250,170.000,0,OK
45340234,0.332500,5.086250,33.250,170.000,0,OK
45360222,0.332500,5.086250,33.250,170.000,0,OK
45380234,0.330000,5.086250,32.750,166.250,0,OK
45400222,0.332500,5.087500,33.250,170.000,0,OK
45420234,0.332500,5.086250,33.000,167.500,0,OK
45440222,0.332500,5.086250,33.250,170.000,0,OK
45460234,0.335000,5.085000,33.500,170.000,0,OK
45480222,0.335000,5.087500,33.500,170.000,0,OK
45500234,0.332500,5.087500,33.250,170.000,0,OK
45520222,0.332500,5.086250,33.250,170.000,0,OK
45540234,0.332500,5.085000,33.250,170.000,0,OK
45560222,0.332500,5.085000,33.000,167.500,0,OK
45580234,0.332500,5.087500,33.250,170.000,0,OK
45600222,0.332500,5.086250,32.750,167.500,0,OK
45620234,0.330000,5.080000,33.000,167.500,0,OK
45640222,0.335000,5.086250,33.500,170.000,0,OK
45660234,0.332500,5.085000,33.250,170.000,0,OK
45680222,0.332500,5.085000,33.250,170.000,0,OK
45700234,0.332500,5.085000,33.250,170.000,0,OK
45720222,0.345000,5.085000,33.250,170.000,0,OK
45740234,0.330000,5.086250,33.250,170.000,0,OK
45760222,0.332500,5.087500,33.250,170.000,0,OK
45780234,0.332500,5.086250,33.250,167.500,0,OK
45800222,0.337500,5.083750,33.750,172.500,0,OK
45820234,0.335000,5.085000,33.500,170.000,0,OK
45840222,0.330000,5.086250,33.000,167.500,0,OK
45860234,0.332500,5.085000,33.250,170.000,0,OK
45880222,0.330000,5.086250,33.000,167.500,0,OK
45900234,0.340000,5.083750,33.000,167.500,0,OK
45920222,0.330000,5.086250,33.000,167.500,0,OK
45940234,0.335000,5.086250,33.250,170.000,0,OK
45960222,0.335000,5.086250,33.500,170.000,0,OK
45980234,0.332500,5.082500,33.250,170.000,0,OK
46000222,0.332500,5.086250,33.250,170.000,0,OK
46020234,0.332500,5.085000,33.250,170.000,0,OK
46040222,0.332500,5.085000,33.250,170.000,0,OK
46060234,0.330000,5.086250,33.000,167.500,0,OK
46080222,0.332500,5.085000,33.250,170.000,0,OK
46100234,0.332500,5.086250,33.250,170.000,0,OK
46120222,0.332500,5.087500,33.250,167.500,0,OK
46140234,0.332500,5.078750,33.250,167.500,0,OK
46160222,0.332500,5.085000,33.250,170.000,0,OK
46180234,0.332500,5.086250,33.250,170.000,0,OK
46200222,0.332500,5.086250,33.250,170.000,0,OK
46220234,0.330000,5.086250,33.000,167.500,0,OK
46240222,0.332500,5.085000,33.250,170.000,0,OK
46260234,0.330000,5.087500,33.000,167.500,0,OK
46280222,0.332500,5.085000,33.250,170.000,0,OK
46300234,0.335000,5.086250,33.250,170.000,0,OK
46320222,0.335000,5.081250,33.500,170.000,0,OK
46340234,0.332500,5.085000,33.250,170.000,0,OK
46360222,0.332500,5.086250,33.250,170.000,0,OK
46380234,0.330000,5.086250,33.000,167.500,0,OK
46400222,0.332500,5.085000,33.250,170.000,0,OK
46420234,0.340000,5.086250,33.250,170.000,0,OK
46440222,0.332500,5.083750,33.000,167.500,0,OK
46460234,0.332500,5.085000,33.500,167.500,0,OK
46480222,0.332500,5.086250,33.250,167.500,0,OK
46500234,0.332500,5.081250,33.250,167.500,0,OK
46520222,0.332500,5.085000,33.250,170.000,0,OK
46540234,0.330000,5.086250,33.000,167.500,0,OK
46560222,0.332500,5.086250,33.250,170.000,0,OK
46580234,0.330000,5.086250,33.000,167.500,0,OK
46600222,0.332500,5.085000,33.250,170.000,0,OK
46620234,0.332500,5.085000,32.500,166.250,0,OK
46640222,0.332500,5.085000,32.750,167.500,0,OK
46660234,0.332500,5.087500,33.250,167.500,0,OK
46680222,0.330000,5.082500,33.000,167.500,0,OK
46700234,0.332500,5.086250,33.250,170.000,0,OK
46720222,0.330000,5.085000,33.000,167.500,0,OK
46740234,0.330000,5.085000,33.000,167.500,0,OK
46760222,0.327500,5.085000,32.750,166.250,0,OK
46780234,0.332500,5.085000,33.250,170.000,0,OK
46800222,0.332500,5.085000,32.750,166.250,0,OK
46820234,0.330000,5.086250,33.250,167.500,0,OK
46840222,0.332500,5.080000,33.250,167.500,0,OK
46860234,0.332500,5.085000,33.250,170.000,0,OK
46880222,0.335000,5.085000,33.500,170.000,0,OK
46900234,0.332500,5.085000,33.250,170.000,0,OK
46920222,0.332500,5.083750,33.250,170.000,0,OK
46940234,0.345000,5.082500,33.250,170.000,0,OK
46960222,0.332500,5.083750,33.000,167.500,0,OK
46980234,0.332500,5.086250,33.250,170.000,0,OK
47000222,0.332500,5.085000,33.500,167.500,0,OK
47020234,0.332500,5.081250,33.250,167.500,0,OK
47040222,0.337500,5.086250,33.750,172.500,0,OK
47060234,0.330000,5.087500,33.000,167.500,0,OK
47080222,0.332500,5.086250,33.250,170.000,0,OK
47100234,0.332500,5.085000,33.250,170.000,0,OK
47120222,0.340000,5.086250,33.250,170.000,0,OK
47140234,0.332500,5.085000,33.000,167.500,0,OK
47160222,0.332500,5.087500,33.000,167.500,0,OK
47180234,0.330000,5.087500,33.000,167.500,0,OK
47200222,0.332500,5.082500,33.250,170.000,0,OK
47220234,0.335000,5.085000,33.500,170.000,0,OK
47240222,0.330000,5.086250,33.000,167.500,0,OK
47260234,0.332500,5.086250,33.250,170.000,0,OK
47280222,0.330000,5.086250,33.000,167.500,0,OK
47300234,0.332500,5.085000,33.250,170.000,0,OK
47320222,0.332500,5.085000,33.000,167.500,0,OK
47340234,0.332500,5.086250,33.250,167.500,0,OK
47360222,0.335000,5.085000,33.500,170.000,0,OK
47380234,0.332500,5.085000,33.250,170.000,0,OK
47400222,0.332500,5.083750,33.250,170.000,0,OK
47420234,0.332500,5.086250,33.250,170.000,0,OK
47440222,0.332500,5.085000,33.250,170.000,0,OK
47460234,0.330000,5.085000,33.000,167.500,0,OK
47480222,0.330000,5.085000,33.250,170.000,0,OK
47500234,0.327500,5.086250,33.000,167.500,0,OK
47520222,0.335000,5.086250,33.000,170.000,0,OK
47540234,0.332500,5.081250,33.250,167.500,0,OK
47560222,0.335000,5.085000,33.500,170.000,0,OK
47580234,0.330000,5.086250,33.000,167.500,0,OK
47600222,0.330000,5.086250,33.000,167.500,0,OK
47620234,0.335000,5.085000,33.500,170.000,0,OK
47640222,0.345000,5.085000,33.000,167.500,0,OK
47660234,0.332500,5.083750,33.000,167.500,0,OK
47680222,0.335000,5.086250,33.500,170.000,0,OK
47700234,0.332500,5.086250,33.250,167.500,0,OK
47720222,0.330000,5.080000,33.000,167.500,0,OK
47740234,0.337500,5.087500,33.750,172.500,0,OK
47760222,0.332500,5.085000,33.250,170.000,0,OK
47780234,0.330000,5.086250,33.000,167.500,0,OK
47800222,0.330000,5.085000,33.000,167.500,0,OK
47820234,0.335000,5.086250,33.000,167.500,0,OK
47840222,0.332500,5.083750,33.000,167.500,0,OK
47860234,0.330000,5.085000,33.250,167.500,0,OK
47880222,0.332500,5.086250,33.250,167.500,0,OK
47900234,0.337500,5.082500,33.750,172.500,0,OK
47920222,0.332500,5.085000,33.250,170.000,0,OK
47940234,0.332500,5.085000,33.250,170.000,0,OK
47960222,0.330000,5.086250,33.000,167.500,0,OK
47980234,0.332500,5.086250,33.250,170.000,0,OK
48000222,0.327500,5.086250,33.250,170.000,0,OK
48020234,0.332500,5.085000,32.750,166.250,0,OK
48040222,0.332500,5.086250,33.250,167.500,0,OK
48060234,0.332500,5.080000,33.250,167.500,0,OK
48080222,0.330000,5.086250,33.000,167.500,0,OK
48100234,0.332500,5.086250,33.250,170.000,0,OK
48120222,0.332500,5.087500,33.250,170.000,0,OK
48140234,0.330000,5.086250,33.000,167.500,0,OK
48160222,0.330000,5.086250,33.000,167.500,0,OK
48180234,0.330000,5.086250,33.250,170.000,0,OK
48200222,0.335000,5.085000,33.000,167.500,0,OK
48220234,0.332500,5.087500,33.000,167.500,0,OK
48240222,0.332500,5.080000,33.250,167.500,0,OK
48260234,0.332500,5.086250,33.250,170.000,0,OK
48280222,0.335000,5.086250,33.500,170.000,0,OK
48300234,0.330000,5.086250,33.000,167.500,0,OK
48320222,0.330000,5.088750,33.000,167.500,0,OK
48340234,0.340000,5.083750,33.000,167.500,0,OK
48360222,0.332500,5.086250,33.000,167.500,0,OK
48380234,0.335000,5.085000,33.250,170.000,0,OK
48400222,0.335000,5.086250,33.500,170.000,0,OK
48420234,0.332500,5.078750,33.250,167.500,0,OK
48440222,0.332500,5.086250,33.250,170.000,0,OK
48460234,0.332500,5.086250,33.250,170.000,0,OK
48480222,0.332500,5.086250,33.250,170.000,0,OK
48500234,0.330000,5.087500,33.000,167.500,0,OK
48520222,0.337500,5.085000,33.000,167.500,0,OK
48540234,0.332500,5.085000,33.250,170.000,0,OK
48560222,0.332500,5.086250,33.250,167.500,0,OK
48580234,0.332500,5.086250,33.250,167.500,0,OK
48600222,0.332500,5.083750,33.250,170.000,0,OK
48620234,0.335000,5.085000,33.500,170.000,0,OK
48640222,0.332500,5.086250,33.250,170.000,0,OK
48660234,0.335000,5.086250,33.500,170.000,0,OK
48680222,0.330000,5.085000,33.000,167.500,0,OK
48700234,0.330000,5.083750,33.250,170.000,0,OK
48720222,0.332500,5.085000,33.000,167.500,0,OK
48740234,0.332500,5.086250,33.250,167.500,0,OK
48760222,0.332500,5.078750,33.250,167.500,0,OK
48780234,0.332500,5.083750,33.250,170.000,0,OK
48800222,0.332500,5.085000,33.250,170.000,0,OK
48820234,0.335000,5.085000,33.500,170.000,0,OK
48840222,0.332500,5.083750,33.250,170.000,0,OK
48860234,0.330000,5.083750,33.000,167.500,0,OK
48880222,0.332500,5.083750,33.000,167.500,0,OK
48900234,0.332500,5.086250,33.250,170.000,0,OK
48920222,0.335000,5.086250,33.000,170.000,0,OK
48940234,0.335000,5.081250,33.500,170.000,0,OK
48960222,0.332500,5.085000,33.250,170.000,0,OK
48980234,0.330000,5.085000,33.000,167.500,0,OK
49000222,0.332500,5.083750,33.250,170.000,0,OK
49020234,0.330000,5.085000,33.000,167.500,0,OK
49040222,0.337500,5.083750,33.250,170.000,0,OK
49060234,0.332500,5.085000,33.250,170.000,0,OK
49080222,0.335000,5.086250,33.250,170.000,0,OK
49100234,0.335000,5.085000,33.500,170.000,0,OK
49120222,0.332500,5.082500,33.250,170.000,0,OK
49140234,0.330000,5.086250,33.000,167.500,0,OK
49160222,0.332500,5.083750,33.250,170.000,0,OK
49180234,0.332500,5.085000,33.250,170.000,0,OK
49200222,0.332500,5.085000,33.250,170.000,0,OK
49220234,0.332500,5.086250,33.250,170.000,0,OK
49240222,0.332500,5.085000,33.250,170.000,0,OK
49260234,0.332500,5.085000,33.250,167.500,0,OK
49280222,0.335000,5.087500,33.500,170.000,0,OK
49300234,0.332500,5.082500,33.250,170.000,0,OK
49320222,0.332500,5.085000,33.250,170.000,0,OK
49340234,0.332500,5.083750,33.250,170.000,0,OK
49360222,0.332500,5.086250,33.250,170.000,0,OK
49380234,0.330000,5.083750,33.000,167.500,0,OK
49400222,0.330000,5.085000,33.000,167.500,0,OK
49420234,0.335000,5.085000,33.000,167.500,0,OK
49440222,0.335000,5.085000,33.250,170.000,0,OK
49460234,0.330000,5.081250,33.000,167.500,0,OK
49480222,0.332500,5.083750,33.250,170.000,0,OK
49500234,0.332500,5.085000,33.250,170.000,0,OK
49520222,0.332500,5.086250,33.250,170.000,0,OK
49540234,0.335000,5.086250,33.500,170.000,0,OK
49560222,0.342500,5.087500,33.250,170.000,0,OK
49580234,0.330000,5.085000,33.000,167.500,0,OK
49600222,0.335000,5.086250,33.500,170.000,0,OK
49620234,0.332500,5.087500,33.250,167.500,0,OK
49640222,0.335000,5.081250,33.500,170.000,0,OK
49660234,0.335000,5.087500,33.500,170.000,0,OK
49680222,0.330000,5.086250,33.000,167.500,0,OK
49700234,0.332500,5.087500,33.250,170.000,0,OK
49720222,0.335000,5.085000,33.500,170.000,0,OK
49740234,0.337500,5.086250,33.250,170.000,0,OK
49760222,0.330000,5.087500,33.000,167.500,0,OK
49780234,0.332500,5.087500,33.250,167.500,0,OK
49800222,0.335000,5.087500,33.500,170.000,0,OK
49820234,0.335000,5.081250,33.500,170.000,0,OK
49840222,0.332500,5.083750,33.250,170.000,0,OK
49860234,0.332500,5.085000,33.250,170.000,0,OK
49880222,0.335000,5.086250,33.500,170.000,0,OK
49900234,0.330000,5.083750,33.000,167.500,0,OK
49920222,0.330000,5.086250,33.250,170.000,0,OK
49940234,0.332500,5.086250,33.250,170.000,0,OK
49960222,0.332500,5.088750,33.250,167.500,0,OK
49980234,0.335000,5.082500,33.500,170.000,0,OK
50000222,0.332500,5.083750,33.250,170.000,0,OK
50020234,0.335000,5.085000,33.500,170.000,0,OK
50040222,0.332500,5.085000,33.250,170.000,0,OK
50060234,0.330000,5.086250,33.000,167.500,0,OK
50080222,0.332500,5.085000,33.250,170.000,0,OK
50100234,0.332500,5.085000,33.250,170.000,0,OK
50120222,0.332500,5.087500,33.000,167.500,0,OK
50140234,0.335000,5.086250,33.250,170.000,0,OK
50160222,0.330000,5.080000,33.000,167.500,0,OK
50180234,0.332500,5.086250,33.250,170.000,0,OK
50200222,0.332500,5.085000,33.250,170.000,0,OK
50220234,0.327500,5.085000,32.750,166.250,0,OK
50240222,0.332500,5.085000,33.250,170.000,0,OK
50260234,0.340000,5.086250,33.500,170.000,0,OK
50280222,0.332500,5.087500,33.000,167.500,0,OK
50300234,0.335000,5.085000,33.000,170.000,0,OK
50320222,0.332500,5.085000,33.250,167.500,0,OK
50340234,0.332500,5.081250,33.250,167.500,0,OK
50360222,0.332500,5.086250,33.250,170.000,0,OK
50380234,0.332500,5.085000,33.250,170.000,0,OK
50400222,0.332500,5.085000,33.250,170.000,0,OK
50420234,0.330000,5.086250,33.000,167.500,0,OK
50440222,0.337500,5.083750,32.750,166.250,0,OK
50460234,0.332500,5.086250,33.250,170.000,0,OK
50480222,0.335000,5.086250,33.000,170.000,0,OK
50500234,0.332500,5.086250,33.250,167.500,0,OK
50520222,0.330000,5.082500,33.000,167.500,0,OK
50540234,0.332500,5.085000,33.250,170.000,0,OK
50560222,0.330000,5.085000,33.000,167.500,0,OK
50580234,0.332500,5.086250,33.250,170.000,0,OK
50600222,0.332500,5.085000,33.250,170.000,0,OK
50620234,0.330000,5.085000,33.000,167.500,0,OK
50640222,0.332500,5.083750,33.250,170.000,0,OK
50660234,0.332500,5.086250,33.250,167.500,0,OK
50680222,0.332500,5.078750,33.250,167.500,0,OK
50700234,0.332500,5.085000,33.250,170.000,0,OK
50720222,0.335000,5.086250,33.500,170.000,0,OK
50740234,0.332500,5.085000,33.250,170.000,0,OK
50760222,0.332500,5.085000,33.250,170.000,0,OK
50780234,0.327500,5.083750,32.750,166.250,0,OK
50800222,0.327500,5.085000,33.500,170.000,0,OK
50820234,0.332500,5.083750,33.250,170.000,0,OK
50840222,0.330000,5.085000,33.250,167.500,0,OK
50860234,0.335000,5.080000,33.500,170.000,0,OK
50880222,0.332500,5.086250,33.250,170.000,0,OK
50900234,0.335000,5.086250,33.500,170.000,0,OK
50920222,0.330000,5.086250,33.000,167.500,0,OK
50940234,0.330000,5.086250,33.000,167.500,0,OK
50960222,0.340000,5.086250,33.000,167.500,0,OK
50980234,0.332500,5.086250,33.000,167.500,0,OK
51000222,0.335000,5.086250,33.250,170.000,0,OK
51020234,0.332500,5.086250,33.250,167.500,0,OK
51040222,0.335000,5.081250,33.500,170.000,0,OK
51060234,0.332500,5.085000,33.250,170.000,0,OK
51080222,0.330000,5.086250,33.000,167.500,0,OK
51100234,0.330000,5.086250,33.000,167.500,0,OK
51120222,0.330000,5.085000,33.000,167.500,0,OK
51140234,0.332500,5.085000,33.000,167.500,0,OK
51160222,0.330000,5.083750,33.000,167.500,0,OK
51180234,0.332500,5.086250,33.000,167.500,0,OK
51200222,0.330000,5.086250,33.000,167.500,0,OK
51220234,0.337500,5.082500,33.750,172.500,0,OK
51240222,0.335000,5.086250,33.500,170.000,0,OK
51260234,0.332500,5.086250,33.250,170.000,0,OK
51280222,0.332500,5.086250,33.250,170.000,0,OK
51300234,0.330000,5.086250,33.000,167.500,0,OK
51320222,0.332500,5.085000,33.250,170.000,0,OK
51340234,0.332500,5.086250,33.000,167.500,0,OK
51360222,0.332500,5.087500,33.250,167.500,0,OK
51380234,0.332500,5.082500,33.250,170.000,0,OK
51400222,0.335000,5.086250,33.500,170.000,0,OK
51420234,0.335000,5.083750,33.500,170.000,0,OK
51440222,0.330000,5.086250,33.000,167.500,0,OK
51460234,0.330000,5.086250,33.000,167.500,0,OK
51480222,0.332500,5.086250,33.250,170.000,0,OK
51500234,0.332500,5.087500,33.500,170.000,0,OK
51520222,0.335000,5.086250,33.250,170.000,0,OK
51540234,0.335000,5.086250,33.500,170.000,0,OK
51560222,0.332500,5.081250,33.250,167.500,0,OK
51580234,0.332500,5.083750,33.250,170.000,0,OK
51600222,0.327500,5.086250,32.750,166.250,0,OK
51620234,0.330000,5.083750,33.000,167.500,0,OK
51640222,0.332500,5.083750,33.250,170.000,0,OK
51660234,0.337500,5.085000,33.250,170.000,0,OK
51680222,0.332500,5.086250,33.000,167.500,0,OK
51700234,0.332500,5.085000,33.000,167.500,0,OK
51720222,0.335000,5.086250,33.500,170.000,0,OK
51740234,0.330000,5.083750,33.000,167.500,0,OK
51760222,0.332500,5.086250,33.250,170.000,0,OK
51780234,0.330000,5.086250,33.000,167.500,0,OK
51800222,0.330000,5.086250,33.000,167.500,0,OK
51820234,0.330000,5.086250,33.000,167.500,0,OK
51840222,0.330000,5.085000,33.250,170.000,0,OK
51860234,0.335000,5.086250,33.000,167.500,0,OK
51880222,0.332500,5.085000,33.000,167.500,0,OK
51900234,0.332500,5.086250,33.250,167.500,0,OK
51920222,0.330000,5.081250,33.000,167.500,0,OK
51940234,0.332500,5.086250,33.250,170.000,0,OK
51960222,0.332500,5.085000,33.250,170.000,0,OK
51980234,0.330000,5.087500,33.000,167.500,0,OK
52000222,0.330000,5.087500,33.000,167.500,0,OK
52020234,0.332500,5.086250,33.500,170.000,0,OK
52040222,0.332500,5.086250,33.250,170.000,0,OK
52060234,0.332500,5.086250,33.250,167.500,0,OK
52080222,0.335000,5.080000,33.500,170.000,0,OK
52100234,0.335000,5.086250,33.500,170.000,0,OK
52120222,0.332500,5.086250,33.250,170.000,0,OK
52140234,0.327500,5.086250,32.750,166.250,0,OK
52160222,0.330000,5.086250,33.000,167.500,0,OK
52180234,0.342500,5.085000,33.250,170.000,0,OK
52200222,0.330000,5.086250,33.500,170.000,0,OK
52220234,0.330000,5.085000,33.250,170.000,0,OK
52240222,0.332500,5.085000,33.250,167.500,0,OK
52260234,0.332500,5.082500,33.250,170.000,0,OK
52280222,0.330000,5.086250,33.000,167.500,0,OK
52300234,0.330000,5.085000,33.000,167.500,0,OK
52320222,0.332500,5.086250,33.250,170.000,0,OK
52340234,0.330000,5.085000,33.000,167.500,0,OK
52360222,0.335000,5.086250,33.000,167.500,0,OK
52380234,0.330000,5.083750,33.250,170.000,0,OK
52400222,0.332500,5.085000,33.000,167.500,0,OK
52420234,0.332500,5.086250,33.250,167.500,0,OK
52440222,0.332500,5.082500,33.250,170.000,0,OK
52460234,0.332500,5.086250,33.250,170.000,0,OK
52480222,0.330000,5.085000,33.000,167.500,0,OK
52500234,0.332500,5.085000,33.250,170.000,0,OK
52520222,0.332500,5.085000,33.250,170.000,0,OK
52540234,0.332500,5.083750,33.000,167.500,0,OK
52560222,0.332500,5.086250,33.250,170.000,0,OK
52580234,0.335000,5.086250,33.000,170.000,0,OK
52600222,0.332500,5.078750,33.250,167.500,0,OK
52620234,0.335000,5.082500,33.500,170.000,0,OK
52640222,0.332500,5.086250,33.250,170.000,0,OK
52660234,0.330000,5.085000,33.000,167.500,0,OK
52680222,0.332500,5.085000,33.250,170.000,0,OK
52700234,0.330000,5.086250,33.000,167.500,0,OK
52720222,0.330000,5.085000,33.000,167.500,0,OK
52740234,0.335000,5.085000,33.250,170.000,0,OK
52760222,0.332500,5.085000,33.250,167.500,0,OK
52780234,0.335000,5.081250,33.500,170.000,0,OK
52800222,0.332500,5.086250,33.250,170.000,0,OK
52820234,0.332500,5.083750,33.250,170.000,0,OK
52840222,0.330000,5.086250,33.000,167.500,0,OK
52860234,0.330000,5.086250,33.000,167.500,0,OK
52880222,0.342500,5.086250,33.250,170.000,0,OK
52900234,0.330000,5.086250,33.250,170.000,0,OK
52920222,0.335000,5.086250,33.500,170.000,0,OK
52940234,0.335000,5.086250,33.500,170.000,0,OK
52960222,0.332500,5.083750,33.250,170.000,0,OK
52980234,0.332500,5.086250,33.250,170.000,0,OK
53000222,0.330000,5.085000,33.000,167.500,0,OK
53020234,0.335000,5.083750,33.500,170.000,0,OK
53040222,0.332500,5.085000,33.250,170.000,0,OK
53060234,0.335000,5.083750,33.500,170.000,0,OK
53080222,0.330000,5.083750,33.000,167.500,0,OK
53100234,0.332500,5.086250,33.000,167.500,0,OK
53120222,0.335000,5.085000,33.500,170.000,0,OK
53140234,0.330000,5.083750,33.000,167.500,0,OK
53160222,0.332500,5.086250,33.250,170.000,0,OK
53180234,0.330000,5.085000,33.000,167.500,0,OK
53200222,0.332500,5.085000,33.250,170.000,0,OK
53220234,0.330000,5.085000,33.000,167.500,0,OK
53240222,0.330000,5.083750,33.250,170.000,0,OK
53260234,0.335000,5.085000,33.000,167.500,0,OK
53280222,0.335000,5.085000,33.250,170.000,0,OK
53300234,0.335000,5.080000,33.500,170.000,0,OK
53320222,0.332500,5.085000,33.250,170.000,0,OK
53340234,0.332500,5.086250,33.250,170.000,0,OK
53360222,0.330000,5.085000,33.000,167.500,0,OK
53380234,0.330000,5.085000,33.000,167.500,0,OK
53400222,0.347500,5.085000,33.250,170.000,0,OK
53420234,0.330000,5.085000,33.250,170.000,0,OK
53440222,0.332500,5.085000,33.250,170.000,0,OK
53460234,0.332500,5.085000,33.250,167.500,0,OK
53480222,0.335000,5.081250,33.500,170.000,0,OK
53500234,0.330000,5.085000,33.000,167.500,0,OK
53520222,0.330000,5.085000,33.000,167.500,0,OK
53540234,0.332500,5.085000,33.250,170.000,0,OK
53560222,0.332500,5.085000,33.250,170.000,0,OK
53580234,0.337500,5.086250,32.750,166.250,0,OK
53600222,0.332500,5.085000,33.000,167.500,0,OK
53620234,0.332500,5.085000,33.000,167.500,0,OK
53640222,0.332500,5.085000,33.250,167.500,0,OK
53660234,0.332500,5.082500,33.250,170.000,0,OK
53680222,0.332500,5.085000,33.250,170.000,0,OK
53700234,0.332500,5.085000,33.250,170.000,0,OK
53720222,0.330000,5.085000,33.000,167.500,0,OK
53740234,0.335000,5.086250,33.500,170.000,0,OK
53760222,0.332500,5.085000,33.000,167.500,0,OK
53780234,0.332500,5.085000,33.000,167.500,0,OK
53800222,0.337500,5.086250,33.000,172.500,0,OK
53820234,0.335000,5.086250,33.500,170.000,0,OK
53840222,0.337500,5.083750,33.750,172.500,0,OK
53860234,0.335000,5.086250,33.500,170.000,0,OK
53880222,0.332500,5.087500,33.250,170.000,0,OK
53900234,0.330000,5.085000,33.000,167.500,0,OK
53920222,0.332500,5.085000,33.250,170.000,0,OK
53940234,0.332500,5.083750,33.250,170.000,0,OK
53960222,0.332500,5.085000,33.250,170.000,0,OK
53980234,0.335000,5.086250,33.000,170.000,0,OK
54000222,0.332500,5.080000,33.250,167.500,0,OK
54020234,0.332500,5.083750,33.250,170.000,0,OK
54040222,0.332500,5.086250,33.250,170.000,0,OK
54060234,0.332500,5.085000,33.250,170.000,0,OK
54080222,0.332500,5.086250,33.250,170.000,0,OK
54100234,0.345000,5.083750,33.000,167.500,0,OK
54120222,0.335000,5.085000,33.500,170.000,0,OK
54140234,0.332500,5.085000,33.250,170.000,0,OK
54160222,0.335000,5.085000,33.500,170.000,0,OK
54180234,0.330000,5.082500,33.000,167.500,0,OK
54200222,0.332500,5.086250,33.250,170.000,0,OK
54220234,0.327500,5.085000,32.750,166.250,0,OK
54240222,0.335000,5.086250,33.500,170.000,0,OK
54260234,0.332500,5.086250,33.250,170.000,0,OK
54280222,0.340000,5.085000,33.250,170.000,0,OK
54300234,0.330000,5.086250,33.250,170.000,0,OK
54320222,0.335000,5.086250,33.000,170.000,0,OK
54340234,0.332500,5.086250,33.250,167.500,0,OK
54360222,0.332500,5.082500,33.250,170.000,0,OK
54380234,0.335000,5.086250,33.500,170.000,0,OK
54400222,0.332500,5.085000,33.250,170.000,0,OK
54420234,0.330000,5.085000,33.000,167.500,0,OK
54440222,0.335000,5.083750,33.500,170.000,0,OK
54460234,0.332500,5.085000,33.000,167.500,0,OK
54480222,0.335000,5.086250,33.250,170.000,0,OK
54500234,0.332500,5.085000,33.000,167.500,0,OK
54520222,0.335000,5.078750,33.500,170.000,0,OK
54540234,0.335000,5.086250,33.500,170.000,0,OK
54560222,0.335000,5.085000,33.500,170.000,0,OK
54580234,0.330000,5.083750,33.000,167.500,0,OK
54600222,0.330000,5.086250,33.000,167.500,0,OK
54620234,0.332500,5.085000,33.250,170.000,0,OK
54640222,0.335000,5.085000,33.000,167.500,0,OK
54660234,0.335000,5.085000,33.250,170.000,0,OK
54680222,0.335000,5.085000,33.250,170.000,0,OK
54700234,0.332500,5.081250,33.250,167.500,0,OK
54720222,0.332500,5.083750,33.250,170.000,0,OK
54740234,0.335000,5.086250,33.500,170.000,0,OK
54760222,0.330000,5.086250,33.000,167.500,0,OK
54780234,0.332500,5.086250,33.250,170.000,0,OK
54800222,0.342500,5.085000,33.250,170.000,0,OK
54820234,0.330000,5.083750,33.250,170.000,0,OK
54840222,0.332500,5.085000,33.250,167.500,0,OK
54860234,0.332500,5.085000,33.250,167.500,0,OK
54880222,0.332500,5.081250,33.250,167.500,0,OK
54900234,0.332500,5.086250,33.250,170.000,0,OK
54920222,0.330000,5.085000,33.000,167.500,0,OK
54940234,0.332500,5.086250,33.250,170.000,0,OK
54960222,0.330000,5.085000,33.000,167.500,0,OK
54980234,0.332500,5.085000,33.250,170.000,0,OK
55000222,0.332500,5.083750,33.000,167.500,0,OK
55020234,0.332500,5.086250,33.250,167.500,0,OK
55040222,0.335000,5.086250,33.500,170.000,0,OK
55060234,0.335000,5.083750,33.500,170.000,0,OK
55080222,0.332500,5.085000,33.250,170.000,0,OK
55100234,0.332500,5.086250,33.250,170.000,0,OK
55120222,0.332500,5.085000,33.250,170.000,0,OK
55140234,0.332500,5.086250,33.250,170.000,0,OK
55160222,0.330000,5.086250,33.250,170.000,0,OK
55180234,0.332500,5.086250,33.000,167.500,0,OK
55200222,0.332500,5.086250,33.000,167.500,0,OK
55220234,0.332500,5.080000,33.250,167.500,0,OK
55240222,0.332500,5.085000,33.250,170.000,0,OK
55260234,0.335000,5.085000,33.500,170.000,0,OK
55280222,0.332500,5.086250,33.250,170.000,0,OK
55300234,0.330000,5.085000,33.000,167.500,0,OK
55320222,0.332500,5.086250,33.250,170.000,0,OK
55340234,0.335000,5.085000,33.250,170.000,0,OK
55360222,0.332500,5.086250,33.250,170.000,0,OK
55380234,0.335000,5.086250,33.500,170.000,0,OK
55400222,0.332500,5.083750,33.250,170.000,0,OK
55420234,0.332500,5.085000,33.250,170.000,0,OK
55440222,0.335000,5.086250,33.500,170.000,0,OK
55460234,0.330000,5.086250,33.000,167.500,0,OK
55480222,0.330000,5.085000,33.000,167.500,0,OK
55500234,0.337500,5.085000,33.250,170.000,0,OK
55520222,0.332500,5.085000,32.750,166.250,0,OK
55540234,0.335000,5.086250,33.250,170.000,0,OK
55560222,0.335000,5.085000,33.500,170.000,0,OK
55580234,0.335000,5.083750,33.500,170.000,0,OK
55600222,0.335000,5.086250,33.500,170.000,0,OK
55620234,0.332500,5.085000,33.250,170.000,0,OK
55640222,0.330000,5.083750,33.000,167.500,0,OK
55660234,0.332500,5.085000,33.250,170.000,0,OK
55680222,0.330000,5.086250,33.500,170.000,0,OK
55700234,0.330000,5.086250,33.250,170.000,0,OK
55720222,0.332500,5.086250,33.250,167.500,0,OK
55740234,0.332500,5.085000,33.250,167.500,0,OK
55760222,0.332500,5.085000,33.250,170.000,0,OK
55780234,0.332500,5.085000,33.250,170.000,0,OK
55800222,0.332500,5.085000,33.250,170.000,0,OK
55820234,0.332500,5.085000,33.250,170.000,0,OK
55840222,0.332500,5.086250,33.250,170.000,0,OK
55860234,0.332500,5.085000,33.250,170.000,0,OK
55880222,0.335000,5.083750,33.250,170.000,0,OK
55900234,0.332500,5.085000,33.000,167.500,0,OK
55920222,0.330000,5.080000,33.000,167.500,0,OK
55940234,0.330000,5.086250,33.000,167.500,0,OK
55960222,0.335000,5.085000,33.500,170.000,0,OK
55980234,0.330000,5.085000,33.000,167.500,0,OK
56000222,0.330000,5.085000,33.000,167.500,0,OK
56020234,0.345000,5.085000,33.250,170.000,0,OK
56040222,0.330000,5.085000,33.250,170.000,0,OK
56060234,0.332500,5.086250,33.000,167.500,0,OK
56080222,0.335000,5.086250,33.500,170.000,0,OK
56100234,0.335000,5.081250,33.500,170.000,0,OK
56120222,0.332500,5.085000,33.250,170.000,0,OK
56140234,0.330000,5.086250,33.000,167.500,0,OK
56160222,0.330000,5.085000,33.000,167.500,0,OK
56180234,0.332500,5.086250,33.250,170.000,0,OK
56200222,0.335000,5.086250,32.750,166.250,0,OK
56220234,0.330000,5.086250,33.250,170.000,0,OK
56240222,0.332500,5.085000,33.000,167.500,0,OK
56260234,0.335000,5.086250,33.500,170.000,0,OK
56280222,0.330000,5.081250,33.000,167.500,0,OK
56300234,0.332500,5.086250,33.250,170.000,0,OK
56320222,0.335000,5.085000,33.500,170.000,0,OK
56340234,0.330000,5.086250,33.000,167.500,0,OK
56360222,0.330000,5.085000,33.000,167.500,0,OK
56380234,0.332500,5.086250,33.000,167.500,0,OK
56400222,0.332500,5.086250,33.000,167.500,0,OK
56420234,0.330000,5.085000,33.250,167.500,0,OK
56440222,0.332500,5.078750,33.250,167.500,0,OK
56460234,0.335000,5.083750,33.500,170.000,0,OK
56480222,0.337500,5.085000,33.750,172.500,0,OK
56500234,0.332500,5.085000,33.250,170.000,0,OK
56520222,0.332500,5.085000,33.250,170.000,0,OK
56540234,0.332500,5.085000,33.250,170.000,0,OK
56560222,0.330000,5.085000,33.250,170.000,0,OK
56580234,0.332500,5.085000,33.250,170.000,0,OK
56600222,0.332500,5.083750,32.750,167.500,0,OK
56620234,0.330000,5.080000,33.000,167.500,0,OK
56640222,0.335000,5.086250,33.500,170.000,0,OK
56660234,0.335000,5.086250,33.500,170.000,0,OK
56680222,0.332500,5.085000,33.250,170.000,0,OK
56700234,0.332500,5.085000,33.250,170.000,0,OK
56720222,0.342500,5.085000,33.250,170.000,0,OK
56740234,0.332500,5.085000,33.250,170.000,0,OK
56760222,0.335000,5.086250,33.000,170.000,0,OK
56780234,0.332500,5.086250,33.250,167.500,0,OK
56800222,0.335000,5.082500,33.500,170.000,0,OK
56820234,0.330000,5.085000,33.000,167.500,0,OK
56840222,0.332500,5.085000,33.250,170.000,0,OK
56860234,0.332500,5.086250,33.250,170.000,0,OK
56880222,0.332500,5.086250,33.250,170.000,0,OK
56900234,0.335000,5.085000,32.750,166.250,0,OK
56920222,0.332500,5.085000,33.250,170.000,0,OK
56940234,0.332500,5.086250,32.750,167.500,0,OK
56960222,0.332500,5.086250,33.250,167.500,0,OK
56980234,0.332500,5.083750,33.250,170.000,0,OK
57000222,0.335000,5.086250,33.500,170.000,0,OK
57020234,0.330000,5.086250,33.000,167.500,0,OK
57040222,0.330000,5.086250,33.000,167.500,0,OK
57060234,0.330000,5.085000,33.000,167.500,0,OK
57080222,0.332500,5.085000,33.250,170.000,0,OK
57100234,0.335000,5.086250,33.000,167.500,0,OK
57120222,0.332500,5.087500,33.250,167.500,0,OK
57140234,0.332500,5.078750,33.250,167.500,0,OK
57160222,0.332500,5.085000,33.250,170.000,0,OK
57180234,0.332500,5.086250,33.250,170.000,0,OK
57200222,0.330000,5.085000,33.000,167.500,0,OK
57220234,0.330000,5.083750,33.000,167.500,0,OK
57240222,0.330000,5.083750,33.000,167.500,0,OK
57260234,0.330000,5.085000,33.250,170.000,0,OK
57280222,0.332500,5.085000,33.000,167.500,0,OK
57300234,0.337500,5.085000,33.250,172.500,0,OK
57320222,0.332500,5.081250,33.250,167.500,0,OK
57340234,0.335000,5.086250,33.500,170.000,0,OK
57360222,0.337500,5.085000,33.750,172.500,0,OK
57380234,0.330000,5.087500,33.000,167.500,0,OK
57400222,0.327500,5.085000,32.750,166.250,0,OK
57420234,0.340000,5.085000,33.000,167.500,0,OK
57440222,0.330000,5.085000,33.500,170.000,0,OK
57460234,0.330000,5.086250,32.750,167.500,0,OK
57480222,0.332500,5.086250,33.250,167.500,0,OK
57500234,0.332500,5.082500,33.250,170.000,0,OK
57520222,0.335000,5.086250,33.500,170.000,0,OK
57540234,0.330000,5.086250,33.000,167.500,0,OK
57560222,0.327500,5.085000,32.750,166.250,0,OK
57580234,0.332500,5.086250,33.250,170.000,0,OK
57600222,0.332500,5.085000,33.000,167.500,0,OK
57620234,0.330000,5.086250,33.000,167.500,0,OK
57640222,0.332500,5.085000,33.250,167.500,0,OK
57660234,0.332500,5.085000,33.250,167.500,0,OK
57680222,0.337500,5.083750,33.750,172.500,0,OK
57700234,0.332500,5.086250,33.250,170.000,0,OK
57720222,0.330000,5.083750,33.000,167.500,0,OK
57740234,0.330000,5.086250,33.000,167.500,0,OK
57760222,0.332500,5.086250,33.250,170.000,0,OK
57780234,0.332500,5.085000,33.250,170.000,0,OK
57800222,0.337500,5.086250,33.000,167.500,0,OK
57820234,0.332500,5.085000,33.000,167.500,0,OK
57840222,0.337500,5.080000,33.750,172.500,0,OK
57860234,0.335000,5.085000,33.500,170.000,0,OK
57880222,0.332500,5.086250,33.250,170.000,0,OK
57900234,0.330000,5.085000,33.000,167.500,0,OK
57920222,0.327500,5.085000,32.750,166.250,0,OK
57940234,0.342500,5.086250,33.250,170.000,0,OK
57960222,0.327500,5.085000,32.750,166.250,0,OK
57980234,0.335000,5.085000,33.000,167.500,0,OK
58000222,0.332500,5.085000,33.250,167.500,0,OK
58020234,0.332500,5.081250,33.250,167.500,0,OK
58040222,0.332500,5.086250,33.250,170.000,0,OK
58060234,0.330000,5.085000,33.000,167.500,0,OK
58080222,0.330000,5.085000,33.000,167.500,0,OK
58100234,0.332500,5.085000,33.250,170.000,0,OK
58120222,0.337500,5.085000,33.000,167.500,0,OK
58140234,0.332500,5.083750,33.000,167.500,0,OK
58160222,0.335000,5.085000,33.000,170.000,0,OK
58180234,0.335000,5.085000,33.500,170.000,0,OK
58200222,0.332500,5.082500,33.250,170.000,0,OK
58220234,0.332500,5.086250,33.250,170.000,0,OK
58240222,0.330000,5.085000,33.000,167.500,0,OK
58260234,0.332500,5.085000,33.250,170.000,0,OK
58280222,0.332500,5.085000,33.250,170.000,0,OK
58300234,0.335000,5.085000,33.000,167.500,0,OK
58320222,0.332500,5.085000,33.250,170.000,0,OK
58340234,0.335000,5.085000,33.250,170.000,0,OK
58360222,0.335000,5.078750,33.500,170.000,0,OK
58380234,0.330000,5.083750,33.000,167.500,0,OK
58400222,0.332500,5.085000,33.250,170.000,0,OK
58420234,0.330000,5.085000,33.000,167.500,0,OK
58440222,0.330000,5.086250,33.000,167.500,0,OK
58460234,0.330000,5.085000,33.000,167.500,0,OK
58480222,0.330000,5.085000,33.250,170.000,0,OK
58500234,0.332500,5.085000,33.250,170.000,0,OK
58520222,0.335000,5.087500,33.000,170.000,0,OK
58540234,0.330000,5.080000,33.000,167.500,0,OK
58560222,0.332500,5.086250,33.250,170.000,0,OK
58580234,0.332500,5.086250,33.250,170.000,0,OK
58600222,0.332500,5.086250,33.250,170.000,0,OK
58620234,0.330000,5.085000,33.000,167.500,0,OK
58640222,0.340000,5.086250,33.250,170.000,0,OK
58660234,0.330000,5.085000,33.000,167.500,0,OK
58680222,0.332500,5.086250,33.250,167.500,0,OK
58700234,0.335000,5.085000,33.500,170.000,0,OK
58720222,0.335000,5.082500,33.500,170.000,0,OK
58740234,0.332500,5.086250,33.250,170.000,0,OK
58760222,0.332500,5.085000,33.250,170.000,0,OK
58780234,0.330000,5.085000,33.000,167.500,0,OK
58800222,0.332500,5.085000,33.250,170.000,0,OK
58820234,0.335000,5.086250,33.500,170.000,0,OK
58840222,0.332500,5.085000,33.250,170.000,0,OK
58860234,0.332500,5.085000,33.250,167.500,0,OK
58880222,0.330000,5.085000,33.000,167.500,0,OK
58900234,0.330000,5.083750,33.000,167.500,0,OK
58920222,0.327500,5.086250,32.750,166.250,0,OK
58940234,0.332500,5.085000,33.250,170.000,0,OK
58960222,0.330000,5.085000,33.000,167.500,0,OK
58980234,0.330000,5.085000,33.000,167.500,0,OK
59000222,0.332500,5.086250,33.000,167.500,0,OK
59020234,0.332500,5.085000,33.000,167.500,0,OK
59040222,0.335000,5.085000,33.000,170.000,0,OK
59060234,0.332500,5.078750,33.250,167.500,0,OK
59080222,0.335000,5.083750,33.500,170.000,0,OK
59100234,0.335000,5.086250,33.500,170.000,0,OK
59120222,0.330000,5.085000,33.000,167.500,0,OK
59140234,0.330000,5.085000,33.000,167.500,0,OK
59160222,0.332500,5.086250,33.250,170.000,0,OK
59180234,0.330000,5.086250,33.250,170.000,0,OK
59200222,0.330000,5.086250,33.000,167.500,0,OK
59220234,0.332500,5.086250,33.250,167.500,0,OK
59240222,0.332500,5.078750,33.250,167.500,0,OK
59260234,0.332500,5.086250,33.250,170.000,0,OK
59280222,0.332500,5.085000,33.250,170.000,0,OK
59300234,0.332500,5.085000,33.250,170.000,0,OK
59320222,0.330000,5.085000,33.000,167.500,0,OK
59340234,0.342500,5.085000,33.250,170.000,0,OK
59360222,0.330000,5.086250,33.250,170.000,0,OK
59380234,0.332500,5.086250,33.000,167.500,0,OK
59400222,0.335000,5.085000,33.500,170.000,0,OK
59420234,0.332500,5.082500,33.250,170.000,0,OK
59440222,0.332500,5.086250,33.250,170.000,0,OK
59460234,0.330000,5.083750,33.000,167.500,0,OK
59480222,0.332500,5.086250,33.250,170.000,0,OK
59500234,0.332500,5.086250,33.250,170.000,0,OK
59520222,0.330000,5.085000,33.250,170.000,0,OK
59540234,0.332500,5.085000,33.000,167.500,0,OK
59560222,0.332500,5.086250,33.250,167.500,0,OK
59580234,0.335000,5.085000,33.500,170.000,0,OK
59600222,0.335000,5.083750,33.500,170.000,0,OK
59620234,0.332500,5.085000,33.250,170.000,0,OK
59640222,0.332500,5.086250,33.250,170.000,0,OK
59660234,0.330000,5.086250,33.000,167.500,0,OK
59680222,0.330000,5.085000,33.000,167.500,0,OK
59700234,0.332500,5.085000,33.250,170.000,0,OK
59720222,0.332500,5.086250,33.250,170.000,0,OK
59740234,0.332500,5.086250,33.250,167.500,0,OK
59760222,0.332500,5.080000,33.250,167.500,0,OK
59780234,0.335000,5.085000,33.500,170.000,0,OK
59800222,0.335000,5.085000,33.500,170.000,0,OK
59820234,0.332500,5.083750,33.250,170.000,0,OK
59840222,0.332500,5.085000,33.250,170.000,0,OK
59860234,0.345000,5.083750,33.250,170.000,0,OK
59880222,0.330000,5.085000,33.250,170.000,0,OK
59900234,0.332500,5.087500,33.000,167.500,0,OK
59920222,0.332500,5.086250,33.000,167.500,0,OK
59940234,0.332500,5.081250,33.250,167.500,0,OK
59960222,0.335000,5.086250,33.500,170.000,0,OK
59980234,0.330000,5.085000,33.000,167.500,0,OK
