time_from_active_start_s,mean_current_mA,std_current_mA
-10.0,47.0194312,1.3361700868187727
-9.99,46.511422600000515,1.5222601545418761
-9.98,46.36619449999999,1.3338694389399774
-9.97,46.656468399999994,1.2339303279539453
-9.96,46.221148300000394,1.575518049852664
-9.950000000000001,47.01941449999974,1.2915948537323045
-9.940000000000001,46.366161300000904,1.2430019178986844
-9.930000000000001,47.091953799999864,1.1451013659834013
-9.920000000000002,46.656468399999234,1.2335412853314265
-9.910000000000002,45.64071560000387,1.751039800089183
-9.900000000000002,46.94689149999961,1.4597194944124403
-9.890000000000002,46.8018124,1.6692754260076321
-9.880000000000003,47.23746329999742,1.8990703770742245
-9.870000000000003,46.94670969999937,0.9181974695990582
-9.860000000000003,46.36614460000233,1.194946145062387
-9.850000000000003,46.43865120000219,0.9707385595660755
-9.840000000000003,47.38237699999742,1.2805613549963655
-9.830000000000004,47.16459299999936,1.282501200790969
-9.820000000000004,46.801746199998966,1.5225232390782661
-9.810000000000004,45.85810300000194,0.9944902069257445
-9.800000000000004,46.584044800003234,1.6215639866304778
-9.790000000000004,46.43880000000193,1.412629864150932
-9.780000000000005,47.09205319999755,1.4192250701750633
-9.770000000000005,45.71294130000542,0.8412977099182115
-9.760000000000005,47.237082800001545,0.9556728236287924
-9.750000000000005,47.164510300001936,1.0294321866978189
-9.740000000000006,46.65658430000387,1.5300096644152954
-9.730000000000006,46.51135620000309,1.3600401397164352
-9.720000000000006,46.72937170000141,1.948397757902517
-9.710000000000006,47.0922678999987,1.8808544589394922
-9.700000000000006,46.72923970000322,1.6915036717190277
-9.690000000000007,46.656451899998196,1.1852755706991982
-9.680000000000007,46.80184530000827,1.7379651597722368
-9.670000000000007,47.164593000001936,1.2825012007831058
-9.660000000000007,46.438833300010316,1.493047872178575
-9.650000000000007,46.72904129999988,1.207218925211486
-9.640000000000008,47.30978769999484,1.3009253905376585
-9.630000000000008,47.382244700000385,0.8382833482728268
-9.620000000000008,46.14837730000799,1.0290445174969598
-9.610000000000008,46.87426920000568,1.3709064596133236
-9.600000000000009,46.43884960000155,1.5322228474961652
-9.590000000000009,47.16465899999871,1.4537813652118847
-9.580000000000009,47.01936489999652,1.1477361489232143
-9.57000000000001,46.43894920000259,1.7460794195572074
-9.56000000000001,47.38237699999627,1.2801864833936467
-9.55000000000001,47.092053199998716,1.4191402396727033
-9.54000000000001,46.72902440000529,1.1576154601638784
-9.53000000000001,47.310035699996135,1.8572347807031109
-9.52000000000001,47.23711579999407,1.0709811360452137
-9.51000000000001,47.23726480001148,1.483673422369896
-9.50000000000001,47.16451019999614,1.0293544294921015
-9.49000000000001,47.01949689999716,1.5020388128102746
-9.480000000000011,47.237115999996135,1.0712800676532916
-9.470000000000011,46.801713000008,1.4436741676720324
-9.460000000000012,46.65665040000412,1.6761848853125163
-9.450000000000012,46.656501600004006,1.3251405120126936
-9.440000000000012,47.01936490000439,1.1475267406581988
-9.430000000000012,47.309854000009935,1.4698354724575982
-9.420000000000012,47.672832999998064,1.4194091063402807
-9.410000000000013,46.58396210000633,1.4291967164336168
-9.400000000000013,47.23718180000258,1.2712755531067208
-9.390000000000013,46.583846400000006,1.1059833837961142
-9.380000000000013,47.60011149999523,1.0848275545891
-9.370000000000013,47.019497000010446,1.5012937353578657
-9.360000000000014,46.43883320001496,1.4932891435048632
-9.350000000000014,46.94665990000594,0.7012552525810443
-9.340000000000014,46.43870080000826,1.1372406768947931
-9.330000000000014,46.8742193000058,1.2360784897532102
-9.320000000000014,47.23705010000001,0.8242452240676683
-9.310000000000015,47.09208609998788,1.4993265984189743
-9.300000000000015,46.43909750000323,2.0261245315536645
-9.290000000000015,47.23716540000335,1.2241801412937252
-9.280000000000015,47.09188789999897,0.9181800243723266
-9.270000000000016,46.80164690000439,1.2709482420354385
-9.260000000000016,46.51147190000928,1.63352726165132
-9.250000000000016,46.87433519999768,1.53250766852172
-9.240000000000016,47.45499929999871,1.3451666804011062
-9.230000000000016,46.87412039999653,0.9086355977681628
-9.220000000000017,48.18115569997292,1.5475106910563454
-9.210000000000017,47.3097547000013,1.2075767081123818
-9.200000000000017,46.94685830000477,1.3772829982552799
-9.190000000000017,47.1648903999938,1.9371911789838927
-9.180000000000017,47.60029349999213,1.5700064151868771
-9.170000000000018,46.58382970000529,1.0516890440819489
-9.160000000000018,47.600061899987104,0.9087106527110854
-9.150000000000018,47.38244310000657,1.4517838873127074
-9.140000000000018,47.89045169998646,0.7692388793873831
-9.130000000000019,46.87408750001059,0.7689873977124696
-9.120000000000019,47.01929860001366,0.9212846342953724
-9.110000000000019,47.455131299993155,1.6574703580974277
-9.10000000000002,46.87428559999936,1.4126156603345792
-9.09000000000002,46.72905780001135,1.2548312407948725
-9.08000000000002,47.09208609999884,1.4994868774912398
-9.07000000000002,47.16465900000993,1.4537813651894973
-9.06000000000002,47.454949399987996,1.207494084435949
-9.05000000000002,47.2372648999933,1.4837273649627425
-9.04000000000002,46.36626050003481,1.4990919033291272
-9.03000000000002,47.01931499999368,0.9827606658744008
-9.020000000000021,47.09216910000748,1.6834821812888763
-9.010000000000021,47.09200380000401,1.2892819253301706
-9.000000000000021,47.52752240000775,1.1248030425566689
-8.990000000000022,48.10825239998866,0.5929583296289531
-8.980000000000022,47.09197079999227,1.1950844918473997
-8.970000000000022,46.43878360002102,1.3705651489596835
-8.960000000000022,46.2936051000169,1.2914866323159861
-8.950000000000022,47.38232749999136,1.134970694446297
-8.940000000000023,46.94697400000606,1.6481686539460985
-8.930000000000023,47.1646425999933,1.413206609051881
-8.920000000000023,46.65651800001045,1.3688622399419734
-8.910000000000023,46.728942200013414,0.8689965792555814
-8.900000000000023,46.366244000017396,1.4597122444708868
-8.890000000000024,47.38237699998673,1.2801864833826058
-8.880000000000024,46.94677580000142,1.1452991633351846
-8.870000000000024,47.96314029998117,1.0716734551897047
-8.860000000000024,46.874285900005425,1.4129837727980676
-8.850000000000025,47.30968839998904,0.9946215840196828
-8.840000000000025,47.52757200000362,1.2715207262851085
-8.830000000000025,47.527456099998716,0.892593895863895
-8.820000000000025,47.23726459999459,1.483781563661908
-8.810000000000025,47.30978800000296,1.300864070745436
-8.800000000000026,47.745190699974465,0.5133611742529595
-8.790000000000026,47.3099863000116,1.7599878091297747
-8.780000000000026,46.80156420002,1.015088122564335
-8.770000000000026,47.74553759999806,1.65056776257997
-8.760000000000026,47.67275049998853,1.19548165008801
-8.750000000000027,47.0920036000058,1.2892199486344886
-8.740000000000027,47.30983750000361,1.4298302691461378
-8.730000000000027,47.455164599994205,1.7261298888401462
-8.720000000000027,47.38237699999471,1.2804676945382547
-8.710000000000027,47.6728000999924,1.3341756627660624
-8.700000000000028,47.60007859998142,0.9711365372814059
-8.690000000000028,47.09195400001355,1.145171142372073
-8.680000000000028,47.09198719998555,1.2430918884654985
-8.670000000000028,46.58414380002011,1.8252351596535203
-8.660000000000029,47.600094999997935,1.0296301068089069
-8.650000000000029,47.236983500014055,0.45912898696546395
-8.640000000000029,47.38236039998968,1.2339521013516526
-8.63000000000003,47.09192079999523,1.0378226236444301
-8.62000000000003,47.7453065999871,1.040694674898102
-8.61000000000003,47.30995289999355,1.692580683924778
-8.60000000000003,47.01951370000761,1.5398883006586161
-8.59000000000003,47.672800099986844,1.334265392142957
-8.58000000000003,47.16452640000374,1.0846467736092
-8.57000000000003,47.09192080000658,1.0378226236413504
-8.56000000000003,47.164510200008124,1.0293544294538985
-8.550000000000031,47.600161399989304,1.236327637608436
-8.540000000000031,47.1644439000044,0.7689596239178024
-8.530000000000031,47.52770440000284,1.5978992163965433
-8.520000000000032,47.23716560001161,1.2242453842383503
-8.510000000000032,47.30967200002438,0.9339322935102173
-8.500000000000032,47.67281650000233,1.3775967384409882
-8.490000000000032,47.45503219998233,1.4294992450003512
-8.480000000000032,47.16475830001393,1.6780009194054548
-8.470000000000033,47.45518090000553,1.7602725931975518
-8.460000000000033,46.94685820000838,1.3773993503350455
-8.450000000000033,46.80153120000208,0.8923011045085281
-8.440000000000033,47.019348200014186,1.0955204381173596
-8.430000000000033,47.0193320000098,1.0408034021063108
-8.420000000000034,47.89055119996376,1.137934797913412
-8.410000000000034,47.23714890001226,1.1754367726277934
-8.400000000000034,47.672866200006965,1.499433364761195
-8.390000000000034,47.527572199982856,1.2713008411742093
-8.380000000000035,47.091970500015336,1.1950510035262425
-8.370000000000035,46.3660290000325,0.7801259770877386
-8.360000000000035,47.455065600005284,1.5090467223608601
-8.350000000000035,46.58394570003987,1.3875784622312202
-8.340000000000035,47.237115799976785,1.0712055081770044
-8.330000000000036,47.01933180001574,1.0407266127375734
-8.320000000000036,46.94684190002579,1.334021450367916
-8.310000000000036,47.6001611000062,1.236295229742653
-8.300000000000036,47.45491650000529,1.1063666952676752
-8.290000000000036,46.65663390003778,1.6408440526673749
-8.280000000000037,46.946808700029536,1.2430854261765354
-8.270000000000037,47.60011150000814,1.0850484449023932
-8.260000000000037,46.656319900010075,0.6843579825250812
-8.250000000000037,47.16447730003251,0.9086003563713974
-8.240000000000038,46.94674260000271,1.037843171335071
-8.230000000000038,46.87417000002979,1.0848015658483792
-8.220000000000038,47.382310700002066,1.0822929259203806
-8.210000000000038,47.67291549998337,1.6124599999350109
-8.200000000000038,47.74540559999432,1.3367737792278342
-8.190000000000039,47.237429799996264,1.8367734214632256
-8.180000000000039,46.94687500002553,1.4188320664586653
-8.170000000000039,46.9467920000201,1.1949416637970012
-8.16000000000004,46.801713200042556,1.4436461680040382
-8.15000000000004,47.6727668000058,1.2435940332065334
-8.14000000000004,47.23752899999715,2.0186154342146367
-8.13000000000004,47.745636799998564,1.8512193667239525
-8.12000000000004,47.16479140001998,1.7464772845653584
-8.11000000000004,47.527588399970085,1.316556219110689
-8.10000000000004,47.16472510000966,1.6068080023866456
-8.09000000000004,47.60021069995255,1.3710439540838582
-8.080000000000041,47.38252580000581,1.6410228173794177
-8.070000000000041,47.30972160001484,1.1059459883430531
-8.060000000000041,47.164444199997824,0.7690116360733248
-8.050000000000042,47.89048489996727,0.9088513007940812
-8.040000000000042,46.72909070000685,1.3451279847069806
-8.030000000000042,46.94692470001779,1.5379766860820325
-8.020000000000042,46.72918990000308,1.5850023045104857
-8.010000000000042,46.801547699997045,0.9556059049773336
-8.000000000000043,47.16467550001869,1.4933883922100328
-7.990000000000043,47.52748920001284,1.0153190988435983
-7.980000000000043,47.60021069996854,1.3712187384533225
-7.970000000000043,47.67271729995609,1.0931047883513836
-7.9600000000000435,46.51138940004068,1.4433892917125428
-7.950000000000044,47.16462590000942,1.3707024678256874
-7.940000000000044,47.09190459999034,0.9798903521582661
-7.930000000000044,47.81799499996829,1.2896997995253034
-7.920000000000044,47.52753879998704,1.1756770438875435
-7.9100000000000446,47.38244310001264,1.4519494145327763
-7.900000000000045,47.23711580001974,1.0712055081510339
-7.890000000000045,47.01936510001967,1.147805779220755
-7.880000000000045,47.45483389997394,0.7990380796996722
-7.870000000000045,47.164625900022635,1.3712273741105991
-7.860000000000046,47.09195399998717,1.1451711423686928
-7.850000000000046,46.656468400023215,1.2335412853034058
-7.840000000000046,47.09198719997001,1.2432852006303639
-7.830000000000046,47.455032199979414,1.4296668828998507
-7.8200000000000465,47.527605100016885,1.3601301433276831
-7.810000000000047,47.23713270001006,1.1246182191493304
-7.800000000000047,47.310002800034034,1.793242700503688
-7.790000000000047,48.03592739993783,1.5482090080321227
-7.780000000000047,46.801745900017075,1.5225755205653884
-7.7700000000000475,47.237297599982725,1.5612607726333707
-7.760000000000048,47.38252580000342,1.64116884919596
-7.750000000000048,47.74530639997872,1.0409635254531584
-7.740000000000048,47.3824101999862,1.3686479277744286
-7.730000000000048,47.0919209000249,1.0381306296915482
-7.720000000000049,46.80163020003172,1.2239967797754914
-7.710000000000049,47.67291569995036,1.6125098069611445
-7.700000000000049,47.019414500000074,1.2917809075500986
-7.690000000000049,46.87428560004984,1.4129553975276732
-7.6800000000000495,47.67288259998232,1.5380406961303483
-7.67000000000005,47.019232599978295,0.6168893212095392
-7.66000000000005,47.81784609996002,0.7803789500443752
-7.65000000000005,46.801663600032626,1.3163170655535117
-7.64000000000005,47.16455960000401,1.1879704199049543
-7.6300000000000505,46.87420310003374,1.1877506608820094
-7.620000000000051,47.01954690001799,1.6142623648801144
-7.610000000000051,48.035910999996645,1.5097862933090767
-7.600000000000051,46.583895700051904,1.2547217409149183
-7.590000000000051,47.309688699974274,0.9946617474074813
-7.580000000000052,47.30990349998872,1.5849619149693694
-7.570000000000052,47.38255860001836,1.7114887306650342
-7.560000000000052,47.16455979998447,1.187633589022822
-7.550000000000052,47.16464260001875,1.4125552038299332
-7.540000000000052,47.45491680002304,1.1062945477876558
-7.530000000000053,47.30987040001606,1.5091252021407893
-7.520000000000053,46.80161370002341,1.1752390120782963
-7.510000000000053,47.23744660003797,1.868107009926754
-7.500000000000053,46.80154780005016,0.9554382055351665
-7.4900000000000535,46.65658410002739,1.5300357641304911
-7.480000000000054,47.092086099996195,1.4996470509821016
-7.470000000000054,46.80161380004296,1.1754095803311861
-7.460000000000054,47.01941450000748,1.291780907526135
-7.450000000000054,47.309969300019276,1.726786743301922
-7.440000000000055,47.09183810002399,0.701243866024339
-7.430000000000055,47.09205320002347,1.4191402396318904
-7.420000000000055,47.60009479996809,1.0294363205582908
-7.410000000000055,47.45504889999601,1.4698110014392698
-7.400000000000055,47.45481730001606,0.7218757054457853
-7.390000000000056,47.01944760001207,1.3791895365854812
-7.380000000000056,47.09206990001574,1.4598251808853542
-7.370000000000056,47.74557109995608,1.7196827476213996
-7.360000000000056,46.946659900036565,0.70125525255532
-7.3500000000000565,46.36617800008203,1.289174334792192
-7.340000000000057,47.38249230001598,1.568666406705537
-7.330000000000057,47.23713250002076,1.1247602859309178
-7.320000000000057,46.946891200062105,1.4597740583041066
-7.310000000000057,47.09205349999595,1.4190840791428854
-7.3000000000000576,47.74547169997976,1.5015825479852638
-7.290000000000058,48.39889039991636,1.2437482518034833
-7.280000000000058,47.52742309999523,0.7497300547208177
-7.270000000000058,47.16469209998344,1.5322062370283271
-7.260000000000058,47.23721520002115,1.3600263794907483
-7.250000000000059,46.51133980002547,1.3161143085917688
-7.240000000000059,46.801779100034224,1.5976854419483606
-7.230000000000059,47.23721499997028,1.3601438582227376
-7.220000000000059,46.438882800038684,1.606740656287286
-7.2100000000000595,46.72907420003449,1.3005480777367824
-7.20000000000006,47.310002699973936,1.793064122593677
-7.19000000000006,46.583879300069306,1.2075668019368027
-7.18000000000006,47.09202030005655,1.3341435944885949
-7.17000000000006,46.65648520004778,1.2802074070048168
-7.1600000000000605,47.164642399973495,1.4132347938311867
-7.150000000000061,46.58386290003533,1.1576651550745718
-7.140000000000061,47.38244330001779,1.4517562695258417
-7.130000000000061,47.092036500044685,1.377341373800541
-7.120000000000061,47.745421999995344,1.3798517395784233
-7.110000000000062,47.60012790002256,1.13791146020401
-7.100000000000062,46.58399500003177,1.509258878259809
-7.090000000000062,47.38241019996401,1.3686479277775674
-7.080000000000062,47.5276876000176,1.5606941786158421
-7.0700000000000625,46.65650150004093,1.3254422392846743
-7.060000000000063,47.30985390001787,1.4701079183886072
-7.050000000000063,47.30982079994088,1.388010047512818
-7.040000000000063,47.52768779994004,1.56105315779648
-7.030000000000063,46.72900820004578,1.1059700689333551
-7.0200000000000635,47.23726460001373,1.4837004241271914
-7.010000000000064,47.382509399968136,1.6049660354338557
-7.000000000000064,47.818126799953454,1.6124752409128398
-6.990000000000064,47.16455980005573,1.1876335890577816
-6.980000000000064,46.51138940001856,1.4433892916790811
-6.970000000000065,47.09190440001897,0.9798088054265657
-6.960000000000065,47.745256999915554,0.8555499033746461
-6.950000000000065,47.30965549999576,0.869060858318751
-6.940000000000065,47.96314029989627,1.071449304646851
-6.930000000000065,47.81817629994279,1.7183323159509039
-6.920000000000066,46.584176800028295,1.8886448714125996
-6.910000000000066,47.0195302000666,1.5774122384780092
-6.900000000000066,47.672717499990526,1.0929585182978092
-6.890000000000066,46.51143880004808,1.5603423400683183
-6.8800000000000665,47.45521429992694,1.8253975170173018
-6.870000000000067,47.23711599998569,1.0712800675997693
-6.860000000000067,47.382756999956335,2.0817469521673346
-6.850000000000067,47.01959580001424,1.7199883800960158
-6.840000000000067,46.94674269998963,1.0379203158587764
-6.830000000000068,47.6000451999804,0.8418095767298074
-6.820000000000068,48.61662499992682,0.769466044374956
-6.810000000000068,47.164559800063834,1.1878359266919656
-6.800000000000068,46.80192780002022,1.898691636136217
-6.790000000000068,47.817912299950684,1.0382130337982713
-6.780000000000069,47.23746290004003,1.8992804024338183
-6.770000000000069,47.672800000014846,1.3343850526310852
-6.760000000000069,47.81799479996473,1.2896379679567451
-6.750000000000069,46.87453329998018,1.9375030239272777
-6.7400000000000695,47.45488369996945,0.9948533956191781
-6.73000000000007,47.38241019990905,1.3686479277417996
-6.72000000000007,47.237248499989924,1.443662789467409
-6.71000000000007,47.16470860000466,1.569912106375963
-6.70000000000007,46.72912390003603,1.4294252565828756
-6.690000000000071,47.01962899998928,1.7866801235411678
-6.680000000000071,47.52755529997383,1.2244064993250408
-6.670000000000071,47.600095099932574,1.0297077961433532
-6.660000000000071,48.32639979991229,1.5706690315113814
-6.650000000000071,47.01943100001025,1.3361102728772563
-6.640000000000072,46.656435200057004,1.1347825664066356
-6.630000000000072,47.23706619995301,0.8923819012097783
-6.620000000000072,46.80199370004697,2.018908317352398
-6.610000000000072,47.09198720000548,1.2430918884237112
-6.6000000000000725,46.729189900021055,1.5845478760702543
-6.590000000000073,47.382376999946864,1.2801864833061407
-6.580000000000073,47.09193759998925,1.092870735073467
-6.570000000000073,47.23757859999527,2.10419158007449
-6.560000000000073,47.09190469997391,0.9799720423406478
-6.5500000000000735,46.87416990002682,1.0847277479364044
-6.540000000000074,46.36654190007514,2.0577239833364853
-6.530000000000074,46.87415350004798,1.0293570072100189
-6.520000000000074,47.45494950000001,1.2075603441889788
-6.510000000000074,47.0922188000272,1.7847084936634408
-6.500000000000075,48.03594389995195,1.5855239444153735
-6.490000000000075,47.01941480001076,1.2916258575386703
-6.480000000000075,47.527638199929584,1.4436422705663061
-6.470000000000075,46.58379660002721,0.9338480627165157
-6.4600000000000755,47.67284969993416,1.4598325629549889
-6.450000000000076,46.72915700009338,1.5090476659165295
-6.440000000000076,46.72902460000548,1.15809907754563
-6.430000000000076,47.309771199950106,1.2551669699991257
-6.420000000000076,47.30990360008268,1.5848608592181954
-6.4100000000000765,47.67283289995557,1.4196064551959717
-6.400000000000077,46.874219600011095,1.2361109252211697
-6.390000000000077,47.38237699991131,1.2804676944962237
-6.380000000000077,47.3823934999325,1.3251707006977047
-6.370000000000077,46.43896530005014,1.779243790335991
-6.360000000000078,46.946957700011716,1.6120433552650508
-6.350000000000078,47.23704969994356,0.8240996148105431
-6.340000000000078,46.65636940003939,0.9053316028342674
-6.330000000000078,47.45494960001099,1.207262373232027
-6.320000000000078,47.01936490004607,1.147944934129176
-6.310000000000079,47.89048469996597,0.9088955395786565
-6.300000000000079,47.309688700051474,0.9947823172203165
-6.290000000000079,46.87428540003449,1.4128988115500454
-6.280000000000079,47.01933180008631,1.0407266127279928
-6.2700000000000795,46.65660059998878,1.5679015253170192
-6.26000000000008,47.38226129997699,0.9053610906315326
-6.25000000000008,46.728991500040614,1.05190609260064
-6.24000000000008,47.09233439996575,2.0012139917888114
-6.23000000000008,46.366128200075615,1.14491018683518
-6.220000000000081,47.09238369999972,2.086894907374756
-6.210000000000081,47.52745610001787,0.8925938958145084
-6.200000000000081,47.52743960002884,0.824190384767192
-6.190000000000081,47.019447400047284,1.379392297350442
-6.180000000000081,47.45503239999387,1.4298069751202815
-6.170000000000082,46.94699070001785,1.6831148951345112
-6.160000000000082,46.8015644000062,1.0151668988982236
-6.150000000000082,46.94715580005387,2.0014772053424648
-6.140000000000082,47.237248099987674,1.4436625898316646
-6.1300000000000825,46.94680889999999,1.2430532495171247
-6.120000000000083,47.38226139997003,0.9054494693712113
-6.110000000000083,47.60021069996411,1.371131270652925
-6.100000000000083,46.87435170004802,1.5693687662252425
-6.090000000000083,47.309754799945516,1.2076429766295922
-6.080000000000084,46.874368400018184,1.6065540680464976
-6.070000000000084,46.438982000048846,1.812087752245927
-6.060000000000084,47.019464400073176,1.4211604398999063
-6.050000000000084,47.38240989996956,1.3688818015672621
-6.040000000000084,46.5838958000494,1.2545940437292318
-6.030000000000085,47.30972179998155,1.1061270357893547
-6.020000000000085,47.52770400000012,1.5982739444124474
-6.010000000000085,46.656749700055755,1.874031452496256
-6.000000000000085,46.874219600062005,1.2359164908141063
-5.9900000000000855,46.87435170001855,1.5696742831132582
-5.980000000000086,47.45518059993157,1.760318318565917
-5.970000000000086,46.65653450007486,1.4106914789173912
-5.960000000000086,47.89046849991833,0.8418728227116411
-5.950000000000086,47.23721500001243,1.3603205364092947
-5.9400000000000865,46.874169699975006,1.0845430388485184
-5.930000000000087,48.18100709995025,1.1581774765031196
-5.920000000000087,47.89076539993092,1.6788115955936078
-5.910000000000087,47.45481729995596,0.7218757054083349
-5.900000000000087,46.729024600069756,1.1578921231236279
-5.890000000000088,47.09198740001908,1.24334946700893
-5.880000000000088,48.03581219993696,1.2553574122600257
-5.870000000000088,46.220900300050495,0.8517862717305461
-5.860000000000088,46.72907419999406,1.3005480776692961
-5.8500000000000885,47.74533959994888,1.1482065951739115
-5.840000000000089,46.65673290007071,1.8426415521420176
-5.830000000000089,47.52758839993512,1.316556219030582
-5.820000000000089,46.80169649995533,1.4023170859254812
-5.810000000000089,47.81789549996796,0.9801136470142813
-5.8000000000000895,47.96335479992829,1.6344914706705087
-5.79000000000009,46.656617499973954,1.6047750116967199
-5.78000000000009,46.583945400026295,1.387866687844449
-5.77000000000009,46.72897480005886,0.9945464028634203
-5.76000000000009,47.09192110003933,1.0379767370823685
-5.750000000000091,47.45493319995439,1.1580864981037355
-5.740000000000091,46.36607880012528,0.9796671273797245
-5.730000000000091,46.94679220004642,1.1950085569572189
-5.720000000000091,46.72917349998019,1.5472709211495623
-5.7100000000000914,47.16446059999974,0.8416809107918183
-5.700000000000092,47.45486689994037,0.9340536297071127
-5.690000000000092,47.091970700040164,1.1952185942571834
-5.680000000000092,47.01936500001317,1.1475965049517076
-5.670000000000092,47.30973830000665,1.1579980588267074
-5.6600000000000925,47.38227789999364,0.9680075927038537
-5.650000000000093,46.80177930004691,1.5975850713252029
-5.640000000000093,47.01964610002043,1.818835226426849
-5.630000000000093,47.52747279993198,0.9558236270497775
-5.620000000000093,47.89069929998689,1.532867906020721
-5.610000000000094,47.81796189996624,1.1955908033417386
-5.600000000000094,47.019398099959595,1.2454573941243647
-5.590000000000094,47.1645433,1.1374296670924517
-5.580000000000094,46.94687500003456,1.419170315418998
-5.570000000000094,46.946825400075504,1.2895262513012677
-5.560000000000095,47.527505900000065,1.0713299278965507
-5.550000000000095,47.01964579997291,1.818813164361998
-5.540000000000095,47.23704979995874,0.8241967268023044
-5.530000000000095,47.382277800007095,0.9679249260611852
-5.5200000000000955,47.52745619993084,0.8923251464931965
-5.510000000000096,47.52758840000661,1.316373666885286
-5.500000000000096,46.80181210003461,1.6688205046636824
-5.490000000000096,48.18094079990895,0.9343518211266144
-5.480000000000096,47.600276699978906,1.5324387626299738
-5.470000000000097,46.9470901999998,1.8801942003525247
-5.460000000000097,47.16470870006349,1.569886833277266
-5.450000000000097,47.237297399993146,1.5612096135851181
-5.440000000000097,46.65670010004931,1.7778622366817376
-5.430000000000097,47.164559799957324,1.187633588936225
-5.420000000000098,47.382310699929356,1.08229292583678
-5.410000000000098,46.9467095000354,0.9181104081132034
-5.400000000000098,47.96332169994317,1.5611553351643226
-5.390000000000098,47.600359099949955,1.7134543545497032
-5.3800000000000985,46.87448430001383,1.8444363700093707
-5.370000000000099,47.96310689991403,0.9560578560197133
-5.360000000000099,47.23709929998609,1.015025103103782
-5.350000000000099,47.38224469998549,0.838283348227808
-5.340000000000099,46.94707340005023,1.8490414758470217
-5.3300000000000995,47.23729769999343,1.5605439551854596
-5.3200000000001,48.03581189993511,1.2553251822724607
-5.3100000000001,47.16459279991299,1.2826262909489496
-5.3000000000001,47.60014469992005,1.1879202318264412
-5.2900000000001,47.38234410010905,1.1854779938362
-5.280000000000101,47.23708290000735,0.9557565668314817
-5.270000000000101,47.52748919997042,1.0150830349542677
-5.260000000000101,46.94680899999999,1.2431176592975095
-5.250000000000101,47.45488369998455,0.9948533954977499
-5.2400000000001015,46.801580900110466,1.071011003074029
-5.230000000000102,47.38234389994843,1.1854106444149353
-5.220000000000102,47.09200389998517,1.289344013269993
-5.210000000000102,47.16446060005146,0.841680910825106
-5.200000000000102,46.94685830001449,1.3773704065517332
-5.1900000000001025,46.80182890002173,1.7040251430537317
-5.180000000000103,46.72919000004473,1.5848256175700315
-5.170000000000103,47.16449380002204,0.9709596031659228
-5.160000000000103,47.237182399955195,1.2713386058876932
-5.150000000000103,47.81789579986467,0.9800320816500654
-5.140000000000104,47.30968850005227,0.994702040040798
-5.130000000000104,47.23724810001442,1.443662589847033
-5.120000000000104,47.16477500004492,1.7125463281465956
-5.110000000000104,47.019414500068294,1.2915948536371995
-5.1000000000001044,47.01943100006087,1.3362896264699857
-5.090000000000105,47.091970499962756,1.1951517397165174
-5.080000000000105,47.52753879997685,1.1755750270608076
-5.070000000000105,47.45491660000779,1.1062223919816647
-5.060000000000105,47.52772079994635,1.6338898406428124
-5.0500000000001055,47.30975480000028,1.207642976558114
-5.040000000000106,47.382393500046085,1.3254423677863942
-5.030000000000106,47.16457630005351,1.236091526540043
-5.020000000000106,46.65665050010024,1.6759699291606276
-5.010000000000106,47.01949720002294,1.5013469680959235
-5.000000000000107,46.58407750005428,1.6918649681952689
-4.990000000000107,46.946841600030744,1.3339015048037368
-4.980000000000107,47.30973839996132,1.1581705379662308
-4.970000000000107,46.946792199999884,1.1952096461502488
-4.960000000000107,46.801547700023164,0.9556059048665503
-4.950000000000108,47.23701690000749,0.6671204891151301
-4.940000000000108,46.583978500163916,1.4698273208555597
-4.930000000000108,46.874120400109746,0.9085035951350621
-4.920000000000108,47.45504869999194,1.4699201954971826
-4.9100000000001085,46.801696500126106,1.4024884514539402
-4.900000000000109,46.7291238000713,1.42920155231704
-4.890000000000109,46.72914050001636,1.4695306409935736
-4.880000000000109,46.94702350010327,1.7516240198572208
-4.870000000000109,48.32613599987339,0.7692336245365574
-4.86000000000011,46.87440129999244,1.6780980509989039
-4.85000000000011,47.092069700064066,1.4595237807948036
-4.84000000000011,46.87425280004012,1.3274361183073387
-4.83000000000011,46.221181500136,1.6479388836582154
-4.82000000000011,47.52757199992733,1.2715207262357127
-4.810000000000111,47.237330699919916,1.6339973745242535
-4.800000000000111,46.29358890005621,1.2453021746245119
-4.790000000000111,47.09206969999102,1.4598526016020437
-4.780000000000111,47.23718209999214,1.2714013305718797
-4.7700000000001115,46.8742196000405,1.2360135271664727
-4.760000000000112,47.382310699975555,1.0822929258502494
-4.750000000000112,47.45521399998379,1.8255722192040844
-4.740000000000112,47.745752299918514,2.060940525488646
-4.730000000000112,46.58416050008945,1.8564036436513995
-4.7200000000001125,46.94689140004887,1.4599934313413043
-4.710000000000113,47.16447739998332,0.9086884465648927
-4.700000000000113,47.45501569995016,1.3881610317201423
-4.690000000000113,46.656468400040886,1.233541285179566
-4.680000000000113,47.45504859995124,1.4702737546842652
-4.670000000000114,47.67286569995899,1.5000195937603118
-4.660000000000114,47.23709959992574,1.015182629793954
-4.650000000000114,47.527389999892335,0.5726658192118161
-4.640000000000114,46.80158079995875,1.071160608648012
-4.6300000000001145,47.23708279992523,0.9556728235669223
-4.620000000000115,47.8179618998998,1.1955908032920564
-4.610000000000115,46.94674259994148,1.0378431713740213
-4.600000000000115,47.09213600001741,1.6122820045064055
-4.590000000000115,46.003232000175885,0.994319756668923
-4.5800000000001155,47.818077499882655,1.4994546116940253
-4.570000000000116,47.60011169990796,1.084901103440872
-4.560000000000116,47.237281300008505,1.52297509094688
-4.550000000000116,47.09205320005958,1.4191402394483523
-4.540000000000116,46.51132310011745,1.2709231142959296
-4.530000000000117,47.45508159998373,1.5476237835170015
-4.520000000000117,47.23719860001793,1.3165966556995612
-4.510000000000117,47.09188800000028,0.9182672043405424
-4.500000000000117,46.87425280001701,1.3274361182803978
-4.4900000000001175,46.43873400006809,1.2358094716499202
-4.480000000000118,47.45496639998364,1.255085361382365
-4.470000000000118,47.527406400008786,0.6670687912386519
-4.460000000000118,47.092053200128575,1.4193095738229975
-4.450000000000118,46.583780100060636,0.868955025135417
-4.4400000000001185,47.16455990012022,1.1877009838301469
-4.430000000000119,47.01953040004268,1.577310972668411
-4.420000000000119,47.60009499989623,1.029630106758358
-4.410000000000119,47.01938140009504,1.1975102857113404
-4.400000000000119,47.600210700095424,1.3710439540115331
-4.39000000000012,47.52757169995641,1.2713008697510888
-4.38000000000012,47.092086600104054,1.4993267353914217
-4.37000000000012,47.600177699938364,1.2830034442832814
-4.36000000000012,47.30990339999897,1.5854405704431236
-4.35000000000012,46.9468749999474,1.4190014375437474
-4.340000000000121,47.16462589993903,1.3708772955980686
-4.330000000000121,47.16446059995621,0.8416809107588413
-4.320000000000121,47.382558599938456,1.711558804702698
-4.310000000000121,47.67278329981471,1.2897575279092284
-4.3000000000001215,47.7454716999213,1.501422492603506
-4.290000000000122,46.65670000009771,1.777997421656524
-4.280000000000122,47.30973829991042,1.1578944842995478
-4.270000000000122,47.01959619997354,1.7194307979594534
-4.260000000000122,47.0197286000095,1.973156549758261
-4.250000000000123,47.164791100071156,1.7467750609828363
-4.240000000000123,47.30967199996443,0.9340607024134696
-4.230000000000123,46.801531000106515,0.8922114798530887
-4.220000000000123,47.0919044000443,0.9798088054589663
-4.210000000000123,47.092053199964404,1.419140239570251
-4.200000000000124,47.38224470000889,0.8382833482070653
-4.190000000000124,47.16474189996337,1.6430457048064762
-4.180000000000124,47.89061729999947,1.3278326701349388
-4.170000000000124,47.81820939994542,1.7852934991004545
-4.1600000000001245,47.89069959992779,1.5327374927094555
-4.150000000000125,47.7453726998832,1.2456129741546174
-4.140000000000125,46.80149809999966,0.7496658276668291
-4.130000000000125,46.94694100006267,1.5755214815708378
-4.120000000000125,46.583879300035996,1.2071692630216453
-4.1100000000001256,47.382459499964384,1.4917896814919664
-4.100000000000126,47.67286599997238,1.4995667889184283
-4.090000000000126,46.6565844000918,1.530140398165635
-4.080000000000126,47.60022740000003,1.4131076408596008
-4.070000000000126,47.23713249996287,1.1245471960395288
-4.060000000000127,46.801696499999466,1.4024026085360164
-4.050000000000127,47.38237679979707,1.2804990065198645
-4.040000000000127,47.382558599999314,1.7113483069627757
-4.030000000000127,47.60011150004556,1.0848275545056394
-4.0200000000001275,47.672700899889506,1.0380796233469247
-4.010000000000128,46.14869170013921,1.8118803742554261
-4.000000000000128,47.30996920000925,1.726670676007688
-3.990000000000128,46.9467922000557,1.1950085569607276
-3.9800000000001283,47.0920366999532,1.3770508760241906
-3.9700000000001285,46.87412039998983,0.9085035950178526
-3.9600000000001288,47.600210699980934,1.3708686576554807
-3.950000000000129,46.72894190003727,0.8689503847332765
-3.940000000000129,47.237099300018464,1.0150251030190411
-3.9300000000001294,46.583945400215995,1.38746305928109
-3.9200000000001296,46.72902460003754,1.1576845519141625
-3.91000000000013,47.45498259990587,1.3007212154421517
-3.90000000000013,46.87415319998106,1.0293180565718032
-3.8900000000001302,47.01961259998141,1.7533440882398175
-3.8800000000001305,47.60027690003829,1.532491180869217
-3.8700000000001307,47.890749299914376,1.6433230056633583
-3.860000000000131,46.946924599990325,1.5376904981833688
-3.850000000000131,47.527720199961436,1.6345745356590835
-3.8400000000001313,47.600061899943285,0.9088423886959924
-3.8300000000001315,46.366111900028656,1.0926948868568187
-3.8200000000001317,48.18113919992337,1.5094961491734038
-3.810000000000132,47.382443099932814,1.451783887152192
-3.800000000000132,47.45518130000009,1.759818623605758
-3.7900000000001324,47.309639099970866,0.7988893589351665
-3.7800000000001326,47.81829219995173,1.942202748989186
-3.770000000000133,47.89056739992287,1.1881735863639167
-3.760000000000133,46.87418640003882,1.1373710951225007
-3.7500000000001332,47.527786799951606,1.7716359847230239
-3.7400000000001334,46.36611140004833,1.09269494389269
-3.7300000000001337,47.23718179993284,1.2712755529699085
-3.720000000000134,47.38255879994234,1.7110216889455836
-3.710000000000134,47.23726480003856,1.4833498817969326
-3.7000000000001343,47.890584099932184,1.236567151871712
-3.6900000000001345,46.87426920005866,1.3709064594406504
-3.6800000000001347,46.65660080001936,1.5678508025088873
-3.670000000000135,47.019480500038696,1.4619815776019773
-3.660000000000135,47.527439600058806,0.8241903847578542
-3.6500000000001354,47.74553759991126,1.6506404227369862
-3.6400000000001356,47.16455979987263,1.1876335889783836
-3.630000000000136,46.94664350010794,0.6121299962092505
-3.620000000000136,46.80172960002075,1.4837165409853776
-3.610000000000136,47.600442000030164,1.8759227795753726
-3.6000000000001364,47.74533929990107,1.147858235922763
-3.5900000000001366,47.30977119994046,1.255071414468506
-3.580000000000137,47.38239349988086,1.3254423678694138
-3.570000000000137,47.0919043999402,0.9798088053657275
-3.5600000000001373,46.874169699980655,1.084654038405889
-3.5500000000001375,47.382360500019125,1.2339519557501615
-3.5400000000001377,46.94675910010961,1.0926361371091793
-3.530000000000138,46.946808900070465,1.2430532495356132
-3.520000000000138,46.511323300101424,1.2710804436407976
-3.5100000000001383,48.035745799869396,1.0522063783513194
-3.5000000000001386,47.09208640007039,1.4994332785028481
-3.4900000000001388,47.74552129998992,1.6145555364445658
-3.480000000000139,47.23738049999008,1.7381034141912606
-3.470000000000139,47.60024359992907,1.4540374496342525
-3.4600000000001394,46.87417000004089,1.0848015658081942
-3.4500000000001396,47.164559799928206,1.1880376649321742
-3.44000000000014,46.58392890009115,1.3447024309734783
-3.43000000000014,46.94692460023358,1.5376904980945076
-3.4200000000001403,47.45498289998994,1.300659848943402
-3.4100000000001405,47.890435299867605,0.6888160966393316
-3.4000000000001407,46.8741368000815,0.9707920592637422
-3.390000000000141,47.09215270001041,1.6482785938062883
-3.380000000000141,48.10843399991798,1.2809772862651128
-3.3700000000001413,48.10845049987712,1.3260149235034142
-3.3600000000001415,47.8904352999381,0.6888160965908906
-3.3500000000001418,47.23711610002041,1.0713547743418872
-3.340000000000142,47.60014459993824,1.187852889929722
-3.330000000000142,47.23713270011351,1.1246182191042562
-3.3200000000001424,47.600210700030985,1.3710439540904038
-3.3100000000001426,47.4549330001037,1.1581211326923173
-3.300000000000143,47.09202030012354,1.3342333259229904
-3.290000000000143,47.30990349985518,1.584734685177282
-3.2800000000001432,47.3824102999381,1.368706391781869
-3.2700000000001435,47.30982080000994,1.3880100472272006
-3.2600000000001437,47.23716559991634,1.2242453841072203
-3.250000000000144,47.81802789989553,1.3775972230232358
-3.240000000000144,48.10866529993729,1.8113330343320908
-3.2300000000001443,48.03591099993692,1.5097069960058773
-3.2200000000001445,46.58407770009424,1.691912262268697
-3.2100000000001447,47.309655499884755,0.8690608583534576
-3.200000000000145,46.72900820017851,1.1059700689556873
-3.190000000000145,46.80166340005311,1.3162563127623865
-3.1800000000001454,47.5276213,1.4027790162732554
-3.1700000000001456,48.03586149973538,1.3882106913711239
-3.160000000000146,47.23723169999998,1.4023684116465949
-3.150000000000146,47.3824595000214,1.491789681501513
-3.1400000000001462,47.45488360008448,0.9947729679113944
-3.1300000000001464,47.1646919001376,1.5322326709148057
-3.1200000000001467,47.745323099840775,1.095769755572552
-3.110000000000147,46.656485100074505,1.2801448379595741
-3.100000000000147,46.946924600085744,1.5376904981883674
-3.0900000000001473,47.745322899861,1.095915665070701
-3.0800000000001475,48.1083515998716,1.0268389671009481
-3.0700000000001477,47.74532310004295,1.0955510268211428
-3.060000000000148,46.94692459998954,1.5376904981518993
-3.050000000000148,47.23703330004245,0.7497299255663435
-3.0400000000001484,46.874236000020936,1.2825867048546151
-3.0300000000001486,47.38232770001061,1.1350410366448243
-3.020000000000149,47.237215200097666,1.3603792502117331
-3.010000000000149,46.80156420016248,1.0148513434088462
-3.000000000000149,47.09208639999998,1.4994332785326456
-2.9900000000001494,47.45490009996749,1.0519176230802458
-2.9800000000001496,47.89061699991282,1.3278027303875648
-2.97000000000015,47.237248399999864,1.4436902777729574
-2.96000000000015,47.09200360009801,1.2893129731004542
-2.9500000000001503,47.60016129993528,1.2362629326521979
-2.9400000000001505,47.454949699934346,1.2078253236706378
-2.9300000000001507,46.43866790008716,1.0291974340131504
-2.920000000000151,47.01931500001122,0.9827606657794886
-2.910000000000151,46.293539100164416,1.0951609759835665
-2.9000000000001513,46.80164690013217,1.271042603691363
-2.8900000000001516,48.035910799857625,1.5098922372914227
-2.8800000000001518,47.600243800021424,1.4537622003018433
-2.870000000000152,46.87445110007708,1.779637027402991
-2.860000000000152,47.237165599999756,1.22404906486328
-2.8500000000001524,46.87420290007735,1.1875819754833208
-2.8400000000001526,48.10838489992278,1.135158517652852
-2.830000000000153,47.96307399988915,0.8243844805114685
-2.820000000000153,46.43883320014479,1.4932891432833877
-2.8100000000001533,47.600227099989,1.4130793454567696
-2.8000000000001535,47.1645599000218,1.1877009839283585
-2.7900000000001537,47.52748919998868,1.0153190987581096
-2.780000000000154,47.38267439998883,1.935932453658799
-2.770000000000154,46.65651800021341,1.368774778462138
-2.7600000000001543,47.16451020006693,1.0293544294490775
-2.7500000000001545,47.45496620008983,1.2553080739930216
-2.7400000000001548,47.30992000010096,1.6214398788126736
-2.730000000000155,46.801614000044374,1.1752731471567561
-2.720000000000155,46.80163030006784,1.224062205370008
-2.7100000000001554,48.03564669976343,0.6358018776764885
-2.7000000000001556,47.52763800005558,1.4439194379043805
-2.690000000000156,47.01961300003438,1.7527966043706273
-2.680000000000156,47.0192986001356,0.9212846341892492
-2.6700000000001562,47.52762150013581,1.402835906959318
-2.6600000000001565,47.16454329989787,1.137535104704792
-2.6500000000001567,47.092036699988384,1.3776608129323
-2.640000000000157,47.60016109992004,1.2363922362856237
-2.630000000000157,47.67270089994342,1.0380796232619987
-2.6200000000001573,47.16452689998867,1.08486785297408
-2.6100000000001575,47.309887100103026,1.5474434822269816
-2.6000000000001577,47.454883600068776,0.9947729678310591
-2.590000000000158,47.67291529990871,1.612955620608561
-2.580000000000158,47.16446070005743,0.8417760039669873
-2.5700000000001584,47.01946390006909,1.4213293604617256
-2.5600000000001586,47.96332189998866,1.5611295695756404
-2.550000000000159,47.3824598000121,1.4918165876805105
-2.540000000000159,47.38231099993063,1.0822191958708114
-2.5300000000001592,46.94695750011603,1.6119937677039413
-2.5200000000001594,48.2537778996758,1.5611010524719968
-2.5100000000001597,47.3098703999769,1.509443574458231
-2.50000000000016,47.60017760000001,1.282816379408389
-2.49000000000016,47.237182099965196,1.2710237572915828
-2.4800000000001603,47.45491659992988,1.106439011039848
-2.4700000000001605,46.946841800000264,1.3338715186487895
-2.4600000000001607,47.45504869992957,1.469920195330981
-2.450000000000161,47.164559800070776,1.1876335888682468
-2.440000000000161,46.72935539998773,1.9191015246282912
-2.4300000000001614,46.94679220010589,1.19520964614983
-2.4200000000001616,47.09249959997623,2.275294345676545
-2.410000000000162,47.09197070001174,1.1952185942707512
-2.400000000000162,47.23701659997641,0.6670605684883135
-2.390000000000162,47.45486689996545,0.9340536296161783
-2.3800000000001624,47.67279980002379,1.3344151477024748
-2.3700000000001626,47.01948079990588,1.461762682047899
-2.360000000000163,46.946841799904966,1.3340516766280939
-2.350000000000163,46.87415350013039,1.029473513722731
-2.3400000000001633,47.81792869985767,1.0932290633179615
-2.3300000000001635,47.23726460002375,1.484024251017428
-2.3200000000001637,47.091904400059754,0.9798088051753102
-2.310000000000164,47.9632556997622,1.4028303712482042
-2.300000000000164,46.874450700166854,1.7801757156899982
-2.2900000000001643,47.01941450007117,1.2915948535029513
-2.2800000000001646,46.94672610003561,0.9798685561656382
-2.2700000000001648,47.600227099963796,1.4131641587537724
-2.260000000000165,46.729074000299846,1.3006713576696134
-2.250000000000165,47.30960569984416,0.6355936418112788
-2.2400000000001654,47.09200360013195,1.2895921942024935
-2.2300000000001656,47.30978790000052,1.3011713812235948
-2.220000000000166,46.583978500216276,1.4696642637957311
-2.210000000000166,47.16465910006025,1.453836422253481
-2.2000000000001663,47.52750589992805,1.071329927872028
-2.1900000000001665,48.18084179984321,0.4122022100683512
-2.1800000000001667,47.60039259998769,1.780065123503667
-2.170000000000167,47.23709959996416,1.0151826296252684
-2.160000000000167,46.87410390002428,0.8416650514198468
-2.1500000000001673,47.38234390006128,1.185612795146603
-2.1400000000001675,47.23708280001199,0.9556728234742953
-2.1300000000001678,47.30985400006058,1.469835472256041
-2.120000000000168,46.946792200049366,1.195008556966174
-2.110000000000168,46.94705690006096,1.8173330714746445
-2.1000000000001684,47.019381600147014,1.1976775456841278
-2.0900000000001686,47.45528009981659,1.9494979610686782
-2.080000000000169,47.23711610000002,1.0714665136245962
-2.070000000000169,46.51129010018377,1.1752708238176506
-2.0600000000001693,47.45501579998855,1.387872487399791
-2.0500000000001695,47.01951370002434,1.5398104139153603
-2.0400000000001697,46.94675909996392,1.0926361370166953
-2.03000000000017,46.656435300062,1.1347474626713592
-2.02000000000017,47.745637199863765,1.8509604063012413
-2.0100000000001703,46.80176270012402,1.56041558461142
-2.0000000000001705,46.43868460012381,1.0846207379108546
-1.9900000000001707,47.309655600024804,0.8691529375246497
-1.980000000000171,47.23729770001286,1.5608514943620322
-1.9700000000001712,47.38242639991334,1.4111260669180044
-1.9600000000001714,46.72905750002434,1.2548951903340257
-1.9500000000001716,47.09197049992471,1.195151739677547
-1.9400000000001718,47.60017749984978,1.2827540194644507
-1.930000000000172,46.874070500012394,0.6885657574802015
-1.9200000000001722,47.38221149996249,0.6843969912268602
-1.9100000000001724,46.87431880002502,1.4932649487467125
-1.9000000000001727,46.87425249996226,1.327315559251231
-1.8900000000001729,47.0197618000252,2.0316330851823645
-1.880000000000173,47.382492700062265,1.5682077409662447
-1.8700000000001733,46.22104890013874,1.333747436059311
-1.8600000000001735,46.729041100076124,1.207152668128166
-1.8500000000001737,47.38239379992443,1.325200827729657
-1.840000000000174,46.80156420010071,1.0148513433828206
-1.8300000000001742,46.584177000088445,1.8880523814054244
-1.8200000000001744,48.10840129989839,1.1856802921428344
-1.8100000000001746,46.947122800050884,1.9417624877236173
-1.8000000000001748,47.96330529994893,1.52305910595402
-1.790000000000175,47.30992000002464,1.6214394649329569
-1.7800000000001752,47.89053469996209,1.0852254524059277
-1.7700000000001754,47.81796179994908,1.1954237704010071
-1.7600000000001756,46.72905760024268,1.2547674980069468
-1.7500000000001759,47.60021069994893,1.3708686577093765
-1.740000000000176,47.599962399910645,0.35071933386369464
-1.7300000000001763,47.60012809991117,1.1376650750785193
-1.7200000000001765,47.45513169996077,1.6572539749413417
-1.7100000000001767,47.45488360000065,0.9947729678376813
-1.700000000000177,47.745372499987354,1.2457413331502525
-1.6900000000001771,47.38234380011545,1.185545301853058
-1.6800000000001774,46.94687500009067,1.4190014375534576
-1.6700000000001776,47.60007829996158,0.9710955003667173
-1.6600000000001778,47.672981399948355,1.7519770464597044
-1.650000000000178,48.32631729981831,1.3715304907052857
-1.6400000000001782,47.96330559998658,1.5230062332135288
-1.6300000000001784,46.94695750014246,1.6122914932408903
-1.6200000000001786,47.96325599990931,1.402516662750601
-1.6100000000001788,47.60012820002513,1.1377353873580835
-1.600000000000179,47.237248200052214,1.443718027229924
-1.5900000000001793,47.817994999856595,1.2896068025496257
-1.5800000000001795,47.38254189996088,1.676852423076656
-1.5700000000001797,47.31008510018245,1.949617764485154
-1.56000000000018,47.019613200038926,1.7527962242700565
-1.5500000000001801,46.58396200013111,1.4291406645996843
-1.5400000000001803,47.89066679992069,1.4538926096548648
-1.5300000000001805,47.89065009985555,1.413302127127169
-1.5200000000001808,48.326432899816425,1.6434997561862101
-1.510000000000181,46.72912390017096,1.4291733552263175
-1.5000000000001812,47.38232719996058,1.1347237470189018
-1.4900000000001814,47.382360300039466,1.2336930114122386
-1.4800000000001816,47.092135899908186,1.6122319367986049
-1.4700000000001818,46.94704000009191,1.7840976251152478
-1.460000000000182,46.72933850014581,1.888757196868272
-1.4500000000001823,47.164609500146355,1.3276811941160174
-1.4400000000001825,47.4549000999464,1.0520316310252094
-1.4300000000001827,47.672998099854006,1.7850187034489895
-1.420000000000183,48.18102329997354,1.2077689595175123
-1.410000000000183,47.672750499853905,1.195381503191615
-1.4000000000001833,47.96300789988053,0.45923418531294896
-1.3900000000001835,47.672750399972664,1.1954147408432534
-1.3800000000001837,47.164559900079325,1.1877009837978005
-1.370000000000184,47.74524039998608,0.7842316589400772
-1.3600000000001842,46.511339800174184,1.3161143083262745
-1.3500000000001844,47.382476000147406,1.5304103234138067
-1.3400000000001846,47.60026009986577,1.4941400498740423
-1.3300000000001848,47.81853989994625,2.351559259416373
-1.320000000000185,47.60011149993306,1.0848275544700656
-1.3100000000001852,46.80182879994611,1.7043304896238112
-1.3000000000001855,47.527687600094,1.5606941785989763
-1.2900000000001857,47.455412400067154,2.176722219650229
-1.2800000000001859,47.2371657001072,1.2243107569916976
-1.270000000000186,47.60019399990547,1.3278287339883834
-1.2600000000001863,47.81782949999963,0.7014610760814521
-1.2500000000001865,47.52803450001348,2.212268181692804
-1.2400000000001867,47.89063329993227,1.3715391263453958
-1.230000000000187,47.89055099985032,1.137864260181328
-1.2200000000001872,47.309754800175796,1.2072454625876152
-1.2100000000001874,47.455230500013506,1.857458114769565
-1.2000000000001876,47.81794519995991,1.145571372014756
-1.1900000000001878,47.600375899904904,1.7469279192106988
-1.180000000000188,47.16459270002734,1.2827507245350538
-1.1700000000001882,47.74538889993188,1.2920443254193303
-1.1600000000001884,47.092185199945284,1.718220218681221
-1.1500000000001886,48.03579529978089,1.2080827797483824
-1.1400000000001889,47.45518099993171,1.7600457509703578
-1.130000000000189,47.745256799876884,0.8557367731546512
-1.1200000000001893,47.09220200005486,1.7516088245001697
-1.1100000000001895,47.89041859979384,0.5978015592850837
-1.1000000000001897,47.963140299821404,1.0716734549160722
-1.09000000000019,47.09208610006921,1.4994068919521588
-1.0800000000001901,46.801630400124154,1.2240621115084727
-1.0700000000001904,47.59999579983406,0.5976850594017316
-1.0600000000001906,47.81796159990341,1.195557531373748
-1.0500000000001908,46.7292727001664,1.7597815041680247
-1.040000000000191,46.94685850027702,1.3771670283224176
-1.0300000000001912,46.874269100181166,1.3706732162814856
-1.0200000000001914,48.10848339979082,1.411730407904127
-1.0100000000001916,46.8743023001251,1.4538162110757373
-1.0000000000001918,47.745323099972154,1.095769755391035
-0.9900000000001921,47.81792889988867,1.09308278037844
-0.9800000000001923,47.01948080008316,1.4618445798868687
-0.9700000000001925,47.3823770000001,1.2805613547999108
-0.9600000000001927,47.89056769988832,1.188106284247979
-0.9500000000001929,46.5838626002658,1.1576304378300066
-0.9400000000001931,47.8905508998872,1.1377939841563198
-0.9300000000001933,46.65646870015489,1.233671066851613
-0.9200000000001936,47.3824098999718,1.3688818016845288
-0.9100000000001938,47.60030950001404,1.607516665597331
-0.900000000000194,46.87417000023909,1.0845800062382243
-0.8900000000001942,47.45485050002794,0.8691483805778187
-0.8800000000001944,47.52747249995836,0.9559071566519807
-0.8700000000001946,46.65646840007027,1.2335412850387282
-0.8600000000001948,48.18107319977329,1.3454730486091624
-0.850000000000195,46.29355550018396,1.147474593206095
-0.8400000000001953,47.1646755000567,1.4935488589741812
-0.8300000000001955,47.96338799992902,1.704582638507969
-0.8200000000001957,47.74547189992908,1.5017956075054189
-0.8100000000001959,47.091888000114416,0.9182672041647583
-0.8000000000001961,46.801580900156544,1.0710110030556488
-0.7900000000001963,47.600243199970734,1.4543669507869883
-0.7800000000001965,47.31001890001555,1.8255627688783302
-0.7700000000001967,47.01951370007141,1.5397326629360049
-0.760000000000197,47.30968860004244,0.9947018674771845
-0.7500000000001972,47.16469200004292,1.5319971822035838
-0.7400000000001974,47.09197050005729,1.1950510034816375
-0.7300000000001976,48.10840119995684,1.1858154417600901
-0.7200000000001978,47.963205999942474,1.2718789145849532
-0.710000000000198,46.72914030017293,1.469639745930839
-0.7000000000001982,46.511290100172424,1.175270824103454
-0.6900000000001985,47.60004520021688,0.8419517805346319
-0.6800000000001987,46.874302099914175,1.453513531705964
-0.6700000000001989,47.01929860004355,0.9212846342871447
-0.6600000000001991,47.237248400072176,1.4439397950011752
-0.6500000000001993,47.237314200043414,1.5976553787320544
-0.6400000000001995,47.09195429998545,1.1452060890559412
-0.6300000000001997,47.09192100015905,1.0378996121383337
-0.6200000000002,47.45528009998589,1.9496212316716082
-0.6100000000002002,47.164493800043225,0.9709596031070832
-0.6000000000002004,47.237215199985656,1.3603792499427485
-0.5900000000002006,46.8019280000439,1.8991127605730742
-0.5800000000002008,47.455296299999986,1.9794897992541445
-0.570000000000201,47.23706619998576,0.8922474938753585
-0.5600000000002012,47.527869200013875,1.930104617937803
-0.5500000000002014,47.5274892998984,1.0153978909256125
-0.5400000000002017,46.72905729999988,1.25463991774874
-0.5300000000002019,47.38231079994123,1.0821454197092617
-0.5200000000002021,47.89112949992655,2.3217225760629905
-0.5100000000002023,47.45491659998519,1.106222391956086
-0.5000000000002025,46.4386677000294,1.0291196532613003
-0.4900000000002027,47.74562029999994,1.8194245827608821
-0.48000000000020293,46.58391240014743,1.3005675854702823
-0.47000000000020314,48.25381099972053,1.6347263054593022
-0.46000000000020336,46.6564851000735,1.2802385219269197
-0.45000000000020357,47.09216890017874,1.6832208297654976
-0.4400000000002038,47.60021069998514,1.3708686575419127
-0.430000000000204,47.89058409996984,1.2362758883205653
-0.4200000000002042,47.1646093999261,1.3276209052329513
-0.4100000000002044,47.45501580004445,1.3880456363291331
-0.40000000000020464,48.39884069959934,1.0931705830327336
-0.39000000000020485,47.672783299926074,1.2897575279029492
-0.38000000000020506,48.10874769985136,1.9665174553544629
-0.3700000000002053,48.10843419983739,1.2807279109388572
-0.3600000000002055,46.94682520007426,1.2895571015299596
-0.3500000000002057,47.67283299970061,1.4193247594635843
-0.3400000000002059,46.947023800073865,1.7514413376719862
-0.33000000000020613,47.60021040005983,1.3711022057113886
-0.32000000000020634,47.16442749990989,0.6886588728439164
-0.31000000000020655,46.874236100044584,1.2826491357598147
-0.30000000000020677,47.60029340000062,1.5701084473478948
-0.290000000000207,48.25386029956423,1.738756298325955
-0.2800000000002072,47.38244310004524,1.4517838870325979
-0.2700000000002074,46.80169649998475,1.402402608504053
-0.2600000000002076,46.65655120013518,1.4517838870642958
-0.25000000000020783,46.728975100135784,0.9944657112659391
-0.24000000000020805,46.583829700150865,1.0516890438720006
-0.23000000000020826,47.16492340006077,1.9970385917303302
-0.22000000000020847,47.7453230999548,1.095660494792524
-0.2100000000002087,47.16462590009028,1.3710525907083064
-0.2000000000002089,47.382591899984305,1.7781324155618605
-0.1900000000002091,47.67301449992449,1.8175699530487954
-0.18000000000020933,47.309605700075984,0.6355936417682035
-0.17000000000020954,47.23714869996932,1.1753688201857369
-0.16000000000020975,47.164873800045626,1.9070342236286604
-0.15000000000020997,47.01966250007654,1.8507986106053593
-0.14000000000021018,47.01971169990736,1.943535744864185
-0.1300000000002104,46.511240500106375,1.015030297350483
-0.1200000000002106,47.09215250004512,1.6482301161899213
-0.11000000000021082,46.43863480033671,0.9083051577557341
-0.10000000000021103,47.382426699999634,1.4110695188063165
-0.09000000000021124,47.23743010009192,1.8365998239276375
-0.08000000000021146,47.0920038001381,1.2892819250794356
-0.07000000000021167,46.87416999993854,1.0845800060894655
-0.060000000000211884,47.60037579993794,1.746882127199578
-0.0500000000002121,47.527522399969044,1.124803042397567
-0.04000000000021231,47.23713270001575,1.1246182190281702
-0.030000000000212523,47.16479140004731,1.7466607573445472
-0.020000000000212736,46.72919009998513,1.584598352635143
-0.01000000000021295,47.164477300169786,0.9086003559426468
-2.1316282072803006e-13,58.887503700015586,10.106045347841683
0.009999999999786624,67.19001120006229,1.2318674441038888
0.01999999999978641,67.26302979999976,1.1446232690722014
0.029999999999786198,67.40931509989048,1.6243801500524255
0.039999999999785985,66.82486590010824,1.42129942987155
0.04999999999978577,67.1899611001256,1.0779907066294463
0.05999999999978556,67.62870250006259,2.0613548571230926
0.06999999999978535,67.6282065001097,0.8293542177839295
0.07999999999978513,66.89803460003121,1.7146237992290385
0.08999999999978492,67.26297990001571,0.9769821367751389
0.0999999999997847,67.6283235999376,1.2319195950544266
0.10999999999978449,66.67892750021956,1.7298163596120772
0.11999999999978428,67.04393920020438,1.2883706550847427
0.12999999999978407,67.26304709988983,1.1952900403160907
0.13999999999978385,67.62825639993656,1.021497064015827
0.14999999999978364,67.26311190007827,1.3797056597735406
0.15999999999978343,66.60582680028479,1.5850058182654407
0.1699999999997832,66.97105260011077,1.6672063121124256
0.179999999999783,67.18996190018999,1.077840618913749
0.1899999999997828,66.8979682001427,1.5698311483824028
0.19999999999978257,67.99361579980962,1.195762803148082
0.20999999999978236,66.89786900014299,1.3244462661253151
0.21999999999978215,67.19007739995251,1.4116018883778676
0.22999999999978193,67.26316120020681,1.5030016643680084
0.23999999999978172,66.53289010012787,1.7906011739747176
0.2499999999997815,67.04400640014363,1.4607091269645565
0.2599999999997813,67.48220250006389,1.2030399048552982
0.2699999999997811,66.67872990012769,1.2531792937803525
0.27999999999978087,67.77442739984085,1.1931368096106634
0.28999999999978066,66.89801890012741,1.6794053346178321
0.29999999999978044,67.84744559984038,1.0588905446467094
0.30999999999978023,67.55518909977515,0.9770255042924987
0.31999999999978,67.70130939999997,1.001003143569448
0.3299999999997798,66.89803380001648,1.7142957534177217
0.3399999999997796,67.84746269980695,1.113491742491055
0.3499999999997794,67.55518849991907,0.9771498800016023
0.35999999999977916,67.26294710014548,0.8469360358291432
0.36999999999977895,67.70130879985535,1.001284871110605
0.37999999999977874,67.62824009995158,0.9618500844424984
0.3899999999997785,67.04398930021001,1.4198568519818198
0.3999999999997783,67.55527059991914,1.2440703428579083
0.4099999999997781,67.70175559980581,2.050317730790042
0.4199999999997779,67.409298599854,1.5868106221457265
0.42999999999977767,67.55513919991917,0.7739140135081928
0.43999999999977746,66.97090410021087,1.30886104295148
0.44999999999977724,67.55527119996734,1.2442318141566349
0.45999999999977703,67.19007680008146,1.4111733547920124
0.4699999999997768,67.33608220008155,1.1524960375466655
0.4799999999997766,68.06658529988546,0.8577475031002687
0.4899999999997764,67.0438744000985,1.08872347664446
0.4999999999997762,66.82470170003276,0.9142307461105824
0.509999999999776,66.97100330009812,1.5570087515291202
0.5199999999997758,67.99363289982018,1.2438526508791115
0.5299999999997755,67.7743446998688,0.91122159935203
0.5399999999997753,67.11687530021284,0.9398385741196924
0.5499999999997751,67.62814090013102,0.4620549367747164
0.5599999999997749,67.48221899993332,1.2511466126000386
0.5699999999997747,67.04390580008224,1.1928670937772279
0.5799999999997745,66.82473390000027,1.0356826949843947
0.5899999999997743,68.06691599976921,1.7630774962456515
0.599999999999774,67.55543620008264,1.6533501770308663
0.6099999999997738,67.11705800000063,1.4791741259876034
0.6199999999997736,67.40911670014835,1.102505563265911
0.6299999999997734,67.40916660009938,1.2533347331045572
0.6399999999997732,67.55515490003354,0.8470473819852137
0.649999999999773,68.28587369983393,1.1450119461886963
0.6599999999997728,67.77429399983357,0.6887605470638433
0.6699999999997726,67.77445959999997,1.2883498857544582
0.6799999999997723,67.11705740006656,1.4790928691864833
0.6899999999997721,67.55528769998375,1.2908032234098434
0.6999999999997719,67.84777739989926,1.8689967635297045
0.7099999999997717,67.99351659995088,0.8471285039999026
0.7199999999997715,67.26297990006735,0.9769821368694244
0.7299999999997713,67.92064689984946,1.4531241735013196
0.7399999999997711,67.62830649993319,1.183067862395522
0.7499999999997708,67.62815660001681,0.5762278932727276
0.7599999999997706,67.40913460005022,1.1549138041198792
0.7699999999997704,67.62824010004985,0.9620168592031751
0.7799999999997702,67.84751199981642,1.2628314571756851
0.78999999999977,67.84762809986607,1.5574637765136858
0.7999999999997698,67.48216969998352,1.0998384868305529
0.8099999999997696,66.75174870010045,1.2024994338084323
0.8199999999997694,67.11710730010083,1.5947029625388347
0.8299999999997691,67.11695880021895,1.215049966661584
0.8399999999997689,68.35899229978065,1.2794182007410642
0.8499999999997687,67.26307909996513,1.2907646641693828
0.8599999999997685,67.99376510015124,1.5800164665582292
0.8699999999997683,67.48215179998377,1.044440299223526
0.8799999999997681,67.99371579998306,1.4630861542943117
0.8899999999997679,67.99358439972892,1.092000773505071
0.8999999999997677,67.55556880005145,1.9191077568624153
0.9099999999997674,67.99363289998337,1.2441764162226892
0.9199999999997672,67.555270600085,1.2440703427389121
0.929999999999767,67.55546910013621,1.7240042388222525
0.9399999999997668,66.82478460006806,1.1950709828676107
0.9499999999997666,67.11719000013599,1.7705481988229301
0.9599999999997664,67.26296420001796,0.9142961964973341
0.9699999999997662,67.11704170006797,1.438455444081101
0.979999999999766,67.77464229977727,1.7219301776299676
0.9899999999997657,67.11695820013654,1.2149502886295158
0.9999999999997655,68.06668589986292,1.2032014057605478
1.0099999999997653,67.48208619991439,0.7852786690404363
1.019999999999765,67.40948150008525,1.955720138790632
1.0299999999997649,66.82475100012002,1.0914633216397887
1.0399999999997647,67.26294710032751,0.8470316663166324
1.0499999999997645,67.70125890010348,0.8040328433439998
1.0599999999997642,67.19007680015508,1.4113450759725494
1.069999999999764,68.28580729967234,0.9146886916701735
1.0799999999997638,67.04382370005217,0.9110156297615417
1.0899999999997636,68.35879309996548,0.4621618219529078
1.0999999999997634,67.62825639991318,1.0214970639424343
1.1099999999997632,67.84736269977515,0.7264781905163712
1.119999999999763,67.1170095002942,1.3532866734614375
1.1299999999997627,67.33626349998248,1.622273108725778
1.1399999999997625,67.11700889996497,1.3535553093678123
1.1499999999997623,67.04377520008649,0.688721891897332
1.159999999999762,67.84749549989594,1.2153249371781696
1.169999999999762,67.77437829994786,1.0332671763587444
1.1799999999997617,67.40926579993052,1.511026336030445
1.1899999999997615,67.11692520015674,1.1131680348826238
1.1999999999997613,67.26314550013909,1.463030228251039
1.209999999999761,66.97080490020987,1.0009786131254994
1.2199999999997608,67.92062919996545,1.41163557049972
1.2299999999997606,68.13980249980803,1.3449351237327414
1.2399999999997604,67.77452680015755,1.4609852558402308
1.2499999999997602,67.92072899994737,1.6443562969198278
1.25999999999976,67.26324470007003,1.688701881141094
1.2699999999997598,67.33606510012262,1.0998977244667512
1.2799999999997596,67.11707510010494,1.5184304368816468
1.2899999999997593,67.8476610999479,1.631649504748382
1.2999999999997591,67.26309560017583,1.3357792787302325
1.309999999999759,67.1901266999299,1.5323361859672833
1.3199999999997587,67.70135870010603,1.1652769059467691
1.3299999999997585,67.70145729992993,1.4387193520190285
1.3399999999997583,67.0439229001765,1.2414726825019449
1.349999999999758,67.84774319994635,1.804237842653097
1.3599999999997578,67.04397280012375,1.3772381967598954
1.3699999999997576,67.55510639996446,0.6014738139735991
1.3799999999997574,67.92054709984052,1.1829680229323356
1.3899999999997572,67.77431190000014,0.770174414755112
1.399999999999757,67.40913459998212,1.1549138040805418
1.4099999999997568,67.5554524999645,1.6888910441226348
1.4199999999997566,67.84737919992892,0.8040315210497548
1.4299999999997564,67.26307990010604,1.2907020257241886
1.4399999999997561,67.62838920008929,1.4114816214384773
1.449999999999756,66.89778550016,1.0778284014336617
1.4599999999997557,67.92056419991032,1.2322118699905178
1.4699999999997555,67.33608220021426,1.1522857416006607
1.4799999999997553,68.13965399991059,0.8611907350247416
1.489999999999755,67.84752830003556,1.3088919012776203
1.4999999999997549,67.11715719998205,1.702575122274659
1.5099999999997546,67.84736270003583,0.7264781905213057
1.5199999999997544,67.70139229999964,1.2633906076306962
1.5299999999997542,67.84757759998153,1.43886529930956
1.539999999999754,67.40916740008966,1.2533988534964335
1.5499999999997538,68.21283839983789,1.2513665886910328
1.5599999999997536,68.06660179996409,0.9243478058540845
1.5699999999997534,67.70159080001802,1.7377016755101684
1.5799999999997532,67.9205313999102,1.1321145803860388
1.589999999999753,67.55522130007219,1.0917106021464857
1.5999999999997527,67.84732989987351,0.5390915598365396
1.6099999999997525,67.70129170000014,0.9399299532197928
1.6199999999997523,67.62842200012655,1.493456685347089
1.629999999999752,67.48211899994642,0.9240346648461537
1.6399999999997519,67.62833930001736,1.2793179385233973
1.6499999999997517,68.1398689999279,1.5115292042084663
1.6599999999997515,67.55522210010878,1.0917840958799825
1.6699999999997512,67.33618000005447,1.4284169802392972
1.679999999999751,68.2127884998361,1.100306477054278
1.6899999999997508,67.92051429996366,1.0783091731988657
1.6999999999997506,66.88175711129244,1.6242681158339858
1.7099999999997504,67.85554611107078,0.9967918805924026
1.7199999999997502,67.28771177765589,1.932727878677331
1.72999999999975,67.04387355545366,1.0955318519414166
1.7399999999997497,67.04396544464771,1.366258348530478
1.7499999999997495,67.36849411102979,0.9739388118854394
1.7599999999997493,67.12526400002037,1.6911897104745959
1.769999999999749,67.20624844458631,1.2532566557123517
1.779999999999749,66.88148033359802,0.7982451158104905
1.7899999999997487,68.09951055543222,2.0049490137389925
1.7999999999997485,67.7746512221603,1.7522872459178571
1.8099999999997483,67.12498722228426,0.9271373104074994
1.819999999999748,67.44964355565732,0.9029178093338089
1.8299999999997478,67.20623011111068,1.199015399899182
1.8399999999997476,67.28745333319003,1.3662213233065683
1.8499999999997474,67.20630322216037,1.404137568261534
1.8599999999997472,66.80064255549433,1.712499231480644
1.869999999999747,67.28760088905278,1.7129216955064812
1.8799999999997468,66.96266777783904,0.927144794921111
1.8899999999997465,68.01806611102889,1.4614431392443654
1.8999999999997463,66.71936388905408,1.4197381109947647
1.9099999999997461,67.3685124444854,1.0402450209022285
1.919999999999746,66.96266866676983,0.9269487131011599
1.9299999999997457,67.9366398888477,0.6088431348142801
1.9399999999997455,66.80056877802546,1.5496541045259309
1.9499999999997453,67.28763733312661,1.7892692762945428
1.959999999999745,67.44958966670823,0.6442549525907215
1.9699999999997448,67.85567377759116,1.388085526821775
1.9799999999997446,68.26146277773624,0.9666836794836715
1.9899999999997444,67.93663922209767,0.6089184873830835
1.9999999999997442,67.04383622218077,0.9663722914585964
2.009999999999744,67.44977366662512,1.322435252494863
2.019999999999744,67.28741688913831,1.2653025557530786
2.0299999999997436,67.36873377796503,1.637964799023787
2.0399999999997434,67.45008600006265,2.0042674042065443
2.049999999999743,66.71927199997953,1.1610465651200053
2.059999999999743,67.69324322209665,1.1806615442604826
2.0699999999997427,67.69329799995815,1.3391116633786109
2.0799999999997425,67.53103333337508,1.5496836695156284
2.0899999999997423,68.01786399970734,0.8169434150681051
2.099999999999742,67.20626677794552,1.30552444477772
2.109999999999742,67.12509744450715,1.2882543537130473
2.1199999999997416,67.36849411104826,0.9739388119948845
2.1299999999997414,67.77459566654115,1.6335942411542743
2.139999999999741,67.28745422220113,1.3665529532835268
2.149999999999741,67.4497180001047,1.1613097896758366
2.159999999999741,68.018028777652,1.3667963835399302
2.1699999999997406,67.7744679998105,1.3168029636357268
2.1799999999997404,67.77444900008419,1.26511873541911
2.18999999999974,67.77433877773557,0.8948020825619554
2.19999999999974,66.80064255578758,1.713133297345234
2.2099999999997397,68.26166499978889,1.5502104529576433
2.2199999999997395,67.20646911098494,1.7809618025730989
2.2299999999997393,67.77452188884673,1.4609886171068003
2.239999999999739,67.04405755572512,1.5920080137468255
2.249999999999739,67.1251347778838,1.3878362047710942
2.2599999999997387,67.6931519999788,0.8523183244380665
2.2699999999997384,67.69317033310037,0.9273543164331907
2.2799999999997382,67.36860433331289,1.3223131652293072
2.289999999999738,67.36889955557578,1.9710844675722587
2.299999999999738,67.53081444446593,0.8948130363387785
2.3099999999997376,66.88149933341839,0.8777789157478588
2.3199999999997374,66.63821288908179,1.4197546296290016
2.329999999999737,67.20615722228645,0.9508551985517081
2.339999999999737,67.61229533314126,1.7437883241376937
2.3499999999997367,66.71949155574781,1.7174729259128845
2.3599999999997365,67.69318777760691,0.9966670824163086
2.3699999999997363,67.53096111108904,1.3665379851514536
2.379999999999736,67.44960866666715,0.7406233599534825
2.389999999999736,67.85580144416483,1.6915727010066988
2.3999999999997357,67.93675011083212,1.0824014201357446
2.4099999999997355,67.36867811123983,1.5105679938549217
2.4199999999997353,66.8004594447452,1.2651511703386829
2.429999999999735,67.04396633337628,1.3665234674140174
2.439999999999735,67.04381877784235,0.8945995911912096
2.4499999999997346,66.88166522235151,1.4038652436649335
2.4599999999997344,67.93674944420735,1.0822770615612236
2.469999999999734,67.69318777775642,0.9966670823914896
2.479999999999734,67.206230111176,1.1990154002054196
2.4899999999997338,68.017974888997,1.2114636541063633
2.4999999999997335,67.5308309999135,0.9662779944822834
2.5099999999997333,67.28730666686138,0.8946898086525538
2.519999999999733,67.20619211117585,1.0820731623638038
2.529999999999733,68.1804219998265,1.420188742457689
2.5399999999997327,68.09905055544772,0.8258535657271048
2.5499999999997325,67.53084999980446,1.033028657432552
2.5599999999997323,67.28730755553352,0.8947909931468093
2.569999999999732,67.61220244446665,1.5400402124772676
2.579999999999732,68.09914266655778,1.1617423987354258
2.5899999999997316,67.85556266655779,1.061662824649987
2.5999999999997314,67.93667722239671,0.7985343549573424
2.609999999999731,67.2872892220914,0.8167586412109136
2.619999999999731,67.36856700015244,1.2173916815347898
2.6299999999997308,68.01784566647028,0.7306643794148724
2.6399999999997306,67.20637700024074,1.582640377698619
2.6499999999997303,67.2872892223317,0.8167586411735339
2.65999999999973,67.77441166657903,1.1552632208411098
2.66999999999973,66.88184833342092,1.817524572688105
2.6799999999997297,67.12500711130838,0.99633935354849
2.6899999999997295,66.88162788897642,1.3054988007027317
2.6999999999997293,67.12507933355262,1.2355122523769937
2.709999999999729,67.04381877786476,0.8945995911045975
2.719999999999729,66.88173722217705,1.582130740190405
2.7299999999997286,66.88181100026407,1.7426137953777923
2.7399999999997284,66.80045944453235,1.2649356553091355
2.749999999999728,67.53081355575414,0.8947121264135526
2.759999999999728,67.44962611130967,0.8257673804288889
2.769999999999728,67.28760088893337,1.712922370605851
2.7799999999997276,67.44962611100073,0.8257673803143086
2.7899999999997274,66.47602288904385,1.6645709635208599
2.799999999999727,66.96281444455586,1.3877303243104717
2.809999999999727,67.04400211104448,1.460750533856879
2.8199999999997267,66.47605844499905,1.743472350535038
2.8299999999997265,67.36862266671045,1.3720817028156218
2.8399999999997263,67.04391066673331,1.2112559555301738
2.849999999999726,67.69340822215509,1.6109275056295684
2.859999999999726,66.63814000004467,1.2171903966446747
2.8699999999997257,67.7745417778447,1.5060253846941378
2.8799999999997254,67.12504355542235,1.1222949906681337
2.8899999999997252,67.28747233335578,1.4147350784639128
2.899999999999725,67.53092466688962,1.2651503516078075
2.909999999999725,66.71932655586805,1.322478704389518
2.9199999999997246,67.69320677768846,1.0615052414130457
2.9299999999997244,67.77448544442206,1.3668996207747675
2.939999999999724,67.53088733335552,1.1552889896736651
2.949999999999724,67.61216600011215,1.4510186546850636
2.9599999999997237,67.93680488888829,1.2537582151086102
2.9699999999997235,67.20622944446595,1.198901817707088
2.9799999999997233,66.31348277827131,0.9660595300870274
2.989999999999723,67.77455922228935,1.5500183822702656
2.999999999999723,67.20611922235736,0.7983545588556857
3.0099999999997227,68.01801133301853,1.3171126981647197
3.0199999999997225,66.96272255562305,1.1222696122955196
3.0299999999997222,67.69340822201974,1.6105902718998697
3.039999999999722,67.20615655546604,0.9509986956936657
3.049999999999722,67.85546988879851,0.6779069418318404
3.0599999999997216,68.50515277764276,1.3173423317402426
3.0699999999997214,66.96285177789173,1.4808248020168528
3.079999999999721,66.9628517778464,1.4808248016374028
3.089999999999721,67.44982822228936,1.4661732695020444
3.0999999999997208,67.69322422219959,1.1227259593351022
3.1099999999997205,68.01806611097392,1.461381494941799
3.1199999999997203,68.26153566630416,1.211758965053706
3.12999999999972,67.61223977752758,1.6244132053701945
3.13999999999972,67.93722844439856,2.1541919969731955
3.1499999999997197,67.53103488870664,1.5497125222784467
3.1599999999997195,67.44966255560112,0.9739285608808863
3.1699999999997193,67.85558099984081,1.1225495769529141
3.179999999999719,68.18033011117933,1.161495542446949
3.189999999999719,67.85567377773182,1.388085527166345
3.1999999999997186,67.85580155548702,1.6921098018033907
3.2099999999997184,67.12502366678133,1.0613376147388536
3.219999999999718,67.77439422219904,1.0957800183836148
3.229999999999718,66.88155411127126,1.0819333086200078
3.2399999999997178,67.61203833321875,1.082262252267217
3.2499999999997176,67.6121295555323,1.3556308168978477
3.2599999999997173,67.2873265556706,0.9664026761742056
3.269999999999717,67.69318777782507,0.9968481488500536
3.279999999999717,66.88166588904919,1.40396241779914
3.2899999999997167,67.77435622187825,0.9666373596316334
3.2999999999997165,68.0179567775488,1.1553929093419655
3.3099999999997163,66.96288911124908,1.568462077814379
3.319999999999716,67.28736211115611,1.0957160641115102
3.329999999999716,67.44981011108933,1.4196760403871747
3.3399999999997156,67.69320611115855,1.0615482907952516
3.3499999999997154,67.61229522243,1.7432158691646549
3.359999999999715,68.18031177768509,1.102767288279252
3.369999999999715,67.53110777784677,1.7130448536133305
3.379999999999715,67.28763733337885,1.789572839603761
3.3899999999997146,67.36847666664414,0.9028758610612839
3.3999999999997144,67.53085000023165,1.0331168625044456
3.409999999999714,67.77444900002325,1.2653342195407302
3.419999999999714,67.77444900009357,1.2655488490841613
3.4299999999997137,67.04374588909744,0.5164973109546808
3.4399999999997135,66.88159122250191,1.1989763090719736
3.4499999999997133,67.61225722210409,1.6652828857421234
3.459999999999713,67.69315133351886,0.8523719390735105
3.469999999999713,67.2875635556025,1.6334526418131512
3.4799999999997127,67.93676755541573,1.1423408069077334
3.4899999999997124,68.34263122198894,0.878074276485079
3.4999999999997122,67.12495077791714,0.7700077234467523
3.509999999999712,68.42392899976649,1.2364216036356601
3.519999999999712,67.53105233319367,1.5923302561082289
3.5299999999997116,66.96285177815356,1.480458878686586
3.5399999999997114,67.04387355571903,1.0955318517849773
3.549999999999711,67.1251721110872,1.480920204190537
3.559999999999711,67.20613822238633,0.8778705391772605
3.5699999999997107,67.61201933347407,1.0187443292453429
3.5799999999997105,67.85552622231664,0.9273472696671607
3.5899999999997103,67.12519022229297,1.525556251435478
3.59999999999971,66.96277733347537,1.2883811387169417
3.60999999999971,67.61201933323943,1.0187443292025105
3.6199999999997097,67.20617466685555,1.0185793876273435
3.6299999999997095,67.2062848889601,1.355945425273135
3.6399999999997092,67.85556266659528,1.0616628244298218
3.649999999999709,67.61222144434925,1.582774595944546
3.659999999999709,68.18044033290869,1.466072665798789
3.6699999999997086,67.20621111120678,1.1420021924710606
3.6799999999997084,68.09910622208048,1.0404375907219008
3.689999999999708,67.36853144434993,1.1025296760638392
3.699999999999708,67.36849344465831,0.9740790331647172
3.7099999999997078,67.04383622212723,0.9662779933541081
3.7199999999997075,67.5309421111819,1.3169403876188852
3.7299999999997073,66.71954700026045,1.8298296350588195
3.739999999999707,67.04379977796727,0.8167097449242903
3.749999999999707,66.80031188931687,0.7303757123585773
3.7599999999997067,67.44982911113463,1.465925839813245
3.7699999999997065,66.9627225557225,1.1222696122592397
3.7799999999997063,67.12509744451512,1.2882543535725708
3.789999999999706,68.01797399997604,1.2115385001403216
3.799999999999706,68.34281522205502,1.4513462150299765
3.8099999999997056,67.53101500014299,1.5059791778942786
3.8199999999997054,67.61218344437314,1.496509585283055
3.829999999999705,66.71945511137434,1.6376568100878843
3.839999999999705,67.20639599983302,1.6242603082918903
3.8499999999997048,66.96264877784947,0.8521256578587393
3.8599999999997046,67.28782133347812,2.1284392810235615
3.8699999999997043,67.36856699990416,1.2173916819131119
3.879999999999704,67.28767377801887,1.8625383568972251
3.889999999999704,66.80062444456368,1.673503881862803
3.8999999999997037,67.44977366666664,1.322846730301037
3.9099999999997035,67.36864100014412,1.41978876209597
3.9199999999997033,67.61194555557964,0.7099518114468377
3.929999999999703,67.28749066676205,1.4612370861666386
3.939999999999703,67.61211122224684,1.3057941250097849
3.9499999999997026,67.04381877768094,0.894701443374468
3.9599999999997024,67.7744116664501,1.1551069865076806
3.969999999999702,67.61218588876804,1.4961757418095276
3.979999999999702,67.3684751112802,0.9028260212176672
3.989999999999702,67.2063032222712,1.4041375682636539
3.9999999999997016,66.96299844468714,1.8057834009364955
4.009999999999701,67.28725122241603,0.6325849851406091
4.019999999999701,67.36860433340657,1.3223820745266743
4.029999999999701,67.36845766659418,0.8256650858813422
4.039999999999701,68.18027444408023,0.9742427846453806
4.0499999999997005,68.18038488876815,1.3228385782901593
4.0599999999997,66.6382128892542,1.4194983947403323
4.0699999999997,67.36862333340632,1.3722472667737744
4.0799999999997,67.44999411094058,1.830244170616568
4.0899999999997,67.77470599985388,1.8631179129371387
4.099999999999699,67.20621200026777,1.1421613203261347
4.109999999999699,67.93665733299112,0.7099575000350024
4.119999999999699,67.36853144439573,1.1026123213053771
4.129999999999699,68.01790044429794,0.9665284619173956
4.139999999999699,67.61209311103784,1.253363839652593
4.149999999999698,67.28749155557917,1.4609265604882082
4.159999999999698,67.61196300004843,0.7983695934128385
4.169999999999698,66.96264877807268,0.8522325861717315
4.179999999999698,66.80056966681381,1.5494204253329458
4.1899999999996975,67.77446644424694,1.317387975838107
4.199999999999697,66.96272255577775,1.1222696121485813
4.209999999999697,66.88153666683812,1.0184245594178927
4.219999999999697,67.53088733345689,1.1548178104055193
4.229999999999697,67.04378233316139,0.7304998793444404
4.2399999999996965,66.96277800017171,1.2882753639978128
4.249999999999696,67.61203677765495,1.0822210675509663
4.259999999999696,67.4496451111596,0.9028665671366853
4.269999999999696,66.71927111143253,1.1612029081436068
4.279999999999696,67.1251895556045,1.5252888876497737
4.289999999999695,67.93676844404867,1.1424194888842385
4.299999999999695,67.36845766651774,0.8257754402518882
4.309999999999695,67.44975444461797,1.2710105186243876
4.319999999999695,67.61194555543217,0.7099518113499805
4.3299999999996945,66.96283344464162,1.4350173445531968
4.339999999999694,66.88153666679094,1.018424559249009
4.349999999999694,67.44969988896287,1.1025175290993554
4.359999999999694,67.28749066689072,1.460864588975174
4.369999999999694,67.40903137494296,0.7809915395721191
4.3799999999996935,67.40915362488761,1.2347839479042628
4.389999999999693,66.13115837555965,1.6445343083496564
4.399999999999693,67.04389387528016,1.171083888881892
4.409999999999693,67.31792212511438,1.4576350065929482
4.419999999999693,66.95276575022288,1.6298356842170965
4.429999999999692,67.04387425005683,1.1041766442379202
4.439999999999692,66.86128450014029,1.154716898755064
4.449999999999692,67.40907237488774,0.9565025337674246
4.459999999999692,67.04401787497288,1.5121493131016388
4.4699999999996916,67.04409987511151,1.7013208786803304
4.479999999999691,66.77003237547818,1.2910800316939224
4.489999999999691,67.86564762474717,0.8227134777982982
4.499999999999691,67.59172199980273,1.014572414903595
4.509999999999691,68.13969549960471,1.0332455498455653
4.5199999999996905,67.95696112485824,0.7561779503729641
4.52999999999969,67.31794175028222,1.5091519922561465
4.53999999999969,66.95257937525497,1.1342580524769803
4.54999999999969,67.40919562471768,1.3524881467803325
4.55999999999969,67.22650325005633,1.1547693554039338
4.569999999999689,67.22664862502825,1.5496929959056025
4.579999999999689,67.22637924983017,0.6474699688759428
4.589999999999689,67.7743527499428,0.9565836619459225
4.599999999999689,67.77431074974413,0.780981050621419
4.609999999999689,67.59180499999964,1.2800766993668864
4.619999999999688,67.86577062463057,1.2617406793216286
4.629999999999688,68.13961249957262,0.6764833268244728
4.639999999999688,68.13973649965823,1.171703772262138
4.649999999999688,67.13518875014225,1.1342406534776333
4.6599999999996875,67.59174337511435,1.0870446088337233
4.669999999999687,66.58742300008517,1.2306557015160937
4.679999999999687,68.04840062474192,1.1673772270847602
4.689999999999687,68.04858712454202,1.6544805600720829
4.699999999999687,67.13510575011392,0.8225283545462054
4.709999999999686,67.31788012502768,1.349285286875175
4.719999999999686,67.04399724991471,1.4608040147318972
4.729999999999686,67.22640062525684,0.7561430324881186
4.739999999999686,67.5918057502297,1.2800359668386785
4.749999999999686,67.04395625002724,1.3523922672720154
4.759999999999685,66.86151187511584,1.7349633645243738
4.769999999999685,68.048297999886,0.7749833794909087
4.779999999999685,67.50038687482743,0.951496711382613
4.789999999999685,66.95262037497169,1.2612303399453362
4.7999999999996845,67.50048950014353,1.2915329621393614
4.809999999999684,68.32244924959687,1.2806095012889611
4.819999999999684,67.50053149974158,1.4043393070946575
4.829999999999684,67.95694149971192,0.6476159035938415
4.839999999999684,67.22644162517247,0.9363325868921095
4.8499999999996835,66.67877950011528,1.4075749557633612
4.859999999999683,67.77443574959473,1.2348603134085874
4.869999999999683,67.04408025014504,1.656288456844962
4.879999999999683,67.95704412471015,1.0871092028541323
4.889999999999683,67.59176300011553,1.1550242840746259
4.899999999999682,66.95262037502857,1.2612303404073095
4.909999999999682,67.31777749985474,1.0284008322858675
4.919999999999682,68.41380674950598,1.3209975349150962
4.929999999999682,67.5917637496798,1.154979141673062
4.9399999999996815,67.22644162508742,0.9362213596018899
4.949999999999681,67.59164074988405,0.6476021242253369
4.959999999999681,67.59170137476727,0.9362305004057976
4.969999999999681,67.50055212529153,1.4576675007734137
4.979999999999681,67.59178537485518,1.219345894323788
4.9899999999996805,68.04844237476736,1.2914977532272778
4.99999999999968,67.22654425014599,1.2802663195556958
5.00999999999968,67.04389387520406,1.1714388253717902
5.01999999999968,67.95714774956237,1.394569604873607
5.02999999999968,66.8612845002333,1.1547168986207441
5.039999999999679,67.6830372499425,0.9906416824578893
5.049999999999679,67.40950599997167,2.02837917217973
5.059999999999679,68.13969549982447,1.0334451561119167
5.069999999999679,67.86589462494152,1.5830613450719115
5.0799999999996786,66.86136750032229,1.3938999748253864
5.089999999999678,67.95739549970696,1.941958527905956
5.099999999999678,66.95262037508786,1.2612303400603186
5.109999999999678,66.86145050011783,1.597863046870311
5.119999999999678,67.13527075011739,1.376890931882723
5.1299999999996775,67.59182637514732,1.3383248589741037
5.139999999999677,68.13961249985269,0.6764833268193804
5.149999999999677,67.22656562488206,1.3382022717456055
5.159999999999677,66.58750600029613,1.4574468891450592
5.169999999999677,67.13533412523633,1.5340606192389608
5.179999999999676,66.8612845005324,1.1548070812350981
5.189999999999676,67.77439374997144,1.1045213348501182
5.199999999999676,67.40911262494049,1.1044193466153553
5.209999999999676,66.95249637505997,0.8224046699218129
5.219999999999676,67.13518875003032,1.1342406532852092
5.229999999999675,67.13522974999962,1.2615374884856234
5.239999999999675,67.68334687497155,1.8080555610316498
5.249999999999675,66.58762925038515,1.7431895970304203
5.259999999999675,67.59186637493968,1.44805906730113
5.2699999999996745,66.6787795002676,1.4075009691374496
5.279999999999674,67.22668962479237,1.6447700293259915
5.289999999999674,66.8613264998507,1.2801515329321087
5.299999999999674,67.59197074996898,1.6911165664270456
5.309999999999674,66.67853150017945,0.390393306636981
5.319999999999673,67.59190837488109,1.5497758549241551
5.329999999999673,67.40942300011953,1.8725082090772345
5.339999999999673,67.77437237467183,1.0331791844881157
5.349999999999673,67.4092579999997,1.5121836774821815
5.359999999999673,67.40913399991075,1.1714384706078407
5.369999999999672,67.77435274988046,0.9565836622554474
5.379999999999672,66.86138787509033,1.4476591028236776
5.389999999999672,67.31792212502967,1.4576350064248227
5.399999999999672,67.04385187505922,1.0329946250107276
5.4099999999996715,67.13545812491004,1.8078339235775136
5.419999999999671,66.313952375418,2.1013441337847354
5.429999999999671,67.13516912511987,1.064925473224916
5.439999999999671,67.13518950006019,1.1341032066653538
5.449999999999671,67.04391525009223,1.2345807365489396
5.4599999999996705,67.04383225015059,0.9563671901388513
5.46999999999967,67.68301587478915,0.9104165684887671
5.47999999999967,67.0441008749698,1.701806952545238
5.48999999999967,67.68309987469866,1.199719106613467
5.49999999999967,66.58746500006065,1.3487494692570792
5.509999999999669,67.59161937481838,0.5165960029001265
5.519999999999669,67.50040649991001,1.028375868102092
5.529999999999669,67.13522975003063,1.2615374885971944
5.539999999999669,67.50038787466801,0.9516051908736518
5.5499999999996685,67.50051087493964,1.3490582354920901
5.559999999999668,68.04827662487804,0.6694060566077586
5.569999999999668,67.50030487475786,0.5435664437533327
5.579999999999668,67.5917647498792,1.155068420505947
5.589999999999668,67.50046987503114,1.2309450263542392
5.5999999999996675,67.22656562496904,1.3382800899595595
5.609999999999667,67.13535475002966,1.582833436424235
5.619999999999667,67.40929899996965,1.6101168212584354
5.629999999999667,67.31783912499932,1.2306816142307808
5.639999999999667,67.13529212521266,1.4311393142588162
5.649999999999666,67.40919737509068,1.3525261091855738
5.659999999999666,67.0439152503348,1.2345807365040196
5.669999999999666,67.31775612506118,0.9514652326769182
5.679999999999666,67.3179425000005,1.5093240520654312
5.6899999999996655,65.8573161255799,1.6059336019900925
5.699999999999665,67.59168099996982,0.8511315935211775
5.709999999999665,66.40487600024407,1.3201170766445818
5.719999999999665,67.68309962475465,1.1995028924187858
5.729999999999665,67.135125375092,0.9104880523094875
5.7399999999996645,67.40936162512286,1.7460249755724997
5.749999999999664,67.04412125005965,1.7457532589895952
5.759999999999664,67.22644162509164,0.9362213595571545
5.769999999999664,65.94848662543004,1.3521813608178
5.779999999999664,67.04389562518409,1.1712172743742524
5.789999999999663,66.7699903750925,1.167262514458769
5.799999999999663,67.31775712527661,0.9515739355272046
5.809999999999663,67.86601874978446,1.8502133826610343
5.819999999999663,67.59166037475404,0.7561769843446338
5.829999999999663,67.9569621247233,0.7563137551727135
5.839999999999662,67.86583299993752,1.43149972252371
5.849999999999662,67.59168174996869,0.851070332163713
5.859999999999662,67.86566724990726,0.9106373016655289
5.869999999999662,67.04381087521529,0.8730994421444426
5.8799999999996615,67.22650324984546,1.1550391471285992
5.889999999999661,67.31788112481482,1.3489781161798124
5.899999999999661,67.22646300009215,1.0144187283035042
5.909999999999661,66.95255875003112,1.064842637043481
5.919999999999661,67.50098737484282,2.3085287783890998
5.92999999999966,67.86579199962812,1.3207138028920427
5.93999999999966,67.40923737527945,1.4607741910229692
5.94999999999966,67.40909299990707,1.0332120127755031
5.95999999999966,67.77433312490706,0.8732956988782666
5.96999999999966,67.31777750003117,1.0284008318977103
5.979999999999659,68.13967487472048,0.9567723698436313
5.989999999999659,67.04401787506113,1.5123545711324708
5.999999999999659,68.23107237487505,1.1676134133146219
6.009999999999657,67.50038687496948,0.9514967116218483
6.0199999999996585,67.04393662515734,1.2950476144321486
6.02999999999966,68.32249062481387,1.395127209181615
6.039999999999658,67.22666924984277,1.597987414875843
6.049999999999656,67.04397687534393,1.4076974189965399
6.059999999999658,67.40950612481204,2.0295022065017214
6.069999999999659,67.50053149987606,1.4043393069468
6.079999999999657,66.95258012515677,1.134120745922885
6.089999999999655,67.31810849993765,1.8699315342045906
6.099999999999657,67.50038687468835,0.9514967115281944
6.109999999999658,67.77447674981133,1.3529286253781136
6.119999999999656,67.95743749984432,2.0197032318562567
6.129999999999654,67.22658625006358,1.394142090649852
6.139999999999656,66.49608712522041,1.0868070011142459
6.1499999999996575,67.50053149993748,1.4043393068294374
6.1599999999996555,67.31796312484171,1.559068104674708
6.1699999999996535,67.68307924990611,1.1342401012039867
6.179999999999655,66.58752662537913,1.508707050507593
6.189999999999657,67.3179015002511,1.404671221421193
6.199999999999655,68.1400256246854,1.8733755591427437
6.209999999999653,67.13527075031662,1.3770415849242899
6.219999999999654,66.77017700028463,1.6535296362531244
6.229999999999656,67.22648262512416,1.0868618025906964
6.239999999999654,67.31796312499925,1.558669106527808
6.249999999999652,66.76997000047658,1.09988080357791
6.259999999999653,67.5007178753164,1.8287265686538878
6.269999999999655,67.22646299990497,1.0144187285911312
6.279999999999653,67.6831622498091,1.377379648506238
6.289999999999651,67.50049049977719,1.291453179885195
6.2999999999996525,67.86568862481165,0.990840040815927
6.309999999999654,67.50046987471563,1.2309450263843362
6.319999999999652,67.40927862528498,1.5618352769154793
6.32999999999965,66.13103437544677,1.3381062207616543
6.339999999999652,67.59184599987313,1.394104923975695
6.349999999999653,66.7701770001274,1.6535296363188572
6.359999999999651,68.1396328744591,0.7809705581613061
6.369999999999649,67.04395625041724,1.3528521037894008
6.379999999999651,66.95255875006372,1.064744834503826
6.389999999999652,67.13539550006413,1.676560659085231
6.39999999999965,67.68305787455382,1.064986512968663
6.409999999999648,67.5921573750012,2.057034030757381
6.41999999999965,66.95282737512869,1.7651228939837198
6.4299999999996515,67.31792112499832,1.4572797073923256
6.43999999999965,68.23099037468077,0.8678502156296157
6.449999999999648,67.4093196249688,1.656710972071348
6.459999999999649,67.77435274984023,0.9565836620950898
6.469999999999651,67.95698349980839,0.8511813721901246
6.479999999999649,67.31771512487221,0.7748085052161955
6.489999999999647,67.86604024970858,1.8906191548325648
6.499999999999648,66.86147087509562,1.6445918522183975
6.50999999999965,67.31783912522464,1.230681614220362
6.519999999999648,66.95255799993576,1.06459844922675
6.529999999999646,67.13527174996837,1.3769662017066657
6.539999999999647,66.8613468749997,1.3382542809947262
6.549999999999649,66.77003337506378,1.2909999524612723
6.559999999999647,67.13554112512922,1.969317748432986
6.569999999999645,66.4048538755494,1.2612098127608156
6.579999999999647,66.6787795003865,1.4072805172378153
6.589999999999648,68.04833899974322,0.9515716695042354
6.599999999999646,67.5918663749023,1.4480590670449356
6.609999999999644,67.13535475016366,1.5828334360380514
6.619999999999646,67.40917499980695,1.294833667005752
6.629999999999647,67.40944362490437,1.913153392731736
6.639999999999645,67.13518875000068,1.133965913194891
6.649999999999643,67.40909299983778,1.0332120127118913
6.659999999999645,67.04399825025966,1.4608750320390729
6.669999999999646,67.04383224999911,0.9563671900405283
6.6799999999996444,67.591763000098,1.15511444283977
6.6899999999996425,66.9525177503261,0.9104382175594191
6.699999999999644,67.59211549983898,1.981948983686333
6.709999999999646,66.22218387512994,0.9101186827716248
6.719999999999644,66.13107537539031,1.4473315223411003
6.729999999999642,67.68312124986922,1.2618443128437773
6.739999999999643,66.95260075013026,1.199274024409161
6.749999999999645,67.77437312464322,1.0331285665415724
6.759999999999643,66.40491725029251,1.4309598791913252
6.769999999999641,67.68316124983531,1.377229242711198
6.779999999999642,67.6830382497717,0.9908507724359469
6.789999999999644,67.22646224954467,1.0145724662361575
6.799999999999642,68.04850399983609,1.4581071505863867
6.80999999999964,66.4049582501973,1.5335777730330382
6.8199999999996415,66.95259975009782,1.1994472280631505
6.829999999999643,66.58763099999989,1.7433980471905264
6.839999999999641,66.67863487529384,0.9563407347391196
6.849999999999639,67.9572511247036,1.6454572765801048
6.859999999999641,68.04825599983552,0.543603381017004
6.869999999999642,67.50038687486969,0.9514967119848591
6.87999999999964,66.86122387539434,0.9360186228104744
6.889999999999638,67.13529212513227,1.4311393140966524
6.89999999999964,68.13957049993473,0.3905686297161408
6.909999999999641,67.95698349999955,0.8511813720166169
6.919999999999639,66.67861450032893,0.872822633899153
6.929999999999637,66.67886150036556,1.6100093664831499
6.939999999999639,67.50040650013221,1.0283758684752564
6.9499999999996405,66.95276475013131,1.6301526630612313
6.9599999999996385,67.13518874993338,1.1339659131962254
6.9699999999996365,67.2265032499997,1.1547693552821288
6.979999999999638,67.50034587493464,0.7748582044242786
6.98999999999964,67.68312024999929,1.2612696260012803
6.999999999999638,66.67867512506646,1.1044982364207485
7.009999999999636,67.77439374993395,1.1045213346537677
7.019999999999637,66.13103337499984,1.3381829355334194
7.029999999999639,67.31779712519752,1.1000162159788274
7.039999999999637,67.59203349986656,1.8216084799227956
7.049999999999635,67.50038687506577,0.95149671123748
7.059999999999636,67.31779812509947,1.1002048991337015
7.069999999999638,67.22691812503294,2.0941669301053465
7.079999999999636,67.77437237493413,1.0331791843496385
7.089999999999634,67.22718562493203,2.521883118361677
7.0999999999996355,67.2264826250334,1.0869576155130196
7.109999999999637,67.22689562463496,2.056469073176729
7.119999999999635,67.59170137486751,0.9362305001595665
7.129999999999633,67.77439375010087,1.1047080627316241
7.139999999999635,66.67873850006696,1.2947005468556654
7.149999999999636,67.04391524986653,1.2345807362081813
7.159999999999634,66.95253737540065,0.9905217102029057
7.169999999999632,67.409071625033,0.956556879513296
7.179999999999634,67.86572887479804,1.1343611651888494
7.189999999999635,66.67896512529974,1.8311666247924754
7.199999999999633,67.40934000003433,1.701634793610889
7.209999999999631,67.95702374963018,1.0146490008121611
7.219999999999633,67.77441437483256,1.1715716462112975
7.2299999999996345,67.4092579998673,1.512183677632987
7.2399999999996325,67.04401862536838,1.5118410637931525
7.2499999999996305,67.68303824986509,0.9908507723066728
7.259999999999632,66.95278537499958,1.6765052895393278
7.269999999999634,67.31783912486445,1.230681614273055
7.279999999999632,67.59178537469703,1.2193458942231576
7.28999999999963,67.77443474989744,1.2348613085167066
7.299999999999631,67.13537412510131,1.6306886136401249
7.309999999999633,67.22650399983263,1.1549942760324203
7.319999999999631,67.22646299989918,1.01441872802796
7.329999999999629,66.95266137516965,1.377068343617776
7.33999999999963,68.04858812466234,1.6545425706460617
7.349999999999632,66.8614915000669,1.6905498115811652
7.35999999999963,67.04401862523706,1.5118410640097482
7.369999999999628,66.03963512513542,0.9511192794475956
7.3799999999996295,67.13506649996613,0.6096570293819363
7.389999999999631,66.86130587499981,1.2189847738050275
7.399999999999629,67.13529137513527,1.43117547280864
7.409999999999627,67.50032449986477,0.6692411347029197
7.419999999999629,66.40487525033863,1.3199986564175128
7.42999999999963,66.77003337500093,1.2909999521076458
7.439999999999628,67.40913400003417,1.171172456528492
7.449999999999626,67.50044849986361,1.167349186152756
7.459999999999628,67.22644162510217,0.9363325868327658
7.469999999999629,67.95718949986404,1.4995960588196582
7.479999999999627,67.31775787476231,0.9514099355748524
7.489999999999625,67.77429112479498,0.6764055543183792
7.499999999999627,67.59215750013544,2.0574381854568933
7.5099999999996285,66.77025900020175,1.8286526786554989
7.5199999999996265,67.40907237516969,0.956502533883509
7.5299999999996245,66.86130487506807,1.2191550916002256
7.539999999999626,67.68293387486347,0.46820863263278745
7.549999999999628,67.68314087499985,1.3207004063639094
7.559999999999626,66.86128450023942,1.1548070807834607
7.569999999999624,67.68303824996615,0.9908507722281439
7.579999999999625,66.67861350020422,0.8729409557071379
7.589999999999627,66.67865549996647,1.0328780727051714
7.599999999999625,67.68313987506826,1.3207785799452354
7.609999999999623,67.31773650034458,0.8676742952868407
7.619999999999624,67.13525112496558,1.3202972263851942
7.629999999999626,67.59195037496524,1.6449644129697922
7.639999999999624,67.86601962476043,1.8499310499753099
7.649999999999622,67.86583224975824,1.4316090543322673
7.6599999999996236,67.40921599982838,1.407378670635829
7.669999999999625,67.77426975013631,0.5522828236421266
7.679999999999623,66.95297174993232,2.0449294893354657
7.689999999999621,67.95716912472355,1.44778438823552
7.699999999999623,66.5874632501714,1.3490183843020376
7.709999999999624,66.86134687482812,1.338254281011986
7.719999999999622,67.68309887472492,1.199805163077233
7.72999999999962,67.95702449972248,1.0145973034209759
7.739999999999622,67.40909199975852,1.033112001299896
7.749999999999623,67.68320325020431,1.4836666985230242
7.759999999999621,67.04391525041383,1.2344963813569643
7.769999999999619,67.50042787465232,1.1000356648632088
7.779999999999621,67.50065549979182,1.6989308665359202
7.789999999999623,67.86593562489662,1.6769094821548978
7.799999999999621,67.31779887503488,1.1000630576007333
7.809999999999619,67.59172200013903,1.0145724149736177
7.81999999999962,67.95704512465433,1.0872036713808073
7.829999999999622,66.77005300027615,1.3487523314424836
7.83999999999962,67.31798449996488,1.6068540179591755
7.849999999999618,67.22654424989443,1.2800229220900088
7.859999999999619,66.49618975024376,1.3939371383432253
7.869999999999621,67.59224049996615,2.2005679392676987
7.879999999999619,66.22251387545208,1.8074089867320735
7.889999999999617,67.95727274996356,1.6907646331269315
7.899999999999618,66.9525373749303,0.9906268408791373
7.90999999999962,66.77015562544956,1.6068015815288836
7.919999999999618,68.04852462479016,1.5093228552928626
7.929999999999616,67.50030487510477,0.5435664433067304
7.939999999999618,67.22642025048903,0.850989888520271
7.949999999999619,67.86570824999954,1.0649726822239771
7.959999999999617,67.5918253748605,1.3387125009956156
7.969999999999615,67.13529137489404,1.4311754725149444
7.979999999999617,67.86579124982524,1.320753458268639
7.989999999999618,67.50042787489504,1.100035664589519
7.999999999999616,67.68295525013906,0.6096982392309725
8.009999999999614,67.31775612475468,0.9513557747720188
8.019999999999616,67.59188874993042,1.4998661167174745
8.029999999999617,67.95700312496561,0.93665414321739
8.039999999999615,67.40917499971883,1.2948336667359628
8.049999999999613,66.76994937507118,1.0283445797088664
8.059999999999615,67.86572962503455,1.1344968169219496
8.069999999999617,67.40915537485985,1.2345731729096476
8.079999999999615,67.68309887478915,1.1998051633947158
8.089999999999613,67.31788112489231,1.348978115934319
8.099999999999614,67.04395725035103,1.3524689773379808
8.109999999999616,67.77429037471863,0.676482864996805
8.119999999999614,67.59170137496463,0.9363417262733437
8.129999999999612,67.50051012500032,1.3489430515060659
8.139999999999613,67.13514675007056,0.9906157671200079
8.149999999999615,67.68342987475329,1.9687603548766128
8.159999999999613,66.67875887517573,1.3524118270827814
8.169999999999611,67.22658699943307,1.394030213182918
8.179999999999612,67.40944362496475,1.9128288727924148
8.189999999999614,67.04397687531565,1.4077713950801383
8.199999999999612,66.58731962507193,0.867358770316605
8.20999999999961,67.31800512507081,1.6538545577234198
8.219999999999612,66.95262037507104,1.2612303400515634
8.229999999999613,67.31773649996505,0.8675542657159122
8.239999999999611,67.5919083748588,1.5496419947348155
8.24999999999961,66.86126387503407,1.0868939655831662
8.25999999999961,67.13522975028464,1.2615374880937
8.269999999999612,67.68320325003515,1.4836666984957467
8.27999999999961,67.04387500010671,1.1043177124479506
8.289999999999608,67.04393662532264,1.294806995383665
8.29999999999961,67.50067687492833,1.7435375838520126
8.309999999999611,68.13990262450457,1.6107392763369257
8.31999999999961,68.048421999466,1.2312128808271743
8.329999999999607,67.50051087510788,1.348904456576259
8.339999999999609,67.043894625142,1.1713058107541385
8.34999999999961,67.22644162482294,0.9363325868797742
8.359999999999609,68.04825600007185,0.5436033810333071
8.369999999999607,67.22650325007271,1.1547693552678309
8.379999999999608,68.04846299985701,1.3495136433368684
8.38999999999961,66.95268275028413,1.4311681779131575
8.399999999999608,67.0438938752504,1.1711728110593438
8.409999999999606,67.13554012528765,1.9695280663430106
8.419999999999607,66.77013500014446,1.558706554540274
8.429999999999609,68.04842099971464,1.2311295475734356
8.439999999999607,67.9570655,1.1553000350781548
8.449999999999605,67.22640062489197,0.7560052954501215
8.459999999999607,68.2309063746051,0.3781664501682326
8.469999999999608,67.59176375003535,1.154979141421205
8.479999999999606,66.95282737492754,1.7653583987773271
8.489999999999604,66.77021800010944,1.743439693335871
8.499999999999606,67.13525112492755,1.3202972266709743
8.509999999999607,67.68320250010754,1.4837728772289063
8.519999999999605,66.5874033751426,1.1668045103570097
8.529999999999603,67.13533312492828,1.533925168184978
8.539999999999605,66.86122287503623,0.9362404185334053
8.549999999999606,67.86583224971248,1.4318250322868349
8.559999999999604,67.50044850000018,1.167438392978906
8.569999999999602,67.40925800003623,1.5121148088792629
8.579999999999604,67.68299724971085,0.8227159988202078
8.589999999999606,67.68328524985618,1.676761459807657
8.599999999999604,67.13518875003683,1.1339659130847948
8.609999999999602,66.9527453746359,1.5828677908917657
8.619999999999603,66.95255875039884,1.0647448345814066
8.629999999999605,67.95700312478263,0.9364339054399452
8.639999999999603,68.41403349974632,1.8501714156601705
8.6499999999996,67.13551974999973,1.9302542079251612
8.659999999999602,68.4136817494561,0.9108500244214497
8.669999999999604,67.6831202501812,1.2612696260410863
8.679999999999602,67.77428937496337,0.6763307219779984
8.6899999999996,67.7743723751103,1.0331791842213467
8.699999999999601,67.5007393751454,1.870739667126655
8.709999999999603,67.31796412471111,1.5588022731412852
8.719999999999601,67.86579124978113,1.3208323043914239
8.729999999999599,67.40917499985406,1.2948336674591263
8.7399999999996,66.95280674999961,1.7215198287106643
8.749999999999602,67.68311949999858,1.2616405793525107
8.7599999999996,67.31773650003623,0.8675542655827855
8.769999999999598,66.67859212551473,0.7808152811857181
8.7799999999996,67.31804624992675,1.7443286450487892
8.789999999999601,67.13533412511006,1.534060619225266
8.7999999999996,66.77009400043808,1.4574436679472853
8.809999999999597,67.68305787441207,1.064986512876847
8.819999999999599,67.04412125003645,1.7457532591631506
8.8299999999996,66.77001099996355,1.2307505774616856
8.839999999999598,68.4138057492311,1.320685171343955
8.849999999999596,67.13531275036897,1.483510232000395
8.859999999999598,67.6830578750353,1.0649865126777216
8.8699999999996,66.8613468749643,1.3382542806965256
8.879999999999598,67.59188699985296,1.4998321275908448
8.889999999999596,67.86585462503709,1.4835665838155767
8.899999999999597,67.13535374996223,1.5828990150602862
8.909999999999599,67.86568862470544,0.9908400408754111
8.919999999999597,66.67902650036707,1.951955761124303
8.929999999999595,66.76992800011028,0.9513903653431535
8.939999999999596,67.68314162455692,1.3207381918962389
8.949999999999598,67.59184599989034,1.3945510067200797
8.959999999999596,66.67867512544227,1.1041217812174386
8.969999999999594,67.3176955001851,0.6692539211232474
8.979999999999595,68.0482766244101,0.6694060567535671
8.989999999999597,67.22652462507395,1.2190271463492568
8.999999999999595,67.68328637477906,1.6774414179461563
9.009999999999593,67.22658624988888,1.394142090441061
9.019999999999595,67.59180574996236,1.2802793614861547
9.029999999999596,67.13518875007415,1.1342406531417337
9.039999999999594,67.50051187485111,1.3489809782862021
9.049999999999592,67.40913399992483,1.1714384707894556
9.059999999999594,67.22644162525911,0.9362213596767454
9.069999999999595,67.50044924977963,1.167304586997535
9.079999999999593,67.40909199977744,1.033112000972897
9.089999999999591,67.59182537496395,1.3386347077462255
9.099999999999593,67.31796312507437,1.5586691062890177
9.109999999999594,67.22648262503645,1.0869576150914577
9.119999999999592,65.94854900041022,1.5114996841119033
9.12999999999959,67.77445612473835,1.2950607403173122
9.139999999999592,66.58771200000072,1.9097678669436546
9.149999999999594,66.95264275018502,1.320400685497624
9.159999999999592,66.8612228748126,0.9361291802012366
9.16999999999959,66.86120150022566,0.8508779900417114
9.179999999999591,68.13975612443865,1.2352727233819474
9.189999999999593,66.58740162544636,1.1671142148484823
9.19999999999959,67.04389387541273,1.171172811066482
9.209999999999589,67.68309887484965,1.1998051630602948
9.21999999999959,66.77001100026342,1.2306659594435976
9.229999999999592,66.86124425026088,1.0143424510593386
9.23999999999959,67.40958912529827,2.1745749268021246
9.249999999999588,67.04395625022576,1.3526226420599694
9.25999999999959,67.13516812514986,1.0648281463099467
9.269999999999591,67.68297662485034,0.72404734777939
9.279999999999589,67.59170237469922,0.9364518496929126
9.289999999999587,67.13522974981093,1.261290476435758
9.299999999999589,66.49618975018802,1.3939371385704553
9.30999999999959,66.86136750037413,1.3938999750350332
9.319999999999588,66.40489762533839,1.3766545758266726
9.329999999999586,67.22646224992515,1.0141626313385603
9.339999999999588,67.68320324969889,1.4836666984884972
9.34999999999959,68.23098937421425,0.8677322277287958
9.359999999999587,66.9525177501883,0.9103238266353486
9.369999999999585,67.68305787503718,1.0649865125391387
9.379999999999587,67.13549837526463,1.8903285275012927
9.389999999999588,67.77433212473676,0.8731778491439081
9.399999999999586,67.86597762451028,1.7651893794029063
9.409999999999584,67.86591524965762,1.630930181437361
9.419999999999586,67.22644162503794,0.9363325864387184
9.429999999999588,66.86126387533983,1.0868939651736
9.439999999999586,66.58762925022697,1.7432493368777557
9.449999999999584,67.68301862496193,0.9106998578706892
9.459999999999585,68.23127874958335,1.6999574477596247
9.469999999999587,67.7744553748115,1.2948605122168746
9.479999999999585,67.13531275015245,1.4835804279613407
9.489999999999583,67.13531275007696,1.4835804283245568
9.499999999999584,68.048296999584,0.7748509812808285
9.509999999999586,67.50046987499996,1.2306918748862652
9.519999999999584,67.40921600000073,1.4073786702059705
9.529999999999582,66.86165650007513,2.0189351644638656
9.539999999999583,67.50040750019012,1.028577490131141
9.549999999999585,67.40915362541625,1.2347839477103522
9.559999999999583,67.2264836249992,1.0867661953949685
9.569999999999581,66.86130587511443,1.2189847739477278
9.579999999999583,66.95272375026629,1.5342952270011798
9.589999999999584,66.95272475026529,1.533418495569766
9.599999999999582,68.5049962497336,0.7812910731317877
9.60999999999958,67.31785949973228,1.2912458000863405
9.619999999999582,67.40909199999966,1.033011194855724
9.629999999999583,67.9570861248107,1.2193036944828375
9.639999999999581,68.4136397496559,0.7242846411269321
9.64999999999958,67.68320250015371,1.4835628680844908
9.659999999999581,67.68299724969381,0.8227159988381739
9.669999999999582,67.9572305000389,1.5980250052667881
9.67999999999958,66.86126312480788,1.0867504915474246
9.689999999999579,67.86560562461497,0.6097092163633199
9.69999999999958,67.68309887530744,1.1998051629863387
9.709999999999582,68.68777162454204,1.0874495348194475
9.71999999999958,67.22642200015294,0.8509282761310067
9.729999999999578,67.5005518750769,1.4577032828502878
9.73999999999958,67.59174337469284,1.0870446087867363
9.74999999999958,67.3176741252291,0.5434798488739494
9.759999999999579,67.50049049996156,1.2912118909281478
9.769999999999577,67.2266076255426,1.447742658484723
9.779999999999578,67.86572887488379,1.1343611650589793
9.78999999999958,67.59199137465541,1.7351173132374207
9.799999999999578,67.04381087511597,0.8729801582799966
9.809999999999576,66.67896512554198,1.8313361270886168
9.819999999999578,68.04846299992222,1.3495136432487187
9.829999999999579,67.68309887511546,1.199286645312073
9.839999999999577,67.40902962511647,0.7809257935613946
9.849999999999575,67.95696212499999,0.7563137551516222
9.859999999999577,67.13537512503835,1.6305610902885885
9.869999999999578,67.68305787488518,1.0649865129335814
9.879999999999576,68.13977749965181,1.2952074290244044
9.889999999999574,67.4095676249218,2.1380547491240014
9.899999999999576,66.67877950069652,1.407500968669332
9.909999999999577,68.14039874984422,2.5009800730436473
9.919999999999575,67.68299624988367,0.8225907759095625
9.929999999999573,67.13516812492354,1.0648281461074534
9.939999999999575,67.31771512488436,0.7748085047587291
9.949999999999577,67.3179434999985,1.5089804458986484
9.959999999999575,67.8657706248061,1.2614946442774901
9.969999999999573,67.50040749996023,1.028577489864654
9.979999999999574,66.95257937562094,1.1339833163802033
9.989999999999576,67.9571271247678,1.3386605151438882
9.999999999999574,67.50053150023435,1.4043393065778944
10.009999999999572,68.23103037476572,1.0287098844415905
10.019999999999573,67.22666925027339,1.597792418202904
10.029999999999575,68.04846299992259,1.348899765892921
10.039999999999573,67.68307924964871,1.1345137326164774
10.04999999999957,67.59188699992177,1.499624367742822
10.059999999999572,68.13979887496161,1.3530237940021934
10.069999999999574,68.0485039999609,1.4578942546422367
10.079999999999572,67.86628837500014,2.3247578473514006
10.08999999999957,67.0440598755898,1.6097091006411557
10.099999999999572,68.50499724968721,0.7811577094373425
10.109999999999573,67.68316224976695,1.3769280026743627
10.119999999999571,67.5004708746471,1.231028880539886
10.12999999999957,67.59180499984248,1.2804014222005025
10.13999999999957,67.31775612523474,0.9513557746010731
10.149999999999572,67.77443575000005,1.2348603137348735
10.15999999999957,68.68768862472535,0.7564861336188755
10.169999999999568,67.77435175007939,0.9563671902877174
10.17999999999957,66.67894350039319,1.7887076294078608
10.189999999999571,67.59190837531234,1.549843049611191
10.19999999999957,67.59178362437073,1.2193894901778906
10.209999999999567,68.04833899960528,0.9517884043622195
10.219999999999569,67.86566900007941,0.910692680699014
10.22999999999957,67.5008205003127,2.0266130520756094
10.239999999999569,67.59182637531468,1.3385576544617643
10.249999999999567,67.22671100027681,1.6908101760067606
10.259999999999568,66.58740162574824,1.1670249830459594
10.26999999999957,67.13514675027434,0.9906157671861416
10.279999999999568,68.32259387496111,1.6453373540780918
10.289999999999566,67.86583324992124,1.4318968309814242
10.299999999999567,68.2313213749212,1.7878690522836502
10.309999999999569,66.86126487535392,1.0867987446593825
10.319999999999567,67.95708612476278,1.2195582404799337
10.329999999999565,68.87060849960382,1.4618618858337369
10.339999999999566,67.86568762491979,0.9906311599175086
10.349999999999568,67.86572962507914,1.134496817172921
10.359999999999566,67.22644162523669,0.936332586782367
10.369999999999564,67.5008418749603,2.063899701737833
10.379999999999566,67.6831408749994,1.3203855933533453
10.389999999999567,67.13531275027694,1.4835804283310208
10.399999999999565,67.77435275007922,0.9565836622295061
10.409999999999563,67.31792212523858,1.4576350067442188
10.419999999999565,67.86566725027745,0.9106373015078638
10.429999999999566,67.59209400015912,1.9427703723594234
10.439999999999564,67.50077950007964,1.9499809395712364
10.449999999999562,67.50046987531947,1.2306918749279125
10.459999999999564,67.95723174972188,1.5980572917693339
10.469999999999565,67.77435274984164,0.9565836621954479
10.479999999999563,67.50032450011906,0.6692411343480715
10.489999999999561,67.04393662547956,1.294806995780668
10.499999999999563,68.04846300012085,1.3492836136920796
10.509999999999565,68.13959112476253,0.5523942276234197
10.519999999999563,67.50044850020016,1.1674383929149164
10.52999999999956,67.77441437492065,1.1715716464897585
10.539999999999562,67.22656562527968,1.3382022714701176
10.549999999999564,67.8658536244829,1.4838463155963715
10.559999999999562,67.86587424983968,1.534677502549615
10.56999999999956,67.68303725032185,0.9906416822800757
10.579999999999561,68.04846299951991,1.3495136433639474
10.589999999999563,67.40923662504038,1.4608097766278911
10.59999999999956,67.3179221253599,1.4576350066927177
10.609999999999559,68.41374337467882,1.1344979207450778
10.61999999999956,67.4092170001608,1.407746490046923
10.629999999999562,68.41403337447926,1.8498335436832989
10.63999999999956,67.86568787471904,0.9908928982381813
10.649999999999558,67.04389387536318,1.1710838883939536
10.65999999999956,67.31769375000017,0.6691769240956187
10.669999999999561,67.22650325023956,1.1547693552580582
10.67999999999956,67.77429112524145,0.6764055546836042
10.689999999999557,67.3178391252831,1.230681614036781
10.699999999999559,67.95708612475906,1.219558240715985
10.70999999999956,68.04837999992012,1.1003592896225065
10.719999999999558,67.4092160002418,1.40804091393651
10.729999999999556,67.31786049991905,1.2915662525138334
10.739999999999558,67.59174237495962,1.0870455470631422
10.74999999999956,66.58730000032162,0.7745005259561686
10.759999999999557,67.22673162540416,1.7351813873265682
10.769999999999555,67.68301687487697,0.9106440776224504
10.779999999999557,67.95692012496048,0.5166305500255254
10.789999999999559,68.23107162443564,1.1679233265465103
10.799999999999557,67.40921600020273,1.408114872581172
10.809999999999555,68.59649712459353,1.3210525026084872
10.819999999999556,67.86573062475722,1.1345874317898095
10.829999999999558,67.59180575012111,1.280035966552391
10.839999999999556,67.77443475008042,1.23502832957106
10.849999999999554,68.32240825012295,1.1554639667890967
10.859999999999555,66.95268200028293,1.4312042265061455
10.869999999999557,67.865667250121,0.9106373014432227
10.879999999999555,67.135045125203,0.4681263783047613
10.889999999999553,67.31767412491806,0.5434798492463212
10.899999999999554,67.95731350020435,1.779082181899648
10.909999999999556,67.7746007498392,1.6566646571726185
10.919999999999554,67.40909200016256,1.0330111942695317
10.929999999999552,67.7743723749571,1.0331791842236373
10.939999999999554,67.40921700012277,1.407746489860049
10.949999999999555,67.59199137512243,1.7352961170784968
10.959999999999553,67.59172199987798,1.0145724145315331
10.969999999999551,67.86566724975405,0.9106373013277751
10.979999999999553,67.68316124999934,1.377229242657679
10.989999999999554,67.5004894999596,1.291613592095114
10.999999999999552,67.59168175028607,0.8510703320727031
11.00999999999955,67.95708612479442,1.2195582405599492
11.019999999999552,68.23098937467276,0.8677322276598475
11.029999999999553,68.048462999755,1.3493607927718263
11.039999999999552,67.40927762545138,1.5619011813162247
11.04999999999955,68.04827737500035,0.6693275780418085
11.059999999999551,68.59631174950769,0.609849223962259
11.069999999999553,68.59672474963189,1.8498466863630831
11.07999999999955,68.50538975000063,1.8733934122200433
11.089999999999549,67.77447674975303,1.3529286255302453
11.09999999999955,68.23113399979428,1.3493645063884392
11.109999999999552,68.04858700008278,1.6537280461660844
11.11999999999955,67.59174337500049,1.0871404046274122
11.129999999999548,67.04391525053757,1.2345807363445793
11.13999999999955,67.40948500024797,1.9899314681040976
11.149999999999551,67.13531375020445,1.4836502854198204
11.159999999999549,67.68299724983555,0.8227159989152595
11.169999999999547,68.4136817497104,0.9106235460914678
11.179999999999549,67.1352091253294,1.199427229552906
11.18999999999955,67.68312025020533,1.261516641574313
11.199999999999548,68.4137023745873,0.9908672202669552
11.209999999999546,68.41370237458554,0.991075361490075
11.219999999999548,68.04833899929785,0.9517884041514068
11.22999999999955,68.13994349995801,1.7021412727586864
11.239999999999547,67.50065550049557,1.6989308664201652
11.249999999999545,67.40921700004152,1.4077464897009275
11.259999999999547,67.86570924987635,1.0650692117772105
11.269999999999548,67.77445612479205,1.2952199986271828
11.279999999999546,68.32228424966803,0.647669816503181
11.289999999999544,67.68369850016711,2.4206219489357257
11.299999999999546,66.77009400058056,1.457657439728152
11.309999999999548,67.04379125012429,0.7808038560161966
11.319999999999546,67.31767412508295,0.5434798489669688
11.329999999999544,67.50042887537359,1.1002241546116525
11.339999999999545,67.31779712533324,1.1000162162764682
11.349999999999547,67.6830775000832,1.1344689582471972
11.359999999999545,68.04858699962523,1.6540411548702127
11.369999999999543,67.95706475000016,1.1553454358449446
11.379999999999544,67.59186737495835,1.447915098991584
11.389999999999546,68.41372374937903,1.065226402639019
11.399999999999544,67.50042787491698,1.1000356650753977
11.409999999999542,68.23096899995767,0.7750342914568797
11.419999999999543,67.04393587520761,1.294927324396131
11.429999999999545,68.50505887479231,1.0334625274062654
11.439999999999543,68.50495524945804,0.5524098194263598
11.449999999999541,67.2265040002938,1.1549041082188702
11.459999999999543,68.23127937495852,1.6993154651382785
11.469999999999544,67.77441437483358,1.1715716464180403
11.479999999999542,67.40913399983327,1.1711724561005132
11.48999999999954,67.4091749999573,1.2948336668987328
11.499999999999542,67.40905199983362,0.8732569796330493
11.509999999999543,66.95274537545886,1.5828677906316626
11.519999999999541,67.4092373753778,1.4607741912417207
11.52999999999954,67.77433137521061,0.8732377390065539
11.53999999999954,67.3177981250003,1.1002048989726902
11.549999999999542,67.95704412500011,1.0872989206478734
11.55999999999954,67.86575024999998,1.1996995210911645
11.569999999999538,68.04837999966334,1.100359289894025
11.57999999999954,67.86585287495707,1.484160151370041
11.589999999999542,67.59170137508437,0.9363417262355342
11.59999999999954,67.95702374987437,1.0146490009080198
11.609999999999538,67.59190837491431,1.5496419944765583
11.61999999999954,67.7745793749997,1.610362967054229
11.62999999999954,67.86643287516809,2.5443244767890625
11.639999999999539,67.40919637495868,1.3526030860797063
11.649999999999537,68.2310519994927,1.1002851884327274
11.659999999999538,68.13969474978907,1.033296465013167
11.66999999999954,67.59174337470674,1.0871404052947171
11.679999999999538,68.04846299970359,1.349283613598277
11.689999999999536,67.77449812483094,1.4077215784363315
11.699999999999537,67.04391525055003,1.2344963814921277
11.709999999999539,67.40917500025247,1.294833666991497
11.719999999999537,68.13971612483077,1.1046229620840704
11.729999999999535,67.86574924982922,1.1997857527195177
11.739999999999537,67.31792212521177,1.4576350063188146
11.749999999999538,67.59182537516895,1.3382478052685314
11.759999999999536,68.0482766245772,0.669406056824598
11.769999999999534,67.77431174987228,0.7811128103381388
11.779999999999536,67.31794350004213,1.5089804461593341
11.789999999999537,67.3177561249576,0.9513557748404503
11.799999999999535,66.86130587529729,1.218984773470657
11.809999999999533,68.41363974970166,0.7242846413087283
11.819999999999535,67.95708612512789,1.2195582405099716
11.829999999999536,67.68301687487337,0.9106440783260589
11.839999999999534,67.5917843748722,1.2193467308873898
11.849999999999532,67.68301687500032,0.9106440781061192
11.859999999999534,67.68338787482953,1.8903354178981289
11.869999999999536,67.5003458749149,0.7748582047171045
11.879999999999534,67.59164075017082,0.647602123659547
11.889999999999532,68.32240824970096,1.1554639671453268
11.899999999999533,67.2264836252981,1.086766195215075
11.909999999999535,67.86560562499905,0.6097092163599503
11.919999999999533,67.31779712529946,1.1000162165373164
11.92999999999953,67.31779812525708,1.100204899050864
11.939999999999532,67.22646300025704,1.0144187281384252
11.949999999999534,67.68301687521205,0.9106440785221284
11.959999999999532,67.68318187487209,1.4313470105159134
11.96999999999953,67.68320324991376,1.4838766927169305
11.979999999999531,67.59168099991471,0.8511315937769335
11.989999999999533,67.77439374957517,1.1045213346283909
11.999999999999531,66.77007262555617,1.4041313424916773
12.009999999999529,67.77445612491333,1.295219998867937
12.01999999999953,68.04842099982828,1.2311295468934351
12.029999999999532,67.59178437487195,1.2192613216685588
12.03999999999953,68.32238687469986,1.0872916248714855
12.049999999999528,67.59211649969993,1.9820010118369533
12.05999999999953,67.77447674961398,1.3524688144290011
12.069999999999531,67.86564662474409,0.8225885078701475
12.07999999999953,67.59170137512876,0.9363417263109303
12.089999999999527,67.68336825000007,1.8494157321962428
12.099999999999529,67.40900999961323,0.6763296399759966
12.10999999999953,67.86605999995632,1.9307727052831598
12.119999999999528,67.59178437521527,1.219261321488168
12.129999999999526,67.13514675000049,0.9906157670766612
12.139999999999528,68.68779224926848,1.1555613748680043
12.14999999999953,67.22668962517183,1.6447700292383662
12.159999999999528,68.04850512517257,1.4586045244882764
12.169999999999526,67.77433212508656,0.8731778487631878
12.179999999999527,67.77437237478347,1.0331791838433826
12.189999999999529,67.957065499828,1.1553000347936064
12.199999999999527,67.6831818746968,1.4316374227563815
12.209999999999525,67.04391525008741,1.234580736058183
12.219999999999526,67.22640062508664,0.7561430323880037
12.229999999999528,67.40911337495754,1.1043722769664541
12.239999999999526,67.77431075021633,0.7809810503105756
12.249999999999524,67.40905100004368,0.873138646950668
12.259999999999525,68.0483596246975,1.0286342748940973
12.269999999999527,68.5964971247827,1.3210525025326
12.279999999999525,67.86587325008658,1.534542650659925
12.289999999999523,68.04844237486951,1.291497753184286
12.299999999999525,68.1396534998264,0.8734546708614355
12.309999999999526,67.95723049982583,1.5983490261977769
12.319999999999524,66.49614875043365,1.2798538524704517
12.329999999999522,67.1354163748692,1.7213307386610537
12.339999999999524,67.86585362447781,1.4836363169725066
12.349999999999525,68.04854612491373,1.559620640523579
12.359999999999523,67.59168174991356,0.8510703318307987
12.369999999999521,68.231155499564,1.4053214506339935
12.379999999999523,68.23121712482538,1.5596127259368404
12.389999999999525,67.59182637508758,1.3385576545130538
12.399999999999523,68.59641512478238,1.0651162754075536
12.40999999999952,67.50046987543658,1.2306918738990769
12.419999999999522,68.13990149978218,1.6100307786344354
12.429999999999524,66.95278637500128,1.6765671487668523
12.439999999999522,67.59188874991239,1.4998661165829055
12.44999999999952,68.3223458749556,0.9366639497417855
12.459999999999521,67.77447674973844,1.3526991767917422
12.469999999999523,68.04833999943341,0.9516794825065551
12.47999999999952,67.31775712513081,0.9515739353572639
12.489999999999519,67.5005938750004,1.5588597369705661
12.49999999999952,68.04838099960817,1.1004525252519848
12.509999999999522,67.95696212469434,0.7563137548507352
12.51999999999952,67.13516737486836,1.0645841022593063
12.529999999999518,68.04834000000028,0.9516794820074911
12.53999999999952,67.50094562495542,2.241348061244496
12.549999999999521,68.04842199995718,1.2313803967420194
12.559999999999519,68.04858699999988,1.6538527669710754
12.569999999999517,67.77462137451647,1.7019799149526509
12.579999999999519,67.59178437486898,1.219261321742912
12.58999999999952,68.04833899986843,0.9515716694236028
12.599999999999518,67.50057249978028,1.5090094849333084
12.609999999999516,67.50038687535253,0.9514967112384967
12.619999999999518,67.04389387530763,1.1715277204414105
12.62999999999952,67.86577062482449,1.2617406789923213
12.639999999999517,67.59184600004319,1.3943284064871813
12.649999999999515,67.95704512491179,1.087203670884245
12.659999999999517,68.32236725004364,1.014800835063092
12.669999999999519,67.95694075004417,0.6476968919043955
12.679999999999517,67.68299625035475,0.8225907759247352
12.689999999999515,66.678633125443,0.9562855159026794
12.699999999999516,67.31790075021968,1.4043394738777952
12.709999999999518,67.59184675008831,1.394438937899616
12.719999999999516,67.50071687504528,1.828670844925899
12.729999999999514,67.04397687553255,1.4076974184162296
12.739999999999515,68.14006762460116,1.9531056748316638
12.749999999999517,68.41366037433916,0.8229039125344453
12.759999999999515,68.5964151246014,1.0653099105687465
12.769999999999513,67.95698175053337,0.8511223347614717
12.779999999999514,68.32234587464539,0.936663950179117
12.789999999999516,67.9570031245128,0.9364339052187866
12.799999999999514,68.23109299964483,1.2312239020786508
12.809999999999512,67.40948650026631,1.9915440326925558
12.819999999999514,67.95706574986725,1.1552557962964787
12.829999999999515,68.139591125089,0.5523942279827706
12.839999999999513,67.77447674991102,1.3529286252508188
12.849999999999511,67.50048949995448,1.2916135921680103
12.859999999999513,67.68318187468859,1.431202899442291
12.869999999999514,67.68297487513271,0.7239771868284053
12.879999999999512,67.40900999991133,0.6763296401985873
12.88999999999951,67.50038687508919,0.9514967110657884
12.899999999999512,67.50042887540205,1.1004116111272488
12.909999999999513,68.59664362397882,1.6775659522751978
12.919999999999511,68.1398606247763,1.5130747528185082
12.92999999999951,67.86560562477466,0.6097092160650098
12.939999999999511,67.13527175008966,1.3769662017175306
12.949999999999513,68.13971512482273,1.1047168986406908
12.95999999999951,67.50034412491044,0.7747921734597283
12.969999999999509,67.31779812535915,1.1001102401729264
12.97999999999951,68.68785362424116,1.3389637327868704
12.989999999999512,67.40907162491087,0.9565568795778824
12.99999999999951,67.95708612473149,1.2195582404522487
13.009999999999508,68.2310313747305,1.02880941069721
13.01999999999951,68.59653924964098,1.432222439491149
13.02999999999951,67.13510575035741,0.822528355025391
13.039999999999509,68.13973649981989,1.1717037717161265
13.049999999999507,67.95704512495516,1.0872036713818551
13.059999999999508,67.5003654999112,0.8676545696222537
13.06999999999951,67.2265246251783,1.219027145854854
13.079999999999508,67.95714849964001,1.3946798918782282
13.089999999999506,67.40925799999926,1.5123200713958158
13.099999999999508,67.86564662491001,0.8225885080567161
13.10999999999951,67.50084199977672,2.0643523938781794
13.119999999999507,67.95704412491008,1.087298920723204
13.129999999999505,66.95262037513595,1.2612303394721216
13.139999999999507,66.31360175049461,1.352086283184157
13.149999999999508,67.31785975026969,1.2912054453214263
13.159999999999506,67.59184599977357,1.3941049238220835
13.169999999999504,67.77437412459223,1.0334277816959307
13.179999999999506,67.50073749977264,1.8702678062789038
13.189999999999507,66.95270337522429,1.4833309366566572
13.199999999999505,67.59180574995486,1.2800359666015881
13.209999999999503,67.31810850018167,1.8699865176503758
13.219999999999505,67.40902962527252,0.7809257933526295
13.229999999999507,67.31792212518025,1.4576350064327899
13.239999999999505,67.86562625018165,0.7241227606484513
13.249999999999503,66.22238987586215,1.5340153816699138
13.259999999999504,68.04840062472813,1.1674664317492878
13.269999999999506,67.59176299995497,1.1550242845993866
13.279999999999504,67.77431075049877,0.780981050482993
13.289999999999502,68.04833899995486,0.9515716692577921
13.299999999999503,67.22668962486395,1.6448961479273607
13.309999999999505,68.32265737445753,1.7794805044296713
13.319999999999503,67.95692012490909,0.51663055007968
13.329999999999501,67.31779812513693,1.1001102404005587
13.339999999999502,67.86564762459173,0.8227134773403966
13.349999999999504,67.68322287495431,1.5341700960880873
13.359999999999502,67.04383225031864,0.9563671901229566
13.3699999999995,67.77458012518149,1.609944932720863
13.379999999999502,67.86570824981762,1.064972682230047
13.389999999999503,66.95249637549873,0.8224046700454641
13.399999999999501,67.86577162445423,1.2618221560951886
13.4099999999995,67.59161937500015,0.5165960023815526
13.4199999999995,68.32228424999954,0.647669816951773
13.429999999999502,66.76994937554534,1.0283445797092003
13.4399999999995,67.31777849981759,1.02850140328355
13.449999999999498,67.13529212490957,1.4313570145807257
13.4599999999995,66.861409500365,1.4993884365277557
13.469999999999501,66.95268374999941,1.431457598222668
13.4799999999995,66.7699700001371,1.0997861176985206
13.489999999999498,68.13977849958819,1.295366955473233
13.499999999999499,67.5003672502286,0.8677135339723259
13.5099999999995,67.0439152500916,1.2348330903962184
13.519999999999499,67.68301587449639,0.9105309476144775
13.529999999999497,68.32226287463168,0.5167154031048988
13.539999999999498,67.13535375055044,1.5829648047218574
13.5499999999995,66.9525383750454,0.9904171187820408
13.559999999999498,67.31819150022977,2.026515191947739
13.569999999999496,67.68303824999973,0.9908507722611842
13.579999999999497,67.13535374999968,1.5827679565709656
13.589999999999499,67.13506474986315,0.6095719054142301
13.599999999999497,67.13522975009083,1.261537488033131
13.609999999999495,67.13525112518559,1.3203761001599943
13.619999999999497,67.77445612454056,1.2953003996435462
13.629999999999498,66.67882050036572,1.5117725364085077
13.639999999999496,67.22658625036766,1.394142090210563
13.649999999999494,67.50055287486042,1.4576317844750482
13.659999999999496,67.86568687467788,0.9909972994157806
13.669999999999497,66.95251774990759,0.9104382171688564
13.679999999999495,68.41364075014012,0.7241409229762834
13.689999999999493,67.40902962504549,0.7809257934168378
13.699999999999495,67.04416225036833,1.8313038092187088
13.709999999999496,67.77472587467882,1.913465524716733
13.719999999999494,67.40909200027757,1.033011194308709
13.729999999999492,67.50049049995349,1.291453179222817
13.739999999999494,67.22669062536873,1.6448329768197152
13.749999999999496,67.50038687490729,0.9514967113069465
13.759999999999494,67.13522974986151,1.2612079080815695
13.769999999999492,67.50059387453678,1.5586606032860235
13.779999999999493,66.67871712560274,1.2347142458024989
13.789999999999495,68.13961324953848,0.6764055531112572
13.799999999999493,67.31781950041776,1.1673786868734728
13.80999999999949,67.8657099999538,1.0652136878993554
13.819999999999492,68.04844162472295,1.2918584391845864
13.829999999999494,67.5917023749992,0.9364518496043205
13.839999999999492,67.77443474986097,1.2350283293503512
13.84999999999949,68.50503724934772,0.9569090191998232
13.859999999999491,67.31790149990783,1.4046712213641759
13.869999999999493,67.865750250001,1.1996995212564499
13.879999999999491,67.409382000093,1.7892275063399596
13.889999999999489,67.04377162551339,0.6761767265880704
13.89999999999949,67.77443574990704,1.2351116535345446
13.909999999999492,67.22652462476889,1.2190271460570314
13.91999999999949,68.23092699962748,0.5436920880238559
13.929999999999488,67.77460075004579,1.6566639429985375
13.93999999999949,67.86589487448572,1.583029076579334
13.949999999999491,67.68322287499988,1.5345746937662381
13.95999999999949,67.40927862537353,1.5618352765085677
13.969999999999487,67.4091749996723,1.2950742806353408
13.979999999999489,67.68314162532657,1.3207381917250847
13.98999999999949,67.40911337490638,1.1043722766987727
13.999999999999488,67.40907062481443,0.9564488522381323
14.009999999999486,67.86572962415697,1.134496817099485
14.019999999999488,67.68351287514011,2.118570811626025
14.02999999999949,67.50044850013958,1.1674383927838385
14.039999999999488,67.22656562551379,1.3384350882266556
14.049999999999486,66.49596312532874,0.5163986191040885
14.059999999999487,67.13516812499971,1.0647303420409497
14.069999999999489,67.13514675032641,0.9905106348728782
14.079999999999487,66.95270337565509,1.4837501936916866
14.089999999999485,67.04383224990664,0.9563671900345835
14.099999999999486,67.04387325018874,1.104364857391669
14.109999999999488,67.95714849962418,1.3940859031741966
14.119999999999486,66.77003237575065,1.2910800314212065
14.129999999999484,67.04389462528309,1.1713058104778922
14.139999999999485,67.5004904997186,1.2912118907475005
14.149999999999487,67.95706549981305,1.155031327711614
14.159999999999485,67.22652462485891,1.2191973063508936
14.169999999999483,67.40917500018809,1.2948336669584064
14.179999999999485,67.50055287518923,1.4576317844217797
14.189999999999486,67.77433312504778,0.8732956988160484
14.199999999999484,66.77023862566035,1.7865692044437198
14.209999999999482,67.7744767497156,1.352928625353033
14.219999999999484,67.50040749981108,1.028476239039217
14.229999999999485,67.40921600009298,1.4076730881476491
14.239999999999483,67.04381087500084,0.873099442049113
14.249999999999481,67.68314087495348,1.3203855929242991
14.259999999999483,67.13523075023582,1.261372645094551
14.269999999999484,67.31775787471688,0.9514099351204478
14.279999999999482,67.50046987533109,1.231197165857199
14.28999999999948,66.6789445003799,1.788649887619087
14.299999999999482,67.13521012518986,1.1995136356768048
14.309999999999484,67.50059387504724,1.5586606028013423
14.319999999999482,67.40919562476357,1.3524881467527277
14.32999999999948,67.68311950014187,1.2615580340335857
14.339999999999481,67.68305887428943,1.0650832375522727
14.349999999999483,68.13967412457399,0.9566117613472459
14.35999999999948,67.04387250009377,1.1041294811909246
14.369999999999479,66.58758800033253,1.65329223973368
14.37999999999948,66.58752562528558,1.5088444571654858
14.389999999999482,66.40506162589888,1.764566941726272
14.39999999999948,66.77005200052172,1.3488289817892842
14.409999999999478,67.22662724990542,1.4996703313625503
14.41999999999948,67.68332724966778,1.7652295782473373
14.429999999999481,66.86114087481144,0.5164814512426427
14.439999999999479,66.86128450014238,1.1548070806801807
14.449999999999477,67.40946512523871,1.9529285528150304
14.459999999999479,66.8612845004761,1.154807081152553
14.46999999999948,67.50059387509548,1.5588597366459793
14.479999999999478,67.59174337495196,1.0871404046988133
14.489999999999476,66.95260075071639,1.199360856221572
14.499999999999478,67.95708612466743,1.2195582400925151
14.50999999999948,67.7747041248576,1.872719388181647
14.519999999999477,66.67861349990487,0.8730602445885741
14.529999999999475,67.04403925004797,1.561574914161288
14.539999999999477,67.68293387480826,0.468208632974764
14.549999999999478,67.59180574980954,1.2800359668280787
14.559999999999476,67.68301587514361,0.9104165676579687
14.569999999999474,67.13516737466506,1.064584101632819
14.579999999999476,67.31802550033416,1.69922046912333
14.589999999999478,67.22660762533344,1.4479570460284767
14.599999999999476,67.77439474956937,1.1046145029214345
14.609999999999474,67.22675225009652,1.7785051260435936
14.619999999999475,67.86589562519154,1.5831262844382719
14.629999999999477,67.95698274966502,0.8512429930261003
14.639999999999475,67.6831202499998,1.2612696260456406
14.649999999999473,67.22656662490346,1.338357453101518
14.659999999999474,67.22673062500006,1.7353012823806444
14.669999999999476,66.95274437519018,1.5831950969990916
14.679999999999474,68.04842199956637,1.231212880283442
14.689999999999472,67.77441512514447,1.1714381116706303
14.699999999999473,67.68301687490434,0.9106440785343644
14.709999999999475,67.31786049976054,1.2911652457910914
14.719999999999473,67.95702449913414,1.0148005779945592
14.729999999999471,67.86591599956566,1.6308349381677838
14.739999999999473,66.4962111257216,1.447772853475273
14.749999999999474,66.8614915004805,1.6903654921150666
14.759999999999472,67.50104900019242,2.4054621745227687
14.76999999999947,67.6832852499509,1.6763905572404427
14.779999999999472,67.31786049999965,1.2911652456996694
14.789999999999473,67.50040824980813,1.0284256173617574
14.799999999999471,67.13521012495123,1.19960044976856
14.80999999999947,67.50055187471023,1.457916206191852
14.819999999999471,67.59184675028925,1.394438937536155
14.829999999999472,68.23092774971099,0.5435951721969277
14.83999999999947,67.22635962553176,0.516513170046865
14.849999999999469,67.04401787504682,1.5121493128953087
14.85999999999947,67.59168100019372,0.8511315931796533
14.869999999999472,66.67884087543491,1.5614814893607947
14.87999999999947,67.40917499975788,1.294833666522208
14.889999999999468,68.13961249932018,0.6764833267433515
14.89999999999947,67.31781849985536,1.1672008631463444
14.90999999999947,66.95268275028943,1.4310954106658635
14.919999999999469,67.3178184998543,1.1672900818462584
14.929999999999467,66.3137051259729,1.6100523917148715
14.939999999999468,67.13516812495098,1.0648281459935782
14.94999999999947,67.68314087475909,1.3207004058742549
14.959999999999468,67.68295525004807,0.6096982393131898
14.969999999999466,67.59228049970821,2.268704370948291
14.979999999999468,67.13525037572833,1.3204152918008059
14.989999999999469,67.31773649980659,0.867674295128554
14.999999999999467,67.5005938747559,1.559059603130311
15.009999999999465,68.32242787417026,1.2196226131852157
15.019999999999467,67.40917499985372,1.2948336665483788
15.029999999999468,67.04422487509646,1.9521490699640116
15.039999999999466,66.86122387553604,0.9360186226438066
15.049999999999464,67.5917843748534,1.2192613219574113
15.059999999999466,66.77001200019522,1.2308351230171073
15.069999999999467,67.77460087490257,1.657415147794125
15.079999999999465,67.4091956248051,1.3524881464007121
15.089999999999463,66.67892312519577,1.7454818091520412
15.099999999999465,67.50057249985313,1.5093526156172274
15.109999999999467,67.40909199975667,1.033011194460251
15.119999999999465,68.13973649985374,1.1717037719572339
15.129999999999463,67.86581262495035,1.377577620837983
15.139999999999464,67.59168000014712,0.8510104290299523
15.149999999999466,67.04420425024358,1.9131403413936756
15.159999999999464,67.22650500034297,1.1548141343125207
15.169999999999462,67.1353323749011,1.5338245252536653
15.179999999999463,67.22650399994968,1.154904107891236
15.189999999999465,68.32257262475531,1.5989120885914858
15.199999999999463,67.59178437500071,1.219261321310741
15.20999999999946,66.95255975019653,1.0646475350386972
15.219999999999462,66.8612845000983,1.1548070810000193
15.229999999999464,66.86132549995094,1.2799889681259462
15.239999999999462,67.68363687465755,2.324370061071893
15.24999999999946,66.86134687534366,1.3380224198588087
15.259999999999462,67.22640062450989,0.7561430331674843
15.269999999999463,67.4092579999028,1.5121148090689949
15.279999999999461,67.68318187460562,1.431853396759244
15.28999999999946,67.95716812470337,1.4480711039987717
15.29999999999946,67.22656562524591,1.3382022714799087
15.309999999999462,67.68297587504921,0.7241194638438408
15.31999999999946,66.86118187504911,0.7560062617810932
15.329999999999458,67.8658126249508,1.3769014819469099
15.33999999999946,67.3179221245546,1.4576350065616972
15.349999999999461,67.5004484996561,1.1674383932084442
15.35999999999946,67.68314087465444,1.3203855941286196
15.369999999999457,67.86572962435645,1.1344968171276757
15.379999999999459,67.4093400000987,1.7019994997258483
15.38999999999946,67.31777750004936,1.0284008319616191
15.399999999999459,66.86126487534564,1.0867987448065302
15.409999999999457,67.68314162504846,1.3203460452053717
15.419999999999458,68.13969549950508,1.0334451560678877
15.42999999999946,67.95716912509918,1.4477843878367453
15.439999999999458,67.2266896252471,1.6449594572992505
15.449999999999456,67.04387325049636,1.1043648574360863
15.459999999999457,67.40929900009945,1.6101168211060806
15.469999999999459,67.86583225004922,1.4315363090114979
15.479999999999457,66.49600412574199,0.7559723102038794
15.489999999999455,67.40923662504865,1.4610222472179029
15.499999999999456,67.86599837450326,1.808415972367378
15.509999999999458,66.95278637504863,1.6760118837641
15.519999999999456,67.22656662500206,1.3383574527031668
15.529999999999454,67.59172200015023,1.0145724145564285
15.539999999999456,67.22652462544734,1.2190271462728541
15.549999999999457,68.23094837500079,0.6693929575384236
15.559999999999455,67.77435274970155,0.956583662150754
15.569999999999453,67.59178537470089,1.2194312971620764
15.579999999999455,67.22640062504983,0.7561430329634372
15.589999999999456,67.04403925039587,1.561574913577009
15.599999999999454,67.59161937480135,0.516596003038736
15.609999999999452,67.50042787490042,1.100035664735594
15.619999999999454,67.13522975019944,1.2612904765186972
15.629999999999455,66.86128449955346,1.1548070809679762
15.639999999999453,67.86560562485008,0.6097092161675076
15.649999999999451,67.59176474959914,1.1550684202781567
15.659999999999453,66.58738200024983,1.099861546549214
15.669999999999455,67.135415375299,1.7216318429072255
15.679999999999453,67.40940237499926,1.8315819537769205
15.68999999999945,66.86132725020067,1.2800299367846215
15.699999999999452,67.50044849989993,1.1673491864945271
15.709999999999454,67.5004698748003,1.23069187453399
15.719999999999452,67.68307924949951,1.1342401010228504
15.72999999999945,67.86566800000051,0.9105797852647834
15.739999999999451,67.2265860001002,1.3941794465314246
15.749999999999453,67.22648262484985,1.086861802925414
15.759999999999451,67.77455974969801,1.5623924760525283
15.769999999999449,67.68322287459668,1.5341700963977198
15.77999999999945,67.68303824984915,0.9908507720223161
15.789999999999452,67.22658625014918,1.3941420899094583
15.79999999999945,67.50048949994955,1.2911319452361143
15.809999999999448,67.3180264999983,1.6989765668357233
15.81999999999945,66.95266137499947,1.376842058729245
15.829999999999451,67.50051087474961,1.3489044567646071
15.83999999999945,66.6786555000517,1.0327772426106607
15.849999999999447,67.31792212504915,1.4576350065850137
15.859999999999449,66.95295137494784,2.0078504716393204
15.86999999999945,67.59192899954756,1.5979984768429305
15.879999999999448,68.32255287459543,1.5495920795645943
15.889999999999446,67.68305787540415,1.0649865129009424
15.899999999999448,68.23130087489903,1.744140904714052
15.90999999999945,66.7700520004012,1.3488289822304869
15.919999999999447,66.86130587540319,1.2190702014844932
15.929999999999445,66.95266137550817,1.3768420584529724
15.939999999999447,66.9525579998484,1.0645984492817469
15.949999999999449,67.04381087550301,0.8730994420177776
15.959999999999447,67.04391525035328,1.2344963806497922
15.969999999999445,67.86579124949287,1.3208323036482048
15.979999999999446,67.95700312489922,0.9364339053312166
15.989999999999448,67.77439299979784,1.1045686811471584
15.999999999999446,67.68345137474769,2.0081509984223582
16.009999999999444,67.5916809995433,0.8511315935370964
16.019999999999445,67.68347374994795,2.0459740611000727
16.029999999999447,67.59201099994925,1.7788447153931402
16.039999999999445,67.22664862530351,1.549692232387716
16.049999999999443,67.13558125005119,2.045943467411056
16.059999999999444,66.67890350061074,1.7012497415467747
16.069999999999446,68.23101074969637,0.9517655099821068
16.079999999999444,67.68309887505056,1.199286645490575
16.089999999999442,67.6830578747462,1.0649865126717826
16.099999999999444,67.59180574984602,1.2804404580864681
16.109999999999445,66.58744362530359,1.2910334103989682
16.119999999999443,68.13967487449118,0.9567723689805816
16.12999999999944,67.40901000056327,0.6763296402283111
16.139999999999443,67.40909200010185,1.0330111938061577
16.149999999999444,67.2264826252531,1.0869576150921514
16.159999999999442,67.86564662454023,0.8225885073054638
16.16999999999944,67.50042787464186,1.10003566484971
16.179999999999442,67.31775612474543,0.9513557747163027
16.189999999999444,67.77435274934004,0.9565836623192335
16.19999999999944,67.31792212535726,1.458273713453303
16.20999999999944,67.7744571247438,1.2951402022095155
16.21999999999944,68.32236724979614,1.0148008349813087
16.229999999999443,67.59168174969523,0.8510703320473738
16.23999999999944,67.22650325010117,1.154769355120348
16.24999999999944,66.86122287510256,0.9362404184592913
16.25999999999944,67.5916817497475,0.8510703315572313
16.269999999999442,67.50063487520401,1.6534034851653476
16.27999999999944,67.5918459998462,1.394252869381212
16.289999999999438,67.40909199984634,1.0330111947319678
16.29999999999944,68.04854599954129,1.5588223336203357
16.30999999999944,67.77443474994942,1.234776972297144
16.31999999999944,66.86134687535886,1.33825428020095
16.329999999999437,67.31769374994883,0.6691769234661672
16.33999999999944,67.22654425035915,1.2802663194007353
16.34999999999944,67.40929899964271,1.6097951689628285
16.359999999999438,67.50028349984629,0.37807794909722686
16.369999999999436,66.6786965003102,1.1709082236732553
16.379999999999438,67.77458012479224,1.6102665550106696
16.38999999999944,67.68312024999997,1.2615166413335823
16.399999999999437,66.7700530009226,1.348752331281836
16.409999999999435,67.8658329993823,1.4314997223894397
16.419999999999437,67.31777749999932,1.028400831710551
16.42999999999944,67.68312025015373,1.2612696259272693
16.439999999999436,67.50036549989755,0.867654569888747
16.449999999999434,67.68297662484633,0.7240473477602741
16.459999999999436,67.50028349979378,0.3780779489406168
16.469999999999438,67.13525037515372,1.3204152913089084
16.479999999999436,67.68305787494818,1.0649865124441034
16.489999999999434,67.40911262505028,1.1045136358210628
16.499999999999435,67.31786050020634,1.2911652461656122
16.509999999999437,67.7744767497952,1.3528516495235732
16.519999999999435,68.32232524927721,0.8513239350609997
16.529999999999433,67.04399825036326,1.4608750319290675
16.539999999999434,67.77439374948416,1.1045213346998906
16.549999999999436,67.31771512474384,0.7748085042795249
16.559999999999434,67.22654599989771,1.2800633188677581
16.569999999999432,67.13541612489614,1.7214808004746993
16.579999999999433,66.95255875056735,1.0647448345276256
16.589999999999435,67.68301587438275,0.910530947401984
16.599999999999433,67.50038787500098,0.9516051902942936
16.60999999999943,68.13967412463663,0.9566117610952383
16.619999999999433,66.77032100082546,1.9489034408032426
16.629999999999434,67.40921700015708,1.4078938406593862
16.639999999999432,68.41374337479238,1.1347704485335637
16.64999999999943,66.4961281254153,1.2189207380844151
16.65999999999943,67.500386874431,0.9513872574166641
16.669999999999433,66.95295137463827,2.007540670794551
16.67999999999943,67.4092579999999,1.512114808584045
16.68999999999943,67.59190837442861,1.5496419941432509
16.69999999999943,67.68316224999997,1.3769280031977986
16.709999999999432,67.50051087505196,1.3492883028549951
16.71999999999943,67.4092170003633,1.407893001331233
16.72999999999943,67.86585362473936,1.4836363166173676
16.73999999999943,67.50036549989662,0.8676545702341503
16.74999999999943,67.22675225010381,1.778505125414727
16.75999999999943,67.86568862448034,0.9908400407625881
16.769999999999428,66.95266137541775,1.3768420583846284
16.77999999999943,67.86572962442554,1.1344968174067205
16.78999999999943,68.23100999922138,0.9516041387498747
16.79999999999943,67.22654600005289,1.280063319211787
16.809999999999427,66.76998962541852,1.1670396228593483
16.81999999999943,67.31771512520898,0.7748085046339624
16.82999999999943,66.95276574974048,1.6302163668263194
16.839999999999428,67.04437037495272,2.2092689440666273
16.849999999999426,66.58736062500002,1.028167922124614
16.859999999999427,67.4092160004179,1.4078944173377206
16.86999999999943,68.23132037406363,1.787116927067523
16.879999999999427,67.31808712479032,1.8287479683622168
16.889999999999425,67.77447574973725,1.3527755780874926
16.899999999999427,66.58752562578343,1.508844457873723
16.909999999999428,67.5919083749474,1.5498430490287392
16.919999999999426,67.04383225052389,0.9564760744390544
16.929999999999424,67.22675225063053,1.7785051258773472
16.939999999999426,67.31788112552296,1.3489781157929113
16.949999999999427,67.13512537505187,0.9104880523343788
16.959999999999425,67.68318262484225,1.4315282030226397
16.969999999999423,68.04829699984235,0.774850981083626
16.979999999999425,67.95749924979216,2.1302950459864487
16.989999999999426,66.95284875052383,1.8075325927193369
16.999999999999424,66.58742400052554,1.2305718591682715
17.009999999999422,67.31785974989498,1.291205445730628
17.019999999999424,66.95288975021072,1.890126625373137
17.029999999999426,67.95696212457952,0.7563137551307018
17.039999999999424,67.13518874994753,1.1339659120841574
17.04999999999942,66.58746325057938,1.348787393268389
17.059999999999423,66.8611408749997,0.5164814516342655
17.069999999999425,67.68307925042068,1.1345137336249287
17.079999999999423,67.68303725021025,0.9906416825369184
17.08999999999942,67.04391425058512,1.234664728042227
17.099999999999422,67.40902962484252,0.780925793082173
17.109999999999424,67.68328624994733,1.67651404128094
17.119999999999422,67.50048949994708,1.2911319449738585
17.12999999999942,67.59197000053209,1.6910240293669714
17.13999999999942,67.77439374968282,1.1044270459924297
17.149999999999423,67.59168174994744,0.8510703321036064
17.15999999999942,67.68309887489522,1.1996332374395549
17.16999999999942,67.77439474989424,1.1046145028650494
17.17999999999942,67.40917499962995,1.2953139378747303
17.189999999999422,67.40938199989522,1.789112222686627
17.19999999999942,67.0441632503156,1.8317555437203406
17.209999999999418,67.13543675010636,1.765024532593317
17.21999999999942,67.13510575015874,0.8225283541463068
17.22999999999942,68.32232524915818,0.8513239350781919
17.23999999999942,67.59166037478816,0.7561769839917308
17.249999999999417,67.317798125266,1.1002048987117055
17.25999999999942,67.31773650021158,0.8675542652532654
17.26999999999942,67.13533412489356,1.5338574946273502
17.27999999999942,67.95725124941465,1.6458364259238207
17.289999999999417,67.4091749996276,1.2948336667688851
17.299999999999418,67.86572962515774,1.1342231810206918
17.30999999999942,67.59178537478924,1.21943129689907
17.319999999999418,67.22668962510626,1.6449594570250905
17.329999999999416,68.04829799978722,0.7749833795853492
17.339999999999417,67.77426974946839,0.5522828230181046
17.34999999999942,67.40938199999978,1.7894016420383563
17.359999999999417,67.86603937462736,1.8908397114942446
17.369999999999415,67.86562525016029,0.7239807735777333
17.379999999999416,67.95710574978618,1.2807573808532031
17.389999999999418,67.50032624994691,0.6693175786423038
17.399999999999416,66.77009400010633,1.4574436676400695
17.409999999999414,67.4091956247333,1.3524881462277258
17.419999999999416,66.8614085005864,1.499526906320235
17.429999999999417,67.59170237462762,0.9364518500853845
17.439999999999415,67.7743527498929,0.9565836620764029
17.449999999999413,68.87056749951898,1.3534457143240628
17.459999999999415,67.31796312542824,1.5586691068611243
17.469999999999416,67.22660662510629,1.447671140008018
17.479999999999414,66.8613468752134,1.338254280264621
17.489999999999412,67.95704412500007,1.087298920431192
17.499999999999414,67.59161937494655,0.5165960030111207
17.509999999999415,67.86579125000111,1.3203613156489722
17.519999999999413,67.77443474983944,1.2350283300878364
17.52999999999941,68.23099037435371,0.8678502154697866
17.539999999999413,67.50048949994667,1.2913732482836382
17.549999999999415,67.50059487521177,1.5589259526093824
17.559999999999413,68.1395918746785,0.5522989808558993
17.56999999999941,67.31788112516156,1.3489781161496601
17.579999999999412,67.95708612510704,1.2193036943048798
17.589999999999414,67.86579124957049,1.3208323043079513
17.59999999999941,67.59199149962402,1.7360732984666882
17.60999999999941,68.41384774897686,1.431743564935244
17.61999999999941,66.86151187515988,1.7353210656766347
17.629999999999413,67.68301687472989,0.9106440774400645
17.63999999999941,67.318212124892,2.063830921482936
17.64999999999941,67.6829552501082,0.6096982395822894
17.65999999999941,66.77021800064446,1.7433213815693889
17.669999999999412,67.2264220004303,0.8509282762807001
17.67999999999941,67.68312025010769,1.2615166408787508
17.689999999999408,66.95257937575494,1.133983316407289
17.69999999999941,67.86589462489249,1.5830613452301463
17.70999999999941,67.5009456250535,2.241348061188514
17.71999999999941,67.68301587456921,0.9105309480350123
17.729999999999407,67.86568862473007,0.9908400409397115
17.73999999999941,67.31788012462235,1.3492852865670575
17.74999999999941,67.59207449956901,1.9034677861800153
17.75999999999941,66.40481362543149,1.1339838685099966
17.769999999999406,67.22656662521663,1.3383574527275883
17.779999999999408,67.04387325059592,1.104364857637631
17.78999999999941,67.22662725026932,1.4995327860492667
17.799999999999407,67.40909200005453,1.0330111945104676
17.809999999999405,66.95260075065218,1.1992740237861244
17.819999999999407,67.68314087467496,1.3203855930679562
17.82999999999941,67.2264006251617,0.7561430326307951
17.839999999999407,67.68301762472755,0.9105867341530572
17.849999999999405,67.86575025005419,1.1996127133322474
17.859999999999406,66.49614875043332,1.2799352175228749
17.869999999999408,67.59182537516192,1.3386347079055145
17.879999999999406,67.50051087478171,1.3492883034563137
17.889999999999404,67.22687599994543,2.0196821380903507
17.899999999999405,67.59180474999992,1.2801174651305713
17.909999999999407,67.68301762445853,0.9105867340767166
17.919999999999405,67.4091963745663,1.352449710389831
17.929999999999403,67.31802650049036,1.6989765667440209
17.939999999999404,67.31786050021704,1.2913258998240926
17.949999999999406,67.31773649989205,0.8675542649902648
17.959999999999404,67.22660762505454,1.4478145892810674
17.969999999999402,67.50049050010904,1.2912118903814254
17.979999999999404,66.77040437510885,2.1002218933634387
17.989999999999405,68.04848437461938,1.4046569086669913
17.999999999999403,67.95704412499998,1.0870134033883418
18.0099999999994,68.04827662445543,0.6694060568054526
18.019999999999403,67.22662724994696,1.4994633362468965
18.029999999999404,68.13977774956402,1.2952483323431612
18.039999999999402,67.95706550038157,1.1553000347969646
18.0499999999994,66.86138887521955,1.4475876134545091
18.059999999999402,67.86583299934442,1.431282868191017
18.069999999999403,67.0443488747272,2.1740888685316677
18.0799999999994,67.86589562499998,1.5833230876606617
18.0899999999994,67.68307824994551,1.1341492743023647
18.0999999999994,66.77009400071196,1.4574436675576001
18.109999999999403,67.40911262499998,1.1044193463041192
18.1199999999994,67.683388624944,1.8900891085475633
18.1299999999994,66.86136750038432,1.3938999743744156
18.1399999999994,67.40915537527405,1.234992554886041
18.1499999999994,66.67888212565381,1.656429550909596
18.1599999999994,67.50049050027307,1.2912118906312111
18.169999999999398,67.13527175016455,1.3769662007607681
18.1799999999994,66.86142987467113,1.5496922999486016
18.1899999999994,67.22664862499856,1.5494919203748723
18.1999999999994,67.22673087472482,1.7350923821476931
18.209999999999397,67.40921599983483,1.4075991072218856
18.2199999999994,66.86132550060297,1.2799889680726737
18.2299999999994,67.40900999950742,0.6763296401984551
18.239999999999398,67.68307924978018,1.1345137326388426
18.249999999999396,67.68316050027578,1.3775672543903448
18.259999999999398,68.04854612472602,1.5596206402353499
18.2699999999994,67.77431174988872,0.7811128102178493
18.279999999999397,66.86140925011023,1.4992161662879442
18.289999999999395,67.22648187516549,1.0871010946769017
18.299999999999397,67.31779812477936,1.100204898909606
18.3099999999994,67.77429112433803,0.6764055543068734
18.319999999999396,67.40923737488957,1.461199920464578
18.329999999999394,68.04848262483439,1.4048413919919738
18.339999999999396,66.67875812521802,1.3522964074043193
18.349999999999397,67.22656562505439,1.338202271241247
18.359999999999395,67.59170137533096,0.9362304998922115
18.369999999999393,67.31783912538789,1.2306816141308603
18.379999999999395,67.22660762549789,1.4479570460663598
18.389999999999397,68.04842199928315,1.2312128797025723
18.399999999999395,67.59199137499976,1.7355343069532225
18.409999999999393,67.77431074983434,0.7809810501242912
18.419999999999394,67.13537512505566,1.6305618147152494
18.429999999999396,68.04840062439331,1.1676430933303399
18.439999999999394,67.95733412499885,1.8211814402041353
18.44999999999939,67.50049050000067,1.2912118911939816
18.459999999999393,67.86575024966706,1.1996995208164887
18.469999999999395,67.40905199989011,0.8732569790840305
18.479999999999393,68.13961249939281,0.6764833259249066
18.48999999999939,67.59176300000004,1.1551144428018083
18.499999999999392,67.1350843752774,0.7238877736610598
18.509999999999394,67.13510575011044,0.8224017363465642
18.519999999999392,66.49625212572333,1.5493411258308571
18.52999999999939,68.23123737494419,1.6070457404574232
18.53999999999939,67.40903137483373,0.7809915394568197
18.549999999999393,66.95270337499933,1.4833309363132883
18.55999999999939,67.31788012539032,1.349055218495825
18.56999999999939,67.13518875050221,1.1339659129763726
18.57999999999939,67.4090100000556,0.6763296403310327
18.589999999999392,67.86597762466894,1.7650136042375462
18.59999999999939,67.22664862539118,1.5494919206323985
18.60999999999939,67.40911262511163,1.1045136353857017
18.61999999999939,67.77443475049756,1.2350283287937103
18.62999999999939,67.31790150005577,1.40422835343152
18.63999999999939,67.04432924999973,2.1387432610424226
18.649999999999388,67.86560562511173,0.609709216423192
18.65999999999939,68.04838099983284,1.100265075489766
18.66999999999939,67.31788112499869,1.3489781163722785
18.67999999999939,67.31777750027899,1.0284008317979427
18.689999999999387,67.13527074999871,1.376589930143526
18.699999999999388,67.40940262522238,1.8312707323086592
18.70999999999939,67.04385462561376,1.0328438259488755
18.719999999999388,67.59246699999957,2.553708635238343
18.729999999999386,67.5916799996659,0.8510104288421233
18.739999999999387,67.50044950039059,1.167526808359358
18.74999999999939,67.04399825033481,1.4608750318029595
18.759999999999387,67.77443474983289,1.235028329128306
18.769999999999385,67.4090912493254,1.033162316806537
18.779999999999387,67.59203237488761,1.8212092738161452
18.789999999999388,67.31781950000007,1.167111748174365
18.799999999999386,67.86579124949728,1.320361315948726
18.809999999999384,68.23129899955025,1.7437539731046166
18.819999999999386,67.68316124988776,1.3772292428464274
18.829999999999387,67.68318187561394,1.431202899287093
18.839999999999385,67.682975875282,0.7241194635608846
18.849999999999383,67.0440606253396,1.6096131248115566
18.859999999999385,67.95704512471944,1.0872036711170783
18.869999999999386,67.40940162539087,1.831665900517955
18.879999999999384,67.40917599988644,1.2951540632459206
18.889999999999382,68.23132049966105,1.7874660069727042
18.899999999999384,68.23119637477565,1.509488389309352
18.909999999999386,67.77441512499905,1.1714381119392123
18.919999999999384,67.86591525039586,1.6305494932964575
18.92999999999938,68.23100999960485,0.9518208663437561
18.939999999999383,67.68299625039458,0.8225907754899741
18.949999999999385,67.1352707504525,1.3770415847298396
18.959999999999383,66.58752662624187,1.5089135599224397
18.96999999999938,67.86572962460484,1.1344968168824723
18.979999999999382,67.40917499994342,1.2948336670887561
18.989999999999384,67.59168099983137,0.8511315930368036
18.999999999999382,67.40938100028205,1.7891122876727876
19.00999999999938,68.32238687477238,1.0872916246886946
19.01999999999938,67.95702274932034,1.0147510600815635
19.029999999999383,68.23105174983056,1.1003317075383032
19.03999999999938,67.86581262516931,1.377127756860044
19.04999999999938,67.86564587494169,0.8226521758098746
19.05999999999938,67.22664862534232,1.5494919202930506
19.069999999999382,67.68312025005642,1.2612696256027445
19.07999999999938,68.13990249949174,1.6103526130651984
19.089999999999378,67.68297487488785,0.7239771870048464
19.09999999999938,67.50046987533896,1.2306918743734496
19.10999999999938,66.76999137562093,1.1670847131943765
19.11999999999938,67.1352913751725,1.431175472293456
19.129999999999377,67.22646225017074,1.0141626310359693
19.13999999999938,67.2265032503407,1.154769354941945
19.14999999999938,68.13971587477432,1.1046692744166655
19.15999999999938,67.40925800068378,1.512114808774141
19.169999999999376,67.59188875034346,1.4996583613194827
19.179999999999378,67.22646400028388,1.0145207884190308
19.18999999999938,66.95262037533834,1.2613129069766646
19.199999999999378,66.95257837528257,1.134166490830711
19.209999999999376,67.4094641253424,1.952981865398079
19.219999999999377,67.86568862477296,0.990840040391832
19.22999999999938,67.31777750016967,1.0285020899271573
19.239999999999377,67.77451774988404,1.460992635924423
19.249999999999375,67.59196999965732,1.6910240297886505
19.259999999999376,67.68320249988436,1.48356286771111
19.269999999999378,66.77013500028141,1.5583075538722642
19.279999999999376,67.95696212488517,0.7563137553802084
19.289999999999374,68.87071112385792,1.7028929359115628
19.299999999999375,68.32236725005644,1.0148008351153521
19.309999999999377,67.13512712465747,0.9104306668790368
19.319999999999375,67.22675225017106,1.7785051260914149
19.329999999999373,67.59190837460025,1.5496419943593458
19.339999999999375,68.1396534995994,0.8732184940494109
19.349999999999376,67.40915362494553,1.2345315823605179
19.359999999999374,67.77437312494287,1.0330277606513645
19.369999999999372,67.86572962516931,1.1344968167767744
19.379999999999374,66.95282737597026,1.765181890976823
19.389999999999375,67.77451774948605,1.461205889095286
19.399999999999373,67.5004074995433,1.0285774898418472
19.40999999999937,68.04833899931491,0.9517884039522178
19.419999999999373,68.32236724965477,1.0148008349831406
19.429999999999374,67.13527175005704,1.3769662009300154
19.439999999999372,66.86149150051438,1.69073341123061
19.44999999999937,68.23096899965472,0.7750342911491039
19.459999999999372,67.40933999988499,1.7019994991381402
19.469999999999374,67.59176374999998,1.1549791411170094
19.47999999999937,67.50038687551607,0.9514967111129902
19.48999999999937,67.86587425017123,1.5344081332585682
19.49999999999937,68.13957049971303,0.39056862921763674
19.509999999999373,67.50048950022831,1.2911319450114265
19.51999999999937,67.95702449982625,1.0148005782105707
19.52999999999937,67.04391625023156,1.2346647662968373
19.53999999999937,67.68313987494261,1.3207785800630187
19.549999999999372,66.95262037551376,1.2612303397090758
19.55999999999937,67.50044925023099,1.1673045865387484
19.569999999999368,67.68307925000012,1.1342401016695458
19.57999999999937,66.8615121253443,1.7349326433138845
19.58999999999937,67.04397687523281,1.407771395289695
19.59999999999937,67.59188699994479,1.5001077053762641
19.609999999999367,67.31796387517322,1.558968012686949
19.61999999999937,67.59170137488331,0.9362305004331807
19.62999999999937,67.86595737505755,1.722293030475024
19.639999999999368,68.23115537505768,1.4046572983715666
19.649999999999366,67.31773649994234,0.8676742953321857
19.659999999999368,67.04387325046197,1.1043648573551212
19.66999999999937,67.50059387540092,1.5588597362217211
19.679999999999367,67.40907237499994,0.9563936520152816
19.689999999999365,68.50503724936144,0.9569090185285608
19.699999999999367,68.23107237424713,1.1678782131477805
19.70999999999937,67.68307825069309,1.134149274547668
19.719999999999366,67.86579125005768,1.3208323043945662
19.729999999999364,68.23121699942304,1.5590143047923788
19.739999999999366,67.68316225081388,1.3769280029488797
19.749999999999368,67.68297487476907,0.723977187051244
19.759999999999366,67.22644162540627,0.9363325866839762
19.769999999999364,66.67867512552024,1.104121780752437
19.779999999999365,68.04840062482707,1.1676430928482964
19.789999999999367,67.13531249999991,1.4835453197990363
19.799999999999365,67.1352503746516,1.320415291780597
19.809999999999363,67.77441437494413,1.1715716461707923
19.819999999999364,66.77001100017429,1.230665958770558
19.829999999999366,68.32246987424924,1.3388605609340856
19.839999999999364,67.683038249708,0.9908507715669338
19.849999999999362,67.04403925028986,1.5623705670644519
19.859999999999363,68.23099037459349,0.8678502149893722
19.869999999999365,66.76986737546325,0.6690907533551531
19.879999999999363,66.95253837558344,0.9904171185339393
19.88999999999936,67.50133800034993,2.8134041366155125
19.899999999999363,68.04838100000012,1.1002650758487325
19.909999999999364,67.31781775005837,1.1670675974180524
19.919999999999362,68.04848362482532,1.4043256034999276
19.92999999999936,67.86564662494176,0.8225885077015141
19.939999999999362,66.77009400005669,1.4575859952857013
19.949999999999363,68.0486084994231,1.6998801122188778
19.95999999999936,67.77458012470795,1.6095593684048228
19.96999999999936,67.77431074964984,0.7809810504619056
19.97999999999936,68.13965349930056,0.8732184932434496
19.989999999999363,62.127883500058346,8.925697848253254
19.99999999999936,46.92873162546419,1.4483282440351384
20.00999999999936,47.473067999711816,1.1270375395021799
20.01999999999936,47.291822250347444,1.7543391317109482
20.02999999999936,47.291636249998646,1.3124113280122733
20.03999999999936,48.10851237407153,1.5035595872437302
20.049999999999358,47.65478862493996,1.689204279392603
20.05999999999936,46.837933250405946,1.271992846078823
20.06999999999936,47.11026674982586,1.5968873298624862
20.07999999999936,47.38224875058053,0.8677057427451712
20.089999999999357,47.473005999588814,0.9048683668050984
20.09999999999936,48.199187249533665,1.2539921607605198
20.10999999999936,48.017673000058046,1.312553394707603
20.119999999999358,46.92871137529275,1.3954780941842264
20.129999999999356,46.83791249994328,1.2114728777288946
20.139999999999358,47.65466512499999,1.3958696367086705
20.14999999999936,47.473481499941826,2.069121955750495
20.159999999999357,47.473109375059195,1.2537478750249695
20.169999999999355,47.29151237505876,0.9048754007484483
20.179999999999357,47.926750624358135,0.7515580301126485
20.18999999999936,48.74383374947648,1.1924890776288504
20.199999999999356,47.74538087511663,1.2869622831235723
20.209999999999354,47.563845750587,1.211748632700908
20.219999999999356,47.74558749976645,1.7782963471603863
20.229999999999357,47.563887249886506,1.3302577728489773
20.239999999999355,47.47304749964876,1.058322433268246
20.249999999999353,47.92683324976528,1.080499080376337
20.259999999999355,47.473067999944924,1.1273108992467133
20.269999999999357,47.11012187488454,1.2229359764254517
20.279999999999355,47.200734500058076,0.7513865836348128
20.289999999999353,47.563804625,1.0802214622517678
20.299999999999354,47.654582249591684,1.1602469370389896
20.309999999999356,47.74519487523552,0.5488009196841966
20.319999999999354,47.38251762529323,1.6463558753018979
20.32999999999935,47.29159487529335,1.1922048745131186
20.339999999999353,47.3823110000617,1.0975237008553194
20.349999999999355,46.8382223751134,1.930409893391746
20.359999999999353,46.47529737552804,1.8906533890745594
20.36999999999935,47.47313000012058,1.3124652804175279
20.379999999999352,47.291615750411054,1.253524271882047
20.389999999999354,47.56380475052819,1.0803166746803181
20.399999999999352,46.83799525046943,1.4385696552638452
20.40999999999935,47.74536037500125,1.227491371996577
20.41999999999935,46.838056875121026,1.588024619498396
20.429999999999353,46.56597162546915,1.7964790804046233
20.43999999999935,46.83803662594531,1.5396741801777893
20.44999999999935,46.837788625352715,0.7513523212885328
20.45999999999935,47.65454112505896,1.0221179696139955
20.469999999999352,47.20102387505866,1.6346676057614018
20.47999999999935,46.56582712564529,1.4741410614738635
20.48999999999935,47.20081724988076,1.0801578789866841
20.49999999999935,47.836013874823045,0.8624729401246014
20.50999999999935,47.83607587488137,1.0934090656756421
20.51999999999935,46.837974625239234,1.3851972183533672
20.529999999999347,47.382372750118556,1.287015512567653
20.53999999999935,48.74377162505902,0.9850226683351146
20.54999999999935,47.2008587508248,1.2116214225875155
20.55999999999935,48.01754899940942,0.9050814334671832
20.569999999999347,47.109998125593215,0.769949637502632
20.579999999999348,47.56378412511796,1.0081701318790417
20.58999999999935,47.38251762500317,1.6461681848979246
20.599999999999348,47.47304737505818,1.058225229398985
20.609999999999346,48.28986162411038,0.9308240027914128
20.619999999999347,47.473191999881855,1.4742367425670244
20.62999999999935,47.20092075029654,1.385234247332486
20.639999999999347,47.291739750059236,1.5730654429433784
20.649999999999345,46.656646125711646,1.6912365775001728
20.659999999999346,47.11012212470316,1.2233984152731507
20.669999999999348,47.3822072504124,0.6720454084769365
20.679999999999346,47.56436224999973,2.2871464508929207
20.689999999999344,46.29361762548031,1.3438422048318022
20.699999999999346,47.200796499761594,1.0081446519741026
20.709999999999347,46.92866987535581,1.282983969826359
20.719999999999345,48.01773524964411,1.4746731169942564
20.729999999999343,47.745298499286925,1.0268001634935155
20.739999999999345,47.47331587505959,1.7548256941593439
20.749999999999346,46.928525000474664,0.7698994838287437
20.759999999999344,46.656584375239106,1.5516797669121245
20.769999999999342,47.564217749460894,2.0444047274319863
20.779999999999344,47.654479124939904,0.7700750643902098
20.789999999999345,47.473026875118876,0.9845633509007461
20.799999999999343,47.8361793749992,1.3959800146797263
20.80999999999934,47.83619987500124,1.4487616883109231
20.819999999999343,48.01783799964202,1.7112114658847888
20.829999999999345,46.65646037583053,1.2270095819479003
20.839999999999343,47.01936487518051,1.164016937544844
20.84999999999934,47.564155625059726,1.9307155769781899
20.859999999999342,47.11008087535787,1.0931600300637858
20.869999999999344,47.20071400071455,0.6435008880883859
20.87999999999934,48.01759037482027,1.0583830969668635
20.88999999999934,47.92687449946053,1.2119823623940889
20.89999999999934,47.473088874761544,1.1920990913009382
20.909999999999343,47.47323337446093,1.5730314147393023
20.91999999999934,46.928773000239204,1.5487930958896723
20.92999999999934,47.291471250240164,0.7194618817254914
20.93999999999934,47.47327437547651,1.66677941814508
20.949999999999342,47.01948887517525,1.502533903812215
20.95999999999934,47.110122125599666,1.2231465293602963
20.969999999999338,47.200734500239896,0.7513865829516507
20.97999999999934,47.47317112475875,1.4222502422808896
20.98999999999934,47.83611699940166,1.2235089424655523
20.99999999999934,46.65664612523979,1.6911450522095042
21.009999999999337,47.38239324982203,1.3442056469280041
21.01999999999934,46.65648087560082,1.286882443271
21.02999999999934,47.11020462500264,1.4486802989325591
21.03999999999934,47.65443762506026,0.5401603508929824
21.049999999999336,47.47339887481411,1.918354328674483
21.059999999999338,47.38235212469793,1.2267018588632699
21.06999999999934,47.83607587476029,1.0934090651796955
21.079999999999337,47.29173949988005,1.5733924364477727
21.089999999999336,47.92701912451838,1.5883647369027387
21.099999999999337,47.20085849999926,1.211281591617562
21.10999999999934,46.7473618754196,1.6660304212474595
21.119999999999337,46.83791262481815,1.2113028014505962
21.129999999999335,47.29190474981864,1.9185601849163099
21.139999999999336,47.38241387493973,1.3989126133515644
21.149999999999338,48.47141762434055,0.9507672313772402
21.159999999999336,46.747155375542924,1.1267803410245807
21.169999999999334,47.01953025024164,1.5997878444010716
21.179999999999335,47.5639902497587,1.588741338025387
21.189999999999337,46.20300537524226,1.5964377271272003
21.199999999999335,47.7452778747015,0.9506050860723033
21.209999999999333,47.5639492501212,1.4903018880486196
21.219999999999335,47.92683324951761,1.0804990799860992
21.229999999999336,47.01944737536105,1.399121053280237
21.239999999999334,47.109998125666806,0.7699496375156888
21.249999999999332,48.380907999332976,1.688919787247298
21.259999999999334,47.92689512475881,1.2724981124947763
21.269999999999335,47.291636250417156,1.3124113278154297
21.279999999999333,47.110225500423525,1.4994480077994552
21.28999999999933,47.11014287493935,1.2832714204814575
21.299999999999333,47.10997724963407,0.665001423008091
21.309999999999334,46.83780912578277,0.845597848402883
21.319999999999332,47.38237274963653,1.2868959096394446
21.32999999999933,47.473253999878736,1.6202188752130995
21.339999999999332,46.38435400060652,1.3955659836280165
21.349999999999334,47.200961624938934,1.4901232733131482
21.35999999999933,47.29178125012109,1.6659843466940396
21.36999999999933,47.56370124945397,0.6435143448786451
21.37999999999933,47.47296449993843,0.7193935955367083
21.389999999999333,46.656543000909274,1.4514058730144834
21.39999999999933,47.56378412518198,1.0081701317004366
21.40999999999933,47.01936474963458,1.1639285051674573
21.41999999999933,47.29159487408752,1.192204874588497
21.429999999999332,46.83828475072716,2.0436880554547088
21.43999999999933,47.201106625181204,1.8091609478221182
21.449999999999328,47.38226962548879,0.9505239694877426
21.45999999999933,46.565703125548325,1.1270716866016512
21.46999999999933,47.56380437506073,1.0801264793297756
21.47999999999933,48.29008887359943,1.588876544545698
21.489999999999327,46.56586850048729,1.5727725720620895
21.49999999999933,46.83801575048746,1.489962434492555
21.50999999999933,47.83605537475822,1.0222938667126444
21.519999999999328,48.017590124632406,1.058723701280754
21.529999999999326,47.83595212512463,0.5401523334662627
21.539999999999328,47.564114124817195,1.851223823481768
21.54999999999933,47.3822487500582,0.8677057431287087
21.559999999999327,48.289841374510054,0.8459222695013202
21.569999999999325,47.47315050024493,1.3684781144670917
21.579999999999327,47.56376325042677,0.930501539903695
21.58999999999933,47.291657250549925,1.368542406380277
21.599999999999326,47.56380462487954,1.0802214619684
21.609999999999324,47.291491875183816,0.8175055594761733
21.619999999999326,47.65497462506196,2.05132177570323
21.629999999999328,47.29151262499812,0.9048184589015257
21.639999999999326,47.20073450006144,0.7513865831530363
21.649999999999324,47.382661749816066,1.940751668570139
21.659999999999325,47.563845749756226,1.21174863224559
21.669999999999327,46.92856637499867,0.9454367149620742
21.679999999999325,47.20089987536754,1.330231908837004
21.689999999999323,47.47331600037118,1.7541813680766243
21.699999999999324,46.92856650030914,0.9455455957886196
21.709999999999326,47.29167775024498,1.4223515951598007
21.719999999999324,47.563742749877505,0.8457905891546604
21.729999999999322,46.92858700036571,1.0218851355945038
21.739999999999323,47.92695712444698,1.4392845492743893
21.749999999999325,46.29367962591874,1.5023968470390308
21.759999999999323,46.83785037506144,1.0077360764057002
21.76999999999932,47.47296450000207,0.7193935958758934
21.779999999999323,47.110018625060405,0.8621572356899538
21.789999999999324,46.38416800042873,0.7697743591893748
21.799999999999322,47.200879124998124,1.2722088202528608
21.80999999999932,47.382496749877646,1.5997772178564393
21.81999999999932,47.29184237518454,1.7971164384281764
21.829999999999323,46.56574425079628,1.2532384151098592
21.83999999999932,47.01940625024882,1.2866290187363205
21.84999999999932,46.38420937592644,0.945362053820107
21.85999999999932,47.20108562518476,1.7676629767372654
21.869999999999322,47.38241387450796,1.3991334729022409
21.87999999999932,47.29163637463189,1.3122549421006682
21.88999999999932,47.38251724993802,1.6464181894703585
21.89999999999932,47.109998126047124,0.7699496372585501
21.90999999999932,47.83638537469547,1.8588980630344702
21.91999999999932,48.10832687500074,0.9507404411047613
21.929999999999318,47.110080625557046,1.093066052678891
21.93999999999932,47.56376299956772,0.9307223903773725
21.94999999999932,46.92866987518445,1.282983969714598
21.95999999999932,47.472944000185805,0.6058477498401931
21.969999999999317,48.108574374628496,1.6469173098649696
21.97999999999932,47.38222825068075,0.7761658047859705
21.98999999999932,47.110059874876924,1.0219607078296697
21.999999999999318,47.01944737543321,1.39912105342558
22.009999999999316,47.56372174993817,0.7513867905924531
22.019999999999314,48.01765249944091,1.2538095701318122
22.02999999999932,47.110225250680955,1.499379495865515
22.039999999999317,47.382414499628865,1.3988024218915467
22.049999999999315,46.92871100031345,1.3954411707708778
22.05999999999932,47.56376337425795,0.9306120699410957
22.069999999999318,47.110287249876215,1.643614192111339
22.079999999999316,47.745608374690306,1.8200536464696773
22.089999999999314,47.47296462518717,0.7195365739053727
22.099999999999312,47.74540149993676,1.3444540558957194
22.109999999999317,47.01930287530947,0.9503346141821977
22.119999999999315,46.565827250931655,1.4740013197633453
22.129999999999313,47.654603124502835,1.2234142883126884
22.13999999999932,47.20096200018575,1.4900544745928426
22.149999999999316,47.019426874752455,1.3439185241901035
22.159999999999314,46.92873162481429,1.4485409733006294
22.169999999999312,47.291656874754324,1.3685046672669547
22.17999999999931,47.926812374750035,1.0084253501787153
22.189999999999316,47.654561624815976,1.0933892866846233
22.199999999999314,47.92697774906251,1.4903938938051293
22.20999999999931,47.20092075018757,1.3852342472204562
22.219999999999317,47.47372849975199,2.468115520476552
22.229999999999315,46.838160625307964,1.8094023674537636
22.239999999999313,47.745215500060816,0.6721986303667504
22.24999999999931,48.017590374312,1.0583830963404202
22.25999999999931,47.74521549931171,0.6721986322165086
22.269999999999314,46.83799512481372,1.438498083487005
22.279999999999312,48.01789999974961,1.8386187681804202
22.28999999999931,47.83617962468717,1.3953905442551062
22.299999999999315,47.65470662487226,1.4994866447379938
22.309999999999313,47.56386674981297,1.2723232710813948
22.31999999999931,48.19918724924954,1.254115673872512
22.32999999999931,47.473275000187485,1.6656689043444963
22.339999999999307,47.291512374682256,0.9048754012810232
22.349999999999312,47.38243512475004,1.4523035934957336
22.35999999999931,48.0175901251879,1.0585773891965582
22.369999999999308,47.2920489994955,2.176001295925434
22.379999999999313,47.56382525019251,1.1477138616271865
22.38999999999931,47.38229012562556,1.0266331933606763
22.39999999999931,47.01936487537524,1.1640169373982772
22.409999999999307,47.56392837480854,1.4391115578140379
22.419999999999305,47.29190487468658,1.9183733487045564
22.42999999999931,47.01948887512526,1.502533904394513
22.43999999999931,48.108368249435685,1.0976799076859172
22.449999999999307,47.65491262481087,1.9382542467654995
22.45999999999931,48.10836824874936,1.0976799068357999
22.46999999999931,47.38257912499997,1.7787871936170925
22.479999999999308,47.019323375688096,1.0264661630325322
22.489999999999306,47.926833124431845,1.0804039321882442
22.499999999999304,47.927266624557376,2.0810614387094772
22.50999999999931,47.38247612493606,1.551966976323005
22.519999999999307,46.47496675069171,1.0799117483038247
22.529999999999305,46.83807775063042,1.6346623947162058
22.53999999999931,48.10840937399933,1.2273167197691923
22.549999999999308,47.56378387518955,1.0082213143695087
22.559999999999306,47.200961999876924,1.4901577723647745
22.569999999999304,47.473047375315915,1.0580795032189094
22.579999999999302,45.84012137651629,1.4739795516457388
22.589999999999307,48.10845087475123,1.3444350739631177
22.599999999999305,47.74550499974358,1.5997665154717375
22.609999999999303,47.92687462481041,1.2118123699748466
22.619999999999308,47.291511999494794,0.9046481917156484
22.629999999999306,47.2010031256326,1.5880027661775564
22.639999999999304,47.11022550006316,1.4998595109327442
22.649999999999302,46.747196750315865,1.2532982307642575
22.6599999999993,47.74529849930054,1.0268001635594177
22.669999999999305,47.47339862493939,1.9182205902407055
22.679999999999303,47.11018412531583,1.3958833631396896
22.6899999999993,47.200817374872265,1.0802531447753958
22.699999999999307,47.38245562481105,1.5026023286931005
22.709999999999305,47.47306825056885,1.1271285925615817
22.719999999999303,46.56582712525256,1.4739314417373608
22.7299999999993,46.02153212620639,1.4738790201391385
22.7399999999993,47.47304712506517,1.0581282473730425
22.749999999999304,47.65470624930513,1.4995551404208707
22.7599999999993,47.3826826245562,1.978932478748929
22.7699999999993,47.473026499872546,0.9843546151174475
22.779999999999305,47.38239362487307,1.344358540717212
22.789999999999303,48.19912549936815,1.0583688959758029
22.7999999999993,47.65472662462135,1.5497424282956895
22.8099999999993,47.019447375573385,1.3991210536717302
22.819999999999297,47.1102666250637,1.5972097271721102
22.829999999999302,47.20092087518974,1.3856428508425254
22.8399999999993,46.384292250824586,1.2229518260832921
22.849999999999298,47.74519462423477,0.548895032609749
22.859999999999303,47.291801750315756,1.710912925691156
22.8699999999993,47.200899875255416,1.3300002565985127
22.8799999999993,47.7458759998101,2.2963968981235765
22.889999999999297,47.56413487531902,1.891373698007146
22.899999999999295,47.20089999968094,1.329845299375905
22.9099999999993,47.20073449993616,0.7513865830949433
22.9199999999993,47.29153324955715,0.9845742127879277
22.929999999999296,47.20075500031925,0.8456182362667848
22.9399999999993,47.83634425037908,1.7761440075985695
22.9499999999993,47.01936487506452,1.16375145746394
22.959999999999297,47.74569049936135,1.9789367815628809
22.969999999999295,47.20096187506394,1.4898819155067349
22.979999999999293,46.56562025057778,0.8171935018006121
22.9899999999993,46.83791262525721,1.2113028012839997
22.999999999999297,47.382496749233994,1.5997772177772895
23.009999999999295,47.11014262525207,1.2834314670736309
23.0199999999993,46.92854587531789,0.8621771419430441
23.029999999999298,46.56588912544786,1.6199807744174588
23.039999999999296,47.29165687474476,1.3685046678054735
23.049999999999294,46.83795400032047,1.3298001402750554
23.05999999999929,47.654582499870315,1.1600697613707438
23.069999999999297,47.291512375446935,0.9048754006048636
23.079999999999295,47.5639698748084,1.5402254532206667
23.089999999999293,46.384312625961265,1.2827782467094662
23.099999999999298,46.928525374998785,0.7699664054033334
23.109999999999296,47.01928225051092,0.8676067700639667
23.119999999999294,46.74711412551407,0.9844435526810595
23.129999999999292,46.7471762498066,1.1920003248156468
23.13999999999929,47.74531862467765,1.0977189804451062
23.149999999999295,47.56388699961709,1.3301806439563004
23.159999999999293,45.930857875827606,1.5514586829901762
23.16999999999929,47.110039250001506,0.9453598230625864
23.179999999999296,47.110308125127744,1.688531114589936
23.189999999999294,47.473088499999946,1.1921851817046827
23.199999999999292,47.38229012519154,1.0266331937511106
23.20999999999929,47.563804374677765,1.0804117086615213
23.21999999999929,47.563804375193605,1.0804117087608
23.229999999999293,46.47509050057572,1.4385577991484355
23.23999999999929,47.01953024993358,1.5995952293643394
23.24999999999929,46.83797462558021,1.3851972179603529
23.259999999999295,46.928690499747276,1.3406613605786717
23.269999999999293,48.01756962371328,0.9847985134403024
23.27999999999929,47.5638047498751,1.0803166743139843
23.28999999999929,47.110080625129044,1.09306605281528
23.299999999999287,47.110267000583384,1.5967587014826934
23.30999999999929,47.01969537525718,1.940134184089327
23.31999999999929,47.29173987493544,1.5730330020268526
23.329999999999288,47.92695712416177,1.4390699702013063
23.339999999999293,47.47310937532046,1.2535020885053905
23.34999999999929,47.563804624871096,1.0802214617232933
23.35999999999929,46.837933125773624,1.2721548081558036
23.369999999999287,46.29374162545754,1.6461211735471926
23.379999999999285,47.654603124481014,1.2234142882276775
23.38999999999929,47.29171887499994,1.5246527419101512
23.399999999999288,47.110328750064326,1.7324916750593349
23.409999999999286,47.56419687454781,2.0073177761983225
23.41999999999929,47.29155349916334,1.05814232375203
23.42999999999929,47.01930312461324,0.9504427318600125
23.439999999999287,46.656315625450254,0.6718923397670793
23.449999999999285,47.38229024973885,1.0267334009261684
23.459999999999283,46.838408751041676,2.2540228741205843
23.46999999999929,48.10843024909731,1.2871885039753275
23.479999999999286,47.56390787499993,1.3855131150575695
23.489999999999284,46.92881437532545,1.6436901328621591
23.49999999999929,46.92889700006446,1.8171611595856683
23.509999999999287,47.382310750063105,1.0977109002473233
23.519999999999285,47.110080625325615,1.0932071146901505
23.529999999999283,47.83605537415287,1.0222938666623789
23.53999999999928,47.56378387434921,1.0082213147341923
23.549999999999287,47.292131875644884,2.310266088573351
23.559999999999285,46.92871099921637,1.3953306635607194
23.569999999999283,47.83607587454407,1.0936914639427893
23.579999999999288,47.29157462525789,1.1271456957684256
23.589999999999286,46.747196750323,1.2532982314194838
23.599999999999284,48.380846124153244,1.5498629478195103
23.609999999999282,46.83795400032551,1.3298001402594108
23.61999999999928,47.29163637499802,1.312019458233316
23.629999999999285,47.20085850051714,1.2115366559902
23.639999999999283,46.928855875716266,1.7322120691864349
23.64999999999928,46.837954000065025,1.3298001404626534
23.659999999999286,47.56380474999801,1.0803166743827646
23.669999999999284,46.747361875777514,1.6652897946254193
23.679999999999282,46.47498725026041,1.147489344063418
23.68999999999928,47.38247612526049,1.5519669757698524
23.699999999999278,47.473274875260415,1.6665027539702966
23.709999999999283,47.01948887506504,1.5027389594401324
23.71999999999928,46.5657857501953,1.3678918763277754
23.72999999999928,47.56384587486835,1.211579221104896
23.739999999999284,48.471809749087825,1.9403807713454457
23.749999999999282,47.29165712552103,1.368354534138744
23.75999999999928,47.019406000522224,1.2870287292020923
23.76999999999928,47.47321262474279,1.524788893553507
23.779999999999276,48.28998587421266,1.3304834916658543
23.78999999999928,47.110163250065085,1.3406261867915115
23.79999999999928,47.20087937506704,1.272289544314788
23.809999999999278,46.928732000067185,1.4480793293703638
23.819999999999283,47.109977250065334,0.6650014229496164
23.82999999999928,47.20081737499997,1.0802531440888195
23.83999999999928,46.92869037559191,1.3408143955651937
23.849999999999277,46.475111250460145,1.4898183746403257
23.859999999999275,47.29196675006543,2.03288811865883
23.86999999999928,46.11218562564979,1.3297293168433189
23.879999999999278,47.92683312453893,1.0804039322936942
23.889999999999276,46.56582712513165,1.4741410607461127
23.89999999999928,47.11008062513028,1.0930660522663203
23.90999999999928,47.1101219996752,1.223062383571116
23.919999999999277,46.74721725013406,1.3120882913102547
23.929999999999275,47.01934425046044,1.0975158597999297
23.939999999999273,46.38451937506564,1.7747571388167462
23.949999999999278,47.200961999868326,1.4900544747439939
23.959999999999276,47.1102461255263,1.5489843076386451
23.969999999999274,47.382352125263196,1.2267018584875087
23.97999999999928,46.65668762480591,1.7776018604163264
23.989999999999277,47.473315999936034,1.7540057075834776
23.999999999999275,46.83782975019763,0.9302895512017781
24.009999999999273,47.20079649973445,1.0079916848886608
24.01999999999927,47.20089999993824,1.3298452996693306
24.029999999999276,47.38235225098432,1.2270375660142965
24.039999999999274,47.38224874967128,0.8677057428043916
24.049999999999272,46.92873162499624,1.4483282444823036
24.059999999999278,47.01950975032736,1.5519395615221143
24.069999999999276,46.47490475046051,0.84554755009
24.079999999999274,47.110266374934085,1.5967585442445236
24.08999999999927,47.200858499865824,1.2117909545702112
24.09999999999927,47.9271017495375,1.767745355328951
24.109999999999275,47.20108587519719,1.7678086971314526
24.119999999999273,46.47504925085944,1.329774448263036
24.12999999999927,47.56370099927292,0.6435945285214317
24.139999999999276,47.20143712546011,2.3841054050214057
24.149999999999274,46.74711387486858,0.9843390899353199
24.159999999999272,46.56570312566109,1.1267975033922846
24.16999999999927,47.473171499136114,1.422828993702238
24.179999999999268,47.56392837466795,1.4391115571813033
24.189999999999273,46.11208250112062,1.0077617734266837
24.19999999999927,47.29188437493278,1.878578163890302
24.20999999999927,47.38241412453522,1.399206838195811
24.219999999999274,47.47306799921107,1.1271743493646844
24.229999999999272,47.563866374670575,1.2724039641170288
24.23999999999927,47.110080625263954,1.0932071152590315
24.249999999999268,46.56595112579668,1.75399810799028
24.259999999999266,47.11022550072923,1.49985951035005
24.26999999999927,47.11012212566414,1.2228938868415897
24.27999999999927,46.384250500662084,1.0930052084328337
24.289999999999267,47.47310912407043,1.2536660185637503
24.299999999999272,47.74546349960278,1.5026706691151868
24.30999999999927,47.47317137453517,1.4225396215596875
24.31999999999927,47.4731094995351,1.2535841494760802
24.329999999999266,46.747403250597564,1.7533717804147582
24.339999999999264,47.20098249966263,1.5398242038922947
24.34999999999927,46.74713487500162,1.0581787440872106
24.359999999999268,47.109977249601826,0.6650014231374073
24.369999999999266,47.200920500130756,1.3852714233170107
24.37999999999927,46.83799512513091,1.4384980838194985
24.38999999999927,48.0174869994687,0.6059756245568478
24.399999999999267,46.47490437566417,0.8454863797800616
24.409999999999265,47.20071362513158,0.6434209932207412
24.419999999999263,47.201148000334996,1.8907578397328597
24.429999999999268,47.291656875199266,1.3685046679588564
24.439999999999266,47.836261749733126,1.5975723107412891
24.449999999999264,46.92887650013134,1.7752671729987228
24.45999999999927,48.017672498871136,1.3130228547262033
24.469999999999267,47.563763249734464,0.9305015393966244
24.479999999999265,47.01948850020097,1.5028076995936888
24.489999999999263,47.110576249463946,2.1931495565116683
24.49999999999926,46.928566374731886,0.9454367149186872
24.509999999999266,47.745339749072336,1.164105253916968
24.519999999999264,46.65672912560127,1.860431514853756
24.529999999999262,46.837995250465525,1.4382832269632289
24.539999999999267,46.838139750597485,1.7667708158700848
24.549999999999265,47.29171925046098,1.524990083051383
24.559999999999263,46.92864899946494,1.222883339808727
24.56999999999926,46.565703125335375,1.1267975030720019
24.57999999999926,47.74550437459759,1.600472982227821
24.589999999999264,46.29351425039848,1.0262321607659506
24.599999999999262,47.74542212486644,1.3991458106811152
24.60999999999926,47.47306799986582,1.1273108992821406
24.619999999999266,47.47315062513415,1.368553282537867
24.629999999999264,47.11053537533361,2.1227682379561097
24.63999999999926,47.38233162486589,1.164149444971018
24.64999999999926,47.0196131252681,1.7782964212327406
24.659999999999258,47.29157425006787,1.1269632995765841
24.669999999999263,47.29180150026668,1.710581912183941
24.67999999999926,47.291491749798844,0.8173796864364025
24.68999999999926,47.47337799973224,1.878862179374137
24.699999999999264,46.83797462553652,1.3853085336224358
24.709999999999262,47.654561625201474,1.0933892869879465
24.71999999999926,46.38416825033539,0.7699080690622367
24.729999999999258,47.38247637446339,1.5524311268582585
24.739999999999256,46.8379332502052,1.27199284536841
24.74999999999926,47.01969537526794,1.9401338272452409
24.75999999999926,48.108491749464235,1.4524917077606874
24.769999999999257,47.65489249985873,1.8985827174054846
24.779999999999262,46.565765125069674,1.3119558080729907
24.78999999999926,47.47302624993293,0.9847199638246543
24.799999999999258,47.47300599932573,0.9048683666605376
24.809999999999256,47.20079625006795,1.008042773711098
24.819999999999254,47.11014275006768,1.2830307668680485
24.82999999999926,47.0195717500671,1.691155676293551
24.839999999999257,47.56376324953218,0.930501539850857
24.849999999999255,48.47149962445839,1.2278118456019773
24.85999999999926,46.56570274986595,1.1268890029294538
24.86999999999926,47.11020437466281,1.4485025300778887
24.879999999999256,47.110225499457684,1.4994480074300482
24.889999999999254,47.01934424993267,1.0975158603975868
24.899999999999253,47.38241412533845,1.399096628390074
24.909999999999258,47.38235225033535,1.2272886522402204
24.919999999999256,47.29171887479679,1.5244500669944874
24.929999999999254,47.47296449979693,0.7193935952526467
24.93999999999926,47.20087924986582,1.2720874459646938
24.949999999999257,47.4731504990563,1.3684781155641785
24.959999999999255,47.29171887445844,1.52465274137506
24.969999999999253,47.20116850040606,1.9306230735405046
24.97999999999925,47.745360125206425,1.227030762782648
24.989999999999256,47.11034925047378,1.7756536454026899
24.999999999999254,48.10845074925534,1.3445883200320496
25.009999999999252,46.38462287588168,1.9762292856987937
25.019999999999257,47.20083762452384,1.1479747830203555
25.029999999999255,46.928649000135465,1.2231359846642402
25.039999999999253,47.38220762500005,0.6721217848831423
25.04999999999925,46.65668750027142,1.7779490054075147
25.05999999999925,46.56578575013599,1.3681930404955684
25.069999999999254,47.01959225060919,1.7352580975931668
25.079999999999252,47.47304750027094,1.0584678638471419
25.08999999999925,46.38441600040801,1.5488305181176376
25.099999999999255,47.11022524999623,1.4995849822739369
25.109999999999253,47.92685374932334,1.1480124766314175
25.11999999999925,47.382435000679706,1.451595021576161
25.12999999999925,47.382414249798074,1.3988392736476043
25.139999999999247,48.10838887459,1.164282014770017
25.149999999999253,47.382331624594066,1.164281657684257
25.15999999999925,47.92691575013863,1.330380182313531
25.16999999999925,46.565848000751764,1.5241704001045628
25.179999999999254,47.11014262560926,1.2831913664228678
25.18999999999925,46.747113875131625,0.9843390893781654
25.19999999999925,47.38226962541077,0.9505239690102991
25.209999999999248,47.745628999248055,1.860901400104631
25.219999999999246,47.836220499590034,1.4998582233850204
25.22999999999925,47.01963375034205,1.8197518815432334
25.23999999999925,47.74525662431935,0.8679229729492706
25.249999999999247,47.473501875409866,2.1056335027208495
25.259999999999252,47.200775874999465,0.9304092767243732
25.26999999999925,48.01773499904248,1.4746031598574378
25.279999999999248,46.92869049959216,1.3404308666868203
25.289999999999246,48.19937324911142,1.7106919569977472
25.299999999999244,47.291574374523144,1.1271914071003974
25.30999999999925,47.200817250138115,1.0801578783257022
25.319999999999247,46.838057124931545,1.5879918860432303
25.329999999999245,47.47306799986328,1.1270375391803256
25.33999999999925,47.38231100020641,1.0975237006748961
25.34999999999925,47.74554637480017,1.6917839299515762
25.359999999999246,47.201147374589844,1.8915187726044398
25.369999999999244,47.83630287410952,1.689280324948634
25.379999999999242,46.92850450055136,0.6650143271176406
25.389999999999247,47.110122125410044,1.223398414931111
25.399999999999245,47.65472712452151,1.549145943376292
25.409999999999243,46.74730025007075,1.5245428395664131
25.41999999999925,48.19912562418178,1.0583205572381822
25.429999999999247,47.2914915001368,0.8174427194050432
25.439999999999245,47.11010125020431,1.159953398211186
25.449999999999243,47.38245562520622,1.502704763341867
25.45999999999924,47.20110662506891,1.8093312525722725
25.469999999999246,47.2916572499317,1.3686548752072405
25.479999999999244,46.38458150089587,1.898180647724023
25.48999999999924,47.74533949958879,1.164017160807939
25.499999999999247,47.47308862499998,1.1922714636941962
25.509999999999245,47.47329549972379,1.7106637648630707
25.519999999999243,46.92866987527716,1.2829839693740304
25.52999999999924,47.29169837527407,1.4744768026304917
25.53999999999924,46.56584762596589,1.524238046376758
25.549999999999244,47.29182237541254,1.7540459957307755
25.559999999999242,47.65452024986663,0.9457607639840218
25.56999999999924,47.47323337444797,1.5734241128843178
25.579999999999245,47.836385499794964,1.8589533727582224
25.589999999999243,46.656377500548786,0.9503074976417676
25.59999999999924,46.928628375136334,1.1598942165337698
25.60999999999924,47.291532875552136,0.9843653995173341
25.619999999999237,46.92856637465579,0.9454367153401186
25.629999999999242,47.29153325034577,0.984574213778952
25.63999999999924,46.747155375000126,1.1267803408707395
25.64999999999924,47.291863250069,1.8385359296920336
25.659999999999243,47.83640637486174,1.899180028167827
25.66999999999924,47.8360344994495,0.9457927053707967
25.67999999999924,46.92862812520712,1.1596721341414136
25.689999999999237,48.1993734986905,1.711293384971569
25.699999999999235,47.74529799999799,1.02680008557163
25.70999999999924,47.01955075055171,1.6462465232791461
25.71999999999924,47.20106549951704,1.7240038124459063
25.729999999999237,46.565703125278034,1.1267975030609019
25.73999999999924,47.74527749952029,0.9505512495804623
25.74999999999924,47.6545204997241,0.9455433985513596
25.759999999999238,47.200734500138125,0.7513865828579193
25.769999999999236,47.47300600069471,0.9048683672500791
25.779999999999234,47.01932337528199,1.0264661629588212
25.78999999999924,47.47319200034496,1.4746557502176096
25.799999999999237,47.11001862514067,0.8621572366403725
25.809999999999235,45.658586251530025,1.0927088847615192
25.81999999999924,46.65631587506921,0.6720454092896234
25.829999999999238,47.019736875551686,2.0162891358415487
25.839999999999236,46.56564075027597,0.9046122831339809
25.849999999999234,46.38427150104262,1.159689026120006
25.859999999999232,46.65662562548725,1.6460430396954702
25.869999999999237,47.83617924972323,1.3959063611533244
25.879999999999235,47.74562899930332,1.8609013999744464
25.889999999999233,47.291595250069804,1.1921188511187062
25.89999999999924,47.01928224979342,0.8676067710367189
25.909999999999236,47.29186325034763,1.8385359298612236
25.919999999999234,47.01950975021133,1.551939560872116
25.929999999999232,47.47312999923408,1.3124652802728771
25.93999999999923,48.01761099958149,1.1273111757725933
25.949999999999235,47.83613787409993,1.2835634124506143
25.959999999999233,47.472985374582315,0.8173771334848156
25.96999999999923,47.29142949979115,0.465243606003836
25.979999999999237,46.656501500208165,1.3438228759302915
25.989999999999235,47.836199874304945,1.4488681205983003
25.999999999999233,46.47498725076581,1.1474893442274388
26.00999999999923,46.92869037597958,1.3403540649424928
26.01999999999923,46.92877299971816,1.548793095084991
26.029999999999234,47.20110649950981,1.809502080117707
26.03999999999923,47.74554637437332,1.6917839305294151
26.04999999999923,47.110390750074316,1.8583094627236876
26.059999999999235,47.47327449965432,1.6662864882775752
26.069999999999233,47.01934425013934,1.097515859371628
26.07999999999923,46.47504937583547,1.3296195430515765
26.08999999999923,46.65695600020787,2.262728890985732
26.099999999999227,47.65454112429811,1.0221179700781031
26.109999999999232,47.47329487472121,1.7113238329740832
26.11999999999923,47.38264174951057,1.900858544261509
26.129999999999228,47.74546349951271,1.5026706675975474
26.139999999999233,47.745318874930454,1.0976719240444073
26.14999999999923,46.92864900034857,1.22313598557103
26.15999999999923,47.56386674937264,1.2724442438367913
26.169999999999227,47.564176750138564,1.9690375875348842
26.179999999999225,47.29167775035156,1.422785276402522
26.18999999999923,47.38222825007227,0.7761658044541262
26.19999999999923,47.473129999579015,1.3124652802846533
26.209999999999226,46.65664637598381,1.6912063828232706
26.21999999999923,47.38235212472145,1.226953717041732
26.22999999999923,47.200754999584376,0.8456182352005925
26.239999999999227,47.83634474880385,1.7756234242278102
26.249999999999226,46.38429200119462,1.2228676537461602
26.259999999999224,47.201064874647294,1.7250766610977435
26.26999999999923,47.291677874371416,1.4222066919134195
26.279999999999227,47.11022550035008,1.4998595103248453
26.289999999999225,47.56409387450778,1.8094737239045393
26.29999999999923,47.927081249511716,1.724486368785201
26.309999999999228,47.38231112493329,1.0976174360651187
26.319999999999226,47.47302687507031,0.984563350176896
26.329999999999224,47.38235250035136,1.227121219745407
26.339999999999222,47.5639493747904,1.4900602682503008
26.349999999999227,47.473109374158106,1.253747875646241
26.359999999999225,46.92873162542175,1.448328243182939
26.369999999999223,47.473026874791195,0.984563350261766
26.379999999999228,48.56231899972217,1.3413507927252621
26.389999999999226,48.56248387450765,1.7334577098335175
26.399999999999224,47.019571375210646,1.6912162487320292
26.409999999999222,47.201043999931564,1.680862361722154
26.41999999999922,47.74540150028293,1.3443395625693493
26.429999999999225,46.92856637570301,0.9454367143100785
26.439999999999223,47.11039074964597,1.8581431808979394
26.44999999999922,47.654768125425484,1.644063249142364
26.459999999999226,47.74536037408632,1.2272397618262325
26.469999999999224,46.293700250491796,1.5517516766306072
26.479999999999222,47.83603474999872,0.945575292197364
26.48999999999922,47.65468562485817,1.4486582668693924
26.49999999999922,47.200920500496586,1.3852714222347209
26.509999999999224,47.47352262507205,2.1408032803227495
26.51999999999922,47.836303374998735,1.6885500869220698
26.52999999999922,47.56386637428948,1.2724039639849405
26.539999999999225,46.38437500028113,1.4482793540014027
26.549999999999223,46.747320499649106,1.573065433594057
26.55999999999922,47.38231100077769,1.0975237001288476
26.56999999999922,47.29159487535489,1.192204874258271
26.579999999999217,47.29149175035484,0.8173796864715691
26.589999999999222,47.47313000007093,1.3124652801074062
26.59999999999922,46.475297376059046,1.890653388045519
26.609999999999218,47.654499749929045,0.8623737198492971
26.619999999999223,46.83789175063311,1.1477211846576856
26.62999999999922,46.92877299999919,1.5487930947879114
26.63999999999922,47.29161550021277,1.253318862856544
26.649999999999217,46.65664625113461,1.6907800855252182
26.659999999999215,47.564155875502124,1.9305831723992861
26.66999999999922,47.745277749786815,0.9504969073879529
26.679999999999218,47.20079675078026,1.0080935681730523
26.689999999999216,47.836178874786434,1.3964213545654995
26.69999999999922,46.29349362627205,0.9501178144675264
26.70999999999922,47.83609674907795,1.1602173461746443
26.719999999999217,47.56390787464526,1.3857354866916909
26.729999999999215,47.38222812478608,0.7760332435329776
26.739999999999213,47.745566500070794,1.7359193709935505
26.74999999999922,46.83799525078017,1.438283226994414
26.759999999999216,48.017879374290416,1.797182038435286
26.769999999999214,47.65458249935589,1.1602024386594405
26.77999999999922,48.290130499223096,1.6804962302110173
26.789999999999218,47.38226962485811,0.9505239690948039
26.799999999999216,47.291574374784716,1.1273279534420044
26.809999999999214,47.38237275000129,1.2866557833661827
26.81999999999921,47.745793999856694,2.1608149235536502
26.829999999999217,46.83795412627669,1.3298775620739902
26.839999999999215,47.11032875042597,1.7324916747608787
26.849999999999213,48.108471373931145,1.3993782149420484
26.859999999999218,47.3824350002128,1.4522327511202255
26.869999999999216,47.200796500644195,1.0081446509415983
26.879999999999214,47.11016349978653,1.340357285387009
26.889999999999212,47.47294400007173,0.6058477500346635
26.89999999999921,46.92864900064421,1.2228833403114914
26.909999999999215,46.837850250569296,1.0079405025065098
26.919999999999213,47.745876874927426,2.2958156520405297
26.92999999999921,47.654809375143174,1.7326662939730932
26.939999999999216,47.563763000072456,0.9307223899063044
26.949999999999214,47.20092074985688,1.3852342476955126
26.959999999999212,47.65460312492857,1.2234142877485796
26.96999999999921,47.47296487471378,0.7194648907983819
26.979999999999208,47.110204749856166,1.4484317819883843
26.989999999999213,47.38249674985943,1.5999702433259961
26.99999999999921,47.11028774992829,1.6429882109704914
27.00999999999921,47.9269981247144,1.5405750325046073
27.019999999999214,48.74395724857411,1.5253464520207358
27.029999999999212,46.56570312621492,1.1270716857798808
27.03999999999921,47.38253824935571,1.6911354443324975
27.04999999999921,46.565930375576826,1.7104325223427588
27.059999999999206,46.475049250863904,1.3297744479710343
27.06999999999921,47.200961999856915,1.4900544739076906
27.07999999999921,47.10999774957071,0.7698828152535074
27.089999999999208,48.01767299978515,1.3125533939077312
27.099999999999213,47.926915749643356,1.330148556588804
27.10999999999921,47.47308862528634,1.1922714637691838
27.11999999999921,46.92883500000377,1.6886379885196932
27.129999999999207,47.745422250068955,1.3993663089592367
27.139999999999205,47.019488875361034,1.5029445620018047
27.14999999999921,47.01924087485705,0.672045176687662
27.159999999999208,47.29153312542831,0.9844697015948057
27.169999999999206,47.83615874942228,1.3409309967981204
27.17999999999921,47.65449962449926,0.8622544574233321
27.18999999999921,47.74523612428709,0.7762213270128654
27.199999999999207,47.83628249963618,1.644489299197884
27.209999999999205,46.65635700007244,0.8675081708207105
27.219999999999203,46.837912624927824,1.211302800574595
27.229999999999208,47.74548387464136,1.5527559002282791
27.239999999999206,46.92866987514368,1.2829839697661187
27.249999999999204,47.01961287485529,1.7780649653160687
27.25999999999921,47.563845875143194,1.2115792209758882
27.269999999999207,47.56380462464086,1.0802214626844877
27.279999999999205,47.74525662456667,0.8679229731785947
27.289999999999203,47.56401049942216,1.6353486552661833
27.2999999999992,47.654995749999784,2.0874297651772244
27.309999999999206,47.56380437463829,1.0804117076820563
27.319999999999204,47.20094112485544,1.4387421497560422
27.329999999999202,47.382228124855665,0.7760332425275408
27.339999999999208,46.65648062607812,1.2865623695389858
27.349999999999206,47.47296462434971,0.719536573993571
27.359999999999204,47.83607625007234,1.0934558320715033
27.3699999999992,47.563969374708044,1.5406249224956923
27.3799999999992,46.92848362521688,0.5400368902606935
27.389999999999205,47.74538087478326,1.2870820945062584
27.399999999999203,46.83780950036123,0.8456588259225551
27.4099999999992,47.38233162543798,1.1642816581896311
27.419999999999206,47.563742749710485,0.845790588897651
27.429999999999204,47.01930274971127,0.9503885592863001
27.439999999999202,46.565930625575746,1.71013185291131
27.4499999999992,47.38237275014761,1.287015512152158
27.459999999999198,47.20100349992691,1.5875816020491211
27.469999999999203,46.565744250216525,1.253238414979112
27.4799999999992,48.199269624713516,1.4750949375810252
27.4899999999992,47.29161575079901,1.2532777526109886
27.499999999999204,47.382455624999864,1.5027047633395592
27.509999999999202,47.110225500291335,1.4994480071300291
27.5199999999992,47.5637632498557,0.9305015398153621
27.529999999999198,47.201023999709165,1.6347305572495197
27.539999999999196,47.29159525036437,1.1922479617203274
27.5499999999992,47.382414125145,1.3992068373783535
27.5599999999992,47.291636374998205,1.312254942461706
27.569999999999197,47.7456284992713,1.8613984771507404
27.579999999999202,47.11020500014463,1.4483962451530215
27.5899999999992,47.654416749926085,0.375770714332764
27.5999999999992,47.110266750361575,1.5968873291357302
27.609999999999197,46.83791262558284,1.2113028008963338
27.619999999999195,46.74723800043581,1.368166382866856
27.6299999999992,47.20085825036641,1.2117061996798009
27.639999999999198,47.654747624854195,1.5971655886913212
27.649999999999196,46.928566375291524,0.9454367154254578
27.6599999999992,47.65474762449252,1.5973584963924246
27.6699999999992,47.291470874999646,0.7193904774310815
27.679999999999197,47.0195302506555,1.6001739762228642
27.689999999999195,47.4734811249997,2.069917354161496
27.699999999999193,47.38239362478078,1.344358540366694
27.709999999999198,47.92724612492687,2.0446688597760523
27.719999999999196,47.38231112514568,1.0976174349540928
27.729999999999194,47.019592249638265,1.7351692322321226
27.7399999999992,47.29163637507684,1.312489726003568
27.749999999999197,47.3825176247815,1.6461681854713353
27.759999999999195,47.65443737499894,0.5402559207155725
27.769999999999193,47.38235212485585,1.2269537178670291
27.77999999999919,47.654789125073215,1.6886569560563323
27.789999999999196,46.928628375073096,1.1598942155535932
27.799999999999194,47.65474724941643,1.5976152255892937
27.809999999999192,47.65491262499939,1.9380154030380112
27.819999999999197,47.38253762478123,1.6919857221687777
27.829999999999195,46.92866962478155,1.2830240481525301
27.839999999999193,48.01750787463244,0.7195545209911535
27.84999999999919,47.20085849977885,1.2115366554454925
27.85999999999919,47.745236374926556,0.7761547787334585
27.869999999999195,47.47333687507721,1.7966747819207551
27.879999999999193,47.74538062389963,1.2872418089101936
27.88999999999919,47.473274874485455,1.6660394412586583
27.899999999999196,46.92864900087449,1.222883338963104
27.909999999999194,47.019199500510936,0.38800505975476357
27.91999999999919,47.74552549977936,1.6465901853672271
27.92999999999919,47.291553750000006,1.058239354486261
27.939999999999188,46.74713475014693,1.0580814279037822
27.949999999999193,47.29155375043905,1.0582393542440938
27.95999999999919,47.11018412455907,1.3956626065573519
27.96999999999919,48.01750787397102,0.7195545203857291
27.979999999999194,47.654582249487426,1.16024693626796
27.989999999999192,47.38245562507281,1.5026023288702277
27.99999999999919,48.28994449948537,1.2121096087152252
28.009999999999188,47.926750249778216,0.7516948350038364
28.019999999999186,47.11030812514628,1.688531114059176
28.02999999999919,47.291594875367714,1.1919463980398348
28.03999999999919,47.92691575044107,1.3306122893869714
28.049999999999187,47.11020474956159,1.4484317814424115
28.059999999999192,47.3822072502977,0.6720454081800731
28.06999999999919,47.473191750441,1.4742717266276995
28.07999999999919,47.38239362470601,1.3441293231667362
28.089999999999186,47.200920500817084,1.3856055499834332
28.099999999999184,47.47294399985178,0.6058477501525522
28.10999999999919,47.11001862522059,0.8621572360954171
28.119999999999187,47.20104450007532,1.680128680130024
28.129999999999185,47.20081712544559,1.0804432896875418
28.13999999999919,48.834590373971075,1.098256763597749
28.14999999999919,46.928938500293896,1.898421416981632
28.159999999999187,47.291553750147024,1.0582393536326016
28.169999999999185,48.199187624333284,1.254033587396884
28.179999999999183,48.562153999332544,0.7703004463690363
28.189999999999188,47.927163500071266,1.8917319240800456
28.199999999999186,47.11016325074145,1.340395686411583
28.209999999999184,47.47306800022241,1.127037539754262
28.21999999999919,47.47315062441207,1.368778409913771
28.229999999999187,46.656439500588036,1.1638844104359483
28.239999999999185,47.109977251112525,0.6650014231867623
28.249999999999183,47.926874624925944,1.211939382175036
28.25999999999918,47.38243500029848,1.452020085122155
28.269999999999186,47.92691612463314,1.330302889751813
28.279999999999184,48.47147912433447,1.1648112376500994
28.289999999999182,47.74536037425855,1.2272397621357196
28.299999999999187,47.56407300007008,1.7675512782938012
28.309999999999185,47.38241425007334,1.3990601448581494
28.319999999999183,47.38257924992597,1.7782386047329772
28.32999999999918,47.83601412440682,0.8622345179164136
28.33999999999918,47.20081737522613,1.080253145225014
28.349999999999184,47.473088499852516,1.192185182662375
28.359999999999182,47.47306799985179,1.1270375391881173
28.36999999999918,47.74531899910966,1.097765599515692
28.379999999999185,47.74531862477431,1.0977189808222987
28.389999999999183,47.83611737514829,1.2234249288221073
28.39999999999918,47.11030812559311,1.688013229355764
28.40999999999918,47.473295499999374,1.7104831309448951
28.419999999999177,47.473109500223806,1.2535841501823566
28.429999999999183,47.11030812559309,1.6883486236630285
28.43999999999918,47.01950975111878,1.551840198296131
28.44999999999918,47.47304750037016,1.058322433085852
28.459999999999184,47.65464449962914,1.3408128959362438
28.46999999999918,47.654706249184414,1.4995551402368459
28.47999999999918,46.47504937552165,1.3296195438822405
28.489999999999178,47.01940637582149,1.286709018790312
28.499999999999176,47.7453808744763,1.287322008339623
28.50999999999918,46.83787125096654,1.0798798712396442
28.51999999999918,46.384312625892846,1.282778246744304
28.529999999999177,47.654582500075485,1.1602024387855792
28.539999999999182,47.201024000964,1.634730556795654
28.54999999999918,46.6565635008193,1.5023624435947205
28.559999999999178,47.654623749700875,1.283276701870072
28.569999999999176,47.83599337522453,0.7701253705332289
28.579999999999174,47.38237312544888,1.2870556099800423
28.58999999999918,46.56582712604367,1.4741410610245635
28.599999999999177,46.38418900052223,0.8618415275493713
28.609999999999175,47.382930749849926,2.3919703359341526
28.61999999999918,47.74548437477805,1.5519614577971022
28.62999999999918,48.1084302491024,1.2871885033702608
28.639999999999176,47.47306799999996,1.1270375393290892
28.649999999999174,47.3824556247756,1.5027047634323119
28.659999999999172,47.7453394991014,1.1642818385666964
28.669999999999177,47.473067999774294,1.127037539845193
28.679999999999175,47.654458249850826,0.6651661689188026
28.689999999999173,47.38251775097691,1.64623068058586
28.69999999999918,47.74523637492601,0.7761547797563086
28.709999999999177,47.109998124925326,0.7699496375967274
28.719999999999175,47.291615500373936,1.2533188629364844
28.729999999999173,46.8378715012026,1.0802611355603393
28.73999999999917,48.108512374850235,1.5035595874002359
28.749999999999176,46.83797462514962,1.3853085342569322
28.759999999999174,47.47313000037624,1.31246527994232
28.769999999999172,47.83613787379632,1.283323336177527
28.779999999999177,47.47304737507482,1.0582252291082168
28.789999999999175,47.473233125299245,1.5733584485312946
28.799999999999173,47.927019124326705,1.5883647363806945
28.80999999999917,47.56405237492636,1.7244014710975377
28.81999999999917,47.56384574984926,1.2117486326033668
28.829999999999174,46.656584375972244,1.551878885189189
28.839999999999172,47.473047500073825,1.0583224338742876
28.84999999999917,48.65307637394627,1.2725048349631127
28.859999999999175,47.11014262417761,1.2829505482773902
28.869999999999173,48.01754900007195,0.9050814332474999
28.87999999999917,47.382559000827975,1.7353817335703665
28.88999999999917,47.110204625150956,1.4484675899628907
28.899999999999167,46.56570312590512,1.126797502667934
28.909999999999172,46.74705187597563,0.7193008488144911
28.91999999999917,47.74525662454754,0.8679229734394347
28.92999999999917,47.29163625090534,1.3124113272015592
28.939999999999173,47.473253999247454,1.6204095704262744
28.94999999999917,47.382435124468074,1.4516658933264663
28.95999999999917,47.29157462499997,1.1271456947361653
28.969999999999168,48.10869837484872,1.90123660180457
28.979999999999166,47.01932362575954,1.0265662624661613
28.98999999999917,48.01789999939697,1.8385348990095463
28.99999999999917,47.20102387492437,1.6350450768089295
29.009999999999167,47.74529812515154,1.0269002259175963
29.019999999999172,47.83593124962239,0.3757707146009108
29.02999999999917,46.8377886248499,0.7513523216644257
29.039999999999168,47.47308862515076,1.1922714637824403
29.049999999999166,47.110183750230114,1.3957360304599065
29.059999999999164,47.201023624997276,1.6349826859686123
29.06999999999917,46.56578575052813,1.3681930414239556
29.079999999999167,47.563887249698354,1.3302577720454698
29.089999999999165,46.92879362477283,1.5968014711083693
29.09999999999917,47.0195093751529,1.5520055660775494
29.109999999999168,46.47519387575414,1.6800213484985633
29.119999999999166,48.017693624696946,1.368515936626283
29.129999999999164,47.38239325007413,1.3445500573072742
29.139999999999162,47.11022562530424,1.499516643774325
29.149999999999167,47.92683287439649,1.0805942417110885
29.159999999999165,47.654747625077285,1.5973584967610701
29.169999999999163,47.20096187568636,1.4902960586885228
29.17999999999917,47.74523637454781,0.776154780439136
29.189999999999166,46.83799550083502,1.4386411176559748
29.199999999999164,47.83609674962083,1.1602173461673073
29.209999999999162,47.291470874924045,0.7193904785087044
29.21999999999916,46.83791262606527,1.2113028011755296
29.229999999999166,47.473005999620504,0.9048683657937717
29.239999999999164,47.38235187446684,1.2271211728920797
29.24999999999916,47.20096199992375,1.4900544746162243
29.259999999999167,47.20089999999946,1.3300776278443587
29.269999999999165,46.474925251137535,0.930308052220952
29.279999999999163,47.29153287515299,0.9843654004864305
29.28999999999916,47.20087900022811,1.2723701174279485
29.29999999999916,48.562319374089576,1.3410447144320907
29.309999999999164,47.926750249320776,0.7516948344332806
29.319999999999162,46.656480625228276,1.286802513272477
29.32999999999916,46.56564100045638,0.9047260077583101
29.339999999999165,47.654933249471,1.9765061368253667
29.349999999999163,47.74521549939268,0.6721986307338479
29.35999999999916,47.65466512484764,1.3956488787879417
29.36999999999916,47.56372187431279,0.7515236647913767
29.379999999999157,46.56588912545771,1.6202665003737815
29.389999999999162,46.92856637598926,0.9454367144528579
29.39999999999916,47.11026662446744,1.5968228784394143
29.409999999999158,47.3823315005321,1.163928591961308
29.419999999999163,47.38235212462049,1.2272048208146025
29.42999999999916,47.5637632494676,0.9305015398867182
29.43999999999916,47.38245562485006,1.5027047637125928
29.449999999999157,46.83807812591666,1.6349771579134258
29.459999999999155,47.473192000230235,1.474446319695272
29.46999999999916,46.92860762568467,1.0928578606057884
29.47999999999916,47.472985374998274,0.8173771330348892
29.489999999999156,46.92854587538436,0.8621771420982339
29.49999999999916,47.473109125000086,1.2536660187941684
29.50999999999916,48.28992400007466,1.148109187064614
29.519999999999158,47.745545874923366,1.6918744425502321
29.529999999999156,46.56599225053445,1.83778215601694
29.539999999999154,47.11030812546016,1.688896957355894
29.54999999999916,47.11018412546101,1.3954411979506662
29.559999999999157,47.20087937477114,1.2721683397393477
29.569999999999155,47.38266175007672,1.9405131316274615
29.57999999999916,47.74546349984769,1.5030817503664269
29.589999999999158,47.20098250052952,1.5400248546069293
29.599999999999156,47.92683312477197,1.0804039326318857
29.609999999999154,47.745360375153446,1.2269886653126836
29.619999999999152,48.28984099969191,0.84604400038562
29.629999999999157,47.110163500228374,1.3407028102040581
29.639999999999155,47.74556699976968,1.735653479213441
29.649999999999153,47.382311125460596,1.0976174354669253
29.659999999999158,47.110101250531315,1.1596869884963914
29.669999999999156,47.6546236253082,1.2834366588692552
29.679999999999154,47.83615874961636,1.3410465030679006
29.689999999999152,47.56384587476685,1.2118335108240148
29.69999999999915,47.65452049999873,0.945543398172814
29.709999999999155,47.01936512484651,1.1641052086973414
29.719999999999153,47.29178087484649,1.6659533453360227
29.72999999999915,47.74529837407603,1.0267000134956819
29.739999999999156,47.382455625153895,1.5026023280011431
29.749999999999154,47.56386662407959,1.2723634084725668
29.759999999999152,47.38255875038293,1.7353226785818314
29.76999999999915,47.019385625847924,1.2269186774693743
29.77999999999915,48.28988262445897,1.0083998375658803
29.789999999999154,47.9267091250002,0.5134422056263528
29.79999999999915,48.01754874892067,0.9051385885097715
29.80999999999915,47.20137537577084,2.2875552903528433
29.819999999999155,46.92850412615121,0.6649368422883721
29.829999999999153,47.83607587469304,1.0934090654105344
29.83999999999915,47.74556649999746,1.7360080388956378
29.84999999999915,47.291760374922546,1.620254552518679
29.859999999999147,47.56370099992286,0.6435945273286123
29.869999999999152,47.56384550077342,1.2116639584373448
29.87999999999915,48.01779649977166,1.6210037002947966
29.889999999999148,47.019364874458475,1.163751457684661
29.899999999999153,48.10843024900254,1.2871885021138032
29.90999999999915,47.473563499768176,2.210277018102122
29.91999999999915,47.38235212469116,1.226953718261126
29.929999999999147,48.01752812438117,0.8176919670403033
29.939999999999145,47.29161574960822,1.25327775316485
29.94999999999915,47.38229012492491,1.0266331943329354
29.959999999999148,47.01969537554127,1.9401338262426278
29.969999999999146,47.29153312561907,0.9844697016284342
29.97999999999915,47.38276512477269,2.125580693157022
29.98999999999915,47.38226950061925,0.9504157271065197
