Executing action: monitor
Running idf_monitor in directory /mnt/c/Users/kissy/esp32_power_modeling/firmware/v2_timer_driven_polling/cpu_only_100
Executing "/home/yukari/.espressif/python_env/idf5.1_py3.12_env/bin/python /home/yukari/esp-idf/tools/idf_monitor.py -p /dev/ttyUSB0 -b 115200 --toolchain-prefix xtensa-esp32-elf- --target esp32 --revision 0 /mnt/c/Users/kissy/esp32_power_modeling/firmware/v2_timer_driven_polling/cpu_only_100/build/hello_world.elf -m '/home/yukari/.espressif/python_env/idf5.1_py3.12_env/bin/python' '/home/yukari/esp-idf/tools/idf.py' '-p' '/dev/ttyUSB0'"...
ets Jul 29 2019 12:21:46

rst:0x1 (POWERON_RESET),boot:0x13 (SPI_FAST_FLASH_BOOT)
configsip: 0, SPIWP:0xee
clk_drv:0x00,q_drv:0x00,d_drv:0x00,cs0_drv:0x00,hd_drv:0x00,wp_drv:0x00
mode:DIO, clock div:2
load:0x3fff0030,len:7112
load:0x40078000,len:15688
load:0x40080400,len:4
load:0x40080404,len:3876
entry 0x4008064c
[0;32mI (29) boot: ESP-IDF v5.1.6 2nd stage bootloader[0m
[0;32mI (29) boot: compile time Jun 23 2026 15:13:08[0m
[0;32mI (29) boot: Multicore bootloader[0m
[0;32mI (34) boot: chip revision: v3.1[0m
[0;32mI (37) boot.esp32: SPI Speed      : 40MHz[0m
[0;32mI (42) boot.esp32: SPI Mode       : DIO[0m
[0;32mI (47) boot.esp32: SPI Flash Size : 2MB[0m
[0;32mI (51) boot: Enabling RNG early entropy source...[0m
[0;32mI (57) boot: Partition Table:[0m
[0;32mI (60) boot: ## Label            Usage          Type ST Offset   Length[0m
[0;32mI (67) boot:  0 nvs              WiFi data        01 02 00009000 00006000[0m
[0;32mI (75) boot:  1 phy_init         RF data          01 01 0000f000 00001000[0m
[0;32mI (82) boot:  2 factory          factory app      00 00 00010000 00100000[0m
[0;32mI (90) boot: End of partition table[0m
[0;32mI (94) esp_image: segment 0: paddr=00010020 vaddr=3f400020 size=0ad00h ( 44288) map[0m
[0;32mI (118) esp_image: segment 1: paddr=0001ad28 vaddr=3ffb0000 size=021a0h (  8608) load[0m
[0;32mI (122) esp_image: segment 2: paddr=0001ced0 vaddr=40080000 size=03148h ( 12616) load[0m
[0;32mI (130) esp_image: segment 3: paddr=00020020 vaddr=400d0020 size=169b4h ( 92596) map[0m
[0;32mI (166) esp_image: segment 4: paddr=000369dc vaddr=40083148 size=0a624h ( 42532) load[0m
[0;32mI (191) boot: Loaded app from partition at offset 0x10000[0m
[0;32mI (191) boot: Disabling RNG early entropy source...[0m
[0;32mI (202) cpu_start: Multicore app[0m
[0;32mI (203) cpu_start: Pro cpu up.[0m
[0;32mI (204) cpu_start: Starting app cpu, entry point is 0x40081238[0m
[0;32mI (0) cpu_start: App cpu up.[0m
[0;32mI (221) cpu_start: Pro cpu start user code[0m
[0;32mI (221) cpu_start: cpu freq: 160000000 Hz[0m
[0;32mI (221) cpu_start: Application information:[0m
[0;32mI (226) cpu_start: Project name:     hello_world[0m
[0;32mI (231) cpu_start: App version:      027eccf-dirty[0m
[0;32mI (236) cpu_start: Compile time:     Jun 24 2026 14:04:58[0m
[0;32mI (242) cpu_start: ELF file SHA256:  1677b724ca2e361f...[0m
[0;32mI (248) cpu_start: ESP-IDF:          v5.1.6[0m
[0;32mI (253) cpu_start: Min chip rev:     v0.0[0m
[0;32mI (258) cpu_start: Max chip rev:     v3.99 [0m
[0;32mI (263) cpu_start: Chip rev:         v3.1[0m
[0;32mI (268) heap_init: Initializing. RAM available for dynamic allocation:[0m
[0;32mI (275) heap_init: At 3FFAE6E0 len 00001920 (6 KiB): DRAM[0m
[0;32mI (281) heap_init: At 3FFB2A60 len 0002D5A0 (181 KiB): DRAM[0m
[0;32mI (287) heap_init: At 3FFE0440 len 00003AE0 (14 KiB): D/IRAM[0m
[0;32mI (293) heap_init: At 3FFE4350 len 0001BCB0 (111 KiB): D/IRAM[0m
[0;32mI (300) heap_init: At 4008D76C len 00012894 (74 KiB): IRAM[0m
[0;32mI (307) spi_flash: detected chip: generic[0m
[0;32mI (311) spi_flash: flash io: dio[0m
[0;33mW (315) spi_flash: Detected size(4096k) larger than the size in the binary image header(2048k). Using the size in the binary image header.[0m
[0;32mI (328) app_start: Starting scheduler on CPU0[0m
[0;32mI (333) app_start: Starting scheduler on CPU1[0m
[0;32mI (333) main_task: Started on CPU0[0m
[0;32mI (343) main_task: Calling app_main()[0m
# config=0x4127
# calibration=0x2800
# manufacturer_id=0x5449
# die_id=0x2260
# experiment=cpu_only_100busy_step
# composition=CPU_only
# task_type=fixed_integer_arithmetic
# intensity=high_100busy
# workload_core=1
# sampling_core=0
# logger_core=0
# busy_ms=99
# cycle_ms=100
# initial_idle_ms=10000
# active_duration_ms=20000
# final_idle_ms=10000
# measurement_interval_ms=10
# sampling_method=timer_driven_polling
# buffer_type=FreeRTOS_queue
# sample_queue_length=2048
# uart_usage=log_transfer_only
# timestamp_source=ESP32_esp_timer_get_time
timestamp_us,shunt_voltage_mV,bus_voltage_V,current_mA,power_mW,workload_state,status
# phase=initial_idle
10311,0.332500,5.083750,33.250,170.000,0,OK
20280,0.332500,5.085000,33.250,167.500,0,OK
30291,0.330000,5.085000,33.000,167.500,0,OK
40280,0.330000,5.081250,33.000,167.500,0,OK
50291,0.350000,5.085000,33.000,167.500,0,OK
60280,0.332500,5.083750,33.250,170.000,0,OK
70291,0.335000,5.085000,33.000,167.500,0,OK
80280,0.330000,5.083750,33.000,167.500,0,OK
90291,0.332500,5.085000,33.000,167.500,0,OK
100280,0.332500,5.085000,33.250,170.000,0,OK
110291,0.332500,5.085000,33.250,167.500,0,OK
120280,0.332500,5.085000,33.250,170.000,0,OK
130291,0.332500,5.080000,33.250,167.500,0,OK
140280,0.347500,5.085000,33.000,167.500,0,OK
150291,0.332500,5.083750,33.250,170.000,0,OK
160280,0.337500,5.085000,33.000,167.500,0,OK
170291,0.332500,5.085000,33.250,170.000,0,OK
180280,0.335000,5.083750,33.250,170.000,0,OK
190291,0.332500,5.083750,33.250,170.000,0,OK
200280,0.330000,5.083750,33.000,167.500,0,OK
210291,0.332500,5.085000,33.250,170.000,0,OK
220280,0.332500,5.081250,33.250,167.500,0,OK
230291,0.342500,5.085000,33.000,167.500,0,OK
240280,0.330000,5.085000,33.000,167.500,0,OK
250291,0.332500,5.085000,33.250,170.000,0,OK
260280,0.335000,5.085000,33.500,170.000,0,OK
270291,0.327500,5.085000,33.000,166.250,0,OK
280280,0.330000,5.085000,33.000,167.500,0,OK
290291,0.332500,5.085000,33.250,167.500,0,OK
300280,0.332500,5.085000,33.250,170.000,0,OK
310291,0.332500,5.081250,33.250,167.500,0,OK
320280,0.340000,5.085000,33.250,170.000,0,OK
330291,0.335000,5.082500,33.500,170.000,0,OK
340280,0.332500,5.085000,33.000,167.500,0,OK
350291,0.330000,5.085000,33.000,167.500,0,OK
360280,0.330000,5.083750,33.000,167.500,0,OK
370291,0.330000,5.085000,33.000,167.500,0,OK
380280,0.327500,5.083750,32.750,166.250,0,OK
390291,0.332500,5.083750,33.250,170.000,0,OK
400280,0.330000,5.082500,33.000,167.500,0,OK
410291,0.335000,5.085000,33.250,170.000,0,OK
420280,0.332500,5.083750,33.250,170.000,0,OK
430291,0.332500,5.083750,33.000,167.500,0,OK
440280,0.332500,5.085000,33.250,170.000,0,OK
450291,0.330000,5.085000,33.000,167.500,0,OK
460280,0.332500,5.083750,33.250,170.000,0,OK
470291,0.330000,5.077500,33.000,167.500,0,OK
480280,0.327500,5.085000,32.750,166.250,0,OK
490291,0.330000,5.082500,33.000,167.500,0,OK
500280,0.332500,5.083750,33.250,170.000,0,OK
510291,0.330000,5.085000,33.000,167.500,0,OK
520280,0.330000,5.083750,33.250,170.000,0,OK
530291,0.332500,5.085000,33.250,170.000,0,OK
540280,0.330000,5.085000,33.250,167.500,0,OK
550291,0.330000,5.085000,33.000,167.500,0,OK
560280,0.332500,5.078750,33.250,167.500,0,OK
570291,0.330000,5.083750,33.000,167.500,0,OK
580280,0.332500,5.082500,33.250,170.000,0,OK
590291,0.337500,5.085000,33.000,167.500,0,OK
600280,0.330000,5.083750,33.000,167.500,0,OK
610291,0.332500,5.083750,33.250,170.000,0,OK
620280,0.330000,5.085000,33.000,167.500,0,OK
630291,0.327500,5.083750,33.000,166.250,0,OK
640280,0.332500,5.083750,33.250,170.000,0,OK
650291,0.337500,5.078750,33.750,172.500,0,OK
660280,0.350000,5.086250,33.500,170.000,0,OK
670291,0.330000,5.082500,33.000,167.500,0,OK
680280,0.335000,5.085000,33.000,167.500,0,OK
690291,0.332500,5.086250,33.250,170.000,0,OK
700280,0.332500,5.083750,33.250,170.000,0,OK
710291,0.335000,5.085000,33.500,170.000,0,OK
720280,0.332500,5.086250,33.250,167.500,0,OK
730291,0.332500,5.085000,33.250,170.000,0,OK
740280,0.332500,5.080000,33.250,167.500,0,OK
750291,0.347500,5.085000,33.250,170.000,0,OK
760280,0.332500,5.083750,33.250,170.000,0,OK
770291,0.337500,5.085000,32.750,166.250,0,OK
780280,0.332500,5.085000,33.250,170.000,0,OK
790291,0.332500,5.085000,33.250,167.500,0,OK
800280,0.332500,5.083750,33.250,170.000,0,OK
810291,0.332500,5.083750,33.250,167.500,0,OK
820280,0.335000,5.085000,33.500,170.000,0,OK
830291,0.335000,5.081250,33.500,170.000,0,OK
840280,0.342500,5.085000,33.250,170.000,0,OK
850291,0.332500,5.083750,33.250,170.000,0,OK
860280,0.330000,5.086250,33.250,170.000,0,OK
870291,0.332500,5.083750,33.250,170.000,0,OK
880280,0.335000,5.085000,33.250,170.000,0,OK
890291,0.332500,5.085000,33.250,170.000,0,OK
900280,0.332500,5.085000,33.250,167.500,0,OK
910291,0.332500,5.085000,33.250,170.000,0,OK
920280,0.330000,5.081250,33.000,167.500,0,OK
930291,0.342500,5.086250,33.250,170.000,0,OK
940280,0.335000,5.085000,33.500,170.000,0,OK
950291,0.330000,5.085000,33.250,170.000,0,OK
960280,0.332500,5.085000,33.250,170.000,0,OK
970291,0.330000,5.083750,32.750,167.500,0,OK
980280,0.330000,5.083750,33.000,167.500,0,OK
990291,0.330000,5.085000,33.000,167.500,0,OK
1000280,0.330000,5.085000,33.000,167.500,0,OK
1010291,0.332500,5.082500,33.250,170.000,0,OK
1020280,0.335000,5.083750,33.250,170.000,0,OK
1030291,0.332500,5.083750,33.250,170.000,0,OK
1040280,0.330000,5.083750,33.000,167.500,0,OK
1050291,0.335000,5.085000,33.500,170.000,0,OK
1060280,0.332500,5.083750,33.250,167.500,0,OK
1070291,0.332500,5.085000,33.250,170.000,0,OK
1080280,0.332500,5.076250,33.250,167.500,0,OK
1090291,0.332500,5.085000,33.250,170.000,0,OK
1100280,0.332500,5.082500,33.250,170.000,0,OK
1110291,0.337500,5.085000,33.500,170.000,0,OK
1120280,0.332500,5.085000,33.250,170.000,0,OK
1130291,0.332500,5.085000,33.000,167.500,0,OK
1140280,0.330000,5.083750,33.000,167.500,0,OK
1150291,0.332500,5.085000,33.250,167.500,0,OK
1160280,0.335000,5.083750,33.500,170.000,0,OK
1170291,0.330000,5.078750,33.000,167.500,0,OK
1180280,0.330000,5.083750,33.000,167.500,0,OK
1190291,0.332500,5.083750,33.250,170.000,0,OK
1200280,0.337500,5.085000,33.500,170.000,0,OK
1210291,0.332500,5.083750,33.250,170.000,0,OK
1220280,0.332500,5.085000,33.250,170.000,0,OK
1230291,0.330000,5.083750,33.000,167.500,0,OK
1240280,0.335000,5.085000,33.250,170.000,0,OK
1250291,0.332500,5.085000,33.250,170.000,0,OK
1260280,0.332500,5.078750,33.250,167.500,0,OK
1270291,0.350000,5.085000,33.000,167.500,0,OK
1280280,0.332500,5.083750,33.250,170.000,0,OK
1290291,0.335000,5.083750,33.250,170.000,0,OK
1300280,0.330000,5.083750,33.000,167.500,0,OK
1310291,0.332500,5.085000,33.250,170.000,0,OK
1320280,0.332500,5.083750,33.250,170.000,0,OK
1330291,0.330000,5.083750,33.000,167.500,0,OK
1340280,0.330000,5.085000,33.000,167.500,0,OK
1350291,0.330000,5.080000,33.000,167.500,0,OK
1360280,0.345000,5.083750,33.250,170.000,0,OK
1370291,0.330000,5.083750,33.000,167.500,0,OK
1380280,0.332500,5.085000,33.250,170.000,0,OK
1390291,0.332500,5.085000,33.250,170.000,0,OK
1400280,0.335000,5.083750,33.500,170.000,0,OK
1410291,0.330000,5.085000,33.000,167.500,0,OK
1420280,0.330000,5.083750,33.000,167.500,0,OK
1430291,0.330000,5.085000,33.000,167.500,0,OK
1440280,0.332500,5.081250,33.250,167.500,0,OK
1450291,0.347500,5.082500,33.000,167.500,0,OK
1460280,0.330000,5.083750,33.000,167.500,0,OK
1470291,0.335000,5.085000,33.250,170.000,0,OK
1480280,0.335000,5.085000,33.500,170.000,0,OK
1490291,0.332500,5.085000,33.000,167.500,0,OK
1500280,0.332500,5.083750,33.250,170.000,0,OK
1510291,0.330000,5.085000,33.000,167.500,0,OK
1520280,0.330000,5.085000,33.000,167.500,0,OK
1530291,0.332500,5.081250,33.250,167.500,0,OK
1540280,0.340000,5.085000,33.250,170.000,0,OK
1550291,0.327500,5.083750,32.750,166.250,0,OK
1560280,0.332500,5.083750,33.000,167.500,0,OK
1570291,0.335000,5.085000,33.500,170.000,0,OK
1580280,0.332500,5.085000,33.250,167.500,0,OK
1590291,0.332500,5.083750,33.250,170.000,0,OK
1600280,0.330000,5.085000,33.000,167.500,0,OK
1610291,0.332500,5.085000,33.250,170.000,0,OK
1620280,0.335000,5.081250,33.500,170.000,0,OK
1630291,0.337500,5.083750,33.250,170.000,0,OK
1640280,0.332500,5.082500,33.250,170.000,0,OK
1650291,0.332500,5.083750,33.250,170.000,0,OK
1660280,0.332500,5.083750,33.250,170.000,0,OK
1670291,0.332500,5.083750,33.250,167.500,0,OK
1680280,0.332500,5.083750,33.250,170.000,0,OK
1690291,0.330000,5.077500,33.000,167.500,0,OK
1700280,0.332500,5.083750,33.250,170.000,0,OK
1710291,0.332500,5.082500,33.250,170.000,0,OK
1720280,0.335000,5.083750,33.250,170.000,0,OK
1730291,0.330000,5.082500,33.000,167.500,0,OK
1740280,0.332500,5.083750,33.250,170.000,0,OK
1750291,0.332500,5.085000,33.250,170.000,0,OK
1760280,0.335000,5.083750,33.000,170.000,0,OK
1770291,0.330000,5.083750,33.000,167.500,0,OK
1780280,0.332500,5.077500,33.250,167.500,0,OK
1790291,0.332500,5.083750,33.250,170.000,0,OK
1800280,0.332500,5.082500,33.250,170.000,0,OK
1810291,0.335000,5.083750,33.250,170.000,0,OK
1820280,0.330000,5.083750,33.000,167.500,0,OK
1830291,0.330000,5.085000,33.250,170.000,0,OK
1840280,0.332500,5.083750,33.250,170.000,0,OK
1850291,0.327500,5.082500,33.000,166.250,0,OK
1860280,0.332500,5.083750,33.250,170.000,0,OK
1870291,0.330000,5.077500,33.000,167.500,0,OK
1880280,0.352500,5.083750,33.500,170.000,0,OK
1890291,0.332500,5.082500,33.250,170.000,0,OK
1900280,0.332500,5.083750,33.250,170.000,0,OK
1910291,0.330000,5.085000,33.000,167.500,0,OK
1920280,0.330000,5.083750,33.250,170.000,0,OK
1930291,0.330000,5.085000,33.000,167.500,0,OK
1940280,0.330000,5.083750,33.000,167.500,0,OK
1950291,0.327500,5.083750,32.750,166.250,0,OK
1960280,0.330000,5.077500,33.000,167.500,0,OK
1970291,0.345000,5.083750,33.250,170.000,0,OK
1980280,0.330000,5.082500,33.000,167.500,0,OK
1990291,0.337500,5.082500,33.000,167.500,0,OK
2000280,0.330000,5.083750,33.000,167.500,0,OK
2010291,0.332500,5.085000,33.250,170.000,0,OK
2020280,0.332500,5.083750,33.250,170.000,0,OK
2030291,0.330000,5.083750,33.000,167.500,0,OK
2040280,0.332500,5.083750,33.250,170.000,0,OK
2050291,0.335000,5.078750,33.500,170.000,0,OK
2060280,0.345000,5.083750,33.000,167.500,0,OK
2070291,0.332500,5.083750,33.250,170.000,0,OK
2080280,0.335000,5.083750,33.000,167.500,0,OK
2090291,0.335000,5.083750,33.500,170.000,0,OK
2100280,0.332500,5.083750,33.250,167.500,0,OK
2110291,0.330000,5.085000,33.000,167.500,0,OK
2120280,0.332500,5.083750,33.250,167.500,0,OK
2130291,0.332500,5.083750,33.250,170.000,0,OK
2140280,0.332500,5.080000,33.250,167.500,0,OK
2150291,0.340000,5.083750,33.250,170.000,0,OK
2160280,0.330000,5.082500,33.000,167.500,0,OK
2170291,0.332500,5.083750,33.250,170.000,0,OK
2180280,0.330000,5.083750,33.000,167.500,0,OK
2190291,0.330000,5.083750,33.000,167.500,0,OK
2200280,0.332500,5.083750,33.250,170.000,0,OK
2210291,0.332500,5.085000,33.250,167.500,0,OK
2220280,0.330000,5.083750,33.000,167.500,0,OK
2230291,0.332500,5.081250,33.250,167.500,0,OK
2240280,0.337500,5.083750,32.750,166.250,0,OK
2250291,0.332500,5.083750,33.250,170.000,0,OK
2260280,0.330000,5.083750,33.000,167.500,0,OK
2270291,0.330000,5.085000,33.000,167.500,0,OK
2280280,0.335000,5.085000,33.250,170.000,0,OK
2290291,0.327500,5.083750,32.750,166.250,0,OK
2300280,0.330000,5.083750,33.000,167.500,0,OK
2310291,0.332500,5.085000,33.250,170.000,0,OK
2320280,0.332500,5.081250,33.250,167.500,0,OK
2330291,0.335000,5.083750,32.750,166.250,0,OK
2340280,0.335000,5.082500,33.500,170.000,0,OK
2350291,0.330000,5.083750,33.000,167.500,0,OK
2360280,0.330000,5.083750,33.000,167.500,0,OK
2370291,0.332500,5.083750,33.000,167.500,0,OK
2380280,0.332500,5.083750,33.250,170.000,0,OK
2390291,0.332500,5.078750,33.250,167.500,0,OK
2400280,0.330000,5.085000,33.000,167.500,0,OK
2410291,0.332500,5.081250,33.250,167.500,0,OK
2420280,0.335000,5.085000,33.250,170.000,0,OK
2430291,0.332500,5.083750,33.250,170.000,0,OK
2440280,0.335000,5.083750,33.250,170.000,0,OK
2450291,0.332500,5.085000,33.250,170.000,0,OK
2460280,0.332500,5.085000,33.000,167.500,0,OK
2470291,0.330000,5.083750,33.000,167.500,0,OK
2480280,0.332500,5.078750,33.250,167.500,0,OK
2490291,0.332500,5.083750,33.250,170.000,0,OK
2500280,0.332500,5.083750,33.250,170.000,0,OK
2510291,0.335000,5.083750,33.250,170.000,0,OK
2520280,0.332500,5.085000,33.250,170.000,0,OK
2530291,0.335000,5.083750,33.250,170.000,0,OK
2540280,0.332500,5.082500,33.250,170.000,0,OK
2550291,0.332500,5.083750,33.250,167.500,0,OK
2560280,0.335000,5.082500,33.500,170.000,0,OK
2570291,0.332500,5.078750,33.250,167.500,0,OK
2580280,0.350000,5.083750,32.750,166.250,0,OK
2590291,0.330000,5.083750,33.000,167.500,0,OK
2600280,0.335000,5.083750,33.000,167.500,0,OK
2610291,0.332500,5.083750,33.250,170.000,0,OK
2620280,0.332500,5.083750,33.000,167.500,0,OK
2630291,0.330000,5.083750,33.000,167.500,0,OK
2640280,0.332500,5.083750,33.250,167.500,0,OK
2650291,0.330000,5.083750,33.000,167.500,0,OK
2660280,0.332500,5.080000,33.250,167.500,0,OK
2670291,0.345000,5.083750,33.000,167.500,0,OK
2680280,0.332500,5.083750,33.250,170.000,0,OK
2690291,0.337500,5.082500,33.250,170.000,0,OK
2700280,0.330000,5.085000,33.000,167.500,0,OK
2710291,0.332500,5.086250,33.250,167.500,0,OK
2720280,0.335000,5.085000,33.500,170.000,0,OK
2730291,0.335000,5.085000,33.500,170.000,0,OK
2740280,0.332500,5.086250,33.250,170.000,0,OK
2750291,0.332500,5.081250,33.250,167.500,0,OK
2760280,0.342500,5.083750,33.250,170.000,0,OK
2770291,0.335000,5.085000,33.500,170.000,0,OK
2780280,0.332500,5.085000,32.750,166.250,0,OK
2790291,0.332500,5.085000,33.250,170.000,0,OK
2800280,0.330000,5.083750,33.250,167.500,0,OK
2810291,0.332500,5.085000,33.250,170.000,0,OK
2820280,0.330000,5.085000,33.000,167.500,0,OK
2830291,0.327500,5.083750,32.750,166.250,0,OK
2840280,0.332500,5.082500,33.250,170.000,0,OK
2850291,0.337500,5.085000,33.250,170.000,0,OK
2860280,0.335000,5.083750,33.500,170.000,0,OK
2870291,0.330000,5.085000,33.250,170.000,0,OK
2880280,0.332500,5.083750,33.250,170.000,0,OK
2890291,0.332500,5.083750,33.500,167.500,0,OK
2900280,0.330000,5.085000,33.000,167.500,0,OK
2910291,0.335000,5.085000,33.500,170.000,0,OK
2920280,0.332500,5.083750,33.250,170.000,0,OK
2930291,0.332500,5.082500,33.250,170.000,0,OK
2940280,0.340000,5.085000,33.250,170.000,0,OK
2950291,0.332500,5.083750,33.250,170.000,0,OK
2960280,0.335000,5.085000,33.000,167.500,0,OK
2970291,0.332500,5.083750,33.250,170.000,0,OK
2980280,0.332500,5.082500,33.250,167.500,0,OK
2990291,0.332500,5.085000,33.250,170.000,0,OK
3000280,0.330000,5.077500,33.000,167.500,0,OK
3010291,0.332500,5.083750,33.250,170.000,0,OK
3020280,0.332500,5.082500,33.250,170.000,0,OK
3030291,0.335000,5.085000,33.000,167.500,0,OK
3040280,0.332500,5.085000,33.250,170.000,0,OK
3050291,0.330000,5.083750,33.250,170.000,0,OK
3060280,0.332500,5.085000,33.250,170.000,0,OK
3070291,0.332500,5.085000,33.250,167.500,0,OK
3080280,0.332500,5.085000,33.250,170.000,0,OK
3090291,0.332500,5.077500,33.250,167.500,0,OK
3100280,0.332500,5.083750,33.250,170.000,0,OK
3110291,0.330000,5.082500,33.000,167.500,0,OK
3120280,0.337500,5.085000,33.250,170.000,0,OK
3130291,0.335000,5.083750,33.500,170.000,0,OK
3140280,0.332500,5.085000,33.500,170.000,0,OK
3150291,0.332500,5.085000,33.250,170.000,0,OK
3160280,0.332500,5.083750,33.250,167.500,0,OK
3170291,0.332500,5.085000,33.250,170.000,0,OK
3180280,0.332500,5.078750,33.250,167.500,0,OK
3190291,0.350000,5.083750,33.000,167.500,0,OK
3200280,0.332500,5.085000,33.250,170.000,0,OK
3210291,0.337500,5.085000,33.000,167.500,0,OK
3220280,0.332500,5.085000,33.250,170.000,0,OK
3230291,0.330000,5.083750,33.000,167.500,0,OK
3240280,0.332500,5.083750,33.250,170.000,0,OK
3250291,0.332500,5.083750,33.250,167.500,0,OK
3260280,0.332500,5.085000,33.250,170.000,0,OK
3270291,0.330000,5.080000,33.000,167.500,0,OK
3280280,0.347500,5.083750,33.000,167.500,0,OK
3290291,0.332500,5.083750,33.250,170.000,0,OK
3300280,0.335000,5.085000,33.000,167.500,0,OK
3310291,0.332500,5.085000,33.250,170.000,0,OK
3320280,0.332500,5.085000,33.000,167.500,0,OK
3330291,0.332500,5.085000,33.250,170.000,0,OK
3340280,0.332500,5.085000,33.250,167.500,0,OK
3350291,0.335000,5.085000,33.500,170.000,0,OK
3360280,0.332500,5.080000,33.250,167.500,0,OK
3370291,0.342500,5.085000,33.000,167.500,0,OK
3380280,0.330000,5.085000,33.000,167.500,0,OK
3390291,0.332500,5.083750,33.250,170.000,0,OK
3400280,0.335000,5.083750,33.500,170.000,0,OK
3410291,0.335000,5.086250,33.250,170.000,0,OK
3420280,0.332500,5.083750,33.250,170.000,0,OK
3430291,0.330000,5.085000,33.000,167.500,0,OK
3440280,0.332500,5.085000,33.250,170.000,0,OK
3450291,0.330000,5.083750,33.000,167.500,0,OK
3460280,0.337500,5.085000,33.000,167.500,0,OK
3470291,0.332500,5.083750,33.250,170.000,0,OK
3480280,0.332500,5.083750,33.000,167.500,0,OK
3490291,0.332500,5.085000,33.250,170.000,0,OK
3500280,0.330000,5.085000,33.250,167.500,0,OK
3510291,0.332500,5.085000,33.250,170.000,0,OK
3520280,0.332500,5.086250,33.250,167.500,0,OK
3530291,0.332500,5.085000,33.250,170.000,0,OK
3540280,0.330000,5.082500,33.000,167.500,0,OK
3550291,0.337500,5.083750,33.000,167.500,0,OK
3560280,0.330000,5.083750,33.000,167.500,0,OK
3570291,0.332500,5.085000,33.500,170.000,0,OK
3580280,0.335000,5.083750,33.500,170.000,0,OK
3590291,0.330000,5.085000,33.500,167.500,0,OK
3600280,0.330000,5.085000,33.000,167.500,0,OK
3610291,0.332500,5.078750,33.250,167.500,0,OK
3620280,0.327500,5.083750,32.750,166.250,0,OK
3630291,0.332500,5.082500,33.250,170.000,0,OK
3640280,0.335000,5.085000,33.000,167.500,0,OK
3650291,0.332500,5.083750,33.250,170.000,0,OK
3660280,0.332500,5.085000,33.250,170.000,0,OK
3670291,0.332500,5.085000,33.250,170.000,0,OK
3680280,0.335000,5.085000,33.250,170.000,0,OK
3690291,0.332500,5.083750,33.250,170.000,0,OK
3700280,0.330000,5.077500,33.000,167.500,0,OK
3710291,0.330000,5.083750,33.000,167.500,0,OK
3720280,0.330000,5.081250,33.000,167.500,0,OK
3730291,0.335000,5.085000,32.750,166.250,0,OK
3740280,0.330000,5.083750,33.000,167.500,0,OK
3750291,0.332500,5.085000,33.250,170.000,0,OK
3760280,0.330000,5.085000,33.000,167.500,0,OK
3770291,0.330000,5.085000,33.000,167.500,0,OK
3780280,0.332500,5.086250,33.250,170.000,0,OK
3790291,0.332500,5.077500,33.250,167.500,0,OK
3800280,0.352500,5.083750,33.000,167.500,0,OK
3810291,0.332500,5.083750,33.250,170.000,0,OK
3820280,0.335000,5.083750,33.250,170.000,0,OK
3830291,0.332500,5.083750,33.250,170.000,0,OK
3840280,0.330000,5.083750,33.000,167.500,0,OK
3850291,0.332500,5.082500,33.250,170.000,0,OK
3860280,0.335000,5.086250,33.500,170.000,0,OK
3870291,0.330000,5.085000,33.000,167.500,0,OK
3880280,0.330000,5.078750,33.000,167.500,0,OK
3890291,0.345000,5.086250,33.250,170.000,0,OK
3900280,0.335000,5.083750,33.500,170.000,0,OK
3910291,0.335000,5.085000,33.250,170.000,0,OK
3920280,0.332500,5.085000,33.250,170.000,0,OK
3930291,0.330000,5.083750,33.000,167.500,0,OK
3940280,0.332500,5.086250,33.250,170.000,0,OK
3950291,0.332500,5.085000,33.250,167.500,0,OK
3960280,0.330000,5.083750,33.000,167.500,0,OK
3970291,0.332500,5.080000,33.250,167.500,0,OK
3980280,0.345000,5.085000,33.000,167.500,0,OK
3990291,0.330000,5.083750,33.000,167.500,0,OK
4000280,0.335000,5.085000,33.250,170.000,0,OK
4010291,0.330000,5.085000,33.000,167.500,0,OK
4020280,0.330000,5.083750,33.000,167.500,0,OK
4030291,0.332500,5.085000,33.250,170.000,0,OK
4040280,0.332500,5.085000,33.250,167.500,0,OK
4050291,0.332500,5.086250,33.250,170.000,0,OK
4060280,0.332500,5.081250,33.250,167.500,0,OK
4070291,0.340000,5.083750,33.250,170.000,0,OK
4080280,0.332500,5.085000,33.250,170.000,0,OK
4090291,0.330000,5.083750,33.000,167.500,0,OK
4100280,0.332500,5.083750,33.250,170.000,0,OK
4110291,0.332500,5.086250,33.250,167.500,0,OK
4120280,0.332500,5.085000,33.250,170.000,0,OK
4130291,0.332500,5.083750,33.250,167.500,0,OK
4140280,0.330000,5.085000,33.000,167.500,0,OK
4150291,0.330000,5.082500,33.000,167.500,0,OK
4160280,0.337500,5.083750,33.250,170.000,0,OK
4170291,0.330000,5.083750,33.000,167.500,0,OK
4180280,0.332500,5.083750,33.250,170.000,0,OK
4190291,0.332500,5.085000,33.250,170.000,0,OK
4200280,0.330000,5.085000,32.750,167.500,0,OK
4210291,0.335000,5.086250,33.500,170.000,0,OK
4220280,0.332500,5.078750,33.250,167.500,0,OK
4230291,0.332500,5.083750,33.250,170.000,0,OK
4240280,0.332500,5.082500,33.250,170.000,0,OK
4250291,0.332500,5.085000,33.000,167.500,0,OK
4260280,0.330000,5.083750,33.000,167.500,0,OK
4270291,0.332500,5.085000,33.500,170.000,0,OK
4280280,0.332500,5.085000,33.250,170.000,0,OK
4290291,0.332500,5.085000,33.250,167.500,0,OK
4300280,0.330000,5.086250,33.000,167.500,0,OK
4310291,0.332500,5.078750,33.250,167.500,0,OK
4320280,0.327500,5.083750,32.750,166.250,0,OK
4330291,0.332500,5.083750,33.250,170.000,0,OK
4340280,0.332500,5.085000,33.250,170.000,0,OK
4350291,0.327500,5.085000,32.750,166.250,0,OK
4360280,0.330000,5.083750,33.500,170.000,0,OK
4370291,0.330000,5.085000,33.000,167.500,0,OK
4380280,0.332500,5.085000,33.000,167.500,0,OK
4390291,0.330000,5.085000,33.000,167.500,0,OK
4400280,0.330000,5.078750,33.000,167.500,0,OK
4410291,0.330000,5.085000,33.000,167.500,0,OK
4420280,0.327500,5.083750,32.750,166.250,0,OK
4430291,0.337500,5.083750,33.250,170.000,0,OK
4440280,0.330000,5.085000,33.000,167.500,0,OK
4450291,0.330000,5.085000,33.000,167.500,0,OK
4460280,0.327500,5.083750,32.750,166.250,0,OK
4470291,0.332500,5.085000,33.250,167.500,0,OK
4480280,0.332500,5.086250,33.250,170.000,0,OK
4490291,0.332500,5.080000,33.250,167.500,0,OK
4500280,0.345000,5.085000,33.000,167.500,0,OK
4510291,0.330000,5.085000,33.000,167.500,0,OK
4520280,0.332500,5.085000,33.250,170.000,0,OK
4530291,0.330000,5.085000,33.000,167.500,0,OK
4540280,0.332500,5.085000,33.000,167.500,0,OK
4550291,0.330000,5.083750,33.000,167.500,0,OK
4560280,0.330000,5.085000,33.000,167.500,0,OK
4570291,0.332500,5.085000,33.250,170.000,0,OK
4580280,0.330000,5.080000,33.000,167.500,0,OK
4590291,0.345000,5.085000,33.000,167.500,0,OK
4600280,0.332500,5.083750,33.250,170.000,0,OK
4610291,0.332500,5.085000,33.500,170.000,0,OK
4620280,0.332500,5.085000,33.250,170.000,0,OK
4630291,0.332500,5.085000,33.000,167.500,0,OK
4640280,0.332500,5.085000,33.250,170.000,0,OK
4650291,0.335000,5.085000,33.500,170.000,0,OK
4660280,0.332500,5.085000,33.250,170.000,0,OK
4670291,0.330000,5.080000,33.000,167.500,0,OK
4680280,0.340000,5.086250,33.250,170.000,0,OK
4690291,0.330000,5.085000,33.000,167.500,0,OK
4700280,0.330000,5.083750,33.000,167.500,0,OK
4710291,0.332500,5.083750,33.250,170.000,0,OK
4720280,0.330000,5.085000,33.250,167.500,0,OK
4730291,0.330000,5.083750,33.000,167.500,0,OK
4740280,0.332500,5.085000,33.250,167.500,0,OK
4750291,0.332500,5.085000,33.250,170.000,0,OK
4760280,0.330000,5.080000,33.000,167.500,0,OK
4770291,0.340000,5.085000,33.250,170.000,0,OK
4780280,0.332500,5.083750,33.250,170.000,0,OK
4790291,0.332500,5.085000,33.250,170.000,0,OK
4800280,0.330000,5.083750,33.000,167.500,0,OK
4810291,0.332500,5.085000,33.000,167.500,0,OK
4820280,0.330000,5.083750,33.000,167.500,0,OK
4830291,0.335000,5.083750,33.500,170.000,0,OK
4840280,0.332500,5.083750,33.250,170.000,0,OK
4850291,0.330000,5.081250,33.000,167.500,0,OK
4860280,0.335000,5.085000,33.250,170.000,0,OK
4870291,0.330000,5.083750,33.000,167.500,0,OK
4880280,0.332500,5.085000,33.000,167.500,0,OK
4890291,0.330000,5.085000,33.000,167.500,0,OK
4900280,0.327500,5.085000,33.000,166.250,0,OK
4910291,0.332500,5.083750,33.250,170.000,0,OK
4920280,0.330000,5.080000,33.000,167.500,0,OK
4930291,0.330000,5.082500,33.000,167.500,0,OK
4940280,0.332500,5.083750,33.250,170.000,0,OK
4950291,0.335000,5.085000,33.250,170.000,0,OK
4960280,0.330000,5.085000,33.000,167.500,0,OK
4970291,0.332500,5.083750,33.250,170.000,0,OK
4980280,0.330000,5.085000,33.000,167.500,0,OK
4990291,0.332500,5.083750,33.250,167.500,0,OK
5000280,0.332500,5.085000,33.250,170.000,0,OK
5010291,0.330000,5.078750,33.000,167.500,0,OK
5020280,0.332500,5.085000,33.250,170.000,0,OK
5030291,0.327500,5.083750,32.750,166.250,0,OK
5040280,0.337500,5.085000,33.250,170.000,0,OK
5050291,0.332500,5.083750,33.250,170.000,0,OK
5060280,0.330000,5.085000,33.250,170.000,0,OK
5070291,0.330000,5.083750,33.000,167.500,0,OK
5080280,0.332500,5.083750,33.250,167.500,0,OK
5090291,0.332500,5.083750,33.250,170.000,0,OK
5100280,0.327500,5.078750,32.750,166.250,0,OK
5110291,0.347500,5.082500,33.250,170.000,0,OK
5120280,0.332500,5.082500,33.250,170.000,0,OK
5130291,0.337500,5.083750,33.250,170.000,0,OK
5140280,0.332500,5.085000,33.250,170.000,0,OK
5150291,0.332500,5.085000,33.000,167.500,0,OK
5160280,0.332500,5.086250,33.250,170.000,0,OK
5170291,0.332500,5.085000,33.250,167.500,0,OK
5180280,0.330000,5.085000,33.000,167.500,0,OK
5190291,0.332500,5.081250,33.250,167.500,0,OK
5200280,0.347500,5.085000,33.000,167.500,0,OK
5210291,0.332500,5.083750,33.250,170.000,0,OK
5220280,0.335000,5.083750,33.250,170.000,0,OK
5230291,0.332500,5.085000,33.250,170.000,0,OK
5240280,0.332500,5.085000,33.250,167.500,0,OK
5250291,0.332500,5.085000,33.250,170.000,0,OK
5260280,0.332500,5.083750,33.250,167.500,0,OK
5270291,0.330000,5.085000,33.000,167.500,0,OK
5280280,0.330000,5.080000,33.000,167.500,0,OK
5290291,0.342500,5.083750,33.250,170.000,0,OK
5300280,0.332500,5.083750,33.250,170.000,0,OK
5310291,0.332500,5.083750,33.000,167.500,0,OK
5320280,0.335000,5.083750,33.500,170.000,0,OK
5330291,0.332500,5.085000,33.250,167.500,0,OK
5340280,0.332500,5.085000,33.250,170.000,0,OK
5350291,0.332500,5.083750,33.250,167.500,0,OK
5360280,0.335000,5.085000,33.500,170.000,0,OK
5370291,0.332500,5.082500,33.250,170.000,0,OK
5380280,0.340000,5.085000,33.000,167.500,0,OK
5390291,0.332500,5.083750,33.250,170.000,0,OK
5400280,0.327500,5.083750,33.000,167.500,0,OK
5410291,0.332500,5.086250,33.250,170.000,0,OK
5420280,0.332500,5.085000,33.250,167.500,0,OK
5430291,0.332500,5.083750,33.250,170.000,0,OK
5440280,0.330000,5.083750,33.000,167.500,0,OK
5450291,0.332500,5.085000,33.250,170.000,0,OK
5460280,0.330000,5.082500,33.000,167.500,0,OK
5470291,0.335000,5.086250,33.500,170.000,0,OK
5480280,0.332500,5.083750,33.250,170.000,0,OK
5490291,0.332500,5.085000,33.250,170.000,0,OK
5500280,0.332500,5.085000,33.250,170.000,0,OK
5510291,0.330000,5.085000,33.000,167.500,0,OK
5520280,0.330000,5.083750,33.000,167.500,0,OK
5530291,0.330000,5.077500,33.000,167.500,0,OK
5540280,0.332500,5.085000,33.250,170.000,0,OK
5550291,0.332500,5.083750,33.250,170.000,0,OK
5560280,0.337500,5.085000,33.250,170.000,0,OK
5570291,0.332500,5.085000,33.250,170.000,0,OK
5580280,0.332500,5.083750,33.000,167.500,0,OK
5590291,0.332500,5.085000,33.250,170.000,0,OK
5600280,0.332500,5.083750,33.000,167.500,0,OK
5610291,0.332500,5.086250,33.250,170.000,0,OK
5620280,0.332500,5.078750,33.250,167.500,0,OK
5630291,0.332500,5.086250,33.250,170.000,0,OK
5640280,0.332500,5.083750,33.250,170.000,0,OK
5650291,0.332500,5.085000,33.250,170.000,0,OK
5660280,0.330000,5.083750,33.000,167.500,0,OK
5670291,0.332500,5.085000,33.000,167.500,0,OK
5680280,0.332500,5.085000,33.250,170.000,0,OK
5690291,0.332500,5.085000,33.250,167.500,0,OK
5700280,0.332500,5.085000,33.250,170.000,0,OK
5710291,0.330000,5.080000,33.000,167.500,0,OK
5720280,0.352500,5.083750,33.500,170.000,0,OK
5730291,0.330000,5.083750,33.000,167.500,0,OK
5740280,0.332500,5.083750,33.250,170.000,0,OK
5750291,0.335000,5.083750,33.500,170.000,0,OK
5760280,0.330000,5.085000,33.250,170.000,0,OK
5770291,0.332500,5.086250,33.250,170.000,0,OK
5780280,0.330000,5.083750,33.000,167.500,0,OK
5790291,0.330000,5.083750,33.000,167.500,0,OK
5800280,0.332500,5.078750,33.250,167.500,0,OK
5810291,0.345000,5.083750,33.250,170.000,0,OK
5820280,0.332500,5.083750,33.250,170.000,0,OK
5830291,0.330000,5.085000,33.000,167.500,0,OK
5840280,0.332500,5.083750,33.250,170.000,0,OK
5850291,0.335000,5.083750,33.250,170.000,0,OK
5860280,0.330000,5.085000,33.000,167.500,0,OK
5870291,0.332500,5.085000,33.250,167.500,0,OK
5880280,0.330000,5.085000,33.000,167.500,0,OK
5890291,0.332500,5.081250,33.250,167.500,0,OK
5900280,0.340000,5.083750,33.000,167.500,0,OK
5910291,0.332500,5.085000,33.250,170.000,0,OK
5920280,0.332500,5.083750,33.250,170.000,0,OK
5930291,0.332500,5.083750,33.250,170.000,0,OK
5940280,0.330000,5.085000,33.250,167.500,0,OK
5950291,0.332500,5.085000,33.250,170.000,0,OK
5960280,0.330000,5.085000,33.000,167.500,0,OK
5970291,0.327500,5.085000,32.750,166.250,0,OK
5980280,0.332500,5.081250,33.250,167.500,0,OK
5990291,0.337500,5.086250,33.000,167.500,0,OK
6000280,0.332500,5.083750,33.250,170.000,0,OK
6010291,0.332500,5.083750,33.000,167.500,0,OK
6020280,0.332500,5.083750,33.250,170.000,0,OK
6030291,0.327500,5.086250,33.500,166.250,0,OK
6040280,0.330000,5.086250,33.000,167.500,0,OK
6050291,0.330000,5.085000,33.000,167.500,0,OK
6060280,0.335000,5.083750,33.500,170.000,0,OK
6070291,0.332500,5.082500,33.250,170.000,0,OK
6080280,0.337500,5.083750,33.000,167.500,0,OK
6090291,0.332500,5.083750,33.250,170.000,0,OK
6100280,0.332500,5.085000,33.000,167.500,0,OK
6110291,0.332500,5.083750,33.250,170.000,0,OK
6120280,0.332500,5.085000,33.250,167.500,0,OK
6130291,0.332500,5.083750,33.250,170.000,0,OK
6140280,0.332500,5.078750,33.250,167.500,0,OK
6150291,0.330000,5.083750,33.000,167.500,0,OK
6160280,0.330000,5.083750,33.000,167.500,0,OK
6170291,0.337500,5.085000,33.250,170.000,0,OK
6180280,0.335000,5.083750,33.500,170.000,0,OK
6190291,0.335000,5.086250,32.750,166.250,0,OK
6200280,0.330000,5.085000,33.000,167.500,0,OK
6210291,0.335000,5.085000,33.250,170.000,0,OK
6220280,0.335000,5.085000,33.500,170.000,0,OK
6230291,0.335000,5.078750,33.500,170.000,0,OK
6240280,0.327500,5.085000,32.750,166.250,0,OK
6250291,0.332500,5.083750,33.250,170.000,0,OK
6260280,0.335000,5.085000,33.250,170.000,0,OK
6270291,0.332500,5.085000,33.250,170.000,0,OK
6280280,0.332500,5.085000,33.250,170.000,0,OK
6290291,0.332500,5.085000,33.250,170.000,0,OK
6300280,0.330000,5.085000,33.250,167.500,0,OK
6310291,0.330000,5.085000,33.000,167.500,0,OK
6320280,0.335000,5.078750,33.500,170.000,0,OK
6330291,0.352500,5.083750,33.250,170.000,0,OK
6340280,0.332500,5.085000,33.250,170.000,0,OK
6350291,0.330000,5.085000,33.250,170.000,0,OK
6360280,0.332500,5.085000,33.250,170.000,0,OK
6370291,0.330000,5.083750,33.250,170.000,0,OK
6380280,0.330000,5.083750,33.000,167.500,0,OK
6390291,0.332500,5.085000,33.250,167.500,0,OK
6400280,0.330000,5.085000,33.000,167.500,0,OK
6410291,0.330000,5.080000,33.000,167.500,0,OK
6420280,0.345000,5.085000,33.250,170.000,0,OK
6430291,0.332500,5.085000,33.250,170.000,0,OK
6440280,0.335000,5.085000,33.000,167.500,0,OK
6450291,0.330000,5.085000,33.000,167.500,0,OK
6460280,0.332500,5.083750,33.250,167.500,0,OK
6470291,0.332500,5.085000,33.250,170.000,0,OK
6480280,0.332500,5.083750,33.250,167.500,0,OK
6490291,0.332500,5.083750,33.250,170.000,0,OK
6500280,0.332500,5.081250,33.250,167.500,0,OK
6510291,0.342500,5.085000,33.000,167.500,0,OK
6520280,0.330000,5.083750,33.000,167.500,0,OK
6530291,0.335000,5.085000,33.250,170.000,0,OK
6540280,0.330000,5.085000,33.000,167.500,0,OK
6550291,0.332500,5.085000,33.250,167.500,0,OK
6560280,0.332500,5.083750,33.250,170.000,0,OK
6570291,0.332500,5.085000,33.250,167.500,0,OK
6580280,0.332500,5.083750,33.250,170.000,0,OK
6590291,0.330000,5.080000,33.000,167.500,0,OK
6600280,0.342500,5.085000,33.000,167.500,0,OK
6610291,0.332500,5.083750,33.250,170.000,0,OK
6620280,0.332500,5.085000,33.250,170.000,0,OK
6630291,0.332500,5.085000,33.250,170.000,0,OK
6640280,0.330000,5.085000,33.000,167.500,0,OK
6650291,0.330000,5.085000,33.000,167.500,0,OK
6660280,0.330000,5.085000,33.000,167.500,0,OK
6670291,0.332500,5.085000,33.250,170.000,0,OK
6680280,0.332500,5.082500,33.250,170.000,0,OK
6690291,0.340000,5.085000,33.500,170.000,0,OK
6700280,0.330000,5.083750,33.000,167.500,0,OK
6710291,0.332500,5.083750,33.500,170.000,0,OK
6720280,0.332500,5.085000,33.250,170.000,0,OK
6730291,0.332500,5.083750,33.250,167.500,0,OK
6740280,0.332500,5.083750,33.250,170.000,0,OK
6750291,0.332500,5.077500,33.250,167.500,0,OK
6760280,0.332500,5.083750,33.250,170.000,0,OK
6770291,0.332500,5.083750,33.250,170.000,0,OK
6780280,0.335000,5.083750,33.000,167.500,0,OK
6790291,0.330000,5.085000,33.000,167.500,0,OK
6800280,0.330000,5.085000,33.250,170.000,0,OK
6810291,0.335000,5.083750,33.500,170.000,0,OK
6820280,0.332500,5.083750,32.750,167.500,0,OK
6830291,0.335000,5.085000,33.500,170.000,0,OK
6840280,0.332500,5.078750,33.250,167.500,0,OK
6850291,0.327500,5.085000,32.750,166.250,0,OK
6860280,0.330000,5.083750,33.000,167.500,0,OK
6870291,0.335000,5.083750,33.250,170.000,0,OK
6880280,0.332500,5.083750,33.250,170.000,0,OK
6890291,0.330000,5.083750,33.250,170.000,0,OK
6900280,0.330000,5.085000,33.000,167.500,0,OK
6910291,0.335000,5.085000,33.250,170.000,0,OK
6920280,0.330000,5.085000,33.000,167.500,0,OK
6930291,0.330000,5.078750,33.000,167.500,0,OK
6940280,0.332500,5.083750,33.250,170.000,0,OK
6950291,0.332500,5.082500,33.250,170.000,0,OK
6960280,0.332500,5.083750,33.250,170.000,0,OK
6970291,0.330000,5.085000,33.000,167.500,0,OK
6980280,0.330000,5.083750,33.250,170.000,0,OK
6990291,0.330000,5.085000,33.000,167.500,0,OK
7000280,0.332500,5.085000,33.250,167.500,0,OK
7010291,0.330000,5.085000,33.000,167.500,0,OK
7020280,0.330000,5.078750,33.000,167.500,0,OK
7030291,0.345000,5.085000,33.000,167.500,0,OK
7040280,0.335000,5.083750,33.500,170.000,0,OK
7050291,0.335000,5.085000,33.250,170.000,0,OK
7060280,0.332500,5.083750,33.250,170.000,0,OK
7070291,0.330000,5.083750,33.500,170.000,0,OK
7080280,0.330000,5.083750,33.000,167.500,0,OK
7090291,0.332500,5.085000,33.250,167.500,0,OK
7100280,0.330000,5.085000,33.000,167.500,0,OK
7110291,0.332500,5.080000,33.250,167.500,0,OK
7120280,0.345000,5.085000,33.250,170.000,0,OK
7130291,0.332500,5.083750,33.250,170.000,0,OK
7140280,0.335000,5.083750,33.000,167.500,0,OK
7150291,0.332500,5.085000,33.250,170.000,0,OK
7160280,0.332500,5.085000,33.250,167.500,0,OK
7170291,0.330000,5.085000,33.000,167.500,0,OK
7180280,0.335000,5.085000,33.500,170.000,0,OK
7190291,0.332500,5.085000,33.250,170.000,0,OK
7200280,0.332500,5.081250,33.250,167.500,0,OK
7210291,0.342500,5.085000,33.250,170.000,0,OK
7220280,0.332500,5.083750,33.250,170.000,0,OK
7230291,0.330000,5.085000,33.250,170.000,0,OK
7240280,0.332500,5.085000,33.250,170.000,0,OK
7250291,0.335000,5.083750,33.250,170.000,0,OK
7260280,0.335000,5.083750,33.500,170.000,0,OK
7270291,0.332500,5.083750,33.250,167.500,0,OK
7280280,0.332500,5.083750,33.250,170.000,0,OK
7290291,0.332500,5.082500,33.250,170.000,0,OK
7300280,0.337500,5.083750,33.000,167.500,0,OK
7310291,0.327500,5.082500,32.750,166.250,0,OK
7320280,0.335000,5.085000,33.000,167.500,0,OK
7330291,0.332500,5.083750,33.250,170.000,0,OK
7340280,0.330000,5.085000,33.000,167.500,0,OK
7350291,0.330000,5.086250,33.000,167.500,0,OK
7360280,0.330000,5.086250,33.000,167.500,0,OK
7370291,0.332500,5.083750,33.250,170.000,0,OK
7380280,0.332500,5.081250,33.250,167.500,0,OK
7390291,0.335000,5.083750,33.000,167.500,0,OK
7400280,0.330000,5.083750,33.000,167.500,0,OK
7410291,0.330000,5.083750,33.250,170.000,0,OK
7420280,0.332500,5.083750,33.250,170.000,0,OK
7430291,0.332500,5.083750,33.250,167.500,0,OK
7440280,0.330000,5.085000,33.000,167.500,0,OK
7450291,0.330000,5.077500,33.000,167.500,0,OK
7460280,0.332500,5.085000,33.250,170.000,0,OK
7470291,0.330000,5.082500,33.000,167.500,0,OK
7480280,0.337500,5.085000,33.000,167.500,0,OK
7490291,0.330000,5.083750,33.000,167.500,0,OK
7500280,0.330000,5.085000,33.250,170.000,0,OK
7510291,0.332500,5.083750,33.250,170.000,0,OK
7520280,0.332500,5.083750,33.250,167.500,0,OK
7530291,0.335000,5.083750,33.500,170.000,0,OK
7540280,0.332500,5.078750,33.250,167.500,0,OK
7550291,0.332500,5.085000,33.250,170.000,0,OK
7560280,0.332500,5.083750,33.250,170.000,0,OK
7570291,0.335000,5.083750,33.250,170.000,0,OK
7580280,0.332500,5.085000,33.250,170.000,0,OK
7590291,0.332500,5.083750,33.500,170.000,0,OK
7600280,0.332500,5.085000,33.250,170.000,0,OK
7610291,0.332500,5.083750,33.000,167.500,0,OK
7620280,0.332500,5.085000,33.250,170.000,0,OK
7630291,0.332500,5.078750,33.250,167.500,0,OK
7640280,0.347500,5.083750,33.500,170.000,0,OK
7650291,0.335000,5.085000,33.500,170.000,0,OK
7660280,0.332500,5.083750,33.000,167.500,0,OK
7670291,0.332500,5.083750,33.250,170.000,0,OK
7680280,0.327500,5.085000,33.250,170.000,0,OK
7690291,0.332500,5.083750,33.250,170.000,0,OK
7700280,0.330000,5.085000,33.000,167.500,0,OK
7710291,0.330000,5.083750,33.000,167.500,0,OK
7720280,0.330000,5.081250,33.000,167.500,0,OK
7730291,0.345000,5.085000,33.000,167.500,0,OK
7740280,0.330000,5.085000,33.000,167.500,0,OK
7750291,0.337500,5.083750,33.250,170.000,0,OK
7760280,0.327500,5.083750,32.750,166.250,0,OK
7770291,0.332500,5.085000,33.250,167.500,0,OK
7780280,0.332500,5.083750,33.250,170.000,0,OK
7790291,0.332500,5.085000,33.250,167.500,0,OK
7800280,0.332500,5.085000,33.250,170.000,0,OK
7810291,0.330000,5.081250,33.000,167.500,0,OK
7820280,0.337500,5.085000,33.000,167.500,0,OK
7830291,0.330000,5.083750,33.000,167.500,0,OK
7840280,0.332500,5.083750,33.250,170.000,0,OK
7850291,0.332500,5.086250,33.250,170.000,0,OK
7860280,0.332500,5.085000,33.250,167.500,0,OK
7870291,0.332500,5.085000,33.250,170.000,0,OK
7880280,0.332500,5.085000,33.250,167.500,0,OK
7890291,0.332500,5.083750,33.250,170.000,0,OK
7900280,0.332500,5.082500,33.250,170.000,0,OK
7910291,0.337500,5.085000,33.500,170.000,0,OK
7920280,0.330000,5.083750,33.000,167.500,0,OK
7930291,0.332500,5.082500,33.000,167.500,0,OK
7940280,0.330000,5.086250,33.000,167.500,0,OK
7950291,0.332500,5.085000,33.000,167.500,0,OK
7960280,0.330000,5.083750,33.000,167.500,0,OK
7970291,0.332500,5.085000,33.250,167.500,0,OK
7980280,0.330000,5.085000,33.000,167.500,0,OK
7990291,0.335000,5.082500,33.500,170.000,0,OK
8000280,0.335000,5.083750,33.250,170.000,0,OK
8010291,0.332500,5.083750,33.250,170.000,0,OK
8020280,0.332500,5.083750,33.250,170.000,0,OK
8030291,0.330000,5.083750,33.000,167.500,0,OK
8040280,0.330000,5.085000,33.000,167.500,0,OK
8050291,0.332500,5.083750,33.250,170.000,0,OK
8060280,0.335000,5.078750,33.500,170.000,0,OK
8070291,0.332500,5.085000,33.250,170.000,0,OK
8080280,0.332500,5.082500,33.250,170.000,0,OK
8090291,0.335000,5.083750,33.250,170.000,0,OK
8100280,0.330000,5.085000,33.000,167.500,0,OK
8110291,0.332500,5.083750,33.250,170.000,0,OK
8120280,0.332500,5.086250,33.250,170.000,0,OK
8130291,0.330000,5.085000,33.250,167.500,0,OK
8140280,0.332500,5.085000,33.250,170.000,0,OK
8150291,0.332500,5.078750,33.250,167.500,0,OK
8160280,0.332500,5.085000,33.250,170.000,0,OK
8170291,0.332500,5.083750,33.250,170.000,0,OK
8180280,0.335000,5.083750,33.250,170.000,0,OK
8190291,0.332500,5.085000,33.250,170.000,0,OK
8200280,0.332500,5.085000,33.250,170.000,0,OK
8210291,0.332500,5.083750,33.250,170.000,0,OK
8220280,0.332500,5.085000,33.000,167.500,0,OK
8230291,0.332500,5.085000,33.250,170.000,0,OK
8240280,0.332500,5.078750,33.250,167.500,0,OK
8250291,0.347500,5.083750,33.500,170.000,0,OK
8260280,0.330000,5.085000,33.000,167.500,0,OK
8270291,0.335000,5.085000,33.250,170.000,0,OK
8280280,0.332500,5.085000,33.250,170.000,0,OK
8290291,0.330000,5.085000,33.250,170.000,0,OK
8300280,0.332500,5.085000,33.250,170.000,0,OK
8310291,0.335000,5.085000,33.500,170.000,0,OK
8320280,0.330000,5.083750,33.000,167.500,0,OK
8330291,0.332500,5.080000,33.250,167.500,0,OK
8340280,0.342500,5.085000,33.250,170.000,0,OK
8350291,0.330000,5.083750,33.000,167.500,0,OK
8360280,0.332500,5.085000,33.500,170.000,0,OK
8370291,0.330000,5.085000,33.000,167.500,0,OK
8380280,0.330000,5.085000,33.000,167.500,0,OK
8390291,0.332500,5.082500,33.250,170.000,0,OK
8400280,0.332500,5.085000,33.250,167.500,0,OK
8410291,0.330000,5.085000,33.000,167.500,0,OK
8420280,0.332500,5.081250,33.250,167.500,0,OK
8430291,0.342500,5.085000,33.000,167.500,0,OK
8440280,0.330000,5.083750,33.000,167.500,0,OK
8450291,0.327500,5.083750,33.250,170.000,0,OK
8460280,0.330000,5.085000,33.000,167.500,0,OK
8470291,0.330000,5.083750,33.250,167.500,0,OK
8480280,0.330000,5.085000,33.000,167.500,0,OK
8490291,0.332500,5.085000,33.250,167.500,0,OK
8500280,0.330000,5.083750,33.000,167.500,0,OK
8510291,0.330000,5.081250,33.000,167.500,0,OK
8520280,0.342500,5.085000,33.000,167.500,0,OK
8530291,0.330000,5.083750,33.000,167.500,0,OK
8540280,0.330000,5.085000,33.250,170.000,0,OK
8550291,0.332500,5.083750,33.250,170.000,0,OK
8560280,0.330000,5.086250,33.000,167.500,0,OK
8570291,0.335000,5.085000,33.500,170.000,0,OK
8580280,0.335000,5.085000,33.500,170.000,0,OK
8590291,0.332500,5.083750,33.250,170.000,0,OK
8600280,0.332500,5.082500,33.250,170.000,0,OK
8610291,0.337500,5.085000,33.250,170.000,0,OK
8620280,0.330000,5.083750,33.000,167.500,0,OK
8630291,0.332500,5.085000,33.000,167.500,0,OK
8640280,0.332500,5.083750,33.250,170.000,0,OK
8650291,0.332500,5.085000,33.250,167.500,0,OK
8660280,0.330000,5.085000,33.000,167.500,0,OK
8670291,0.332500,5.077500,33.250,167.500,0,OK
8680280,0.327500,5.083750,32.750,166.250,0,OK
8690291,0.327500,5.082500,32.750,166.250,0,OK
8700280,0.335000,5.085000,33.250,170.000,0,OK
8710291,0.332500,5.083750,33.250,170.000,0,OK
8720280,0.330000,5.083750,33.500,170.000,0,OK
8730291,0.327500,5.083750,32.750,166.250,0,OK
8740280,0.330000,5.085000,33.000,167.500,0,OK
8750291,0.335000,5.083750,33.500,170.000,0,OK
8760280,0.332500,5.076250,33.250,167.500,0,OK
8770291,0.332500,5.083750,33.250,170.000,0,OK
8780280,0.332500,5.081250,33.250,167.500,0,OK
8790291,0.335000,5.085000,33.000,167.500,0,OK
8800280,0.335000,5.085000,33.500,170.000,0,OK
8810291,0.332500,5.085000,33.000,167.500,0,OK
8820280,0.330000,5.083750,33.000,167.500,0,OK
8830291,0.332500,5.083750,33.000,167.500,0,OK
8840280,0.332500,5.083750,33.250,170.000,0,OK
8850291,0.332500,5.077500,33.250,167.500,0,OK
8860280,0.350000,5.083750,33.250,170.000,0,OK
8870291,0.332500,5.082500,33.250,170.000,0,OK
8880280,0.335000,5.083750,33.250,170.000,0,OK
8890291,0.330000,5.085000,33.000,167.500,0,OK
8900280,0.332500,5.083750,33.250,170.000,0,OK
8910291,0.332500,5.083750,33.250,170.000,0,OK
8920280,0.335000,5.083750,33.500,170.000,0,OK
8930291,0.332500,5.083750,33.250,170.000,0,OK
8940280,0.332500,5.080000,33.250,167.500,0,OK
8950291,0.347500,5.085000,33.000,167.500,0,OK
8960280,0.332500,5.085000,33.250,170.000,0,OK
8970291,0.335000,5.083750,33.250,170.000,0,OK
8980280,0.332500,5.085000,33.250,170.000,0,OK
8990291,0.332500,5.083750,33.250,167.500,0,OK
9000280,0.330000,5.083750,33.000,167.500,0,OK
9010291,0.332500,5.085000,33.250,167.500,0,OK
9020280,0.330000,5.085000,33.000,167.500,0,OK
9030291,0.332500,5.078750,33.250,167.500,0,OK
9040280,0.342500,5.085000,33.000,167.500,0,OK
9050291,0.332500,5.083750,33.250,170.000,0,OK
9060280,0.332500,5.085000,33.000,167.500,0,OK
9070291,0.330000,5.085000,33.000,167.500,0,OK
9080280,0.330000,5.083750,33.000,167.500,0,OK
9090291,0.332500,5.085000,33.250,170.000,0,OK
9100280,0.330000,5.085000,33.000,167.500,0,OK
9110291,0.332500,5.085000,33.250,170.000,0,OK
9120280,0.330000,5.081250,33.000,167.500,0,OK
9130291,0.340000,5.085000,32.750,166.250,0,OK
9140280,0.335000,5.085000,33.500,170.000,0,OK
9150291,0.332500,5.085000,33.250,170.000,0,OK
9160280,0.330000,5.083750,33.000,167.500,0,OK
9170291,0.332500,5.085000,33.000,167.500,0,OK
9180280,0.332500,5.083750,33.250,170.000,0,OK
9190291,0.335000,5.085000,33.500,170.000,0,OK
9200280,0.332500,5.083750,33.250,170.000,0,OK
9210291,0.332500,5.081250,33.250,167.500,0,OK
9220280,0.340000,5.085000,33.250,170.000,0,OK
9230291,0.330000,5.083750,33.000,167.500,0,OK
9240280,0.332500,5.085000,33.000,167.500,0,OK
9250291,0.335000,5.086250,33.500,170.000,0,OK
9260280,0.332500,5.083750,33.000,167.500,0,OK
9270291,0.332500,5.085000,33.250,170.000,0,OK
9280280,0.332500,5.078750,33.250,167.500,0,OK
9290291,0.332500,5.083750,33.250,170.000,0,OK
9300280,0.330000,5.083750,33.000,167.500,0,OK
9310291,0.340000,5.085000,33.000,167.500,0,OK
9320280,0.330000,5.083750,33.000,167.500,0,OK
9330291,0.332500,5.085000,33.250,170.000,0,OK
9340280,0.327500,5.085000,32.750,166.250,0,OK
9350291,0.330000,5.086250,33.000,167.500,0,OK
9360280,0.332500,5.083750,33.250,170.000,0,OK
9370291,0.332500,5.077500,33.250,167.500,0,OK
9380280,0.330000,5.085000,33.000,167.500,0,OK
9390291,0.332500,5.083750,33.250,170.000,0,OK
9400280,0.335000,5.085000,33.250,170.000,0,OK
9410291,0.335000,5.083750,33.500,170.000,0,OK
9420280,0.330000,5.085000,33.000,167.500,0,OK
9430291,0.335000,5.083750,33.500,170.000,0,OK
9440280,0.330000,5.083750,33.000,167.500,0,OK
9450291,0.332500,5.085000,33.250,170.000,0,OK
9460280,0.332500,5.078750,33.250,167.500,0,OK
9470291,0.352500,5.085000,33.250,170.000,0,OK
9480280,0.332500,5.083750,33.250,170.000,0,OK
9490291,0.335000,5.086250,33.250,170.000,0,OK
9500280,0.332500,5.085000,33.250,170.000,0,OK
9510291,0.332500,5.085000,32.750,166.250,0,OK
9520280,0.335000,5.086250,33.500,170.000,0,OK
9530291,0.332500,5.083750,33.250,167.500,0,OK
9540280,0.330000,5.085000,33.000,167.500,0,OK
9550291,0.332500,5.080000,33.250,167.500,0,OK
9560280,0.347500,5.085000,33.000,167.500,0,OK
9570291,0.330000,5.085000,33.000,167.500,0,OK
9580280,0.335000,5.085000,33.000,167.500,0,OK
9590291,0.332500,5.083750,33.250,170.000,0,OK
9600280,0.332500,5.083750,33.000,167.500,0,OK
9610291,0.332500,5.083750,33.250,170.000,0,OK
9620280,0.332500,5.085000,33.250,167.500,0,OK
9630291,0.332500,5.083750,33.250,170.000,0,OK
9640280,0.332500,5.081250,33.250,167.500,0,OK
9650291,0.342500,5.085000,33.000,167.500,0,OK
9660280,0.330000,5.083750,33.000,167.500,0,OK
9670291,0.335000,5.083750,33.250,170.000,0,OK
9680280,0.335000,5.083750,33.500,170.000,0,OK
9690291,0.330000,5.085000,33.250,167.500,0,OK
9700280,0.332500,5.086250,33.250,170.000,0,OK
9710291,0.332500,5.085000,33.250,167.500,0,OK
9720280,0.332500,5.086250,33.250,170.000,0,OK
9730291,0.330000,5.082500,33.000,167.500,0,OK
9740280,0.337500,5.085000,33.250,170.000,0,OK
9750291,0.332500,5.083750,33.250,170.000,0,OK
9760280,0.332500,5.085000,33.500,170.000,0,OK
9770291,0.332500,5.085000,33.250,170.000,0,OK
9780280,0.332500,5.083750,33.250,167.500,0,OK
9790291,0.332500,5.083750,33.250,170.000,0,OK
9800280,0.332500,5.085000,33.250,167.500,0,OK
9810291,0.332500,5.085000,33.250,170.000,0,OK
9820280,0.332500,5.082500,33.250,170.000,0,OK
9830291,0.335000,5.085000,33.250,170.000,0,OK
9840280,0.330000,5.083750,33.000,167.500,0,OK
9850291,0.332500,5.083750,33.250,170.000,0,OK
9860280,0.332500,5.085000,33.250,170.000,0,OK
9870291,0.330000,5.083750,33.250,167.500,0,OK
9880280,0.330000,5.085000,33.000,167.500,0,OK
9890291,0.335000,5.085000,33.500,170.000,0,OK
9900280,0.332500,5.085000,33.250,170.000,0,OK
9910291,0.335000,5.081250,33.500,170.000,0,OK
9920280,0.337500,5.083750,33.000,167.500,0,OK
9930291,0.330000,5.083750,33.000,167.500,0,OK
9940280,0.332500,5.085000,33.000,167.500,0,OK
9950291,0.330000,5.083750,33.000,167.500,0,OK
9960280,0.330000,5.085000,33.500,167.500,0,OK
9970291,0.330000,5.085000,33.000,167.500,0,OK
9980280,0.327500,5.078750,32.750,166.250,0,OK
9990291,0.330000,5.083750,33.000,167.500,0,OK
# phase=active
10000284,0.332500,5.078750,33.250,167.500,1,OK
10010294,0.437500,5.067500,44.000,223.750,1,OK
10020285,0.440000,5.068750,44.000,223.750,1,OK
10030297,0.440000,5.067500,43.500,221.250,1,OK
10040284,0.435000,5.066250,43.500,221.250,1,OK
10050295,0.437500,5.066250,43.750,221.250,1,OK
10060284,0.435000,5.068750,43.500,221.250,1,OK
10070296,0.437500,5.062500,43.750,221.250,1,OK
10080285,0.450000,5.066250,43.750,221.250,1,OK
10090295,0.435000,5.067500,43.500,221.250,1,OK
10100284,0.437500,5.067500,43.750,221.250,1,OK
10110295,0.437500,5.067500,43.750,221.250,1,OK
10120284,0.435000,5.067500,43.750,218.750,1,OK
10130295,0.437500,5.066250,43.750,221.250,1,OK
10140285,0.435000,5.067500,43.500,218.750,1,OK
10150295,0.435000,5.067500,43.500,221.250,1,OK
10160285,0.437500,5.063750,43.750,221.250,1,OK
10170296,0.445000,5.066250,43.500,221.250,1,OK
10180284,0.437500,5.066250,43.750,221.250,1,OK
10190297,0.437500,5.066250,43.750,221.250,1,OK
10200284,0.437500,5.068750,43.750,221.250,1,OK
10210295,0.435000,5.066250,43.250,218.750,1,OK
10220284,0.437500,5.067500,43.750,221.250,1,OK
10230295,0.435000,5.067500,43.500,218.750,1,OK
10240285,0.435000,5.066250,43.500,221.250,1,OK
10250295,0.435000,5.063750,43.500,221.250,1,OK
10260284,0.445000,5.067500,43.750,221.250,1,OK
10270295,0.432500,5.066250,43.250,218.750,1,OK
10280284,0.437500,5.066250,43.500,221.250,1,OK
10290295,0.437500,5.067500,43.750,221.250,1,OK
10300285,0.437500,5.067500,43.750,221.250,1,OK
10310295,0.437500,5.067500,43.750,221.250,1,OK
10320284,0.437500,5.067500,43.750,221.250,1,OK
10330295,0.435000,5.067500,43.500,221.250,1,OK
10340284,0.437500,5.065000,43.750,221.250,1,OK
10350295,0.442500,5.067500,43.500,221.250,1,OK
10360285,0.437500,5.067500,43.750,221.250,1,OK
10370295,0.435000,5.067500,43.750,221.250,1,OK
10380284,0.435000,5.067500,43.500,221.250,1,OK
10390295,0.437500,5.067500,44.000,221.250,1,OK
10400285,0.435000,5.067500,43.500,221.250,1,OK
10410297,0.437500,5.066250,43.750,221.250,1,OK
10420285,0.437500,5.066250,43.750,221.250,1,OK
10430295,0.440000,5.065000,44.000,223.750,1,OK
10440284,0.442500,5.067500,43.750,221.250,1,OK
10450295,0.435000,5.066250,43.500,221.250,1,OK
10460285,0.435000,5.067500,43.750,221.250,1,OK
10470297,0.435000,5.066250,43.500,221.250,1,OK
10480285,0.437500,5.067500,43.750,221.250,1,OK
10490294,0.435000,5.067500,43.500,221.250,1,OK
10500285,0.437500,5.061250,43.750,221.250,1,OK
10510295,0.435000,5.066250,43.500,221.250,1,OK
10520285,0.435000,5.066250,43.500,221.250,1,OK
10530295,0.435000,5.067500,43.750,221.250,1,OK
10540284,0.437500,5.067500,43.750,221.250,1,OK
10550295,0.437500,5.067500,43.750,221.250,1,OK
10560284,0.440000,5.067500,44.000,223.750,1,OK
10570295,0.437500,5.066250,43.750,221.250,1,OK
10580284,0.437500,5.067500,43.750,221.250,1,OK
10590295,0.435000,5.061250,43.500,221.250,1,OK
10600284,0.332500,5.083750,33.250,170.000,1,OK
10610296,0.435000,5.065000,43.500,221.250,1,OK
10620285,0.437500,5.067500,43.750,221.250,1,OK
10630294,0.437500,5.067500,43.750,221.250,1,OK
10640285,0.437500,5.067500,43.250,218.750,1,OK
10650295,0.437500,5.067500,43.750,221.250,1,OK
10660284,0.437500,5.067500,43.750,221.250,1,OK
10670296,0.437500,5.066250,43.750,221.250,1,OK
10680285,0.437500,5.061250,43.750,221.250,1,OK
10690295,0.452500,5.067500,44.000,223.750,1,OK
10700284,0.437500,5.066250,43.750,221.250,1,OK
10710297,0.437500,5.067500,43.500,221.250,1,OK
10720285,0.435000,5.066250,43.500,221.250,1,OK
10730295,0.437500,5.068750,43.500,221.250,1,OK
10740284,0.437500,5.067500,43.750,221.250,1,OK
10750295,0.440000,5.067500,44.000,223.750,1,OK
10760284,0.437500,5.067500,43.750,221.250,1,OK
10770296,0.440000,5.062500,44.000,223.750,1,OK
10780284,0.450000,5.066250,43.500,221.250,1,OK
10790295,0.435000,5.067500,43.500,221.250,1,OK
10800284,0.437500,5.067500,43.750,221.250,1,OK
10810296,0.437500,5.067500,43.750,221.250,1,OK
10820284,0.435000,5.067500,43.750,218.750,1,OK
10830296,0.435000,5.066250,43.500,221.250,1,OK
10840284,0.440000,5.067500,44.000,223.750,1,OK
10850294,0.435000,5.066250,43.500,221.250,1,OK
10860285,0.435000,5.063750,43.500,221.250,1,OK
10870295,0.445000,5.066250,43.750,221.250,1,OK
10880284,0.435000,5.067500,43.500,221.250,1,OK
10890294,0.435000,5.067500,43.750,221.250,1,OK
10900284,0.437500,5.066250,43.750,221.250,1,OK
10910297,0.435000,5.066250,43.500,218.750,1,OK
10920285,0.437500,5.066250,43.750,221.250,1,OK
10930296,0.437500,5.066250,43.750,221.250,1,OK
10940285,0.435000,5.066250,43.500,221.250,1,OK
10950295,0.437500,5.063750,43.750,221.250,1,OK
10960284,0.442500,5.067500,43.750,221.250,1,OK
10970296,0.437500,5.066250,43.750,221.250,1,OK
10980285,0.437500,5.066250,43.500,221.250,1,OK
10990295,0.437500,5.066250,43.750,221.250,1,OK
11000284,0.435000,5.067500,43.500,218.750,1,OK
11010296,0.435000,5.066250,43.500,221.250,1,OK
11020284,0.435000,5.067500,43.500,218.750,1,OK
11030296,0.435000,5.066250,43.500,221.250,1,OK
11040284,0.435000,5.065000,43.500,221.250,1,OK
11050295,0.440000,5.066250,43.500,221.250,1,OK
11060284,0.435000,5.067500,43.500,221.250,1,OK
11070294,0.437500,5.067500,43.750,221.250,1,OK
11080285,0.435000,5.068750,43.500,221.250,1,OK
11090297,0.437500,5.067500,43.750,221.250,1,OK
11100284,0.437500,5.066250,43.750,221.250,1,OK
11110296,0.437500,5.060000,43.750,221.250,1,OK
11120284,0.435000,5.066250,43.500,221.250,1,OK
11130295,0.435000,5.065000,43.500,221.250,1,OK
11140284,0.440000,5.066250,43.750,221.250,1,OK
11150295,0.435000,5.067500,43.500,221.250,1,OK
11160285,0.437500,5.067500,43.500,221.250,1,OK
11170295,0.435000,5.066250,43.500,221.250,1,OK
11180285,0.437500,5.067500,43.250,221.250,1,OK
11190295,0.437500,5.067500,43.750,221.250,1,OK
11200284,0.332500,5.070000,33.250,167.500,1,OK
11210297,0.440000,5.066250,44.000,223.750,1,OK
11220284,0.437500,5.066250,43.750,221.250,1,OK
11230295,0.437500,5.067500,43.750,221.250,1,OK
11240284,0.435000,5.067500,43.500,221.250,1,OK
11250294,0.437500,5.067500,43.750,221.250,1,OK
11260285,0.437500,5.067500,43.750,221.250,1,OK
11270294,0.437500,5.067500,43.750,221.250,1,OK
11280285,0.440000,5.067500,44.000,223.750,1,OK
11290295,0.440000,5.061250,44.000,223.750,1,OK
11300285,0.437500,5.067500,43.750,221.250,1,OK
11310294,0.437500,5.066250,43.750,221.250,1,OK
11320284,0.435000,5.066250,43.750,221.250,1,OK
11330295,0.432500,5.066250,43.250,218.750,1,OK
11340284,0.432500,5.067500,43.500,218.750,1,OK
11350296,0.435000,5.066250,43.500,221.250,1,OK
11360284,0.437500,5.066250,43.750,221.250,1,OK
11370295,0.435000,5.066250,43.500,221.250,1,OK
11380284,0.437500,5.062500,43.750,221.250,1,OK
11390295,0.452500,5.068750,43.500,221.250,1,OK
11400284,0.435000,5.066250,43.500,221.250,1,OK
11410295,0.437500,5.066250,43.500,221.250,1,OK
11420285,0.432500,5.066250,43.250,218.750,1,OK
11430295,0.437500,5.066250,43.750,221.250,1,OK
11440284,0.435000,5.066250,43.500,221.250,1,OK
11450295,0.437500,5.065000,43.750,221.250,1,OK
11460284,0.435000,5.066250,43.500,221.250,1,OK
11470296,0.437500,5.063750,43.750,221.250,1,OK
11480284,0.447500,5.066250,43.750,221.250,1,OK
11490295,0.435000,5.067500,43.500,221.250,1,OK
11500284,0.435000,5.066250,44.000,223.750,1,OK
11510297,0.437500,5.067500,43.750,221.250,1,OK
11520285,0.437500,5.067500,43.750,221.250,1,OK
11530294,0.437500,5.066250,43.750,221.250,1,OK
11540284,0.437500,5.066250,43.750,221.250,1,OK
11550295,0.437500,5.067500,43.750,221.250,1,OK
11560284,0.435000,5.062500,43.500,221.250,1,OK
11570295,0.442500,5.067500,43.250,218.750,1,OK
11580284,0.437500,5.066250,43.750,221.250,1,OK
11590295,0.437500,5.067500,43.750,221.250,1,OK
11600285,0.437500,5.067500,43.750,221.250,1,OK
11610295,0.437500,5.066250,43.750,221.250,1,OK
11620284,0.435000,5.067500,43.500,221.250,1,OK
11630295,0.435000,5.067500,43.500,218.750,1,OK
11640284,0.435000,5.067500,43.500,221.250,1,OK
11650296,0.437500,5.065000,43.750,221.250,1,OK
11660284,0.442500,5.067500,43.750,221.250,1,OK
11670295,0.437500,5.067500,43.750,221.250,1,OK
11680284,0.432500,5.066250,43.500,221.250,1,OK
11690294,0.437500,5.067500,43.750,221.250,1,OK
11700284,0.437500,5.067500,43.750,221.250,1,OK
11710295,0.435000,5.067500,43.500,221.250,1,OK
11720285,0.432500,5.060000,43.250,218.750,1,OK
11730295,0.432500,5.067500,43.250,218.750,1,OK
11740284,0.437500,5.066250,43.750,221.250,1,OK
11750297,0.440000,5.067500,43.750,221.250,1,OK
11760284,0.435000,5.067500,43.500,221.250,1,OK
11770294,0.435000,5.067500,43.750,221.250,1,OK
11780285,0.432500,5.067500,43.250,218.750,1,OK
11790295,0.437500,5.067500,43.500,221.250,1,OK
11800284,0.332500,5.083750,33.250,170.000,1,OK
11810295,0.435000,5.060000,43.500,218.750,1,OK
11820284,0.437500,5.067500,43.750,221.250,1,OK
11830295,0.435000,5.065000,43.500,221.250,1,OK
11840284,0.435000,5.067500,43.500,221.250,1,OK
11850295,0.437500,5.066250,43.750,221.250,1,OK
11860285,0.435000,5.067500,43.750,221.250,1,OK
11870297,0.440000,5.066250,44.000,223.750,1,OK
11880284,0.435000,5.066250,43.500,218.750,1,OK
11890296,0.437500,5.066250,43.750,221.250,1,OK
11900284,0.437500,5.062500,43.750,221.250,1,OK
11910295,0.435000,5.067500,43.500,221.250,1,OK
11920284,0.435000,5.066250,43.500,221.250,1,OK
11930295,0.437500,5.066250,43.500,221.250,1,OK
11940285,0.437500,5.067500,43.750,221.250,1,OK
11950294,0.440000,5.066250,43.750,221.250,1,OK
11960285,0.435000,5.067500,43.500,221.250,1,OK
11970297,0.435000,5.066250,43.500,218.750,1,OK
11980285,0.435000,5.066250,43.500,221.250,1,OK
11990296,0.437500,5.062500,43.750,221.250,1,OK
12000284,0.447500,5.067500,43.500,221.250,1,OK
12010294,0.435000,5.066250,43.500,221.250,1,OK
12020285,0.435000,5.066250,43.750,221.250,1,OK
12030296,0.437500,5.066250,43.750,221.250,1,OK
12040285,0.432500,5.067500,43.750,218.750,1,OK
12050295,0.435000,5.067500,43.500,221.250,1,OK
12060285,0.432500,5.067500,43.250,218.750,1,OK
12070296,0.437500,5.067500,43.750,221.250,1,OK
12080284,0.432500,5.062500,43.250,218.750,1,OK
12090295,0.447500,5.066250,43.500,221.250,1,OK
12100285,0.435000,5.066250,43.500,221.250,1,OK
12110295,0.435000,5.067500,43.750,221.250,1,OK
12120285,0.432500,5.066250,43.250,218.750,1,OK
12130295,0.435000,5.067500,43.750,218.750,1,OK
12140284,0.437500,5.067500,43.750,221.250,1,OK
12150295,0.437500,5.067500,43.750,221.250,1,OK
12160284,0.437500,5.068750,43.750,221.250,1,OK
12170294,0.437500,5.065000,43.750,221.250,1,OK
12180284,0.445000,5.066250,43.500,221.250,1,OK
12190296,0.437500,5.068750,43.750,221.250,1,OK
12200285,0.435000,5.067500,43.750,221.250,1,OK
12210297,0.437500,5.066250,43.750,221.250,1,OK
12220285,0.437500,5.067500,43.750,221.250,1,OK
12230294,0.440000,5.067500,44.000,223.750,1,OK
12240284,0.437500,5.067500,43.750,221.250,1,OK
12250296,0.435000,5.067500,43.500,221.250,1,OK
12260284,0.440000,5.063750,44.000,223.750,1,OK
12270295,0.442500,5.067500,43.750,221.250,1,OK
12280285,0.435000,5.067500,43.500,221.250,1,OK
12290295,0.435000,5.067500,44.000,223.750,1,OK
12300285,0.437500,5.067500,43.750,221.250,1,OK
12310294,0.435000,5.067500,43.750,218.750,1,OK
12320285,0.437500,5.067500,43.750,221.250,1,OK
12330294,0.435000,5.067500,43.500,218.750,1,OK
12340284,0.437500,5.067500,43.750,221.250,1,OK
12350295,0.435000,5.065000,43.500,221.250,1,OK
12360284,0.440000,5.067500,43.750,221.250,1,OK
12370294,0.440000,5.067500,44.000,223.750,1,OK
12380284,0.437500,5.067500,43.500,221.250,1,OK
12390294,0.432500,5.067500,43.250,218.750,1,OK
12400284,0.332500,5.083750,33.250,167.500,1,OK
12410296,0.437500,5.067500,43.750,221.250,1,OK
12420284,0.437500,5.061250,43.750,221.250,1,OK
12430295,0.440000,5.066250,44.000,223.750,1,OK
12440284,0.437500,5.066250,43.750,221.250,1,OK
12450295,0.435000,5.066250,43.750,221.250,1,OK
12460285,0.437500,5.067500,43.750,221.250,1,OK
12470294,0.437500,5.066250,43.750,221.250,1,OK
12480284,0.435000,5.067500,43.500,221.250,1,OK
12490296,0.435000,5.067500,43.500,218.750,1,OK
12500284,0.435000,5.066250,43.500,221.250,1,OK
12510296,0.437500,5.062500,43.750,221.250,1,OK
12520285,0.437500,5.066250,43.750,221.250,1,OK
12530294,0.437500,5.066250,43.750,221.250,1,OK
12540284,0.435000,5.066250,43.500,221.250,1,OK
12550295,0.437500,5.066250,43.750,221.250,1,OK
12560284,0.435000,5.066250,43.750,221.250,1,OK
12570296,0.437500,5.067500,43.750,221.250,1,OK
12580284,0.437500,5.066250,43.750,221.250,1,OK
12590297,0.437500,5.067500,43.750,221.250,1,OK
12600284,0.437500,5.061250,43.750,221.250,1,OK
12610297,0.455000,5.067500,43.500,221.250,1,OK
12620285,0.435000,5.066250,43.500,221.250,1,OK
12630295,0.437500,5.066250,43.500,221.250,1,OK
12640285,0.435000,5.067500,43.500,221.250,1,OK
12650297,0.437500,5.066250,43.500,221.250,1,OK
12660285,0.435000,5.067500,43.500,221.250,1,OK
12670295,0.437500,5.067500,43.750,221.250,1,OK
12680284,0.435000,5.066250,43.500,221.250,1,OK
12690295,0.432500,5.062500,43.250,218.750,1,OK
12700284,0.450000,5.067500,43.500,221.250,1,OK
12710296,0.435000,5.067500,43.500,221.250,1,OK
12720284,0.437500,5.067500,43.500,221.250,1,OK
12730295,0.435000,5.067500,43.500,221.250,1,OK
12740285,0.437500,5.066250,44.000,221.250,1,OK
12750295,0.437500,5.067500,43.750,221.250,1,OK
12760284,0.437500,5.067500,43.750,221.250,1,OK
12770295,0.435000,5.066250,43.500,221.250,1,OK
12780285,0.435000,5.063750,43.500,221.250,1,OK
12790297,0.447500,5.066250,43.250,218.750,1,OK
12800284,0.435000,5.066250,43.500,221.250,1,OK
12810296,0.437500,5.067500,43.500,221.250,1,OK
12820284,0.437500,5.066250,43.750,221.250,1,OK
12830297,0.437500,5.066250,44.000,221.250,1,OK
12840285,0.437500,5.067500,43.750,221.250,1,OK
12850296,0.435000,5.066250,43.500,218.750,1,OK
12860284,0.437500,5.067500,43.750,221.250,1,OK
12870295,0.437500,5.063750,43.750,221.250,1,OK
12880285,0.440000,5.068750,43.500,221.250,1,OK
12890294,0.437500,5.066250,43.750,221.250,1,OK
12900285,0.437500,5.067500,43.500,221.250,1,OK
12910295,0.440000,5.068750,44.000,223.750,1,OK
12920284,0.437500,5.067500,43.500,221.250,1,OK
12930295,0.437500,5.066250,43.750,221.250,1,OK
12940284,0.435000,5.067500,43.500,218.750,1,OK
12950296,0.435000,5.068750,43.500,221.250,1,OK
12960284,0.435000,5.063750,43.500,221.250,1,OK
12970296,0.440000,5.067500,43.750,221.250,1,OK
12980284,0.435000,5.066250,43.500,221.250,1,OK
12990295,0.437500,5.066250,43.500,221.250,1,OK
13000284,0.332500,5.083750,33.250,170.000,1,OK
13010296,0.432500,5.067500,43.750,218.750,1,OK
13020285,0.437500,5.067500,43.750,221.250,1,OK
13030294,0.437500,5.060000,43.750,221.250,1,OK
13040285,0.440000,5.067500,44.000,223.750,1,OK
13050296,0.440000,5.065000,44.000,223.750,1,OK
13060284,0.435000,5.067500,43.750,221.250,1,OK
13070297,0.435000,5.067500,43.500,221.250,1,OK
13080284,0.435000,5.067500,43.750,221.250,1,OK
13090295,0.437500,5.067500,43.750,221.250,1,OK
13100284,0.440000,5.067500,43.500,223.750,1,OK
13110296,0.437500,5.067500,43.750,221.250,1,OK
13120284,0.435000,5.061250,43.500,221.250,1,OK
13130295,0.435000,5.066250,43.500,221.250,1,OK
13140285,0.432500,5.066250,43.250,218.750,1,OK
13150296,0.435000,5.067500,43.250,218.750,1,OK
13160284,0.437500,5.067500,43.750,221.250,1,OK
13170296,0.435000,5.067500,43.750,221.250,1,OK
13180285,0.435000,5.066250,43.500,221.250,1,OK
13190295,0.435000,5.066250,43.500,218.750,1,OK
13200284,0.437500,5.066250,43.750,221.250,1,OK
13210297,0.437500,5.062500,43.750,221.250,1,OK
13220284,0.440000,5.066250,44.000,223.750,1,OK
13230296,0.435000,5.066250,43.500,221.250,1,OK
13240284,0.435000,5.065000,43.750,221.250,1,OK
13250296,0.440000,5.067500,44.000,223.750,1,OK
13260284,0.435000,5.067500,43.500,218.750,1,OK
13270296,0.437500,5.066250,43.750,221.250,1,OK
13280285,0.432500,5.066250,43.250,218.750,1,OK
13290295,0.435000,5.066250,43.500,221.250,1,OK
13300284,0.437500,5.062500,43.750,221.250,1,OK
13310295,0.452500,5.066250,43.750,221.250,1,OK
13320284,0.437500,5.066250,43.750,221.250,1,OK
13330295,0.437500,5.067500,43.500,221.250,1,OK
13340285,0.435000,5.066250,43.500,221.250,1,OK
13350296,0.437500,5.066250,43.750,221.250,1,OK
13360284,0.435000,5.066250,43.500,221.250,1,OK
13370295,0.440000,5.067500,44.000,223.750,1,OK
13380284,0.437500,5.067500,43.750,221.250,1,OK
13390296,0.435000,5.063750,43.500,221.250,1,OK
13400284,0.447500,5.067500,43.750,221.250,1,OK
13410295,0.437500,5.068750,43.750,221.250,1,OK
13420285,0.435000,5.067500,43.750,221.250,1,OK
13430297,0.437500,5.066250,43.750,221.250,1,OK
13440285,0.437500,5.067500,43.750,221.250,1,OK
13450296,0.437500,5.068750,43.750,221.250,1,OK
13460284,0.437500,5.067500,43.750,221.250,1,OK
13470295,0.435000,5.067500,43.500,221.250,1,OK
13480284,0.437500,5.063750,43.750,221.250,1,OK
13490297,0.445000,5.068750,43.750,221.250,1,OK
13500284,0.437500,5.067500,43.750,221.250,1,OK
13510295,0.437500,5.067500,43.750,221.250,1,OK
13520284,0.435000,5.066250,43.500,221.250,1,OK
13530295,0.437500,5.067500,43.750,221.250,1,OK
13540284,0.437500,5.067500,43.750,221.250,1,OK
13550295,0.437500,5.066250,43.750,221.250,1,OK
13560284,0.440000,5.067500,44.000,223.750,1,OK
13570296,0.432500,5.065000,43.250,218.750,1,OK
13580284,0.445000,5.067500,43.500,221.250,1,OK
13590296,0.437500,5.066250,43.750,221.250,1,OK
13600284,0.330000,5.083750,33.250,170.000,1,OK
13610295,0.435000,5.067500,43.500,221.250,1,OK
13620285,0.435000,5.067500,43.500,218.750,1,OK
13630295,0.435000,5.067500,43.500,221.250,1,OK
13640285,0.437500,5.058750,43.750,221.250,1,OK
13650295,0.435000,5.067500,43.500,221.250,1,OK
13660285,0.437500,5.066250,43.750,221.250,1,OK
13670295,0.435000,5.067500,43.500,221.250,1,OK
13680285,0.435000,5.067500,43.500,221.250,1,OK
13690295,0.435000,5.068750,43.750,221.250,1,OK
13700284,0.437500,5.067500,43.750,221.250,1,OK
13710295,0.437500,5.068750,44.000,221.250,1,OK
13720285,0.440000,5.067500,44.000,223.750,1,OK
13730297,0.437500,5.060000,43.750,221.250,1,OK
13740284,0.437500,5.067500,43.750,221.250,1,OK
13750295,0.435000,5.065000,43.500,221.250,1,OK
13760284,0.437500,5.068750,43.750,221.250,1,OK
13770295,0.440000,5.067500,44.000,223.750,1,OK
13780284,0.435000,5.066250,43.500,221.250,1,OK
13790295,0.435000,5.067500,43.500,221.250,1,OK
13800284,0.432500,5.067500,43.500,218.750,1,OK
13810295,0.435000,5.066250,43.500,221.250,1,OK
13820285,0.435000,5.062500,43.500,221.250,1,OK
13830295,0.437500,5.067500,43.750,221.250,1,OK
13840284,0.432500,5.066250,43.250,218.750,1,OK
13850296,0.432500,5.066250,43.250,218.750,1,OK
13860285,0.437500,5.067500,43.750,221.250,1,OK
13870296,0.435000,5.067500,43.500,221.250,1,OK
13880284,0.435000,5.066250,43.500,221.250,1,OK
13890295,0.437500,5.067500,43.750,221.250,1,OK
13900285,0.440000,5.067500,44.000,223.750,1,OK
13910295,0.437500,5.062500,43.750,221.250,1,OK
13920285,0.450000,5.068750,43.500,221.250,1,OK
13930296,0.437500,5.066250,43.750,221.250,1,OK
13940285,0.435000,5.067500,43.500,221.250,1,OK
13950297,0.435000,5.067500,43.500,221.250,1,OK
13960285,0.435000,5.068750,43.750,218.750,1,OK
13970295,0.437500,5.066250,43.750,221.250,1,OK
13980285,0.440000,5.066250,44.000,223.750,1,OK
13990296,0.437500,5.066250,43.750,221.250,1,OK
14000284,0.437500,5.063750,43.750,221.250,1,OK
14010295,0.445000,5.067500,44.000,223.750,1,OK
14020284,0.435000,5.067500,43.500,221.250,1,OK
14030294,0.437500,5.067500,43.750,221.250,1,OK
14040285,0.432500,5.067500,43.250,218.750,1,OK
14050296,0.437500,5.067500,43.500,221.250,1,OK
14060284,0.432500,5.067500,43.250,218.750,1,OK
14070295,0.437500,5.066250,43.750,221.250,1,OK
14080284,0.437500,5.067500,43.750,221.250,1,OK
14090295,0.435000,5.063750,43.500,221.250,1,OK
14100284,0.442500,5.067500,43.500,221.250,1,OK
14110296,0.437500,5.066250,43.750,221.250,1,OK
14120285,0.437500,5.066250,43.500,221.250,1,OK
14130295,0.435000,5.066250,43.500,221.250,1,OK
14140284,0.435000,5.066250,43.750,218.750,1,OK
14150297,0.435000,5.066250,43.500,221.250,1,OK
14160285,0.437500,5.067500,43.750,221.250,1,OK
14170294,0.437500,5.066250,43.750,221.250,1,OK
14180284,0.440000,5.065000,44.000,223.750,1,OK
14190295,0.442500,5.067500,43.750,221.250,1,OK
14200284,0.327500,5.082500,32.750,166.250,1,OK
14210295,0.440000,5.067500,43.750,221.250,1,OK
14220285,0.440000,5.066250,44.000,223.750,1,OK
14230295,0.437500,5.067500,44.000,221.250,1,OK
14240284,0.437500,5.066250,43.750,221.250,1,OK
14250295,0.435000,5.066250,43.500,218.750,1,OK
14260284,0.437500,5.066250,43.750,221.250,1,OK
14270295,0.437500,5.065000,43.750,221.250,1,OK
14280284,0.440000,5.067500,43.500,221.250,1,OK
14290294,0.435000,5.067500,43.500,221.250,1,OK
14300285,0.437500,5.067500,43.500,221.250,1,OK
14310295,0.437500,5.067500,43.750,221.250,1,OK
14320284,0.437500,5.066250,43.250,221.250,1,OK
14330295,0.435000,5.067500,43.500,221.250,1,OK
14340284,0.437500,5.062500,43.750,221.250,1,OK
14350294,0.437500,5.067500,43.750,221.250,1,OK
14360285,0.437500,5.065000,43.750,221.250,1,OK
14370295,0.437500,5.067500,43.750,221.250,1,OK
14380284,0.435000,5.066250,43.500,221.250,1,OK
14390295,0.435000,5.067500,43.500,221.250,1,OK
14400284,0.437500,5.066250,43.750,221.250,1,OK
14410295,0.435000,5.066250,43.750,218.750,1,OK
14420285,0.435000,5.066250,43.500,221.250,1,OK
14430295,0.437500,5.062500,43.750,221.250,1,OK
14440285,0.437500,5.067500,43.750,221.250,1,OK
14450294,0.437500,5.066250,43.750,221.250,1,OK
14460284,0.435000,5.067500,43.750,221.250,1,OK
14470295,0.437500,5.067500,43.750,221.250,1,OK
14480284,0.440000,5.067500,43.500,221.250,1,OK
14490297,0.437500,5.066250,43.750,221.250,1,OK
14500285,0.437500,5.067500,43.750,221.250,1,OK
14510295,0.437500,5.067500,43.750,221.250,1,OK
14520284,0.437500,5.063750,43.750,221.250,1,OK
14530295,0.450000,5.066250,43.750,221.250,1,OK
14540285,0.435000,5.067500,43.500,221.250,1,OK
14550297,0.435000,5.067500,43.500,221.250,1,OK
14560285,0.435000,5.066250,43.500,221.250,1,OK
14570295,0.435000,5.067500,43.750,218.750,1,OK
14580284,0.435000,5.068750,43.500,221.250,1,OK
14590295,0.435000,5.067500,43.500,218.750,1,OK
14600284,0.435000,5.067500,43.500,221.250,1,OK
14610294,0.437500,5.063750,43.750,221.250,1,OK
14620284,0.447500,5.067500,43.750,221.250,1,OK
14630296,0.437500,5.066250,43.750,221.250,1,OK
14640285,0.437500,5.066250,43.500,221.250,1,OK
14650297,0.437500,5.067500,43.750,221.250,1,OK
14660285,0.435000,5.067500,43.750,218.750,1,OK
14670297,0.435000,5.066250,43.500,221.250,1,OK
14680284,0.435000,5.067500,43.500,218.750,1,OK
14690294,0.435000,5.068750,43.500,221.250,1,OK
14700284,0.437500,5.063750,43.750,221.250,1,OK
14710295,0.445000,5.066250,43.750,221.250,1,OK
14720284,0.437500,5.067500,43.750,221.250,1,OK
14730295,0.437500,5.066250,43.750,221.250,1,OK
14740284,0.437500,5.067500,43.750,221.250,1,OK
14750295,0.437500,5.068750,43.500,221.250,1,OK
14760284,0.437500,5.067500,43.750,221.250,1,OK
14770295,0.437500,5.067500,43.750,221.250,1,OK
14780284,0.437500,5.068750,43.750,221.250,1,OK
14790295,0.437500,5.063750,43.750,221.250,1,OK
14800284,0.362500,5.085000,33.000,167.500,1,OK
14810295,0.440000,5.067500,44.000,223.750,1,OK
14820284,0.437500,5.067500,43.750,221.250,1,OK
14830296,0.435000,5.067500,43.500,221.250,1,OK
14840284,0.437500,5.068750,43.750,221.250,1,OK
14850295,0.440000,5.066250,44.000,223.750,1,OK
14860284,0.435000,5.068750,43.500,218.750,1,OK
14870296,0.437500,5.066250,43.750,221.250,1,OK
14880285,0.435000,5.066250,43.500,221.250,1,OK
14890295,0.435000,5.068750,43.500,221.250,1,OK
14900284,0.435000,5.067500,43.500,221.250,1,OK
14910294,0.437500,5.067500,43.500,221.250,1,OK
14920284,0.435000,5.068750,43.500,221.250,1,OK
14930295,0.435000,5.067500,43.250,218.750,1,OK
14940285,0.435000,5.067500,43.500,221.250,1,OK
14950297,0.435000,5.061250,43.500,221.250,1,OK
14960285,0.437500,5.066250,43.750,221.250,1,OK
14970295,0.440000,5.066250,44.000,223.750,1,OK
14980284,0.435000,5.066250,43.750,221.250,1,OK
14990296,0.440000,5.067500,44.000,223.750,1,OK
15000284,0.437500,5.066250,43.750,221.250,1,OK
15010296,0.437500,5.068750,43.750,221.250,1,OK
15020284,0.437500,5.066250,43.750,221.250,1,OK
15030295,0.435000,5.066250,43.500,221.250,1,OK
15040285,0.435000,5.062500,43.500,221.250,1,OK
15050295,0.437500,5.067500,43.750,221.250,1,OK
15060284,0.437500,5.066250,43.750,221.250,1,OK
15070296,0.435000,5.067500,43.750,221.250,1,OK
15080285,0.435000,5.067500,43.500,221.250,1,OK
15090295,0.437500,5.067500,43.250,218.750,1,OK
15100284,0.435000,5.067500,43.500,221.250,1,OK
15110294,0.435000,5.067500,43.750,218.750,1,OK
15120285,0.435000,5.067500,43.500,221.250,1,OK
15130297,0.440000,5.062500,44.000,223.750,1,OK
15140285,0.452500,5.067500,43.750,221.250,1,OK
15150294,0.435000,5.067500,43.500,221.250,1,OK
15160285,0.435000,5.067500,43.500,221.250,1,OK
15170297,0.437500,5.067500,43.750,221.250,1,OK
15180285,0.437500,5.067500,43.750,221.250,1,OK
15190294,0.437500,5.068750,43.750,221.250,1,OK
15200285,0.437500,5.067500,43.750,221.250,1,OK
15210294,0.437500,5.067500,43.750,221.250,1,OK
15220285,0.432500,5.063750,43.250,218.750,1,OK
15230295,0.450000,5.067500,44.000,223.750,1,OK
15240284,0.437500,5.067500,43.750,221.250,1,OK
15250296,0.437500,5.067500,43.750,221.250,1,OK
15260284,0.437500,5.066250,43.750,221.250,1,OK
15270295,0.432500,5.067500,43.750,218.750,1,OK
15280284,0.437500,5.067500,43.750,221.250,1,OK
15290295,0.437500,5.067500,43.750,221.250,1,OK
15300284,0.437500,5.067500,43.750,221.250,1,OK
15310295,0.437500,5.062500,43.750,221.250,1,OK
15320285,0.445000,5.067500,43.750,221.250,1,OK
15330295,0.435000,5.067500,43.500,221.250,1,OK
15340284,0.435000,5.068750,43.750,221.250,1,OK
15350295,0.435000,5.067500,43.500,221.250,1,OK
15360285,0.435000,5.067500,43.750,218.750,1,OK
15370295,0.437500,5.067500,43.750,221.250,1,OK
15380285,0.440000,5.066250,44.000,223.750,1,OK
15390296,0.437500,5.067500,43.750,221.250,1,OK
15400284,0.332500,5.075000,33.250,167.500,1,OK
15410295,0.445000,5.067500,43.500,221.250,1,OK
15420284,0.437500,5.067500,43.750,221.250,1,OK
15430297,0.437500,5.067500,43.750,221.250,1,OK
15440285,0.435000,5.068750,43.500,221.250,1,OK
15450295,0.437500,5.067500,43.750,221.250,1,OK
15460284,0.437500,5.067500,43.750,221.250,1,OK
15470295,0.437500,5.068750,43.750,221.250,1,OK
15480284,0.435000,5.067500,43.500,221.250,1,OK
15490296,0.437500,5.066250,43.750,221.250,1,OK
15500284,0.437500,5.067500,44.000,223.750,1,OK
15510295,0.432500,5.066250,43.250,218.750,1,OK
15520284,0.437500,5.067500,43.500,221.250,1,OK
15530295,0.437500,5.067500,43.750,221.250,1,OK
15540285,0.435000,5.068750,43.750,218.750,1,OK
15550295,0.437500,5.066250,43.750,221.250,1,OK
15560285,0.437500,5.061250,43.750,221.250,1,OK
15570295,0.437500,5.066250,43.750,221.250,1,OK
15580285,0.437500,5.067500,43.750,221.250,1,OK
15590294,0.437500,5.067500,43.750,221.250,1,OK
15600284,0.435000,5.068750,43.500,221.250,1,OK
15610296,0.437500,5.067500,43.250,218.750,1,OK
15620285,0.437500,5.068750,43.750,221.250,1,OK
15630295,0.437500,5.066250,43.500,221.250,1,OK
15640285,0.437500,5.067500,43.750,221.250,1,OK
15650295,0.437500,5.061250,43.750,221.250,1,OK
15660284,0.437500,5.066250,43.750,221.250,1,OK
15670295,0.437500,5.066250,43.750,221.250,1,OK
15680284,0.437500,5.067500,43.750,221.250,1,OK
15690295,0.435000,5.067500,43.500,221.250,1,OK
15700284,0.437500,5.068750,43.250,218.750,1,OK
15710296,0.437500,5.068750,43.750,221.250,1,OK
15720284,0.432500,5.066250,43.750,218.750,1,OK
15730295,0.435000,5.066250,43.500,221.250,1,OK
15740284,0.437500,5.063750,43.750,221.250,1,OK
15750295,0.435000,5.067500,43.500,221.250,1,OK
15760284,0.435000,5.067500,43.500,221.250,1,OK
15770294,0.435000,5.067500,43.750,221.250,1,OK
15780285,0.437500,5.066250,43.750,221.250,1,OK
15790295,0.437500,5.067500,43.500,221.250,1,OK
15800285,0.437500,5.067500,43.750,221.250,1,OK
15810294,0.437500,5.066250,43.750,221.250,1,OK
15820284,0.435000,5.067500,43.500,221.250,1,OK
15830294,0.437500,5.062500,43.750,221.250,1,OK
15840284,0.452500,5.066250,43.750,221.250,1,OK
15850295,0.437500,5.066250,43.750,221.250,1,OK
15860285,0.437500,5.067500,43.750,221.250,1,OK
15870294,0.435000,5.067500,43.500,221.250,1,OK
15880284,0.437500,5.066250,43.750,221.250,1,OK
15890295,0.437500,5.067500,43.750,221.250,1,OK
15900285,0.437500,5.066250,43.750,221.250,1,OK
15910296,0.437500,5.067500,43.750,221.250,1,OK
15920284,0.440000,5.061250,44.000,223.750,1,OK
15930295,0.445000,5.067500,43.750,221.250,1,OK
15940285,0.437500,5.067500,43.750,221.250,1,OK
15950294,0.435000,5.066250,43.500,221.250,1,OK
15960285,0.437500,5.067500,43.750,221.250,1,OK
15970294,0.435000,5.067500,44.000,218.750,1,OK
15980284,0.440000,5.067500,44.000,223.750,1,OK
15990295,0.432500,5.068750,43.250,218.750,1,OK
16000284,0.330000,5.085000,33.000,167.500,1,OK
16010295,0.437500,5.063750,43.750,221.250,1,OK
16020285,0.442500,5.068750,43.500,221.250,1,OK
16030297,0.435000,5.066250,43.500,221.250,1,OK
16040285,0.437500,5.067500,43.750,221.250,1,OK
16050294,0.435000,5.067500,43.500,221.250,1,OK
16060284,0.437500,5.066250,43.750,221.250,1,OK
16070295,0.437500,5.066250,43.750,221.250,1,OK
16080284,0.437500,5.066250,43.750,221.250,1,OK
16090295,0.437500,5.066250,43.750,221.250,1,OK
16100284,0.437500,5.063750,43.750,221.250,1,OK
16110294,0.440000,5.067500,43.750,221.250,1,OK
16120285,0.437500,5.067500,43.750,221.250,1,OK
16130295,0.437500,5.067500,43.750,221.250,1,OK
16140284,0.437500,5.067500,43.750,221.250,1,OK
16150296,0.437500,5.067500,43.500,221.250,1,OK
16160284,0.440000,5.067500,44.000,223.750,1,OK
16170296,0.437500,5.061250,43.750,221.250,1,OK
16180284,0.437500,5.068750,43.750,221.250,1,OK
16190295,0.435000,5.066250,43.500,221.250,1,OK
16200284,0.440000,5.068750,43.750,221.250,1,OK
16210295,0.437500,5.067500,43.750,221.250,1,OK
16220284,0.437500,5.068750,43.500,221.250,1,OK
16230295,0.435000,5.067500,43.500,221.250,1,OK
16240284,0.437500,5.066250,43.250,221.250,1,OK
16250296,0.440000,5.067500,44.000,223.750,1,OK
16260284,0.437500,5.060000,43.750,221.250,1,OK
16270295,0.435000,5.067500,43.500,221.250,1,OK
16280284,0.435000,5.066250,43.500,221.250,1,OK
16290295,0.437500,5.066250,43.750,221.250,1,OK
16300284,0.437500,5.068750,43.750,221.250,1,OK
16310295,0.435000,5.068750,43.750,221.250,1,OK
16320285,0.437500,5.068750,43.750,221.250,1,OK
16330295,0.435000,5.068750,44.000,218.750,1,OK
16340284,0.440000,5.068750,44.000,223.750,1,OK
16350295,0.437500,5.061250,43.750,221.250,1,OK
16360285,0.437500,5.066250,43.750,221.250,1,OK
16370295,0.435000,5.065000,43.500,221.250,1,OK
16380284,0.437500,5.067500,44.000,223.750,1,OK
16390294,0.435000,5.068750,43.500,221.250,1,OK
16400284,0.435000,5.067500,43.500,221.250,1,OK
16410294,0.437500,5.067500,43.750,221.250,1,OK
16420285,0.435000,5.067500,43.500,218.750,1,OK
16430295,0.435000,5.067500,43.500,221.250,1,OK
16440285,0.437500,5.061250,43.750,221.250,1,OK
16450297,0.450000,5.066250,43.750,221.250,1,OK
16460285,0.435000,5.066250,43.500,221.250,1,OK
16470295,0.437500,5.067500,43.750,221.250,1,OK
16480284,0.435000,5.066250,43.500,221.250,1,OK
16490295,0.437500,5.068750,44.000,221.250,1,OK
16500284,0.435000,5.067500,43.500,221.250,1,OK
16510294,0.437500,5.068750,43.750,221.250,1,OK
16520284,0.435000,5.067500,43.500,221.250,1,OK
16530294,0.437500,5.063750,43.750,221.250,1,OK
16540284,0.447500,5.067500,43.750,221.250,1,OK
16550296,0.435000,5.068750,43.500,221.250,1,OK
16560284,0.437500,5.067500,43.750,221.250,1,OK
16570295,0.437500,5.066250,43.750,221.250,1,OK
16580284,0.437500,5.067500,43.750,221.250,1,OK
16590295,0.437500,5.067500,43.750,221.250,1,OK
16600284,0.335000,5.083750,33.500,170.000,1,OK
16610295,0.437500,5.067500,43.750,221.250,1,OK
16620284,0.435000,5.063750,43.500,221.250,1,OK
16630296,0.445000,5.067500,43.750,221.250,1,OK
16640285,0.437500,5.067500,43.750,221.250,1,OK
16650294,0.437500,5.067500,43.750,221.250,1,OK
16660285,0.435000,5.067500,43.500,221.250,1,OK
16670297,0.435000,5.067500,43.750,218.750,1,OK
16680284,0.435000,5.067500,43.500,221.250,1,OK
16690296,0.435000,5.067500,43.500,221.250,1,OK
16700284,0.437500,5.066250,43.750,221.250,1,OK
16710296,0.437500,5.063750,43.750,221.250,1,OK
16720284,0.442500,5.067500,43.750,221.250,1,OK
16730296,0.440000,5.066250,44.000,223.750,1,OK
16740285,0.437500,5.067500,43.750,221.250,1,OK
16750295,0.437500,5.067500,43.750,221.250,1,OK
16760284,0.437500,5.067500,43.500,221.250,1,OK
16770294,0.440000,5.067500,44.000,223.750,1,OK
16780284,0.437500,5.067500,43.750,221.250,1,OK
16790295,0.437500,5.067500,43.750,221.250,1,OK
16800285,0.437500,5.065000,43.750,221.250,1,OK
16810297,0.437500,5.068750,43.750,221.250,1,OK
16820284,0.437500,5.067500,43.750,221.250,1,OK
16830295,0.435000,5.066250,43.750,221.250,1,OK
16840284,0.437500,5.068750,43.750,221.250,1,OK
16850297,0.432500,5.067500,43.500,218.750,1,OK
16860284,0.437500,5.067500,43.750,221.250,1,OK
16870296,0.435000,5.061250,43.500,221.250,1,OK
16880284,0.435000,5.066250,43.500,221.250,1,OK
16890295,0.432500,5.066250,43.250,218.750,1,OK
16900284,0.435000,5.068750,43.750,221.250,1,OK
16910295,0.437500,5.067500,43.750,221.250,1,OK
16920284,0.437500,5.067500,43.500,221.250,1,OK
16930295,0.437500,5.067500,43.750,221.250,1,OK
16940285,0.437500,5.067500,43.750,221.250,1,OK
16950294,0.437500,5.066250,43.750,221.250,1,OK
16960285,0.437500,5.061250,43.750,221.250,1,OK
16970295,0.435000,5.067500,43.500,221.250,1,OK
16980285,0.437500,5.066250,43.750,221.250,1,OK
16990295,0.437500,5.067500,43.500,221.250,1,OK
17000285,0.435000,5.066250,43.500,221.250,1,OK
17010295,0.435000,5.067500,43.250,218.750,1,OK
17020284,0.435000,5.067500,43.500,221.250,1,OK
17030295,0.435000,5.067500,43.500,218.750,1,OK
17040284,0.437500,5.067500,43.750,221.250,1,OK
17050297,0.432500,5.063750,43.250,218.750,1,OK
17060284,0.452500,5.068750,43.750,221.250,1,OK
17070295,0.435000,5.067500,43.500,221.250,1,OK
17080284,0.437500,5.067500,43.750,221.250,1,OK
17090295,0.440000,5.066250,44.000,223.750,1,OK
17100284,0.437500,5.066250,43.250,221.250,1,OK
17110295,0.437500,5.067500,43.750,221.250,1,OK
17120284,0.437500,5.067500,43.750,221.250,1,OK
17130296,0.435000,5.066250,43.500,221.250,1,OK
17140284,0.440000,5.063750,44.000,223.750,1,OK
17150296,0.447500,5.067500,43.250,218.750,1,OK
17160284,0.435000,5.066250,43.500,221.250,1,OK
17170295,0.437500,5.067500,43.750,221.250,1,OK
17180284,0.440000,5.067500,44.000,223.750,1,OK
17190295,0.437500,5.067500,43.750,221.250,1,OK
17200284,0.335000,5.085000,33.500,170.000,1,OK
17210295,0.437500,5.067500,43.750,221.250,1,OK
17220284,0.435000,5.067500,43.500,221.250,1,OK
17230294,0.435000,5.062500,43.500,221.250,1,OK
17240284,0.445000,5.067500,43.500,221.250,1,OK
17250294,0.437500,5.068750,43.750,221.250,1,OK
17260284,0.437500,5.067500,43.500,221.250,1,OK
17270295,0.435000,5.067500,43.500,221.250,1,OK
17280284,0.437500,5.066250,43.500,221.250,1,OK
17290295,0.435000,5.067500,43.500,221.250,1,OK
17300284,0.435000,5.067500,43.500,218.750,1,OK
17310296,0.437500,5.068750,43.750,221.250,1,OK
17320284,0.437500,5.063750,43.750,221.250,1,OK
17330295,0.440000,5.067500,43.750,221.250,1,OK
17340284,0.435000,5.068750,43.500,221.250,1,OK
17350296,0.437500,5.067500,43.500,221.250,1,OK
17360284,0.435000,5.066250,43.500,221.250,1,OK
17370295,0.437500,5.066250,43.500,221.250,1,OK
17380284,0.435000,5.066250,43.500,221.250,1,OK
17390295,0.437500,5.067500,43.750,221.250,1,OK
17400284,0.437500,5.067500,43.750,221.250,1,OK
17410295,0.437500,5.065000,43.750,221.250,1,OK
17420284,0.437500,5.067500,43.500,221.250,1,OK
17430295,0.437500,5.068750,43.750,221.250,1,OK
17440285,0.435000,5.066250,43.500,221.250,1,OK
17450295,0.435000,5.068750,43.500,221.250,1,OK
17460284,0.437500,5.068750,43.500,221.250,1,OK
17470294,0.432500,5.066250,43.250,218.750,1,OK
17480284,0.437500,5.061250,43.750,221.250,1,OK
17490294,0.437500,5.066250,43.750,221.250,1,OK
17500285,0.437500,5.066250,43.750,221.250,1,OK
17510295,0.432500,5.067500,43.750,221.250,1,OK
17520284,0.437500,5.067500,43.750,221.250,1,OK
17530296,0.435000,5.066250,43.750,221.250,1,OK
17540284,0.437500,5.068750,43.750,221.250,1,OK
17550297,0.432500,5.066250,43.750,218.750,1,OK
17560285,0.435000,5.067500,43.500,221.250,1,OK
17570297,0.435000,5.062500,43.500,221.250,1,OK
17580284,0.435000,5.067500,43.500,221.250,1,OK
17590294,0.440000,5.066250,44.000,223.750,1,OK
17600284,0.437500,5.067500,43.500,221.250,1,OK
17610295,0.437500,5.067500,43.750,221.250,1,OK
17620284,0.435000,5.067500,43.500,221.250,1,OK
17630294,0.435000,5.066250,43.500,221.250,1,OK
17640285,0.437500,5.067500,43.500,221.250,1,OK
17650297,0.432500,5.067500,43.250,218.750,1,OK
17660284,0.437500,5.062500,43.750,221.250,1,OK
17670295,0.435000,5.067500,43.500,221.250,1,OK
17680285,0.437500,5.066250,43.750,221.250,1,OK
17690295,0.435000,5.067500,43.750,221.250,1,OK
17700284,0.435000,5.067500,43.500,221.250,1,OK
17710294,0.437500,5.067500,44.000,221.250,1,OK
17720284,0.437500,5.067500,43.750,221.250,1,OK
17730295,0.437500,5.066250,43.750,221.250,1,OK
17740284,0.437500,5.067500,43.750,221.250,1,OK
17750295,0.435000,5.062500,43.500,221.250,1,OK
17760284,0.452500,5.066250,43.750,221.250,1,OK
17770296,0.432500,5.067500,43.250,218.750,1,OK
17780284,0.437500,5.067500,43.750,221.250,1,OK
17790296,0.437500,5.068750,43.750,221.250,1,OK
17800284,0.332500,5.085000,33.250,167.500,1,OK
17810295,0.437500,5.066250,43.750,221.250,1,OK
17820284,0.437500,5.066250,43.750,221.250,1,OK
17830297,0.435000,5.067500,43.500,221.250,1,OK
17840284,0.435000,5.063750,43.500,221.250,1,OK
17850296,0.447500,5.066250,43.750,221.250,1,OK
17860284,0.435000,5.066250,43.500,221.250,1,OK
17870295,0.432500,5.067500,43.750,221.250,1,OK
17880284,0.437500,5.067500,43.750,221.250,1,OK
17890296,0.435000,5.066250,43.750,218.750,1,OK
17900284,0.437500,5.067500,43.750,221.250,1,OK
17910295,0.435000,5.066250,43.500,218.750,1,OK
17920285,0.435000,5.068750,43.500,221.250,1,OK
17930297,0.435000,5.063750,43.500,221.250,1,OK
17940285,0.445000,5.067500,43.500,221.250,1,OK
17950297,0.435000,5.067500,43.500,221.250,1,OK
17960284,0.437500,5.067500,43.500,221.250,1,OK
17970295,0.440000,5.067500,44.000,223.750,1,OK
17980284,0.437500,5.066250,43.500,221.250,1,OK
17990294,0.437500,5.067500,43.750,221.250,1,OK
18000284,0.435000,5.067500,43.500,218.750,1,OK
18010294,0.435000,5.067500,43.500,221.250,1,OK
18020284,0.435000,5.066250,43.500,221.250,1,OK
18030295,0.440000,5.067500,43.750,221.250,1,OK
18040284,0.435000,5.067500,43.500,221.250,1,OK
18050295,0.437500,5.067500,43.750,221.250,1,OK
18060284,0.437500,5.066250,43.750,221.250,1,OK
18070296,0.437500,5.067500,43.750,221.250,1,OK
18080284,0.432500,5.066250,43.250,218.750,1,OK
18090296,0.437500,5.061250,43.750,221.250,1,OK
18100285,0.442500,5.067500,44.250,223.750,1,OK
18110295,0.440000,5.065000,44.000,223.750,1,OK
18120284,0.437500,5.067500,43.500,221.250,1,OK
18130295,0.437500,5.067500,43.750,221.250,1,OK
18140284,0.437500,5.067500,43.750,221.250,1,OK
18150295,0.437500,5.067500,43.750,221.250,1,OK
18160284,0.437500,5.067500,43.500,221.250,1,OK
18170294,0.435000,5.067500,43.500,221.250,1,OK
18180284,0.437500,5.061250,43.750,221.250,1,OK
18190295,0.437500,5.066250,43.750,221.250,1,OK
18200284,0.437500,5.066250,43.750,221.250,1,OK
18210295,0.437500,5.066250,43.500,221.250,1,OK
18220285,0.437500,5.068750,43.750,221.250,1,OK
18230295,0.442500,5.068750,44.000,223.750,1,OK
18240285,0.435000,5.067500,43.500,221.250,1,OK
18250295,0.437500,5.067500,43.500,221.250,1,OK
18260284,0.435000,5.067500,43.500,221.250,1,OK
18270294,0.437500,5.061250,43.750,221.250,1,OK
18280284,0.432500,5.067500,43.250,218.750,1,OK
18290295,0.437500,5.067500,43.750,221.250,1,OK
18300285,0.435000,5.067500,43.750,221.250,1,OK
18310295,0.437500,5.067500,43.750,221.250,1,OK
18320284,0.437500,5.067500,43.500,221.250,1,OK
18330295,0.437500,5.066250,43.750,221.250,1,OK
18340284,0.432500,5.068750,43.250,218.750,1,OK
18350296,0.437500,5.068750,43.750,221.250,1,OK
18360285,0.432500,5.061250,43.250,218.750,1,OK
18370295,0.450000,5.067500,43.750,221.250,1,OK
18380285,0.435000,5.068750,43.500,221.250,1,OK
18390295,0.440000,5.066250,43.750,221.250,1,OK
18400284,0.332500,5.085000,33.250,170.000,1,OK
18410295,0.437500,5.067500,43.500,221.250,1,OK
18420285,0.432500,5.066250,43.250,218.750,1,OK
18430297,0.437500,5.066250,43.750,221.250,1,OK
18440285,0.437500,5.066250,43.750,221.250,1,OK
18450295,0.437500,5.063750,43.750,221.250,1,OK
18460285,0.447500,5.066250,43.500,221.250,1,OK
18470295,0.432500,5.067500,43.250,218.750,1,OK
18480284,0.437500,5.067500,43.500,221.250,1,OK
18490295,0.437500,5.066250,43.750,221.250,1,OK
18500284,0.435000,5.067500,44.000,218.750,1,OK
18510295,0.437500,5.067500,43.750,221.250,1,OK
18520284,0.435000,5.066250,43.500,218.750,1,OK
18530295,0.437500,5.066250,43.750,221.250,1,OK
18540285,0.435000,5.065000,43.500,221.250,1,OK
18550297,0.442500,5.067500,43.750,221.250,1,OK
18560284,0.437500,5.066250,43.750,221.250,1,OK
18570297,0.437500,5.067500,43.500,221.250,1,OK
18580284,0.437500,5.066250,43.750,221.250,1,OK
18590295,0.437500,5.066250,43.750,221.250,1,OK
18600284,0.435000,5.067500,43.500,221.250,1,OK
18610294,0.437500,5.066250,43.750,221.250,1,OK
18620284,0.435000,5.067500,43.500,221.250,1,OK
18630294,0.440000,5.063750,44.000,223.750,1,OK
18640285,0.442500,5.068750,43.500,221.250,1,OK
18650297,0.435000,5.067500,43.500,221.250,1,OK
18660284,0.437500,5.067500,43.500,221.250,1,OK
18670295,0.437500,5.067500,43.750,221.250,1,OK
18680284,0.435000,5.066250,43.750,218.750,1,OK
18690297,0.432500,5.067500,43.250,218.750,1,OK
18700285,0.437500,5.066250,43.750,221.250,1,OK
18710296,0.437500,5.067500,43.750,221.250,1,OK
18720284,0.435000,5.065000,43.500,221.250,1,OK
18730295,0.435000,5.067500,43.750,221.250,1,OK
18740285,0.437500,5.067500,43.750,221.250,1,OK
18750294,0.437500,5.068750,43.500,221.250,1,OK
18760284,0.437500,5.067500,43.750,221.250,1,OK
18770295,0.432500,5.067500,44.000,218.750,1,OK
18780285,0.437500,5.067500,43.750,221.250,1,OK
18790294,0.435000,5.062500,43.500,221.250,1,OK
18800284,0.437500,5.067500,43.750,221.250,1,OK
18810295,0.437500,5.066250,43.750,221.250,1,OK
18820284,0.437500,5.068750,44.000,223.750,1,OK
18830296,0.437500,5.067500,43.750,221.250,1,OK
18840284,0.435000,5.067500,43.750,221.250,1,OK
18850295,0.435000,5.067500,43.500,221.250,1,OK
18860284,0.432500,5.067500,43.250,218.750,1,OK
18870295,0.435000,5.067500,43.500,221.250,1,OK
18880285,0.437500,5.061250,43.750,221.250,1,OK
18890295,0.435000,5.067500,43.500,221.250,1,OK
18900284,0.437500,5.066250,43.750,221.250,1,OK
18910295,0.437500,5.066250,43.750,221.250,1,OK
18920284,0.440000,5.066250,44.000,223.750,1,OK
18930297,0.437500,5.067500,43.750,221.250,1,OK
18940284,0.437500,5.066250,43.750,221.250,1,OK
18950295,0.437500,5.067500,43.750,221.250,1,OK
18960284,0.440000,5.067500,44.000,223.750,1,OK
18970295,0.437500,5.062500,43.750,221.250,1,OK
18980285,0.450000,5.066250,43.750,221.250,1,OK
18990294,0.440000,5.067500,44.000,223.750,1,OK
19000284,0.342500,5.085000,33.000,167.500,1,OK
19010294,0.440000,5.067500,44.000,223.750,1,OK
19020284,0.437500,5.066250,43.500,221.250,1,OK
19030295,0.435000,5.067500,43.500,221.250,1,OK
19040285,0.440000,5.067500,44.000,223.750,1,OK
19050295,0.440000,5.067500,44.000,223.750,1,OK
19060284,0.435000,5.062500,43.500,221.250,1,OK
19070295,0.447500,5.066250,43.500,221.250,1,OK
19080284,0.440000,5.067500,44.000,223.750,1,OK
19090296,0.437500,5.068750,43.500,221.250,1,OK
19100284,0.435000,5.067500,43.500,221.250,1,OK
19110294,0.435000,5.067500,43.500,218.750,1,OK
19120284,0.437500,5.066250,43.750,221.250,1,OK
19130295,0.437500,5.066250,43.750,221.250,1,OK
19140285,0.435000,5.067500,43.500,221.250,1,OK
19150297,0.437500,5.062500,43.750,221.250,1,OK
19160284,0.445000,5.068750,43.750,221.250,1,OK
19170295,0.435000,5.067500,43.500,221.250,1,OK
19180284,0.437500,5.067500,43.500,221.250,1,OK
19190295,0.437500,5.067500,43.750,221.250,1,OK
19200285,0.435000,5.066250,43.750,218.750,1,OK
19210295,0.437500,5.067500,43.750,221.250,1,OK
19220284,0.435000,5.067500,43.500,218.750,1,OK
19230296,0.437500,5.066250,43.750,221.250,1,OK
19240285,0.432500,5.063750,43.250,218.750,1,OK
19250295,0.442500,5.066250,43.500,221.250,1,OK
19260285,0.435000,5.067500,43.500,221.250,1,OK
19270295,0.435000,5.067500,44.000,223.750,1,OK
19280284,0.437500,5.066250,43.750,221.250,1,OK
19290295,0.437500,5.066250,43.500,221.250,1,OK
19300284,0.435000,5.068750,43.500,221.250,1,OK
19310295,0.440000,5.067500,44.000,223.750,1,OK
19320285,0.435000,5.067500,43.500,221.250,1,OK
19330297,0.440000,5.065000,44.000,223.750,1,OK
19340285,0.442500,5.066250,43.500,221.250,1,OK
19350295,0.435000,5.067500,43.500,221.250,1,OK
19360284,0.432500,5.067500,43.750,221.250,1,OK
19370296,0.432500,5.066250,43.250,218.750,1,OK
19380285,0.437500,5.066250,43.750,221.250,1,OK
19390294,0.437500,5.067500,43.750,221.250,1,OK
19400284,0.435000,5.061250,43.500,221.250,1,OK
19410296,0.435000,5.067500,43.500,221.250,1,OK
19420284,0.432500,5.065000,43.250,218.750,1,OK
19430295,0.437500,5.067500,43.750,221.250,1,OK
19440284,0.435000,5.067500,43.500,221.250,1,OK
19450296,0.437500,5.066250,43.750,221.250,1,OK
19460285,0.432500,5.068750,43.250,218.750,1,OK
19470295,0.440000,5.066250,44.000,223.750,1,OK
19480284,0.437500,5.066250,43.750,221.250,1,OK
19490295,0.437500,5.060000,43.750,221.250,1,OK
19500284,0.437500,5.067500,43.750,221.250,1,OK
19510295,0.437500,5.066250,43.750,221.250,1,OK
19520285,0.435000,5.067500,43.500,221.250,1,OK
19530297,0.437500,5.067500,43.750,221.250,1,OK
19540284,0.435000,5.067500,43.500,221.250,1,OK
19550295,0.440000,5.067500,44.000,223.750,1,OK
19560285,0.437500,5.066250,43.750,221.250,1,OK
19570295,0.435000,5.067500,43.500,221.250,1,OK
19580285,0.440000,5.061250,44.000,223.750,1,OK
19590295,0.452500,5.066250,43.500,221.250,1,OK
19600284,0.330000,5.081250,33.000,167.500,1,OK
19610295,0.437500,5.067500,43.500,221.250,1,OK
19620284,0.435000,5.066250,43.500,221.250,1,OK
19630295,0.435000,5.066250,43.750,218.750,1,OK
19640285,0.435000,5.067500,43.500,221.250,1,OK
19650297,0.437500,5.067500,43.750,221.250,1,OK
19660285,0.437500,5.067500,43.750,221.250,1,OK
19670295,0.437500,5.063750,43.750,221.250,1,OK
19680284,0.450000,5.067500,43.750,221.250,1,OK
19690295,0.437500,5.067500,43.750,221.250,1,OK
19700284,0.437500,5.067500,43.500,221.250,1,OK
19710297,0.437500,5.066250,43.750,221.250,1,OK
19720285,0.437500,5.066250,43.500,221.250,1,OK
19730295,0.435000,5.066250,43.500,221.250,1,OK
19740285,0.437500,5.066250,43.750,221.250,1,OK
19750294,0.435000,5.067500,43.500,221.250,1,OK
19760284,0.437500,5.063750,43.750,221.250,1,OK
19770295,0.447500,5.068750,43.750,221.250,1,OK
19780284,0.437500,5.067500,43.750,221.250,1,OK
19790295,0.435000,5.068750,43.500,221.250,1,OK
19800284,0.440000,5.067500,44.000,223.750,1,OK
19810295,0.437500,5.066250,43.750,221.250,1,OK
19820285,0.435000,5.066250,43.500,221.250,1,OK
19830295,0.435000,5.067500,43.500,218.750,1,OK
19840285,0.437500,5.067500,43.750,221.250,1,OK
19850294,0.437500,5.063750,43.750,221.250,1,OK
19860284,0.442500,5.067500,44.000,223.750,1,OK
19870294,0.437500,5.067500,43.750,221.250,1,OK
19880285,0.437500,5.066250,43.500,221.250,1,OK
19890295,0.435000,5.067500,43.500,221.250,1,OK
19900284,0.437500,5.067500,43.750,221.250,1,OK
19910295,0.432500,5.067500,43.250,218.750,1,OK
19920284,0.437500,5.067500,43.750,221.250,1,OK
19930296,0.437500,5.066250,43.750,221.250,1,OK
19940285,0.435000,5.065000,43.500,221.250,1,OK
19950295,0.440000,5.067500,43.750,221.250,1,OK
19960284,0.437500,5.067500,43.750,221.250,1,OK
19970297,0.440000,5.068750,43.750,221.250,1,OK
19980285,0.432500,5.066250,43.250,218.750,1,OK
19990295,0.437500,5.067500,44.000,221.250,1,OK
20000284,0.440000,5.066250,44.000,223.750,1,OK
20010295,0.437500,5.061250,43.750,221.250,1,OK
20020285,0.437500,5.067500,43.750,221.250,1,OK
20030294,0.435000,5.066250,43.500,221.250,1,OK
20040285,0.437500,5.067500,44.000,223.750,1,OK
20050294,0.435000,5.067500,43.500,221.250,1,OK
20060284,0.435000,5.067500,43.500,221.250,1,OK
20070294,0.435000,5.067500,43.500,221.250,1,OK
20080284,0.435000,5.065000,44.000,218.750,1,OK
20090295,0.437500,5.068750,43.750,221.250,1,OK
20100284,0.437500,5.062500,43.750,221.250,1,OK
20110296,0.437500,5.066250,43.750,221.250,1,OK
20120285,0.437500,5.066250,43.750,221.250,1,OK
20130294,0.435000,5.067500,43.750,221.250,1,OK
20140284,0.435000,5.068750,43.500,221.250,1,OK
20150295,0.435000,5.068750,44.000,223.750,1,OK
20160285,0.435000,5.067500,43.500,221.250,1,OK
20170297,0.440000,5.067500,43.750,223.750,1,OK
20180284,0.435000,5.067500,43.500,221.250,1,OK
20190294,0.435000,5.062500,43.500,221.250,1,OK
20200284,0.332500,5.085000,33.250,170.000,1,OK
20210295,0.435000,5.067500,43.500,221.250,1,OK
20220284,0.437500,5.067500,43.750,221.250,1,OK
20230295,0.435000,5.066250,43.500,221.250,1,OK
20240285,0.435000,5.068750,43.750,218.750,1,OK
20250295,0.437500,5.067500,43.750,221.250,1,OK
20260285,0.437500,5.066250,43.750,221.250,1,OK
20270295,0.440000,5.066250,44.000,223.750,1,OK
20280284,0.437500,5.061250,43.750,221.250,1,OK
20290295,0.450000,5.066250,43.750,221.250,1,OK
20300284,0.435000,5.067500,43.500,221.250,1,OK
20310295,0.435000,5.068750,43.500,221.250,1,OK
20320285,0.437500,5.067500,43.750,221.250,1,OK
20330294,0.435000,5.067500,43.750,218.750,1,OK
20340285,0.437500,5.067500,43.750,221.250,1,OK
20350294,0.437500,5.067500,43.750,221.250,1,OK
20360285,0.437500,5.067500,43.750,221.250,1,OK
20370294,0.437500,5.063750,43.750,221.250,1,OK
20380284,0.447500,5.066250,43.500,221.250,1,OK
20390297,0.437500,5.067500,43.750,221.250,1,OK
20400284,0.435000,5.067500,43.750,221.250,1,OK
20410295,0.437500,5.066250,43.750,221.250,1,OK
20420284,0.437500,5.067500,43.500,221.250,1,OK
20430295,0.437500,5.066250,43.750,221.250,1,OK
20440284,0.437500,5.066250,43.750,221.250,1,OK
20450297,0.432500,5.066250,43.250,218.750,1,OK
20460285,0.435000,5.063750,43.500,221.250,1,OK
20470295,0.445000,5.066250,44.000,223.750,1,OK
20480285,0.435000,5.067500,43.500,221.250,1,OK
20490295,0.435000,5.068750,43.750,221.250,1,OK
20500284,0.435000,5.066250,43.500,221.250,1,OK
20510295,0.437500,5.067500,43.750,221.250,1,OK
20520284,0.435000,5.067500,43.500,221.250,1,OK
20530294,0.437500,5.066250,43.750,221.250,1,OK
20540284,0.435000,5.068750,43.500,221.250,1,OK
20550295,0.432500,5.063750,43.250,218.750,1,OK
20560285,0.440000,5.067500,43.750,221.250,1,OK
20570295,0.440000,5.066250,44.000,223.750,1,OK
20580284,0.437500,5.067500,43.500,221.250,1,OK
20590295,0.437500,5.067500,43.750,221.250,1,OK
20600284,0.435000,5.067500,43.500,218.750,1,OK
20610296,0.437500,5.067500,43.750,221.250,1,OK
20620284,0.437500,5.062500,43.750,221.250,1,OK
20630295,0.435000,5.067500,43.500,221.250,1,OK
20640284,0.440000,5.065000,44.000,223.750,1,OK
20650295,0.437500,5.067500,43.500,221.250,1,OK
20660284,0.440000,5.067500,44.000,223.750,1,OK
20670295,0.435000,5.067500,43.500,221.250,1,OK
20680285,0.437500,5.068750,43.750,221.250,1,OK
20690295,0.435000,5.066250,43.750,218.750,1,OK
20700284,0.435000,5.066250,43.500,221.250,1,OK
20710295,0.440000,5.061250,44.000,223.750,1,OK
20720285,0.437500,5.067500,43.750,221.250,1,OK
20730294,0.437500,5.066250,43.750,221.250,1,OK
20740285,0.435000,5.067500,43.500,221.250,1,OK
20750297,0.437500,5.067500,43.750,221.250,1,OK
20760285,0.440000,5.066250,43.750,221.250,1,OK
20770295,0.437500,5.067500,43.750,221.250,1,OK
20780284,0.437500,5.067500,43.750,221.250,1,OK
20790295,0.437500,5.067500,43.750,221.250,1,OK
20800284,0.332500,5.071250,33.250,167.500,1,OK
20810296,0.435000,5.067500,43.500,221.250,1,OK
20820284,0.437500,5.066250,43.750,221.250,1,OK
20830295,0.435000,5.066250,43.500,221.250,1,OK
20840285,0.440000,5.066250,44.000,223.750,1,OK
20850295,0.435000,5.067500,44.000,223.750,1,OK
20860284,0.437500,5.067500,43.750,221.250,1,OK
20870297,0.435000,5.067500,43.500,218.750,1,OK
20880284,0.437500,5.066250,43.750,221.250,1,OK
20890295,0.440000,5.062500,44.000,223.750,1,OK
20900284,0.452500,5.066250,43.750,221.250,1,OK
20910296,0.437500,5.066250,43.750,221.250,1,OK
20920285,0.437500,5.066250,43.750,221.250,1,OK
20930294,0.437500,5.066250,43.750,221.250,1,OK
20940284,0.432500,5.067500,43.750,218.750,1,OK
20950295,0.437500,5.067500,43.750,221.250,1,OK
20960284,0.437500,5.068750,43.750,221.250,1,OK
20970297,0.435000,5.066250,43.500,221.250,1,OK
20980285,0.435000,5.063750,43.500,221.250,1,OK
20990297,0.447500,5.067500,43.750,221.250,1,OK
21000285,0.435000,5.067500,43.500,221.250,1,OK
21010297,0.437500,5.067500,43.500,221.250,1,OK
21020284,0.435000,5.067500,43.500,221.250,1,OK
21030294,0.437500,5.066250,43.750,221.250,1,OK
21040284,0.435000,5.067500,43.500,221.250,1,OK
21050294,0.435000,5.067500,43.500,218.750,1,OK
21060284,0.437500,5.067500,43.750,221.250,1,OK
21070296,0.437500,5.063750,43.750,221.250,1,OK
21080284,0.442500,5.067500,43.750,221.250,1,OK
21090296,0.437500,5.067500,43.750,221.250,1,OK
21100285,0.432500,5.068750,44.000,223.750,1,OK
21110297,0.437500,5.067500,43.750,221.250,1,OK
21120285,0.435000,5.067500,43.500,218.750,1,OK
21130295,0.437500,5.066250,43.750,221.250,1,OK
21140285,0.435000,5.066250,43.500,218.750,1,OK
21150294,0.440000,5.067500,44.000,223.750,1,OK
21160284,0.437500,5.065000,43.750,221.250,1,OK
21170295,0.442500,5.066250,43.750,221.250,1,OK
21180285,0.437500,5.066250,43.750,221.250,1,OK
21190295,0.435000,5.068750,43.500,221.250,1,OK
21200284,0.435000,5.067500,43.500,221.250,1,OK
21210294,0.437500,5.067500,43.750,221.250,1,OK
21220285,0.437500,5.068750,43.750,221.250,1,OK
21230295,0.437500,5.067500,43.750,221.250,1,OK
21240284,0.437500,5.067500,43.750,221.250,1,OK
21250296,0.435000,5.063750,43.500,221.250,1,OK
21260284,0.437500,5.068750,43.250,218.750,1,OK
21270296,0.435000,5.067500,43.500,221.250,1,OK
21280284,0.437500,5.067500,43.250,218.750,1,OK
21290296,0.437500,5.067500,43.750,221.250,1,OK
21300285,0.437500,5.067500,43.750,221.250,1,OK
21310295,0.437500,5.067500,43.750,221.250,1,OK
21320284,0.435000,5.061250,43.500,221.250,1,OK
21330295,0.435000,5.066250,43.500,221.250,1,OK
21340284,0.437500,5.066250,43.750,221.250,1,OK
21350295,0.437500,5.067500,43.750,221.250,1,OK
21360284,0.437500,5.067500,43.750,221.250,1,OK
21370295,0.437500,5.068750,43.750,221.250,1,OK
21380284,0.440000,5.066250,44.000,223.750,1,OK
21390295,0.437500,5.067500,43.500,221.250,1,OK
21400284,0.335000,5.085000,33.500,170.000,1,OK
21410295,0.432500,5.061250,43.250,218.750,1,OK
21420284,0.437500,5.067500,43.750,221.250,1,OK
21430295,0.435000,5.065000,43.500,221.250,1,OK
21440284,0.437500,5.066250,43.750,221.250,1,OK
21450295,0.435000,5.066250,43.500,221.250,1,OK
21460285,0.435000,5.067500,43.500,221.250,1,OK
21470297,0.435000,5.068750,43.500,221.250,1,OK
21480285,0.435000,5.066250,43.500,218.750,1,OK
21490296,0.435000,5.067500,43.500,221.250,1,OK
21500284,0.437500,5.062500,43.750,221.250,1,OK
21510295,0.452500,5.066250,43.750,221.250,1,OK
21520285,0.437500,5.067500,43.750,221.250,1,OK
21530294,0.437500,5.067500,43.500,221.250,1,OK
21540284,0.437500,5.067500,43.750,221.250,1,OK
21550296,0.435000,5.067500,43.250,218.750,1,OK
21560284,0.437500,5.067500,43.750,221.250,1,OK
21570296,0.437500,5.067500,43.750,221.250,1,OK
21580284,0.437500,5.066250,43.750,221.250,1,OK
21590297,0.437500,5.062500,43.750,221.250,1,OK
21600284,0.447500,5.066250,43.500,221.250,1,OK
21610296,0.435000,5.066250,43.500,221.250,1,OK
21620284,0.437500,5.067500,43.500,221.250,1,OK
21630295,0.437500,5.067500,43.750,221.250,1,OK
21640284,0.435000,5.067500,43.250,218.750,1,OK
21650295,0.437500,5.067500,43.750,221.250,1,OK
21660284,0.432500,5.066250,43.250,218.750,1,OK
21670296,0.437500,5.066250,43.750,221.250,1,OK
21680285,0.437500,5.062500,43.750,221.250,1,OK
21690295,0.447500,5.067500,43.500,221.250,1,OK
21700284,0.432500,5.066250,43.250,218.750,1,OK
21710297,0.437500,5.067500,43.750,221.250,1,OK
21720285,0.440000,5.066250,44.000,223.750,1,OK
21730296,0.437500,5.068750,43.750,221.250,1,OK
21740284,0.437500,5.067500,43.750,221.250,1,OK
21750295,0.437500,5.067500,43.750,221.250,1,OK
21760284,0.437500,5.067500,43.750,221.250,1,OK
21770296,0.435000,5.065000,43.500,221.250,1,OK
21780285,0.442500,5.067500,43.500,221.250,1,OK
21790295,0.437500,5.067500,43.750,221.250,1,OK
21800285,0.437500,5.067500,43.500,221.250,1,OK
21810295,0.440000,5.067500,44.000,223.750,1,OK
21820284,0.437500,5.067500,43.500,221.250,1,OK
21830296,0.437500,5.067500,43.750,221.250,1,OK
21840284,0.435000,5.066250,43.500,221.250,1,OK
21850295,0.435000,5.067500,43.500,221.250,1,OK
21860284,0.435000,5.065000,43.500,221.250,1,OK
21870295,0.440000,5.068750,43.750,221.250,1,OK
21880284,0.437500,5.066250,43.750,221.250,1,OK
21890295,0.437500,5.067500,43.750,221.250,1,OK
21900285,0.432500,5.067500,43.250,218.750,1,OK
21910296,0.437500,5.068750,43.500,221.250,1,OK
21920285,0.435000,5.068750,43.500,221.250,1,OK
21930295,0.437500,5.061250,43.750,221.250,1,OK
21940284,0.440000,5.067500,44.000,223.750,1,OK
21950296,0.435000,5.065000,43.500,221.250,1,OK
21960285,0.435000,5.067500,43.750,221.250,1,OK
21970297,0.437500,5.067500,43.750,221.250,1,OK
21980285,0.437500,5.067500,43.500,221.250,1,OK
21990295,0.437500,5.067500,43.750,221.250,1,OK
22000284,0.332500,5.083750,33.000,167.500,1,OK
22010296,0.435000,5.066250,43.500,221.250,1,OK
22020284,0.435000,5.061250,43.500,221.250,1,OK
22030295,0.437500,5.066250,43.750,221.250,1,OK
22040285,0.437500,5.066250,43.750,221.250,1,OK
22050295,0.437500,5.067500,43.750,221.250,1,OK
22060284,0.437500,5.067500,43.750,221.250,1,OK
22070295,0.437500,5.068750,43.250,218.750,1,OK
22080285,0.437500,5.067500,43.750,221.250,1,OK
22090296,0.437500,5.067500,43.750,221.250,1,OK
22100285,0.437500,5.067500,43.750,221.250,1,OK
22110295,0.435000,5.062500,43.500,221.250,1,OK
22120285,0.452500,5.067500,43.750,221.250,1,OK
22130294,0.435000,5.066250,43.500,221.250,1,OK
22140285,0.435000,5.067500,43.750,221.250,1,OK
22150297,0.437500,5.067500,43.750,221.250,1,OK
22160285,0.437500,5.066250,43.500,221.250,1,OK
22170295,0.435000,5.067500,43.500,221.250,1,OK
22180284,0.437500,5.066250,43.750,221.250,1,OK
22190295,0.437500,5.067500,43.750,221.250,1,OK
22200285,0.437500,5.063750,43.750,221.250,1,OK
22210295,0.450000,5.067500,43.750,221.250,1,OK
22220285,0.437500,5.066250,43.750,221.250,1,OK
22230295,0.437500,5.066250,43.750,221.250,1,OK
22240285,0.435000,5.067500,43.500,221.250,1,OK
22250297,0.432500,5.067500,43.250,218.750,1,OK
22260285,0.437500,5.067500,43.750,221.250,1,OK
22270296,0.437500,5.067500,43.750,221.250,1,OK
22280284,0.435000,5.067500,43.500,221.250,1,OK
22290294,0.437500,5.062500,43.750,221.250,1,OK
22300284,0.445000,5.067500,43.500,221.250,1,OK
22310295,0.437500,5.066250,43.750,221.250,1,OK
22320284,0.435000,5.067500,43.500,221.250,1,OK
22330294,0.435000,5.066250,43.500,221.250,1,OK
22340285,0.435000,5.067500,43.500,218.750,1,OK
22350295,0.437500,5.067500,43.750,221.250,1,OK
22360284,0.437500,5.066250,43.750,221.250,1,OK
22370297,0.435000,5.067500,43.500,221.250,1,OK
22380285,0.435000,5.065000,43.500,221.250,1,OK
22390295,0.445000,5.067500,43.750,221.250,1,OK
22400285,0.435000,5.067500,43.500,221.250,1,OK
22410297,0.437500,5.066250,43.750,221.250,1,OK
22420285,0.435000,5.066250,43.500,221.250,1,OK
22430295,0.437500,5.067500,43.750,221.250,1,OK
22440284,0.435000,5.066250,43.500,221.250,1,OK
22450296,0.435000,5.067500,43.500,221.250,1,OK
22460284,0.437500,5.067500,43.750,221.250,1,OK
22470297,0.435000,5.065000,43.500,221.250,1,OK
22480285,0.442500,5.067500,43.500,221.250,1,OK
22490295,0.440000,5.067500,44.000,223.750,1,OK
22500285,0.437500,5.067500,43.500,221.250,1,OK
22510295,0.435000,5.067500,43.500,221.250,1,OK
22520284,0.437500,5.066250,43.750,221.250,1,OK
22530295,0.437500,5.067500,43.750,221.250,1,OK
22540284,0.435000,5.060000,43.500,218.750,1,OK
22550295,0.435000,5.066250,43.500,221.250,1,OK
22560285,0.435000,5.065000,43.500,221.250,1,OK
22570297,0.437500,5.067500,43.750,221.250,1,OK
22580285,0.435000,5.067500,43.500,221.250,1,OK
22590297,0.440000,5.066250,43.750,221.250,1,OK
22600284,0.332500,5.083750,33.250,170.000,1,OK
22610296,0.437500,5.068750,43.750,221.250,1,OK
22620284,0.435000,5.067500,43.500,221.250,1,OK
22630294,0.440000,5.062500,44.000,223.750,1,OK
22640285,0.435000,5.068750,43.500,221.250,1,OK
22650295,0.437500,5.066250,43.750,221.250,1,OK
22660285,0.435000,5.067500,43.500,221.250,1,OK
22670297,0.435000,5.067500,43.500,221.250,1,OK
22680285,0.440000,5.066250,43.750,221.250,1,OK
22690295,0.437500,5.068750,43.750,221.250,1,OK
22700284,0.437500,5.067500,43.750,221.250,1,OK
22710295,0.435000,5.067500,43.500,221.250,1,OK
22720284,0.437500,5.062500,43.750,221.250,1,OK
22730295,0.435000,5.067500,43.500,221.250,1,OK
22740284,0.437500,5.067500,43.750,221.250,1,OK
22750295,0.437500,5.066250,44.000,223.750,1,OK
22760284,0.437500,5.066250,43.750,221.250,1,OK
22770296,0.435000,5.066250,43.500,218.750,1,OK
22780285,0.435000,5.066250,43.500,221.250,1,OK
22790295,0.435000,5.066250,43.500,218.750,1,OK
22800284,0.440000,5.067500,44.000,223.750,1,OK
22810296,0.435000,5.062500,43.500,221.250,1,OK
22820284,0.450000,5.066250,43.750,221.250,1,OK
22830296,0.435000,5.066250,43.500,221.250,1,OK
22840284,0.435000,5.067500,43.500,221.250,1,OK
22850295,0.437500,5.066250,43.750,221.250,1,OK
22860284,0.437500,5.067500,43.750,221.250,1,OK
22870296,0.435000,5.067500,43.500,221.250,1,OK
22880284,0.437500,5.066250,43.750,221.250,1,OK
22890295,0.435000,5.066250,43.500,221.250,1,OK
22900284,0.435000,5.063750,43.500,221.250,1,OK
22910295,0.447500,5.067500,43.750,221.250,1,OK
22920284,0.435000,5.067500,43.500,221.250,1,OK
22930296,0.437500,5.066250,43.750,221.250,1,OK
22940285,0.435000,5.067500,43.500,221.250,1,OK
22950296,0.440000,5.067500,43.750,223.750,1,OK
22960284,0.437500,5.066250,43.750,221.250,1,OK
22970295,0.435000,5.068750,43.500,218.750,1,OK
22980285,0.437500,5.066250,43.750,221.250,1,OK
22990295,0.437500,5.063750,43.750,221.250,1,OK
23000284,0.445000,5.067500,43.750,221.250,1,OK
23010296,0.435000,5.066250,43.500,221.250,1,OK
23020284,0.432500,5.067500,43.500,221.250,1,OK
23030295,0.437500,5.066250,43.750,221.250,1,OK
23040285,0.437500,5.067500,44.000,221.250,1,OK
23050296,0.435000,5.066250,43.500,221.250,1,OK
23060284,0.437500,5.067500,43.750,221.250,1,OK
23070297,0.437500,5.067500,43.750,221.250,1,OK
23080285,0.435000,5.065000,43.500,221.250,1,OK
23090295,0.442500,5.067500,43.500,221.250,1,OK
23100284,0.437500,5.067500,43.750,221.250,1,OK
23110297,0.437500,5.067500,43.500,221.250,1,OK
23120284,0.435000,5.067500,43.500,221.250,1,OK
23130294,0.437500,5.067500,44.000,221.250,1,OK
23140284,0.435000,5.067500,43.500,221.250,1,OK
23150295,0.435000,5.060000,43.500,218.750,1,OK
23160284,0.435000,5.066250,43.500,221.250,1,OK
23170295,0.437500,5.065000,43.750,221.250,1,OK
23180284,0.437500,5.066250,43.750,221.250,1,OK
23190295,0.437500,5.067500,43.750,221.250,1,OK
23200284,0.332500,5.083750,33.500,170.000,1,OK
23210295,0.437500,5.067500,43.750,221.250,1,OK
23220284,0.435000,5.066250,44.000,218.750,1,OK
23230294,0.437500,5.067500,43.750,221.250,1,OK
23240285,0.437500,5.060000,43.750,221.250,1,OK
23250295,0.437500,5.066250,43.750,221.250,1,OK
23260284,0.437500,5.066250,43.750,221.250,1,OK
23270295,0.435000,5.066250,43.750,221.250,1,OK
23280284,0.435000,5.066250,43.500,221.250,1,OK
23290295,0.437500,5.068750,43.750,221.250,1,OK
23300285,0.437500,5.067500,43.750,221.250,1,OK
23310295,0.437500,5.067500,44.000,221.250,1,OK
23320284,0.435000,5.068750,43.500,221.250,1,OK
23330295,0.437500,5.062500,43.750,221.250,1,OK
23340285,0.435000,5.067500,43.500,221.250,1,OK
23350297,0.435000,5.067500,43.500,221.250,1,OK
23360284,0.437500,5.067500,43.750,221.250,1,OK
23370295,0.435000,5.067500,43.500,221.250,1,OK
23380284,0.437500,5.066250,44.000,223.750,1,OK
23390295,0.435000,5.067500,43.500,221.250,1,OK
23400284,0.437500,5.067500,43.750,221.250,1,OK
23410296,0.437500,5.066250,43.750,221.250,1,OK
23420285,0.437500,5.062500,43.750,221.250,1,OK
23430295,0.452500,5.066250,43.500,221.250,1,OK
23440284,0.437500,5.066250,43.750,221.250,1,OK
23450295,0.435000,5.067500,43.500,221.250,1,OK
23460285,0.437500,5.067500,43.750,221.250,1,OK
23470296,0.437500,5.068750,43.250,221.250,1,OK
23480284,0.437500,5.066250,43.750,221.250,1,OK
23490297,0.437500,5.066250,43.750,221.250,1,OK
23500284,0.440000,5.066250,44.000,223.750,1,OK
23510296,0.432500,5.062500,43.250,218.750,1,OK
23520285,0.447500,5.067500,43.750,221.250,1,OK
23530297,0.440000,5.066250,44.000,223.750,1,OK
23540284,0.435000,5.066250,43.750,221.250,1,OK
23550295,0.437500,5.067500,43.750,221.250,1,OK
23560284,0.440000,5.067500,43.500,223.750,1,OK
23570295,0.437500,5.067500,43.750,221.250,1,OK
23580284,0.437500,5.067500,43.750,221.250,1,OK
23590296,0.437500,5.067500,43.750,221.250,1,OK
23600285,0.432500,5.063750,43.250,218.750,1,OK
23610295,0.445000,5.067500,43.750,221.250,1,OK
23620284,0.437500,5.068750,43.750,221.250,1,OK
23630295,0.437500,5.066250,43.500,221.250,1,OK
23640285,0.435000,5.066250,43.500,221.250,1,OK
23650295,0.437500,5.067500,43.750,221.250,1,OK
23660284,0.437500,5.067500,43.750,221.250,1,OK
23670295,0.437500,5.066250,43.750,221.250,1,OK
23680285,0.435000,5.066250,43.500,221.250,1,OK
23690295,0.437500,5.063750,43.750,221.250,1,OK
23700284,0.442500,5.067500,43.500,221.250,1,OK
23710294,0.437500,5.067500,43.750,221.250,1,OK
23720285,0.437500,5.066250,43.500,221.250,1,OK
23730295,0.435000,5.067500,43.500,221.250,1,OK
23740284,0.432500,5.066250,43.500,218.750,1,OK
23750294,0.437500,5.066250,43.750,221.250,1,OK
23760284,0.440000,5.067500,44.000,223.750,1,OK
23770295,0.437500,5.066250,43.750,221.250,1,OK
23780285,0.440000,5.065000,44.000,223.750,1,OK
23790295,0.440000,5.067500,43.750,221.250,1,OK
23800284,0.330000,5.083750,33.000,167.500,1,OK
23810295,0.437500,5.067500,43.750,221.250,1,OK
23820284,0.435000,5.067500,43.500,221.250,1,OK
23830294,0.435000,5.066250,44.000,218.750,1,OK
23840284,0.437500,5.067500,43.750,221.250,1,OK
23850295,0.437500,5.062500,43.750,221.250,1,OK
23860285,0.435000,5.066250,43.500,221.250,1,OK
23870295,0.437500,5.066250,43.750,221.250,1,OK
23880284,0.437500,5.067500,43.750,221.250,1,OK
23890297,0.435000,5.066250,43.500,221.250,1,OK
23900284,0.437500,5.066250,43.500,221.250,1,OK
23910297,0.435000,5.067500,43.500,221.250,1,OK
23920284,0.435000,5.066250,43.500,218.750,1,OK
23930295,0.437500,5.067500,43.750,221.250,1,OK
23940284,0.435000,5.061250,43.500,221.250,1,OK
23950295,0.437500,5.067500,43.750,221.250,1,OK
23960284,0.437500,5.067500,43.750,221.250,1,OK
23970295,0.432500,5.067500,43.500,221.250,1,OK
23980285,0.440000,5.067500,44.000,223.750,1,OK
23990295,0.435000,5.067500,43.750,221.250,1,OK
24000284,0.440000,5.067500,44.000,223.750,1,OK
24010295,0.437500,5.067500,43.750,221.250,1,OK
24020284,0.437500,5.067500,43.750,221.250,1,OK
24030295,0.437500,5.062500,43.750,221.250,1,OK
24040285,0.450000,5.067500,43.500,221.250,1,OK
24050294,0.435000,5.067500,43.500,221.250,1,OK
24060284,0.437500,5.067500,43.500,221.250,1,OK
24070295,0.437500,5.065000,43.750,221.250,1,OK
24080284,0.435000,5.067500,43.750,218.750,1,OK
24090296,0.437500,5.067500,43.750,221.250,1,OK
24100285,0.437500,5.067500,43.750,221.250,1,OK
24110295,0.435000,5.066250,43.500,221.250,1,OK
24120285,0.435000,5.063750,43.500,221.250,1,OK
24130297,0.447500,5.066250,43.750,221.250,1,OK
24140284,0.435000,5.066250,43.500,221.250,1,OK
24150295,0.435000,5.066250,43.500,221.250,1,OK
24160284,0.435000,5.067500,43.500,221.250,1,OK
24170294,0.437500,5.067500,43.750,221.250,1,OK
24180285,0.437500,5.066250,43.750,221.250,1,OK
24190295,0.440000,5.068750,44.000,223.750,1,OK
24200285,0.437500,5.066250,43.750,221.250,1,OK
24210295,0.437500,5.063750,43.750,221.250,1,OK
24220285,0.442500,5.066250,43.500,221.250,1,OK
24230295,0.437500,5.067500,43.750,221.250,1,OK
24240284,0.437500,5.066250,44.000,223.750,1,OK
24250295,0.435000,5.067500,43.500,221.250,1,OK
24260284,0.440000,5.067500,43.750,223.750,1,OK
24270297,0.437500,5.067500,43.750,221.250,1,OK
24280285,0.435000,5.067500,43.500,218.750,1,OK
24290295,0.435000,5.066250,43.500,221.250,1,OK
24300284,0.437500,5.065000,43.750,221.250,1,OK
24310297,0.442500,5.068750,43.750,221.250,1,OK
24320285,0.437500,5.067500,43.750,221.250,1,OK
24330294,0.435000,5.068750,43.750,221.250,1,OK
24340284,0.435000,5.066250,43.500,221.250,1,OK
24350295,0.435000,5.066250,43.500,218.750,1,OK
24360285,0.437500,5.066250,43.750,221.250,1,OK
24370295,0.435000,5.067500,43.500,218.750,1,OK
24380284,0.435000,5.067500,43.500,221.250,1,OK
24390295,0.435000,5.065000,43.500,221.250,1,OK
24400284,0.357500,5.083750,33.250,170.000,1,OK
24410295,0.437500,5.067500,43.750,221.250,1,OK
24420284,0.437500,5.067500,43.750,221.250,1,OK
24430295,0.437500,5.067500,43.750,221.250,1,OK
24440284,0.437500,5.067500,43.750,221.250,1,OK
24450296,0.437500,5.066250,43.750,221.250,1,OK
24460285,0.435000,5.061250,43.500,221.250,1,OK
24470295,0.437500,5.067500,43.750,221.250,1,OK
24480284,0.435000,5.066250,43.500,221.250,1,OK
24490295,0.435000,5.067500,43.500,221.250,1,OK
24500284,0.437500,5.067500,43.750,221.250,1,OK
24510295,0.440000,5.067500,43.500,221.250,1,OK
24520284,0.440000,5.067500,44.000,223.750,1,OK
24530295,0.435000,5.067500,44.000,218.750,1,OK
24540284,0.435000,5.067500,43.500,221.250,1,OK
24550295,0.437500,5.062500,43.750,221.250,1,OK
24560285,0.435000,5.068750,43.500,221.250,1,OK
24570297,0.437500,5.065000,43.750,221.250,1,OK
24580284,0.437500,5.067500,43.750,221.250,1,OK
24590297,0.437500,5.066250,43.750,221.250,1,OK
24600285,0.435000,5.066250,43.750,221.250,1,OK
24610296,0.437500,5.066250,43.750,221.250,1,OK
24620285,0.437500,5.067500,43.750,221.250,1,OK
24630295,0.435000,5.067500,43.500,221.250,1,OK
24640284,0.437500,5.063750,43.750,221.250,1,OK
24650297,0.452500,5.067500,43.750,221.250,1,OK
24660285,0.437500,5.066250,43.750,221.250,1,OK
24670296,0.437500,5.067500,43.500,221.250,1,OK
24680284,0.437500,5.066250,43.750,221.250,1,OK
24690297,0.440000,5.067500,44.000,223.750,1,OK
24700284,0.437500,5.068750,43.750,221.250,1,OK
24710297,0.437500,5.067500,43.750,221.250,1,OK
24720285,0.437500,5.067500,43.750,221.250,1,OK
24730295,0.435000,5.061250,43.500,221.250,1,OK
24740284,0.450000,5.067500,43.750,221.250,1,OK
24750296,0.435000,5.066250,43.500,221.250,1,OK
24760284,0.437500,5.067500,43.750,221.250,1,OK
24770295,0.440000,5.067500,44.000,223.750,1,OK
24780284,0.435000,5.067500,43.750,218.750,1,OK
24790295,0.437500,5.067500,43.750,221.250,1,OK
24800284,0.437500,5.066250,43.750,221.250,1,OK
24810297,0.437500,5.067500,43.750,221.250,1,OK
24820285,0.437500,5.063750,43.750,221.250,1,OK
24830296,0.447500,5.066250,43.750,221.250,1,OK
24840284,0.435000,5.067500,43.500,221.250,1,OK
24850296,0.437500,5.067500,43.750,221.250,1,OK
24860284,0.437500,5.066250,43.750,221.250,1,OK
24870295,0.437500,5.067500,44.000,221.250,1,OK
24880284,0.437500,5.066250,43.750,221.250,1,OK
24890295,0.435000,5.067500,43.500,218.750,1,OK
24900284,0.440000,5.067500,44.000,223.750,1,OK
24910295,0.437500,5.065000,43.750,221.250,1,OK
24920285,0.445000,5.067500,43.750,221.250,1,OK
24930296,0.437500,5.067500,43.750,221.250,1,OK
24940284,0.437500,5.067500,43.500,221.250,1,OK
24950295,0.437500,5.067500,43.750,221.250,1,OK
24960284,0.435000,5.067500,43.750,218.750,1,OK
24970296,0.437500,5.068750,43.750,221.250,1,OK
24980284,0.437500,5.066250,43.750,221.250,1,OK
24990295,0.435000,5.067500,43.500,221.250,1,OK
25000284,0.332500,5.076250,33.250,167.500,1,OK
25010297,0.440000,5.066250,43.750,221.250,1,OK
25020284,0.435000,5.068750,43.500,221.250,1,OK
25030296,0.437500,5.067500,43.750,221.250,1,OK
25040284,0.440000,5.067500,44.000,223.750,1,OK
25050295,0.435000,5.067500,43.750,218.750,1,OK
25060284,0.435000,5.067500,43.500,221.250,1,OK
25070294,0.435000,5.061250,43.500,221.250,1,OK
25080285,0.437500,5.066250,43.750,221.250,1,OK
25090296,0.437500,5.066250,43.750,221.250,1,OK
25100284,0.437500,5.067500,43.750,221.250,1,OK
25110295,0.435000,5.067500,43.500,221.250,1,OK
25120285,0.437500,5.067500,44.000,223.750,1,OK
25130295,0.435000,5.067500,43.500,221.250,1,OK
25140284,0.437500,5.068750,43.750,221.250,1,OK
25150297,0.440000,5.066250,44.000,223.750,1,OK
25160285,0.437500,5.061250,43.750,221.250,1,OK
25170295,0.437500,5.067500,43.750,221.250,1,OK
25180284,0.437500,5.066250,43.750,221.250,1,OK
25190297,0.437500,5.066250,43.750,221.250,1,OK
25200284,0.435000,5.067500,43.500,221.250,1,OK
25210294,0.435000,5.066250,43.750,221.250,1,OK
25220285,0.437500,5.067500,43.750,221.250,1,OK
25230294,0.435000,5.067500,43.750,218.750,1,OK
25240285,0.437500,5.067500,43.750,221.250,1,OK
25250294,0.437500,5.062500,43.750,221.250,1,OK
25260284,0.435000,5.067500,43.500,221.250,1,OK
25270296,0.432500,5.067500,43.250,218.750,1,OK
25280284,0.437500,5.067500,43.750,221.250,1,OK
25290296,0.437500,5.067500,43.750,221.250,1,OK
25300285,0.437500,5.068750,43.750,221.250,1,OK
25310295,0.435000,5.067500,43.500,221.250,1,OK
25320284,0.440000,5.067500,44.000,223.750,1,OK
25330296,0.435000,5.067500,43.500,221.250,1,OK
25340284,0.440000,5.061250,44.000,223.750,1,OK
25350294,0.450000,5.067500,43.750,221.250,1,OK
25360284,0.437500,5.066250,43.750,221.250,1,OK
25370295,0.437500,5.067500,44.000,223.750,1,OK
25380284,0.440000,5.066250,44.000,223.750,1,OK
25390296,0.440000,5.067500,43.750,223.750,1,OK
25400285,0.437500,5.065000,43.750,221.250,1,OK
25410295,0.437500,5.067500,43.750,221.250,1,OK
25420284,0.437500,5.067500,43.750,221.250,1,OK
25430295,0.435000,5.062500,43.500,221.250,1,OK
25440284,0.447500,5.070000,43.750,221.250,1,OK
25450295,0.435000,5.067500,43.500,221.250,1,OK
25460284,0.432500,5.071250,43.750,221.250,1,OK
25470295,0.440000,5.067500,44.000,223.750,1,OK
25480284,0.437500,5.068750,43.250,221.250,1,OK
25490294,0.435000,5.067500,43.500,221.250,1,OK
25500285,0.435000,5.067500,43.500,218.750,1,OK
25510295,0.437500,5.068750,43.750,221.250,1,OK
25520285,0.435000,5.063750,43.500,221.250,1,OK
25530297,0.445000,5.066250,43.750,221.250,1,OK
25540284,0.435000,5.068750,43.500,221.250,1,OK
25550295,0.437500,5.065000,43.500,221.250,1,OK
25560284,0.435000,5.068750,43.500,221.250,1,OK
25570295,0.437500,5.067500,43.500,221.250,1,OK
25580285,0.432500,5.071250,43.250,218.750,1,OK
25590295,0.435000,5.068750,43.500,221.250,1,OK
25600284,0.330000,5.086250,33.000,167.500,1,OK
25610295,0.437500,5.063750,43.750,221.250,1,OK
25620284,0.442500,5.070000,43.750,221.250,1,OK
25630296,0.435000,5.065000,43.500,221.250,1,OK
25640285,0.440000,5.067500,43.750,221.250,1,OK
25650295,0.437500,5.065000,43.750,221.250,1,OK
25660284,0.437500,5.068750,43.500,221.250,1,OK
25670295,0.437500,5.068750,43.750,221.250,1,OK
25680284,0.435000,5.067500,43.500,221.250,1,OK
25690296,0.437500,5.068750,43.750,221.250,1,OK
25700285,0.435000,5.068750,43.500,221.250,1,OK
25710297,0.437500,5.068750,43.750,221.250,1,OK
25720284,0.437500,5.072500,43.750,221.250,1,OK
25730295,0.435000,5.068750,43.250,218.750,1,OK
25740285,0.435000,5.071250,43.500,221.250,1,OK
25750297,0.435000,5.068750,43.500,218.750,1,OK
25760285,0.437500,5.070000,43.750,221.250,1,OK
25770294,0.437500,5.063750,43.750,221.250,1,OK
25780284,0.432500,5.068750,43.250,218.750,1,OK
25790295,0.437500,5.066250,43.750,221.250,1,OK
25800284,0.435000,5.066250,43.750,221.250,1,OK
25810297,0.435000,5.067500,43.500,221.250,1,OK
25820284,0.437500,5.067500,43.750,221.250,1,OK
25830295,0.437500,5.070000,43.750,221.250,1,OK
25840285,0.435000,5.067500,43.500,218.750,1,OK
25850295,0.435000,5.068750,43.500,221.250,1,OK
25860285,0.440000,5.063750,44.000,223.750,1,OK
25870294,0.435000,5.067500,43.500,221.250,1,OK
25880284,0.440000,5.067500,44.000,223.750,1,OK
25890295,0.437500,5.067500,43.750,221.250,1,OK
25900284,0.435000,5.068750,43.500,221.250,1,OK
25910295,0.437500,5.067500,43.500,221.250,1,OK
25920285,0.432500,5.068750,43.250,218.750,1,OK
25930295,0.432500,5.068750,43.250,218.750,1,OK
25940284,0.437500,5.068750,43.750,221.250,1,OK
25950295,0.435000,5.065000,43.500,221.250,1,OK
25960284,0.450000,5.068750,43.750,221.250,1,OK
25970295,0.437500,5.068750,43.750,221.250,1,OK
25980285,0.437500,5.067500,43.750,221.250,1,OK
25990294,0.440000,5.068750,44.000,223.750,1,OK
26000285,0.437500,5.068750,43.500,221.250,1,OK
26010295,0.435000,5.068750,43.500,221.250,1,OK
26020285,0.440000,5.068750,44.000,223.750,1,OK
26030295,0.437500,5.070000,43.750,221.250,1,OK
26040285,0.440000,5.066250,44.000,223.750,1,OK
26050295,0.447500,5.068750,44.000,223.750,1,OK
26060285,0.437500,5.068750,43.750,221.250,1,OK
26070295,0.440000,5.068750,43.500,221.250,1,OK
26080285,0.435000,5.068750,43.500,221.250,1,OK
26090297,0.435000,5.068750,43.500,218.750,1,OK
26100284,0.437500,5.068750,43.750,221.250,1,OK
26110297,0.435000,5.070000,43.500,218.750,1,OK
26120284,0.437500,5.068750,43.750,221.250,1,OK
26130295,0.432500,5.065000,43.250,218.750,1,OK
26140284,0.442500,5.068750,43.750,221.250,1,OK
26150295,0.437500,5.068750,43.750,221.250,1,OK
26160284,0.437500,5.070000,43.750,221.250,1,OK
26170297,0.435000,5.068750,43.500,221.250,1,OK
26180285,0.437500,5.067500,43.750,221.250,1,OK
26190294,0.437500,5.070000,43.750,221.250,1,OK
26200284,0.330000,5.085000,33.000,167.500,1,OK
26210295,0.437500,5.068750,43.750,221.250,1,OK
26220285,0.437500,5.066250,43.750,221.250,1,OK
26230295,0.440000,5.068750,43.750,221.250,1,OK
26240284,0.442500,5.071250,44.250,225.000,1,OK
26250295,0.437500,5.068750,43.500,221.250,1,OK
26260285,0.440000,5.068750,44.000,223.750,1,OK
26270295,0.437500,5.068750,43.500,221.250,1,OK
26280285,0.437500,5.070000,43.750,221.250,1,OK
26290296,0.435000,5.068750,43.500,221.250,1,OK
26300284,0.437500,5.068750,43.750,221.250,1,OK
26310295,0.437500,5.065000,43.750,221.250,1,OK
26320284,0.437500,5.068750,43.750,221.250,1,OK
26330295,0.437500,5.070000,43.750,221.250,1,OK
26340285,0.440000,5.067500,43.500,221.250,1,OK
26350297,0.440000,5.068750,44.000,223.750,1,OK
26360285,0.435000,5.067500,43.750,218.750,1,OK
26370295,0.437500,5.068750,43.750,221.250,1,OK
26380284,0.437500,5.062500,43.750,221.250,1,OK
26390295,0.437500,5.068750,43.750,221.250,1,OK
26400284,0.437500,5.067500,43.750,221.250,1,OK
26410295,0.437500,5.068750,43.500,221.250,1,OK
26420284,0.437500,5.070000,43.750,221.250,1,OK
26430297,0.437500,5.068750,43.750,221.250,1,OK
26440284,0.440000,5.068750,44.000,223.750,1,OK
26450295,0.440000,5.067500,43.750,223.750,1,OK
26460285,0.435000,5.067500,43.500,221.250,1,OK
26470295,0.437500,5.063750,43.750,221.250,1,OK
26480285,0.435000,5.070000,43.500,221.250,1,OK
26490296,0.440000,5.067500,44.000,223.750,1,OK
26500284,0.435000,5.068750,43.750,221.250,1,OK
26510296,0.435000,5.067500,43.500,221.250,1,OK
26520284,0.437500,5.068750,43.750,221.250,1,OK
26530295,0.437500,5.070000,43.750,221.250,1,OK
26540284,0.437500,5.068750,43.750,221.250,1,OK
26550295,0.437500,5.068750,43.750,221.250,1,OK
26560284,0.440000,5.062500,44.000,223.750,1,OK
26570297,0.452500,5.068750,43.250,218.750,1,OK
26580285,0.437500,5.067500,43.750,221.250,1,OK
26590297,0.437500,5.068750,43.500,221.250,1,OK
26600284,0.440000,5.068750,44.000,223.750,1,OK
26610295,0.435000,5.068750,43.750,218.750,1,OK
26620285,0.435000,5.070000,43.500,221.250,1,OK
26630296,0.437500,5.067500,43.750,221.250,1,OK
26640284,0.435000,5.068750,43.500,221.250,1,OK
26650295,0.437500,5.063750,43.750,221.250,1,OK
26660285,0.450000,5.068750,44.000,223.750,1,OK
26670295,0.442500,5.068750,44.250,225.000,1,OK
26680284,0.437500,5.068750,43.750,221.250,1,OK
26690294,0.437500,5.070000,43.750,221.250,1,OK
26700284,0.440000,5.070000,43.500,223.750,1,OK
26710297,0.437500,5.068750,43.750,221.250,1,OK
26720284,0.437500,5.070000,43.750,221.250,1,OK
26730295,0.437500,5.068750,43.750,221.250,1,OK
26740284,0.435000,5.067500,43.500,221.250,1,OK
26750294,0.442500,5.068750,43.750,221.250,1,OK
26760284,0.437500,5.068750,43.750,221.250,1,OK
26770295,0.440000,5.068750,43.500,221.250,1,OK
26780285,0.437500,5.067500,43.750,221.250,1,OK
26790294,0.435000,5.067500,43.750,218.750,1,OK
26800284,0.335000,5.087500,33.500,170.000,1,OK
26810296,0.437500,5.068750,43.750,221.250,1,OK
26820284,0.440000,5.070000,44.000,223.750,1,OK
26830295,0.440000,5.063750,44.000,223.750,1,OK
26840284,0.445000,5.070000,44.000,223.750,1,OK
26850295,0.437500,5.068750,43.750,221.250,1,OK
26860285,0.435000,5.070000,43.500,221.250,1,OK
26870297,0.437500,5.068750,43.750,221.250,1,OK
26880284,0.435000,5.067500,43.750,218.750,1,OK
26890295,0.435000,5.068750,43.500,221.250,1,OK
26900285,0.437500,5.067500,43.750,221.250,1,OK
26910295,0.435000,5.068750,43.500,221.250,1,OK
26920285,0.437500,5.067500,43.750,221.250,1,OK
26930294,0.440000,5.068750,44.000,223.750,1,OK
26940284,0.437500,5.070000,43.750,221.250,1,OK
26950295,0.437500,5.068750,43.750,221.250,1,OK
26960285,0.437500,5.068750,43.750,221.250,1,OK
26970295,0.435000,5.067500,43.500,218.750,1,OK
26980285,0.432500,5.068750,43.250,218.750,1,OK
26990295,0.437500,5.061250,43.750,221.250,1,OK
27000284,0.437500,5.068750,43.750,221.250,1,OK
27010295,0.437500,5.066250,43.750,221.250,1,OK
27020284,0.437500,5.070000,43.750,221.250,1,OK
27030297,0.440000,5.068750,44.000,223.750,1,OK
27040285,0.437500,5.067500,43.500,221.250,1,OK
27050295,0.435000,5.070000,43.500,221.250,1,OK
27060284,0.437500,5.070000,44.000,221.250,1,OK
27070297,0.437500,5.068750,43.750,221.250,1,OK
27080284,0.437500,5.063750,43.750,221.250,1,OK
27090295,0.437500,5.068750,43.750,221.250,1,OK
27100284,0.437500,5.067500,43.750,221.250,1,OK
27110295,0.437500,5.068750,43.500,221.250,1,OK
27120284,0.437500,5.068750,43.750,221.250,1,OK
27130297,0.437500,5.067500,43.750,221.250,1,OK
27140285,0.440000,5.068750,44.000,223.750,1,OK
27150297,0.435000,5.068750,43.750,218.750,1,OK
27160285,0.435000,5.068750,43.500,221.250,1,OK
27170297,0.437500,5.065000,43.750,221.250,1,OK
27180285,0.440000,5.067500,44.000,223.750,1,OK
27190295,0.435000,5.068750,43.500,221.250,1,OK
27200284,0.435000,5.070000,43.750,221.250,1,OK
27210295,0.437500,5.067500,43.750,221.250,1,OK
27220284,0.432500,5.067500,43.750,218.750,1,OK
27230295,0.437500,5.067500,43.750,221.250,1,OK
27240284,0.440000,5.067500,44.000,223.750,1,OK
27250295,0.435000,5.070000,43.500,221.250,1,OK
27260284,0.437500,5.063750,43.750,221.250,1,OK
27270295,0.450000,5.068750,43.500,221.250,1,OK
27280284,0.437500,5.070000,43.750,221.250,1,OK
27290295,0.437500,5.068750,43.750,221.250,1,OK
27300284,0.435000,5.068750,43.500,221.250,1,OK
27310295,0.432500,5.068750,43.750,218.750,1,OK
27320285,0.437500,5.071250,43.750,221.250,1,OK
27330295,0.440000,5.068750,44.000,223.750,1,OK
27340284,0.435000,5.070000,43.500,221.250,1,OK
27350295,0.437500,5.066250,43.750,221.250,1,OK
27360285,0.447500,5.067500,44.000,223.750,1,OK
27370297,0.437500,5.068750,43.750,221.250,1,OK
27380284,0.435000,5.068750,43.500,221.250,1,OK
27390295,0.435000,5.070000,43.500,221.250,1,OK
27400284,0.330000,5.086250,33.250,166.250,1,OK
27410295,0.437500,5.067500,43.750,221.250,1,OK
27420284,0.435000,5.068750,43.500,221.250,1,OK
27430295,0.437500,5.067500,43.750,221.250,1,OK
27440284,0.437500,5.066250,43.750,221.250,1,OK
27450295,0.445000,5.067500,44.000,223.750,1,OK
27460284,0.435000,5.067500,43.500,221.250,1,OK
27470295,0.437500,5.067500,43.500,221.250,1,OK
27480285,0.437500,5.067500,43.750,221.250,1,OK
27490295,0.437500,5.067500,43.750,221.250,1,OK
27500285,0.435000,5.068750,43.500,221.250,1,OK
27510295,0.432500,5.068750,43.250,218.750,1,OK
27520284,0.437500,5.068750,43.750,221.250,1,OK
27530295,0.437500,5.066250,43.750,221.250,1,OK
27540285,0.440000,5.068750,43.750,221.250,1,OK
27550295,0.437500,5.067500,43.750,221.250,1,OK
27560284,0.435000,5.068750,43.750,221.250,1,OK
27570295,0.435000,5.068750,43.500,221.250,1,OK
27580284,0.437500,5.068750,44.000,221.250,1,OK
27590295,0.437500,5.067500,43.750,221.250,1,OK
27600284,0.437500,5.063750,43.750,221.250,1,OK
27610295,0.437500,5.067500,43.750,221.250,1,OK
27620284,0.437500,5.067500,43.750,221.250,1,OK
27630295,0.435000,5.068750,43.750,221.250,1,OK
27640285,0.432500,5.070000,43.250,218.750,1,OK
27650295,0.437500,5.068750,43.750,221.250,1,OK
27660284,0.437500,5.068750,43.750,221.250,1,OK
27670295,0.437500,5.068750,43.750,221.250,1,OK
27680284,0.437500,5.067500,43.750,221.250,1,OK
27690295,0.435000,5.063750,43.500,221.250,1,OK
27700284,0.437500,5.068750,43.750,221.250,1,OK
27710295,0.435000,5.066250,43.500,221.250,1,OK
27720285,0.435000,5.068750,43.750,221.250,1,OK
27730295,0.432500,5.067500,43.250,218.750,1,OK
27740284,0.437500,5.067500,44.000,223.750,1,OK
27750296,0.437500,5.067500,43.750,221.250,1,OK
27760284,0.437500,5.068750,43.750,221.250,1,OK
27770297,0.437500,5.070000,43.750,221.250,1,OK
27780284,0.437500,5.061250,43.750,221.250,1,OK
27790297,0.435000,5.067500,43.500,221.250,1,OK
27800284,0.435000,5.067500,43.500,221.250,1,OK
27810294,0.435000,5.068750,44.000,223.750,1,OK
27820284,0.437500,5.068750,43.750,221.250,1,OK
27830295,0.435000,5.068750,43.500,218.750,1,OK
27840284,0.440000,5.070000,44.000,223.750,1,OK
27850295,0.437500,5.068750,43.750,221.250,1,OK
27860285,0.437500,5.067500,43.750,221.250,1,OK
27870294,0.437500,5.066250,43.750,221.250,1,OK
27880284,0.452500,5.068750,43.750,221.250,1,OK
27890295,0.435000,5.070000,43.500,221.250,1,OK
27900285,0.437500,5.067500,43.750,221.250,1,OK
27910294,0.437500,5.067500,43.750,221.250,1,OK
27920285,0.435000,5.067500,43.500,218.750,1,OK
27930295,0.437500,5.068750,43.750,221.250,1,OK
27940284,0.437500,5.067500,43.750,221.250,1,OK
27950295,0.435000,5.067500,43.500,221.250,1,OK
27960284,0.435000,5.065000,43.500,221.250,1,OK
27970296,0.445000,5.068750,43.750,221.250,1,OK
27980284,0.437500,5.068750,43.750,221.250,1,OK
27990295,0.437500,5.068750,43.750,221.250,1,OK
28000284,0.330000,5.086250,33.000,167.500,1,OK
28010295,0.437500,5.068750,43.750,221.250,1,OK
28020285,0.432500,5.070000,43.250,218.750,1,OK
28030295,0.440000,5.068750,44.000,223.750,1,OK
28040285,0.437500,5.070000,43.750,221.250,1,OK
28050296,0.440000,5.065000,44.000,223.750,1,OK
28060284,0.440000,5.068750,43.750,221.250,1,OK
28070297,0.437500,5.068750,43.750,221.250,1,OK
28080284,0.435000,5.068750,43.750,221.250,1,OK
28090297,0.440000,5.068750,44.000,223.750,1,OK
28100284,0.437500,5.068750,43.500,221.250,1,OK
28110295,0.437500,5.068750,43.750,221.250,1,OK
28120285,0.437500,5.068750,43.750,221.250,1,OK
28130295,0.437500,5.070000,43.750,221.250,1,OK
28140285,0.435000,5.066250,43.500,221.250,1,OK
28150296,0.442500,5.068750,43.750,221.250,1,OK
28160284,0.437500,5.067500,43.750,221.250,1,OK
28170296,0.437500,5.068750,44.000,223.750,1,OK
28180285,0.437500,5.068750,43.750,221.250,1,OK
28190295,0.437500,5.068750,43.750,221.250,1,OK
28200284,0.432500,5.068750,43.250,218.750,1,OK
28210296,0.437500,5.068750,43.750,221.250,1,OK
28220284,0.437500,5.068750,43.750,221.250,1,OK
28230295,0.435000,5.066250,43.500,221.250,1,OK
28240285,0.437500,5.068750,43.750,221.250,1,OK
28250295,0.437500,5.068750,43.750,221.250,1,OK
28260285,0.437500,5.068750,43.750,221.250,1,OK
28270297,0.440000,5.070000,44.000,223.750,1,OK
28280284,0.437500,5.067500,43.500,221.250,1,OK
28290295,0.432500,5.068750,43.250,218.750,1,OK
28300284,0.437500,5.063750,43.750,221.250,1,OK
28310295,0.440000,5.068750,44.000,223.750,1,OK
28320284,0.435000,5.068750,43.500,221.250,1,OK
28330295,0.437500,5.067500,43.750,221.250,1,OK
28340284,0.437500,5.070000,43.750,221.250,1,OK
28350295,0.435000,5.068750,43.750,221.250,1,OK
28360284,0.435000,5.068750,43.500,221.250,1,OK
28370295,0.437500,5.068750,44.000,221.250,1,OK
28380285,0.435000,5.068750,43.500,221.250,1,OK
28390295,0.437500,5.063750,43.750,221.250,1,OK
28400284,0.437500,5.068750,43.750,221.250,1,OK
28410295,0.435000,5.067500,43.500,221.250,1,OK
28420284,0.435000,5.068750,43.750,221.250,1,OK
28430297,0.437500,5.068750,43.750,221.250,1,OK
28440284,0.435000,5.068750,43.500,221.250,1,OK
28450295,0.437500,5.068750,43.750,221.250,1,OK
28460284,0.437500,5.068750,43.750,221.250,1,OK
28470297,0.437500,5.068750,43.750,221.250,1,OK
28480284,0.437500,5.063750,43.750,221.250,1,OK
28490295,0.450000,5.070000,43.750,221.250,1,OK
28500284,0.437500,5.067500,43.750,221.250,1,OK
28510295,0.437500,5.067500,43.500,221.250,1,OK
28520284,0.437500,5.070000,43.750,221.250,1,OK
28530295,0.437500,5.067500,44.000,221.250,1,OK
28540284,0.437500,5.068750,43.750,221.250,1,OK
28550295,0.437500,5.068750,43.750,221.250,1,OK
28560285,0.440000,5.068750,44.000,223.750,1,OK
28570295,0.437500,5.063750,43.750,221.250,1,OK
28580285,0.447500,5.067500,43.500,221.250,1,OK
28590295,0.437500,5.068750,43.750,221.250,1,OK
28600284,0.337500,5.086250,33.750,172.500,1,OK
28610295,0.437500,5.067500,43.750,221.250,1,OK
28620284,0.432500,5.068750,43.750,218.750,1,OK
28630295,0.435000,5.068750,43.500,221.250,1,OK
28640285,0.437500,5.067500,43.750,221.250,1,OK
28650294,0.440000,5.070000,44.000,223.750,1,OK
28660284,0.437500,5.065000,43.750,221.250,1,OK
28670295,0.442500,5.067500,43.750,221.250,1,OK
28680284,0.437500,5.068750,43.750,221.250,1,OK
28690297,0.437500,5.068750,43.500,221.250,1,OK
28700284,0.437500,5.071250,43.750,221.250,1,OK
28710295,0.437500,5.068750,43.750,221.250,1,OK
28720285,0.437500,5.068750,43.750,221.250,1,OK
28730295,0.437500,5.067500,43.750,221.250,1,OK
28740284,0.440000,5.068750,44.000,223.750,1,OK
28750295,0.437500,5.066250,43.750,221.250,1,OK
28760285,0.442500,5.068750,43.500,221.250,1,OK
28770297,0.435000,5.068750,43.500,221.250,1,OK
28780284,0.435000,5.067500,43.750,221.250,1,OK
28790294,0.440000,5.068750,44.000,223.750,1,OK
28800285,0.437500,5.068750,43.250,221.250,1,OK
28810295,0.435000,5.068750,43.500,221.250,1,OK
28820285,0.432500,5.068750,43.250,218.750,1,OK
28830295,0.437500,5.068750,43.750,221.250,1,OK
28840285,0.435000,5.067500,43.500,221.250,1,OK
28850297,0.437500,5.070000,43.750,221.250,1,OK
28860284,0.435000,5.067500,43.500,221.250,1,OK
28870296,0.437500,5.067500,43.500,221.250,1,OK
28880284,0.437500,5.068750,43.750,221.250,1,OK
28890297,0.440000,5.068750,43.500,223.750,1,OK
28900284,0.435000,5.068750,43.500,221.250,1,OK
28910295,0.440000,5.061250,44.000,223.750,1,OK
28920284,0.437500,5.068750,43.750,221.250,1,OK
28930295,0.435000,5.067500,43.500,221.250,1,OK
28940285,0.437500,5.068750,43.500,221.250,1,OK
28950295,0.437500,5.068750,43.750,221.250,1,OK
28960284,0.437500,5.068750,43.500,221.250,1,OK
28970295,0.437500,5.068750,43.750,221.250,1,OK
28980285,0.437500,5.067500,43.750,221.250,1,OK
28990294,0.437500,5.068750,43.750,221.250,1,OK
29000285,0.437500,5.062500,43.750,221.250,1,OK
29010295,0.437500,5.068750,43.750,221.250,1,OK
29020284,0.437500,5.068750,43.750,221.250,1,OK
29030295,0.440000,5.068750,43.750,221.250,1,OK
29040284,0.435000,5.068750,43.500,221.250,1,OK
29050295,0.437500,5.068750,43.750,221.250,1,OK
29060284,0.437500,5.067500,43.750,221.250,1,OK
29070295,0.437500,5.067500,43.750,221.250,1,OK
29080284,0.440000,5.068750,44.000,223.750,1,OK
29090295,0.437500,5.062500,43.750,221.250,1,OK
29100284,0.452500,5.068750,43.250,218.750,1,OK
29110295,0.440000,5.066250,44.000,223.750,1,OK
29120284,0.432500,5.070000,43.750,221.250,1,OK
29130294,0.435000,5.068750,43.500,221.250,1,OK
29140284,0.437500,5.068750,43.750,221.250,1,OK
29150295,0.435000,5.068750,43.500,221.250,1,OK
29160284,0.435000,5.068750,43.500,218.750,1,OK
29170295,0.437500,5.068750,43.750,221.250,1,OK
29180284,0.435000,5.063750,43.500,221.250,1,OK
29190296,0.447500,5.068750,43.750,221.250,1,OK
29200284,0.332500,5.083750,33.250,170.000,1,OK
29210296,0.437500,5.067500,43.500,221.250,1,OK
29220285,0.437500,5.068750,43.750,221.250,1,OK
29230297,0.437500,5.067500,43.500,221.250,1,OK
29240284,0.437500,5.068750,43.750,221.250,1,OK
29250295,0.437500,5.067500,43.750,221.250,1,OK
29260284,0.435000,5.067500,43.500,221.250,1,OK
29270296,0.435000,5.066250,43.500,221.250,1,OK
29280285,0.447500,5.068750,43.750,221.250,1,OK
29290296,0.437500,5.068750,43.750,221.250,1,OK
29300285,0.440000,5.067500,43.500,221.250,1,OK
29310295,0.437500,5.067500,43.750,221.250,1,OK
29320284,0.437500,5.071250,43.750,221.250,1,OK
29330297,0.437500,5.067500,43.750,221.250,1,OK
29340285,0.440000,5.068750,44.000,223.750,1,OK
29350294,0.435000,5.068750,43.500,221.250,1,OK
29360284,0.437500,5.065000,43.750,221.250,1,OK
29370295,0.440000,5.068750,43.500,221.250,1,OK
29380284,0.435000,5.068750,43.500,221.250,1,OK
29390296,0.435000,5.070000,43.750,221.250,1,OK
29400284,0.437500,5.068750,43.750,221.250,1,OK
29410295,0.435000,5.068750,43.750,218.750,1,OK
29420284,0.437500,5.067500,43.750,221.250,1,OK
29430295,0.435000,5.068750,43.500,221.250,1,OK
29440284,0.437500,5.067500,43.750,221.250,1,OK
29450296,0.435000,5.066250,43.500,221.250,1,OK
29460285,0.440000,5.067500,44.000,223.750,1,OK
29470295,0.437500,5.071250,43.750,221.250,1,OK
29480284,0.437500,5.068750,43.750,221.250,1,OK
29490297,0.437500,5.068750,43.750,221.250,1,OK
29500284,0.437500,5.068750,43.750,221.250,1,OK
29510297,0.437500,5.067500,43.750,221.250,1,OK
29520285,0.437500,5.062500,43.750,221.250,1,OK
29530294,0.437500,5.068750,43.750,221.250,1,OK
29540285,0.435000,5.068750,43.500,221.250,1,OK
29550296,0.437500,5.068750,43.500,221.250,1,OK
29560284,0.432500,5.067500,43.250,218.750,1,OK
29570294,0.435000,5.068750,43.750,221.250,1,OK
29580285,0.437500,5.070000,43.750,221.250,1,OK
29590295,0.437500,5.070000,43.750,221.250,1,OK
29600285,0.437500,5.068750,43.750,221.250,1,OK
29610295,0.437500,5.061250,43.750,221.250,1,OK
29620284,0.435000,5.068750,43.500,221.250,1,OK
29630295,0.435000,5.068750,43.500,221.250,1,OK
29640284,0.435000,5.068750,43.250,218.750,1,OK
29650295,0.437500,5.068750,43.750,221.250,1,OK
29660284,0.437500,5.068750,44.000,223.750,1,OK
29670296,0.440000,5.070000,44.000,223.750,1,OK
29680285,0.435000,5.067500,43.500,218.750,1,OK
29690295,0.437500,5.067500,43.750,221.250,1,OK
29700285,0.437500,5.063750,43.750,221.250,1,OK
29710294,0.437500,5.067500,43.750,221.250,1,OK
29720285,0.435000,5.067500,43.500,221.250,1,OK
29730297,0.437500,5.068750,43.750,221.250,1,OK
29740285,0.437500,5.068750,43.750,221.250,1,OK
29750297,0.437500,5.068750,43.750,221.250,1,OK
29760285,0.437500,5.068750,43.750,221.250,1,OK
29770294,0.435000,5.068750,43.500,218.750,1,OK
29780284,0.437500,5.068750,43.750,221.250,1,OK
29790297,0.437500,5.066250,43.750,221.250,1,OK
29800284,0.380000,5.086250,33.500,170.000,1,OK
29810295,0.437500,5.068750,43.750,221.250,1,OK
29820284,0.440000,5.067500,43.500,221.250,1,OK
29830296,0.437500,5.067500,43.750,221.250,1,OK
29840284,0.437500,5.068750,43.500,221.250,1,OK
29850296,0.437500,5.068750,43.750,221.250,1,OK
29860284,0.435000,5.068750,43.500,218.750,1,OK
29870295,0.437500,5.070000,43.750,221.250,1,OK
29880284,0.437500,5.062500,43.750,221.250,1,OK
29890295,0.445000,5.068750,43.500,221.250,1,OK
29900284,0.435000,5.068750,43.500,221.250,1,OK
29910295,0.437500,5.068750,44.000,223.750,1,OK
29920285,0.435000,5.070000,43.500,221.250,1,OK
29930295,0.437500,5.067500,43.750,221.250,1,OK
29940285,0.435000,5.067500,43.500,221.250,1,OK
29950295,0.440000,5.068750,44.000,223.750,1,OK
29960285,0.437500,5.067500,43.750,221.250,1,OK
29970294,0.437500,5.067500,43.750,221.250,1,OK
29980284,0.442500,5.067500,44.000,223.750,1,OK
29990297,0.437500,5.070000,43.750,221.250,1,OK
# phase=final_idle
30000280,0.332500,5.082500,43.750,223.750,0,OK
30010291,0.332500,5.086250,33.250,170.000,0,OK
30020280,0.332500,5.086250,33.250,167.500,0,OK
30030291,0.337500,5.086250,33.750,172.500,0,OK
30040280,0.332500,5.085000,33.250,167.500,0,OK
30050291,0.335000,5.086250,33.500,170.000,0,OK
30060280,0.330000,5.081250,33.000,167.500,0,OK
30070291,0.337500,5.086250,33.250,170.000,0,OK
30080280,0.330000,5.086250,33.000,167.500,0,OK
30090291,0.332500,5.086250,33.250,170.000,0,OK
30100280,0.327500,5.087500,32.750,166.250,0,OK
30110291,0.332500,5.087500,33.250,167.500,0,OK
30120280,0.332500,5.086250,33.250,170.000,0,OK
30130291,0.332500,5.086250,33.250,167.500,0,OK
30140280,0.327500,5.088750,32.750,166.250,0,OK
30150291,0.330000,5.083750,33.000,167.500,0,OK
30160280,0.337500,5.086250,33.250,170.000,0,OK
30170291,0.330000,5.085000,33.000,167.500,0,OK
30180280,0.327500,5.086250,33.000,167.500,0,OK
30190291,0.332500,5.088750,33.250,170.000,0,OK
30200280,0.332500,5.086250,33.250,167.500,0,OK
30210291,0.332500,5.086250,33.250,170.000,0,OK
30220280,0.335000,5.081250,33.500,170.000,0,OK
30230291,0.332500,5.086250,33.250,170.000,0,OK
30240280,0.332500,5.085000,33.250,170.000,0,OK
30250291,0.337500,5.086250,33.250,170.000,0,OK
30260280,0.332500,5.085000,33.250,170.000,0,OK
30270291,0.330000,5.085000,33.250,170.000,0,OK
30280280,0.335000,5.087500,33.500,170.000,0,OK
30290291,0.332500,5.086250,33.250,167.500,0,OK
30300280,0.332500,5.085000,33.250,170.000,0,OK
30310291,0.332500,5.078750,33.250,167.500,0,OK
30320280,0.332500,5.086250,33.250,170.000,0,OK
30330291,0.332500,5.085000,33.250,170.000,0,OK
30340280,0.335000,5.086250,33.250,170.000,0,OK
30350291,0.332500,5.086250,33.250,170.000,0,OK
30360280,0.330000,5.088750,33.250,170.000,0,OK
30370291,0.330000,5.086250,33.000,167.500,0,OK
30380280,0.332500,5.086250,33.250,167.500,0,OK
30390291,0.330000,5.087500,33.000,167.500,0,OK
30400280,0.332500,5.082500,33.250,170.000,0,OK
30410291,0.352500,5.086250,33.250,170.000,0,OK
30420280,0.332500,5.082500,33.250,170.000,0,OK
30430291,0.335000,5.085000,33.000,167.500,0,OK
30440280,0.332500,5.085000,33.250,170.000,0,OK
30450291,0.327500,5.085000,33.500,170.000,0,OK
30460280,0.332500,5.085000,33.250,170.000,0,OK
30470291,0.332500,5.086250,33.250,167.500,0,OK
30480280,0.330000,5.086250,33.000,167.500,0,OK
30490291,0.332500,5.081250,33.250,167.500,0,OK
30500280,0.345000,5.086250,33.250,170.000,0,OK
30510291,0.330000,5.083750,33.000,167.500,0,OK
30520280,0.337500,5.086250,33.000,167.500,0,OK
30530291,0.330000,5.086250,33.000,167.500,0,OK
30540280,0.332500,5.087500,33.250,167.500,0,OK
30550291,0.330000,5.086250,33.000,167.500,0,OK
30560280,0.335000,5.083750,33.500,170.000,0,OK
30570291,0.330000,5.085000,33.000,167.500,0,OK
30580280,0.332500,5.081250,33.250,167.500,0,OK
30590291,0.342500,5.087500,33.000,167.500,0,OK
30600280,0.335000,5.085000,33.500,170.000,0,OK
30610291,0.332500,5.086250,33.250,170.000,0,OK
30620280,0.332500,5.087500,33.250,170.000,0,OK
30630291,0.332500,5.085000,33.250,167.500,0,OK
30640280,0.335000,5.088750,33.500,170.000,0,OK
30650291,0.335000,5.085000,33.500,170.000,0,OK
30660280,0.330000,5.086250,33.000,167.500,0,OK
30670291,0.335000,5.085000,33.500,170.000,0,OK
30680280,0.342500,5.085000,33.500,170.000,0,OK
30690291,0.330000,5.085000,33.000,167.500,0,OK
30700280,0.332500,5.086250,33.000,167.500,0,OK
30710291,0.335000,5.086250,33.500,170.000,0,OK
30720280,0.332500,5.086250,33.000,167.500,0,OK
30730291,0.335000,5.086250,33.500,170.000,0,OK
30740280,0.332500,5.086250,33.250,167.500,0,OK
30750291,0.335000,5.086250,33.500,170.000,0,OK
30760280,0.332500,5.082500,33.250,170.000,0,OK
30770291,0.340000,5.086250,33.250,170.000,0,OK
30780280,0.332500,5.085000,33.250,170.000,0,OK
30790291,0.332500,5.086250,33.250,170.000,0,OK
30800280,0.332500,5.086250,33.250,170.000,0,OK
30810291,0.332500,5.086250,33.250,167.500,0,OK
30820280,0.330000,5.086250,33.000,167.500,0,OK
30830291,0.335000,5.078750,33.500,170.000,0,OK
30840280,0.332500,5.085000,33.250,170.000,0,OK
30850291,0.330000,5.083750,33.000,167.500,0,OK
30860280,0.335000,5.086250,33.000,167.500,0,OK
30870291,0.332500,5.086250,33.250,170.000,0,OK
30880280,0.332500,5.086250,33.250,170.000,0,OK
30890291,0.332500,5.085000,33.250,170.000,0,OK
30900280,0.332500,5.086250,33.250,167.500,0,OK
30910291,0.332500,5.085000,33.250,170.000,0,OK
30920280,0.330000,5.078750,33.000,167.500,0,OK
30930291,0.330000,5.086250,33.000,167.500,0,OK
30940280,0.330000,5.085000,33.000,167.500,0,OK
30950291,0.332500,5.086250,33.500,170.000,0,OK
30960280,0.330000,5.086250,33.000,167.500,0,OK
30970291,0.327500,5.086250,33.500,170.000,0,OK
30980280,0.332500,5.086250,33.250,170.000,0,OK
30990291,0.330000,5.086250,32.750,167.500,0,OK
31000280,0.335000,5.086250,33.500,170.000,0,OK
31010291,0.332500,5.080000,33.250,167.500,0,OK
31020280,0.352500,5.086250,33.250,170.000,0,OK
31030291,0.332500,5.085000,33.250,170.000,0,OK
31040280,0.332500,5.086250,33.500,170.000,0,OK
31050291,0.332500,5.087500,33.250,170.000,0,OK
31060280,0.330000,5.086250,33.250,170.000,0,OK
31070291,0.332500,5.086250,33.250,170.000,0,OK
31080280,0.330000,5.085000,33.000,167.500,0,OK
31090291,0.330000,5.085000,33.000,167.500,0,OK
31100280,0.332500,5.081250,33.250,167.500,0,OK
31110291,0.350000,5.085000,33.250,170.000,0,OK
31120280,0.332500,5.086250,33.250,170.000,0,OK
31130291,0.335000,5.083750,33.500,170.000,0,OK
31140280,0.330000,5.086250,33.000,167.500,0,OK
31150291,0.335000,5.085000,33.250,170.000,0,OK
31160280,0.330000,5.085000,33.000,167.500,0,OK
31170291,0.332500,5.085000,33.250,167.500,0,OK
31180280,0.332500,5.086250,33.250,170.000,0,OK
31190291,0.330000,5.083750,33.000,167.500,0,OK
31200280,0.342500,5.086250,33.250,170.000,0,OK
31210291,0.332500,5.083750,33.250,170.000,0,OK
31220280,0.335000,5.086250,33.250,170.000,0,OK
31230291,0.330000,5.086250,33.000,167.500,0,OK
31240280,0.330000,5.085000,33.000,167.500,0,OK
31250291,0.330000,5.086250,33.000,167.500,0,OK
31260280,0.330000,5.086250,33.000,167.500,0,OK
31270291,0.332500,5.087500,33.250,170.000,0,OK
31280280,0.332500,5.081250,33.250,167.500,0,OK
31290291,0.337500,5.085000,32.750,166.250,0,OK
31300280,0.330000,5.087500,33.000,167.500,0,OK
31310291,0.330000,5.086250,33.250,170.000,0,OK
31320280,0.330000,5.087500,33.000,167.500,0,OK
31330291,0.332500,5.083750,33.000,167.500,0,OK
31340280,0.332500,5.087500,33.250,170.000,0,OK
31350291,0.332500,5.085000,33.250,167.500,0,OK
31360280,0.330000,5.085000,33.000,167.500,0,OK
31370291,0.332500,5.083750,33.250,170.000,0,OK
31380280,0.335000,5.085000,33.000,167.500,0,OK
31390291,0.330000,5.086250,33.000,167.500,0,OK
31400280,0.332500,5.086250,33.250,170.000,0,OK
31410291,0.332500,5.086250,33.250,170.000,0,OK
31420280,0.335000,5.086250,33.250,170.000,0,OK
31430291,0.332500,5.087500,33.250,170.000,0,OK
31440280,0.335000,5.080000,33.500,170.000,0,OK
31450291,0.330000,5.086250,33.000,167.500,0,OK
31460280,0.330000,5.083750,33.000,167.500,0,OK
31470291,0.340000,5.086250,32.750,166.250,0,OK
31480280,0.330000,5.086250,33.000,167.500,0,OK
31490291,0.332500,5.086250,33.250,170.000,0,OK
31500280,0.332500,5.085000,33.250,170.000,0,OK
31510291,0.332500,5.085000,33.250,167.500,0,OK
31520280,0.332500,5.085000,33.250,170.000,0,OK
31530291,0.332500,5.078750,33.250,167.500,0,OK
31540280,0.330000,5.086250,33.000,167.500,0,OK
31550291,0.330000,5.085000,33.000,167.500,0,OK
31560280,0.335000,5.085000,33.250,170.000,0,OK
31570291,0.330000,5.086250,33.000,167.500,0,OK
31580280,0.332500,5.085000,33.250,170.000,0,OK
31590291,0.330000,5.087500,33.000,167.500,0,OK
31600280,0.330000,5.086250,33.000,167.500,0,OK
31610291,0.335000,5.086250,33.500,170.000,0,OK
31620280,0.332500,5.081250,33.250,167.500,0,OK
31630291,0.332500,5.086250,33.250,170.000,0,OK
31640280,0.335000,5.085000,33.500,170.000,0,OK
31650291,0.337500,5.086250,33.250,170.000,0,OK
31660280,0.330000,5.085000,33.000,167.500,0,OK
31670291,0.335000,5.085000,33.000,167.500,0,OK
31680280,0.332500,5.086250,33.250,170.000,0,OK
31690291,0.332500,5.086250,33.250,167.500,0,OK
31700280,0.327500,5.085000,32.750,166.250,0,OK
31710291,0.332500,5.081250,33.250,167.500,0,OK
31720280,0.347500,5.085000,33.000,167.500,0,OK
31730291,0.332500,5.085000,33.250,170.000,0,OK
31740280,0.335000,5.086250,33.250,170.000,0,OK
31750291,0.332500,5.086250,33.250,170.000,0,OK
31760280,0.332500,5.086250,33.250,167.500,0,OK
31770291,0.332500,5.087500,33.250,170.000,0,OK
31780280,0.330000,5.086250,33.000,167.500,0,OK
31790291,0.330000,5.085000,33.000,167.500,0,OK
31800280,0.332500,5.081250,33.250,167.500,0,OK
31810291,0.345000,5.086250,33.250,170.000,0,OK
31820280,0.330000,5.086250,33.000,167.500,0,OK
31830291,0.337500,5.086250,33.250,170.000,0,OK
31840280,0.332500,5.086250,33.250,170.000,0,OK
31850291,0.335000,5.086250,33.250,170.000,0,OK
31860280,0.330000,5.086250,33.000,167.500,0,OK
31870291,0.330000,5.086250,33.000,167.500,0,OK
31880280,0.332500,5.087500,33.250,170.000,0,OK
31890291,0.335000,5.083750,33.500,170.000,0,OK
31900280,0.342500,5.086250,33.250,170.000,0,OK
31910291,0.332500,5.083750,33.250,170.000,0,OK
31920280,0.335000,5.086250,33.250,170.000,0,OK
31930291,0.335000,5.086250,33.500,170.000,0,OK
31940280,0.332500,5.086250,33.500,167.500,0,OK
31950291,0.330000,5.086250,33.000,167.500,0,OK
31960280,0.332500,5.085000,33.250,167.500,0,OK
31970291,0.332500,5.083750,33.250,170.000,0,OK
31980280,0.335000,5.086250,33.500,170.000,0,OK
31990291,0.337500,5.086250,33.000,167.500,0,OK
32000280,0.330000,5.087500,33.000,167.500,0,OK
32010291,0.335000,5.086250,33.000,167.500,0,OK
32020280,0.332500,5.086250,33.250,170.000,0,OK
32030291,0.332500,5.085000,33.250,167.500,0,OK
32040280,0.332500,5.086250,33.250,170.000,0,OK
32050291,0.335000,5.078750,33.500,170.000,0,OK
32060280,0.332500,5.085000,33.250,170.000,0,OK
32070291,0.332500,5.083750,33.250,170.000,0,OK
32080280,0.337500,5.086250,33.250,170.000,0,OK
32090291,0.330000,5.085000,33.000,167.500,0,OK
32100280,0.330000,5.086250,33.250,170.000,0,OK
32110291,0.335000,5.086250,33.500,170.000,0,OK
32120280,0.330000,5.085000,33.000,167.500,0,OK
32130291,0.330000,5.086250,33.000,167.500,0,OK
32140280,0.330000,5.080000,33.000,167.500,0,OK
32150291,0.332500,5.085000,33.250,170.000,0,OK
32160280,0.330000,5.085000,33.000,167.500,0,OK
32170291,0.337500,5.085000,33.000,167.500,0,OK
32180280,0.332500,5.086250,33.250,170.000,0,OK
32190291,0.332500,5.087500,33.000,167.500,0,OK
32200280,0.332500,5.086250,33.250,170.000,0,OK
32210291,0.332500,5.087500,33.000,167.500,0,OK
32220280,0.332500,5.086250,33.250,170.000,0,OK
32230291,0.335000,5.081250,33.500,170.000,0,OK
32240280,0.332500,5.087500,33.250,170.000,0,OK
32250291,0.332500,5.083750,33.250,170.000,0,OK
32260280,0.337500,5.086250,33.250,170.000,0,OK
32270291,0.332500,5.087500,33.250,170.000,0,OK
32280280,0.332500,5.086250,33.250,170.000,0,OK
32290291,0.335000,5.087500,33.500,170.000,0,OK
32300280,0.335000,5.086250,33.250,170.000,0,OK
32310291,0.332500,5.085000,33.250,170.000,0,OK
32320280,0.332500,5.083750,33.250,170.000,0,OK
32330291,0.347500,5.085000,33.500,170.000,0,OK
32340280,0.332500,5.086250,33.250,170.000,0,OK
32350291,0.335000,5.086250,33.250,170.000,0,OK
32360280,0.332500,5.085000,33.250,170.000,0,OK
32370291,0.332500,5.086250,33.250,170.000,0,OK
32380280,0.332500,5.085000,33.250,170.000,0,OK
32390291,0.330000,5.085000,33.000,167.500,0,OK
32400280,0.332500,5.085000,33.250,170.000,0,OK
32410291,0.330000,5.080000,33.000,167.500,0,OK
32420280,0.347500,5.086250,33.250,170.000,0,OK
32430291,0.332500,5.086250,33.250,170.000,0,OK
32440280,0.332500,5.086250,33.250,170.000,0,OK
32450291,0.332500,5.086250,33.250,170.000,0,OK
32460280,0.332500,5.085000,33.250,167.500,0,OK
32470291,0.330000,5.087500,33.000,167.500,0,OK
32480280,0.332500,5.086250,33.250,167.500,0,OK
32490291,0.330000,5.086250,33.000,167.500,0,OK
32500280,0.332500,5.082500,33.250,170.000,0,OK
32510291,0.340000,5.085000,33.000,167.500,0,OK
32520280,0.332500,5.086250,33.250,170.000,0,OK
32530291,0.330000,5.086250,33.250,170.000,0,OK
32540280,0.332500,5.086250,33.250,170.000,0,OK
32550291,0.335000,5.086250,33.250,170.000,0,OK
32560280,0.330000,5.086250,33.000,167.500,0,OK
32570291,0.330000,5.085000,33.000,167.500,0,OK
32580280,0.332500,5.085000,33.250,170.000,0,OK
32590291,0.332500,5.083750,33.250,170.000,0,OK
32600280,0.337500,5.087500,33.000,167.500,0,OK
32610291,0.330000,5.083750,33.000,167.500,0,OK
32620280,0.335000,5.087500,33.250,170.000,0,OK
32630291,0.330000,5.086250,33.000,167.500,0,OK
32640280,0.327500,5.086250,33.000,166.250,0,OK
32650291,0.332500,5.086250,33.250,170.000,0,OK
32660280,0.330000,5.086250,33.000,167.500,0,OK
32670291,0.337500,5.087500,33.750,172.500,0,OK
32680280,0.327500,5.083750,32.750,166.250,0,OK
32690291,0.340000,5.083750,33.250,170.000,0,OK
32700280,0.332500,5.086250,33.250,170.000,0,OK
32710291,0.332500,5.086250,33.000,167.500,0,OK
32720280,0.330000,5.086250,33.000,167.500,0,OK
32730291,0.335000,5.085000,33.250,170.000,0,OK
32740280,0.335000,5.086250,33.500,170.000,0,OK
32750291,0.332500,5.078750,33.250,167.500,0,OK
32760280,0.330000,5.086250,33.000,167.500,0,OK
32770291,0.330000,5.083750,33.000,167.500,0,OK
32780280,0.335000,5.085000,33.000,167.500,0,OK
32790291,0.332500,5.085000,33.250,170.000,0,OK
32800280,0.332500,5.086250,33.250,170.000,0,OK
32810291,0.332500,5.085000,33.250,170.000,0,OK
32820280,0.332500,5.083750,33.250,167.500,0,OK
32830291,0.330000,5.085000,33.000,167.500,0,OK
32840280,0.332500,5.080000,33.250,167.500,0,OK
32850291,0.335000,5.085000,33.500,170.000,0,OK
32860280,0.327500,5.083750,32.750,166.250,0,OK
32870291,0.335000,5.086250,33.250,170.000,0,OK
32880280,0.335000,5.086250,33.500,170.000,0,OK
32890291,0.330000,5.086250,33.250,170.000,0,OK
32900280,0.330000,5.087500,33.000,167.500,0,OK
32910291,0.332500,5.087500,33.250,167.500,0,OK
32920280,0.332500,5.086250,33.250,170.000,0,OK
32930291,0.332500,5.082500,33.250,170.000,0,OK
32940280,0.347500,5.086250,33.250,170.000,0,OK
32950291,0.332500,5.086250,33.250,170.000,0,OK
32960280,0.332500,5.086250,33.000,167.500,0,OK
32970291,0.335000,5.086250,33.500,170.000,0,OK
32980280,0.332500,5.085000,33.000,167.500,0,OK
32990291,0.330000,5.086250,33.000,167.500,0,OK
33000280,0.327500,5.086250,32.750,166.250,0,OK
33010291,0.332500,5.086250,33.250,170.000,0,OK
33020280,0.330000,5.082500,33.000,167.500,0,OK
33030291,0.345000,5.085000,33.500,170.000,0,OK
33040280,0.332500,5.086250,33.250,170.000,0,OK
33050291,0.335000,5.086250,33.250,170.000,0,OK
33060280,0.330000,5.083750,33.000,167.500,0,OK
33070291,0.330000,5.085000,33.250,167.500,0,OK
33080280,0.332500,5.086250,33.250,170.000,0,OK
33090291,0.332500,5.086250,33.250,167.500,0,OK
33100280,0.332500,5.086250,33.250,170.000,0,OK
33110291,0.332500,5.081250,33.250,167.500,0,OK
33120280,0.345000,5.086250,33.250,170.000,0,OK
33130291,0.332500,5.086250,33.250,170.000,0,OK
33140280,0.330000,5.086250,32.750,166.250,0,OK
33150291,0.330000,5.086250,33.000,167.500,0,OK
33160280,0.330000,5.086250,32.750,167.500,0,OK
33170291,0.332500,5.086250,33.250,170.000,0,OK
33180280,0.332500,5.085000,33.250,167.500,0,OK
33190291,0.330000,5.086250,33.000,167.500,0,OK
33200280,0.332500,5.083750,33.250,170.000,0,OK
33210291,0.340000,5.086250,33.250,170.000,0,OK
33220280,0.332500,5.088750,33.250,170.000,0,OK
33230291,0.332500,5.085000,33.250,170.000,0,OK
33240280,0.330000,5.086250,33.000,167.500,0,OK
33250291,0.332500,5.086250,33.250,167.500,0,OK
33260280,0.332500,5.085000,33.250,170.000,0,OK
33270291,0.332500,5.086250,33.250,167.500,0,OK
33280280,0.332500,5.086250,33.250,170.000,0,OK
33290291,0.330000,5.083750,33.000,167.500,0,OK
33300280,0.337500,5.086250,33.250,170.000,0,OK
33310291,0.332500,5.086250,33.250,170.000,0,OK
33320280,0.330000,5.086250,33.000,167.500,0,OK
33330291,0.332500,5.086250,33.250,170.000,0,OK
33340280,0.332500,5.086250,33.250,167.500,0,OK
33350291,0.332500,5.086250,33.250,170.000,0,OK
33360280,0.330000,5.077500,33.000,167.500,0,OK
33370291,0.332500,5.086250,33.250,170.000,0,OK
33380280,0.335000,5.083750,33.500,170.000,0,OK
33390291,0.335000,5.085000,33.250,170.000,0,OK
33400280,0.332500,5.086250,33.250,170.000,0,OK
33410291,0.332500,5.086250,33.250,170.000,0,OK
33420280,0.332500,5.086250,33.250,170.000,0,OK
33430291,0.332500,5.086250,33.250,167.500,0,OK
33440280,0.327500,5.085000,32.750,166.250,0,OK
33450291,0.335000,5.078750,33.500,170.000,0,OK
33460280,0.332500,5.086250,33.250,170.000,0,OK
33470291,0.332500,5.086250,33.250,170.000,0,OK
33480280,0.332500,5.086250,33.250,170.000,0,OK
33490291,0.332500,5.087500,33.250,170.000,0,OK
33500280,0.332500,5.086250,33.250,170.000,0,OK
33510291,0.330000,5.086250,33.000,167.500,0,OK
33520280,0.332500,5.086250,33.250,167.500,0,OK
33530291,0.332500,5.086250,33.250,170.000,0,OK
33540280,0.330000,5.081250,33.000,167.500,0,OK
33550291,0.350000,5.086250,33.500,170.000,0,OK
33560280,0.332500,5.085000,33.250,170.000,0,OK
33570291,0.335000,5.085000,33.250,170.000,0,OK
33580280,0.332500,5.085000,33.250,170.000,0,OK
33590291,0.330000,5.086250,33.250,170.000,0,OK
33600280,0.332500,5.086250,33.250,170.000,0,OK
33610291,0.335000,5.086250,33.500,170.000,0,OK
33620280,0.330000,5.087500,33.000,167.500,0,OK
33630291,0.332500,5.081250,33.250,167.500,0,OK
33640280,0.347500,5.087500,33.250,170.000,0,OK
33650291,0.332500,5.087500,33.250,170.000,0,OK
33660280,0.335000,5.085000,33.250,170.000,0,OK
33670291,0.330000,5.087500,33.000,167.500,0,OK
33680280,0.330000,5.085000,33.000,167.500,0,OK
33690291,0.332500,5.086250,33.250,170.000,0,OK
33700280,0.332500,5.087500,33.250,167.500,0,OK
33710291,0.330000,5.085000,33.000,167.500,0,OK
33720280,0.332500,5.082500,33.250,170.000,0,OK
33730291,0.345000,5.086250,33.000,167.500,0,OK
33740280,0.332500,5.085000,33.250,170.000,0,OK
33750291,0.332500,5.087500,33.000,167.500,0,OK
33760280,0.330000,5.086250,33.000,167.500,0,OK
33770291,0.332500,5.086250,33.250,167.500,0,OK
33780280,0.332500,5.086250,33.250,170.000,0,OK
33790291,0.332500,5.085000,33.250,167.500,0,OK
33800280,0.332500,5.086250,33.250,170.000,0,OK
33810291,0.332500,5.082500,33.250,170.000,0,OK
33820280,0.340000,5.085000,33.250,170.000,0,OK
33830291,0.330000,5.086250,33.000,167.500,0,OK
33840280,0.332500,5.086250,33.250,170.000,0,OK
33850291,0.332500,5.085000,33.250,170.000,0,OK
33860280,0.330000,5.086250,33.500,167.500,0,OK
33870291,0.332500,5.085000,33.250,170.000,0,OK
33880280,0.332500,5.086250,33.250,167.500,0,OK
33890291,0.330000,5.087500,33.000,167.500,0,OK
33900280,0.332500,5.083750,33.250,170.000,0,OK
33910291,0.340000,5.085000,33.000,167.500,0,OK
33920280,0.332500,5.086250,33.250,170.000,0,OK
33930291,0.332500,5.086250,33.250,170.000,0,OK
33940280,0.332500,5.086250,33.250,170.000,0,OK
33950291,0.332500,5.086250,33.250,167.500,0,OK
33960280,0.332500,5.083750,33.250,170.000,0,OK
33970291,0.332500,5.081250,33.250,167.500,0,OK
33980280,0.335000,5.085000,33.500,170.000,0,OK
33990291,0.330000,5.082500,33.000,167.500,0,OK
34000280,0.337500,5.088750,33.250,170.000,0,OK
34010291,0.332500,5.082500,33.250,170.000,0,OK
34020280,0.332500,5.086250,33.000,167.500,0,OK
34030291,0.332500,5.087500,33.250,170.000,0,OK
34040280,0.330000,5.085000,33.250,167.500,0,OK
34050291,0.332500,5.086250,33.250,170.000,0,OK
34060280,0.335000,5.077500,33.500,170.000,0,OK
34070291,0.330000,5.087500,33.000,167.500,0,OK
34080280,0.330000,5.083750,33.000,167.500,0,OK
34090291,0.337500,5.086250,33.250,170.000,0,OK
34100280,0.332500,5.086250,33.250,170.000,0,OK
34110291,0.332500,5.086250,33.000,167.500,0,OK
34120280,0.332500,5.087500,33.250,170.000,0,OK
34130291,0.332500,5.086250,33.250,167.500,0,OK
34140280,0.332500,5.086250,33.250,170.000,0,OK
34150291,0.330000,5.080000,33.000,167.500,0,OK
34160280,0.352500,5.086250,33.500,170.000,0,OK
34170291,0.332500,5.086250,33.250,170.000,0,OK
34180280,0.335000,5.086250,33.250,170.000,0,OK
34190291,0.332500,5.086250,33.250,170.000,0,OK
34200280,0.332500,5.085000,33.250,170.000,0,OK
34210291,0.330000,5.086250,33.000,167.500,0,OK
34220280,0.335000,5.085000,33.500,170.000,0,OK
34230291,0.332500,5.086250,33.250,170.000,0,OK
34240280,0.332500,5.082500,33.250,170.000,0,OK
34250291,0.345000,5.085000,33.000,167.500,0,OK
34260280,0.332500,5.086250,33.250,170.000,0,OK
34270291,0.335000,5.086250,33.000,167.500,0,OK
34280280,0.332500,5.086250,33.250,170.000,0,OK
34290291,0.335000,5.085000,33.250,170.000,0,OK
34300280,0.332500,5.087500,33.250,170.000,0,OK
34310291,0.332500,5.086250,33.250,167.500,0,OK
34320280,0.330000,5.086250,33.000,167.500,0,OK
34330291,0.332500,5.081250,33.250,167.500,0,OK
34340280,0.342500,5.086250,33.250,170.000,0,OK
34350291,0.332500,5.086250,33.250,170.000,0,OK
34360280,0.335000,5.088750,33.250,170.000,0,OK
34370291,0.332500,5.088750,33.250,170.000,0,OK
34380280,0.332500,5.086250,33.250,167.500,0,OK
34390291,0.330000,5.087500,33.000,167.500,0,OK
34400280,0.330000,5.085000,33.000,167.500,0,OK
34410291,0.332500,5.085000,33.250,170.000,0,OK
34420280,0.332500,5.082500,33.250,170.000,0,OK
34430291,0.342500,5.086250,33.250,170.000,0,OK
34440280,0.335000,5.086250,33.500,170.000,0,OK
34450291,0.332500,5.087500,33.250,170.000,0,OK
34460280,0.332500,5.085000,33.250,170.000,0,OK
34470291,0.332500,5.086250,33.250,167.500,0,OK
34480280,0.330000,5.087500,33.000,167.500,0,OK
34490291,0.330000,5.086250,33.000,167.500,0,OK
34500280,0.330000,5.085000,33.000,167.500,0,OK
34510291,0.330000,5.083750,33.000,167.500,0,OK
34520280,0.342500,5.086250,33.250,170.000,0,OK
34530291,0.335000,5.085000,33.500,170.000,0,OK
34540280,0.332500,5.087500,33.250,170.000,0,OK
34550291,0.330000,5.085000,33.000,167.500,0,OK
34560280,0.330000,5.087500,33.000,167.500,0,OK
34570291,0.330000,5.086250,33.000,167.500,0,OK
34580280,0.332500,5.078750,33.250,167.500,0,OK
34590291,0.332500,5.086250,33.250,170.000,0,OK
34600280,0.330000,5.083750,33.000,167.500,0,OK
34610291,0.337500,5.087500,33.500,170.000,0,OK
34620280,0.332500,5.087500,33.250,170.000,0,OK
34630291,0.332500,5.086250,33.500,170.000,0,OK
34640280,0.332500,5.087500,33.250,170.000,0,OK
34650291,0.330000,5.086250,33.250,167.500,0,OK
34660280,0.332500,5.086250,33.250,170.000,0,OK
34670291,0.330000,5.080000,33.000,167.500,0,OK
34680280,0.332500,5.086250,33.250,170.000,0,OK
34690291,0.332500,5.085000,33.250,170.000,0,OK
34700280,0.335000,5.086250,33.250,170.000,0,OK
34710291,0.332500,5.085000,33.250,170.000,0,OK
34720280,0.332500,5.086250,32.750,166.250,0,OK
34730291,0.332500,5.086250,33.250,170.000,0,OK
34740280,0.332500,5.086250,33.000,167.500,0,OK
34750291,0.335000,5.086250,33.500,170.000,0,OK
34760280,0.332500,5.080000,33.250,167.500,0,OK
34770291,0.332500,5.087500,33.250,170.000,0,OK
34780280,0.330000,5.083750,33.000,167.500,0,OK
34790291,0.335000,5.086250,33.250,170.000,0,OK
34800280,0.332500,5.086250,33.250,170.000,0,OK
34810291,0.332500,5.086250,33.500,170.000,0,OK
34820280,0.335000,5.086250,33.500,170.000,0,OK
34830291,0.332500,5.086250,33.250,167.500,0,OK
34840280,0.330000,5.086250,33.000,167.500,0,OK
34850291,0.332500,5.081250,33.250,167.500,0,OK
34860280,0.345000,5.085000,33.250,170.000,0,OK
34870291,0.330000,5.086250,33.000,167.500,0,OK
34880280,0.337500,5.086250,33.250,170.000,0,OK
34890291,0.332500,5.085000,33.250,170.000,0,OK
34900280,0.332500,5.086250,33.250,170.000,0,OK
34910291,0.332500,5.085000,33.250,170.000,0,OK
34920280,0.332500,5.086250,33.250,167.500,0,OK
34930291,0.332500,5.086250,33.250,170.000,0,OK
34940280,0.335000,5.082500,33.500,170.000,0,OK
34950291,0.347500,5.085000,33.250,170.000,0,OK
34960280,0.335000,5.083750,33.500,170.000,0,OK
34970291,0.335000,5.085000,33.000,167.500,0,OK
34980280,0.330000,5.085000,33.000,167.500,0,OK
34990291,0.332500,5.085000,33.250,167.500,0,OK
35000280,0.330000,5.086250,33.000,167.500,0,OK
35010291,0.332500,5.086250,33.250,167.500,0,OK
35020280,0.332500,5.086250,33.250,170.000,0,OK
35030291,0.332500,5.082500,33.250,170.000,0,OK
35040280,0.340000,5.086250,33.250,170.000,0,OK
35050291,0.332500,5.086250,33.250,170.000,0,OK
35060280,0.332500,5.087500,33.250,170.000,0,OK
35070291,0.332500,5.085000,33.250,170.000,0,OK
35080280,0.335000,5.086250,33.250,170.000,0,OK
35090291,0.330000,5.086250,33.000,167.500,0,OK
35100280,0.330000,5.086250,33.000,167.500,0,OK
35110291,0.332500,5.086250,33.250,170.000,0,OK
35120280,0.332500,5.083750,33.250,170.000,0,OK
35130291,0.337500,5.086250,33.250,170.000,0,OK
35140280,0.332500,5.087500,33.250,170.000,0,OK
35150291,0.330000,5.085000,33.000,167.500,0,OK
35160280,0.332500,5.086250,33.250,170.000,0,OK
35170291,0.335000,5.085000,33.000,170.000,0,OK
35180280,0.330000,5.085000,33.000,167.500,0,OK
35190291,0.335000,5.086250,33.500,170.000,0,OK
35200280,0.332500,5.085000,33.250,170.000,0,OK
35210291,0.332500,5.082500,33.250,170.000,0,OK
35220280,0.337500,5.086250,33.000,167.500,0,OK
35230291,0.332500,5.085000,33.250,170.000,0,OK
35240280,0.335000,5.086250,33.250,170.000,0,OK
35250291,0.330000,5.086250,33.000,167.500,0,OK
35260280,0.330000,5.086250,33.250,167.500,0,OK
35270291,0.332500,5.086250,33.250,170.000,0,OK
35280280,0.332500,5.080000,33.250,167.500,0,OK
35290291,0.330000,5.085000,33.000,167.500,0,OK
35300280,0.332500,5.083750,33.250,170.000,0,OK
35310291,0.337500,5.085000,33.250,170.000,0,OK
35320280,0.330000,5.086250,33.000,167.500,0,OK
35330291,0.332500,5.086250,33.000,167.500,0,OK
35340280,0.335000,5.086250,33.500,170.000,0,OK
35350291,0.335000,5.086250,33.250,170.000,0,OK
35360280,0.332500,5.085000,33.250,170.000,0,OK
35370291,0.335000,5.081250,33.500,170.000,0,OK
35380280,0.332500,5.085000,33.250,170.000,0,OK
35390291,0.332500,5.085000,33.250,170.000,0,OK
35400280,0.332500,5.086250,33.500,170.000,0,OK
35410291,0.337500,5.083750,33.750,172.500,0,OK
35420280,0.332500,5.086250,33.250,170.000,0,OK
35430291,0.332500,5.086250,33.250,170.000,0,OK
35440280,0.332500,5.086250,33.250,167.500,0,OK
35450291,0.332500,5.086250,33.250,170.000,0,OK
35460280,0.332500,5.081250,33.250,167.500,0,OK
35470291,0.350000,5.087500,33.250,170.000,0,OK
35480280,0.330000,5.085000,33.000,167.500,0,OK
35490291,0.337500,5.087500,33.000,167.500,0,OK
35500280,0.330000,5.085000,33.000,167.500,0,OK
35510291,0.335000,5.087500,33.000,167.500,0,OK
35520280,0.332500,5.088750,33.250,170.000,0,OK
35530291,0.330000,5.085000,33.000,167.500,0,OK
35540280,0.335000,5.086250,33.500,170.000,0,OK
35550291,0.332500,5.081250,33.250,167.500,0,OK
35560280,0.347500,5.085000,33.250,170.000,0,OK
35570291,0.335000,5.086250,33.500,170.000,0,OK
35580280,0.337500,5.085000,33.500,170.000,0,OK
35590291,0.330000,5.086250,33.000,167.500,0,OK
35600280,0.330000,5.086250,33.250,167.500,0,OK
35610291,0.332500,5.085000,33.250,170.000,0,OK
35620280,0.332500,5.087500,33.250,167.500,0,OK
35630291,0.330000,5.086250,33.000,167.500,0,OK
35640280,0.332500,5.083750,33.250,170.000,0,OK
35650291,0.342500,5.086250,33.500,170.000,0,OK
35660280,0.332500,5.085000,33.250,170.000,0,OK
35670291,0.332500,5.086250,33.250,170.000,0,OK
35680280,0.330000,5.087500,33.000,167.500,0,OK
35690291,0.330000,5.086250,33.000,167.500,0,OK
35700280,0.332500,5.086250,33.250,170.000,0,OK
35710291,0.332500,5.086250,33.250,167.500,0,OK
35720280,0.330000,5.087500,33.000,167.500,0,OK
35730291,0.332500,5.082500,33.250,170.000,0,OK
35740280,0.337500,5.086250,33.250,170.000,0,OK
35750291,0.332500,5.085000,33.250,170.000,0,OK
35760280,0.330000,5.086250,33.250,170.000,0,OK
35770291,0.332500,5.086250,33.250,170.000,0,OK
35780280,0.330000,5.085000,33.000,167.500,0,OK
35790291,0.335000,5.086250,33.500,170.000,0,OK
35800280,0.330000,5.086250,33.000,167.500,0,OK
35810291,0.332500,5.085000,33.250,170.000,0,OK
35820280,0.335000,5.083750,33.500,170.000,0,OK
35830291,0.337500,5.085000,33.250,170.000,0,OK
35840280,0.332500,5.085000,33.250,170.000,0,OK
35850291,0.330000,5.086250,33.500,170.000,0,OK
35860280,0.332500,5.085000,33.250,170.000,0,OK
35870291,0.332500,5.086250,33.250,167.500,0,OK
35880280,0.332500,5.086250,33.250,170.000,0,OK
35890291,0.335000,5.080000,33.500,170.000,0,OK
35900280,0.330000,5.085000,33.000,167.500,0,OK
35910291,0.330000,5.085000,33.000,167.500,0,OK
35920280,0.337500,5.086250,33.250,170.000,0,OK
35930291,0.332500,5.087500,33.250,170.000,0,OK
35940280,0.332500,5.086250,33.250,170.000,0,OK
35950291,0.330000,5.085000,33.000,167.500,0,OK
35960280,0.332500,5.086250,33.250,167.500,0,OK
35970291,0.332500,5.086250,33.250,170.000,0,OK
35980280,0.332500,5.078750,33.250,167.500,0,OK
35990291,0.330000,5.086250,33.000,167.500,0,OK
36000280,0.330000,5.083750,33.000,167.500,0,OK
36010291,0.335000,5.086250,33.250,170.000,0,OK
36020280,0.332500,5.087500,33.250,170.000,0,OK
36030291,0.332500,5.085000,33.250,170.000,0,OK
36040280,0.332500,5.086250,33.250,170.000,0,OK
36050291,0.330000,5.087500,33.000,167.500,0,OK
36060280,0.332500,5.085000,33.250,170.000,0,OK
36070291,0.332500,5.081250,33.250,167.500,0,OK
36080280,0.350000,5.085000,33.000,167.500,0,OK
36090291,0.330000,5.086250,33.000,167.500,0,OK
36100280,0.335000,5.086250,33.250,170.000,0,OK
36110291,0.332500,5.085000,33.250,170.000,0,OK
36120280,0.332500,5.086250,33.250,170.000,0,OK
36130291,0.330000,5.086250,33.000,167.500,0,OK
36140280,0.332500,5.085000,33.250,167.500,0,OK
36150291,0.332500,5.086250,33.250,170.000,0,OK
36160280,0.332500,5.080000,33.250,167.500,0,OK
36170291,0.347500,5.085000,33.250,170.000,0,OK
36180280,0.330000,5.085000,33.000,167.500,0,OK
36190291,0.335000,5.086250,33.000,167.500,0,OK
36200280,0.335000,5.086250,33.500,170.000,0,OK
36210291,0.330000,5.086250,33.000,167.500,0,OK
36220280,0.332500,5.087500,33.250,170.000,0,OK
36230291,0.332500,5.085000,33.250,167.500,0,OK
36240280,0.335000,5.086250,33.500,170.000,0,OK
36250291,0.330000,5.082500,33.000,167.500,0,OK
36260280,0.345000,5.086250,33.000,167.500,0,OK
36270291,0.332500,5.086250,33.250,170.000,0,OK
36280280,0.335000,5.086250,33.250,170.000,0,OK
36290291,0.330000,5.085000,33.000,167.500,0,OK
36300280,0.335000,5.085000,33.000,170.000,0,OK
36310291,0.332500,5.086250,33.250,170.000,0,OK
36320280,0.330000,5.086250,33.000,167.500,0,OK
36330291,0.335000,5.085000,33.500,170.000,0,OK
36340280,0.332500,5.083750,33.250,170.000,0,OK
36350291,0.342500,5.086250,33.500,170.000,0,OK
36360280,0.332500,5.085000,33.250,170.000,0,OK
36370291,0.332500,5.087500,33.000,167.500,0,OK
36380280,0.335000,5.086250,33.500,170.000,0,OK
36390291,0.332500,5.087500,33.000,167.500,0,OK
36400280,0.330000,5.086250,33.000,167.500,0,OK
36410291,0.335000,5.086250,33.500,170.000,0,OK
36420280,0.332500,5.086250,33.250,170.000,0,OK
36430291,0.335000,5.083750,33.500,170.000,0,OK
36440280,0.335000,5.087500,33.250,170.000,0,OK
36450291,0.332500,5.086250,33.250,170.000,0,OK
36460280,0.332500,5.085000,33.000,167.500,0,OK
36470291,0.330000,5.086250,33.000,167.500,0,OK
36480280,0.332500,5.086250,33.250,167.500,0,OK
36490291,0.332500,5.086250,33.250,170.000,0,OK
36500280,0.335000,5.080000,33.500,170.000,0,OK
36510291,0.332500,5.086250,33.250,170.000,0,OK
36520280,0.332500,5.085000,33.250,170.000,0,OK
36530291,0.340000,5.086250,33.250,170.000,0,OK
36540280,0.330000,5.086250,33.000,167.500,0,OK
36550291,0.332500,5.086250,33.500,170.000,0,OK
36560280,0.332500,5.086250,33.250,170.000,0,OK
36570291,0.330000,5.086250,33.000,167.500,0,OK
36580280,0.330000,5.087500,33.000,167.500,0,OK
36590291,0.335000,5.081250,33.500,170.000,0,OK
36600280,0.330000,5.086250,33.000,167.500,0,OK
36610291,0.330000,5.083750,33.000,167.500,0,OK
36620280,0.332500,5.086250,33.250,170.000,0,OK
36630291,0.332500,5.086250,33.250,170.000,0,OK
36640280,0.330000,5.086250,33.250,170.000,0,OK
36650291,0.335000,5.087500,33.500,170.000,0,OK
36660280,0.332500,5.087500,33.250,167.500,0,OK
36670291,0.332500,5.085000,33.250,170.000,0,OK
36680280,0.332500,5.078750,33.250,167.500,0,OK
36690291,0.352500,5.086250,33.250,170.000,0,OK
36700280,0.332500,5.086250,33.250,170.000,0,OK
36710291,0.337500,5.086250,33.000,167.500,0,OK
36720280,0.332500,5.086250,33.250,170.000,0,OK
36730291,0.330000,5.085000,33.250,170.000,0,OK
36740280,0.332500,5.088750,33.250,170.000,0,OK
36750291,0.330000,5.085000,33.000,167.500,0,OK
36760280,0.332500,5.086250,33.250,170.000,0,OK
36770291,0.332500,5.082500,33.250,170.000,0,OK
36780280,0.342500,5.086250,33.250,170.000,0,OK
36790291,0.332500,5.086250,33.250,170.000,0,OK
36800280,0.335000,5.085000,33.250,170.000,0,OK
36810291,0.332500,5.085000,33.250,170.000,0,OK
36820280,0.332500,5.086250,33.250,167.500,0,OK
36830291,0.332500,5.088750,33.250,170.000,0,OK
36840280,0.332500,5.086250,33.250,167.500,0,OK
36850291,0.332500,5.083750,33.250,170.000,0,OK
36860280,0.335000,5.082500,33.500,170.000,0,OK
36870291,0.345000,5.086250,32.750,166.250,0,OK
36880280,0.335000,5.086250,33.500,170.000,0,OK
36890291,0.335000,5.085000,33.250,170.000,0,OK
36900280,0.330000,5.086250,33.000,167.500,0,OK
36910291,0.332500,5.086250,33.250,167.500,0,OK
36920280,0.330000,5.087500,33.000,167.500,0,OK
36930291,0.332500,5.087500,33.250,167.500,0,OK
36940280,0.327500,5.086250,32.750,166.250,0,OK
36950291,0.335000,5.082500,33.500,170.000,0,OK
36960280,0.340000,5.083750,33.250,170.000,0,OK
36970291,0.332500,5.085000,33.250,170.000,0,OK
36980280,0.332500,5.086250,33.250,170.000,0,OK
36990291,0.335000,5.086250,33.500,170.000,0,OK
37000280,0.330000,5.086250,33.250,167.500,0,OK
37010291,0.330000,5.086250,33.000,167.500,0,OK
37020280,0.332500,5.086250,33.250,167.500,0,OK
37030291,0.330000,5.086250,33.000,167.500,0,OK
37040280,0.330000,5.083750,33.000,167.500,0,OK
37050291,0.335000,5.086250,33.250,170.000,0,OK
37060280,0.332500,5.085000,33.250,170.000,0,OK
37070291,0.335000,5.083750,33.250,170.000,0,OK
37080280,0.330000,5.085000,33.000,167.500,0,OK
37090291,0.332500,5.086250,33.000,167.500,0,OK
37100280,0.332500,5.086250,33.250,170.000,0,OK
37110291,0.335000,5.077500,33.500,170.000,0,OK
37120280,0.332500,5.086250,33.250,170.000,0,OK
37130291,0.330000,5.083750,33.000,167.500,0,OK
37140280,0.335000,5.086250,33.250,170.000,0,OK
37150291,0.335000,5.086250,33.500,170.000,0,OK
37160280,0.330000,5.086250,33.250,170.000,0,OK
37170291,0.330000,5.086250,33.000,167.500,0,OK
37180280,0.332500,5.086250,33.250,167.500,0,OK
37190291,0.335000,5.086250,33.500,170.000,0,OK
37200280,0.332500,5.080000,33.250,167.500,0,OK
37210291,0.337500,5.086250,33.750,172.500,0,OK
37220280,0.332500,5.086250,33.250,170.000,0,OK
37230291,0.337500,5.086250,33.500,170.000,0,OK
37240280,0.330000,5.085000,33.000,167.500,0,OK
37250291,0.335000,5.086250,33.250,170.000,0,OK
37260280,0.335000,5.085000,33.500,170.000,0,OK
37270291,0.330000,5.085000,33.000,167.500,0,OK
37280280,0.330000,5.087500,33.000,167.500,0,OK
37290291,0.330000,5.081250,33.000,167.500,0,OK
37300280,0.352500,5.087500,33.250,170.000,0,OK
37310291,0.332500,5.083750,33.250,170.000,0,OK
37320280,0.335000,5.086250,33.250,170.000,0,OK
37330291,0.332500,5.086250,33.250,170.000,0,OK
37340280,0.330000,5.086250,33.250,170.000,0,OK
37350291,0.332500,5.085000,33.250,170.000,0,OK
37360280,0.332500,5.086250,33.250,167.500,0,OK
37370291,0.332500,5.086250,33.250,170.000,0,OK
37380280,0.335000,5.081250,33.500,170.000,0,OK
37390291,0.352500,5.086250,33.000,167.500,0,OK
37400280,0.332500,5.085000,33.250,170.000,0,OK
37410291,0.335000,5.086250,33.500,170.000,0,OK
37420280,0.335000,5.087500,33.500,170.000,0,OK
37430291,0.330000,5.086250,33.250,167.500,0,OK
37440280,0.330000,5.088750,33.000,167.500,0,OK
37450291,0.332500,5.086250,33.250,167.500,0,OK
37460280,0.332500,5.083750,33.250,170.000,0,OK
37470291,0.332500,5.082500,33.250,170.000,0,OK
37480280,0.342500,5.085000,33.250,170.000,0,OK
37490291,0.332500,5.086250,33.250,170.000,0,OK
37500280,0.335000,5.086250,33.000,167.500,0,OK
37510291,0.332500,5.083750,33.250,170.000,0,OK
37520280,0.332500,5.086250,33.000,167.500,0,OK
37530291,0.332500,5.087500,33.250,170.000,0,OK
37540280,0.332500,5.085000,33.250,167.500,0,OK
37550291,0.330000,5.086250,33.000,167.500,0,OK
37560280,0.330000,5.081250,33.000,167.500,0,OK
37570291,0.342500,5.085000,33.500,170.000,0,OK
37580280,0.330000,5.085000,33.000,167.500,0,OK
37590291,0.330000,5.086250,33.250,170.000,0,OK
37600280,0.332500,5.086250,33.250,170.000,0,OK
37610291,0.330000,5.086250,33.000,167.500,0,OK
37620280,0.332500,5.086250,33.250,170.000,0,OK
37630291,0.330000,5.086250,33.000,167.500,0,OK
37640280,0.332500,5.086250,33.250,170.000,0,OK
37650291,0.330000,5.083750,33.000,167.500,0,OK
37660280,0.340000,5.086250,33.250,170.000,0,OK
37670291,0.332500,5.086250,33.250,170.000,0,OK
37680280,0.332500,5.085000,33.250,170.000,0,OK
37690291,0.332500,5.087500,33.250,170.000,0,OK
37700280,0.332500,5.085000,33.250,167.500,0,OK
37710291,0.332500,5.086250,33.250,170.000,0,OK
37720280,0.335000,5.085000,33.500,170.000,0,OK
37730291,0.330000,5.085000,33.000,167.500,0,OK
37740280,0.332500,5.085000,33.250,170.000,0,OK
37750291,0.337500,5.086250,33.000,167.500,0,OK
37760280,0.332500,5.083750,33.250,170.000,0,OK
37770291,0.335000,5.085000,33.500,170.000,0,OK
37780280,0.330000,5.086250,33.000,167.500,0,OK
37790291,0.332500,5.086250,33.250,167.500,0,OK
37800280,0.332500,5.086250,33.250,170.000,0,OK
37810291,0.332500,5.077500,33.250,167.500,0,OK
37820280,0.332500,5.085000,33.250,170.000,0,OK
37830291,0.332500,5.083750,33.250,170.000,0,OK
37840280,0.337500,5.086250,33.000,167.500,0,OK
37850291,0.332500,5.086250,33.250,170.000,0,OK
37860280,0.332500,5.086250,33.250,170.000,0,OK
37870291,0.330000,5.086250,33.000,167.500,0,OK
37880280,0.330000,5.086250,33.000,167.500,0,OK
37890291,0.330000,5.086250,33.000,167.500,0,OK
37900280,0.330000,5.082500,33.000,167.500,0,OK
37910291,0.332500,5.086250,33.250,170.000,0,OK
37920280,0.332500,5.087500,33.250,170.000,0,OK
37930291,0.337500,5.085000,33.250,170.000,0,OK
37940280,0.330000,5.086250,33.000,167.500,0,OK
37950291,0.330000,5.086250,33.250,170.000,0,OK
37960280,0.335000,5.086250,33.500,170.000,0,OK
37970291,0.332500,5.086250,33.000,167.500,0,OK
37980280,0.332500,5.085000,33.250,170.000,0,OK
37990291,0.332500,5.081250,33.250,167.500,0,OK
38000280,0.350000,5.085000,33.250,170.000,0,OK
38010291,0.332500,5.083750,33.250,170.000,0,OK
38020280,0.337500,5.086250,33.000,167.500,0,OK
38030291,0.332500,5.083750,33.250,170.000,0,OK
38040280,0.332500,5.087500,33.250,170.000,0,OK
38050291,0.332500,5.086250,33.250,170.000,0,OK
38060280,0.332500,5.086250,33.250,167.500,0,OK
38070291,0.332500,5.086250,33.250,170.000,0,OK
38080280,0.330000,5.081250,33.000,167.500,0,OK
38090291,0.345000,5.086250,33.500,170.000,0,OK
38100280,0.332500,5.086250,33.250,170.000,0,OK
38110291,0.335000,5.085000,33.500,170.000,0,OK
38120280,0.337500,5.086250,33.750,172.500,0,OK
38130291,0.330000,5.086250,33.250,167.500,0,OK
38140280,0.332500,5.086250,33.250,170.000,0,OK
38150291,0.330000,5.086250,33.000,167.500,0,OK
38160280,0.330000,5.085000,33.000,167.500,0,OK
38170291,0.332500,5.085000,33.250,170.000,0,OK
38180280,0.340000,5.086250,33.250,170.000,0,OK
38190291,0.332500,5.086250,33.250,170.000,0,OK
38200280,0.332500,5.085000,33.250,170.000,0,OK
38210291,0.330000,5.086250,33.000,167.500,0,OK
38220280,0.332500,5.085000,33.000,167.500,0,OK
38230291,0.330000,5.087500,33.000,167.500,0,OK
38240280,0.335000,5.086250,33.500,170.000,0,OK
38250291,0.332500,5.085000,33.250,170.000,0,OK
38260280,0.330000,5.082500,33.000,167.500,0,OK
38270291,0.342500,5.086250,33.250,170.000,0,OK
38280280,0.332500,5.085000,33.250,170.000,0,OK
38290291,0.332500,5.086250,33.250,170.000,0,OK
38300280,0.327500,5.086250,32.750,166.250,0,OK
38310291,0.330000,5.085000,33.250,167.500,0,OK
38320280,0.330000,5.086250,33.000,167.500,0,OK
38330291,0.332500,5.085000,33.250,167.500,0,OK
38340280,0.332500,5.085000,33.250,170.000,0,OK
38350291,0.332500,5.086250,33.250,170.000,0,OK
38360280,0.337500,5.086250,33.250,170.000,0,OK
38370291,0.330000,5.086250,33.000,167.500,0,OK
38380280,0.332500,5.086250,33.500,170.000,0,OK
38390291,0.332500,5.087500,33.250,170.000,0,OK
38400280,0.330000,5.085000,33.000,167.500,0,OK
38410291,0.332500,5.086250,33.250,170.000,0,OK
38420280,0.335000,5.081250,33.500,170.000,0,OK
38430291,0.332500,5.086250,33.250,170.000,0,OK
38440280,0.332500,5.085000,33.250,170.000,0,OK
38450291,0.332500,5.087500,33.000,167.500,0,OK
38460280,0.332500,5.085000,33.250,170.000,0,OK
38470291,0.332500,5.086250,33.250,170.000,0,OK
38480280,0.330000,5.086250,33.000,167.500,0,OK
38490291,0.332500,5.086250,33.000,167.500,0,OK
38500280,0.330000,5.086250,33.000,167.500,0,OK
38510291,0.332500,5.080000,33.250,167.500,0,OK
38520280,0.332500,5.086250,33.250,170.000,0,OK
38530291,0.332500,5.083750,33.250,170.000,0,OK
38540280,0.335000,5.086250,33.500,170.000,0,OK
38550291,0.332500,5.085000,33.250,170.000,0,OK
38560280,0.332500,5.086250,33.250,170.000,0,OK
38570291,0.332500,5.086250,33.250,170.000,0,OK
38580280,0.332500,5.085000,33.500,167.500,0,OK
38590291,0.332500,5.085000,33.250,170.000,0,OK
38600280,0.330000,5.081250,33.000,167.500,0,OK
38610291,0.350000,5.083750,33.500,170.000,0,OK
38620280,0.332500,5.085000,33.250,170.000,0,OK
38630291,0.335000,5.086250,33.250,170.000,0,OK
38640280,0.330000,5.086250,33.000,167.500,0,OK
38650291,0.335000,5.086250,33.250,170.000,0,OK
38660280,0.332500,5.083750,33.250,170.000,0,OK
38670291,0.335000,5.085000,33.500,170.000,0,OK
38680280,0.335000,5.086250,33.500,170.000,0,OK
38690291,0.332500,5.083750,33.250,170.000,0,OK
38700280,0.342500,5.087500,33.250,170.000,0,OK
38710291,0.332500,5.085000,33.250,170.000,0,OK
38720280,0.337500,5.085000,33.000,167.500,0,OK
38730291,0.332500,5.086250,33.250,170.000,0,OK
38740280,0.332500,5.087500,33.000,167.500,0,OK
38750291,0.335000,5.086250,33.500,170.000,0,OK
38760280,0.332500,5.086250,33.250,167.500,0,OK
38770291,0.332500,5.086250,33.250,170.000,0,OK
38780280,0.330000,5.081250,33.000,167.500,0,OK
38790291,0.340000,5.086250,33.000,167.500,0,OK
38800280,0.332500,5.085000,33.250,170.000,0,OK
38810291,0.332500,5.087500,33.250,170.000,0,OK
38820280,0.332500,5.085000,33.250,170.000,0,OK
38830291,0.332500,5.083750,33.000,167.500,0,OK
38840280,0.332500,5.090000,33.250,170.000,0,OK
38850291,0.332500,5.086250,33.250,167.500,0,OK
38860280,0.335000,5.085000,33.500,170.000,0,OK
38870291,0.332500,5.082500,33.250,170.000,0,OK
38880280,0.340000,5.087500,33.000,167.500,0,OK
38890291,0.330000,5.086250,33.000,167.500,0,OK
38900280,0.332500,5.086250,33.250,170.000,0,OK
38910291,0.332500,5.086250,33.250,170.000,0,OK
38920280,0.327500,5.086250,33.500,166.250,0,OK
38930291,0.332500,5.087500,33.250,170.000,0,OK
38940280,0.332500,5.086250,33.250,167.500,0,OK
38950291,0.332500,5.085000,33.250,170.000,0,OK
38960280,0.335000,5.083750,33.500,170.000,0,OK
38970291,0.337500,5.086250,32.750,166.250,0,OK
38980280,0.332500,5.086250,33.250,170.000,0,OK
38990291,0.330000,5.086250,33.250,170.000,0,OK
39000280,0.330000,5.085000,33.000,167.500,0,OK
39010291,0.332500,5.086250,33.750,167.500,0,OK
39020280,0.330000,5.086250,33.000,167.500,0,OK
39030291,0.332500,5.077500,33.250,167.500,0,OK
39040280,0.332500,5.086250,33.250,170.000,0,OK
39050291,0.332500,5.083750,33.250,170.000,0,OK
39060280,0.337500,5.083750,33.250,170.000,0,OK
39070291,0.332500,5.087500,33.250,170.000,0,OK
39080280,0.335000,5.085000,33.000,167.500,0,OK
39090291,0.330000,5.085000,33.000,167.500,0,OK
39100280,0.332500,5.085000,33.250,167.500,0,OK
39110291,0.332500,5.086250,33.250,170.000,0,OK
39120280,0.330000,5.080000,33.000,167.500,0,OK
39130291,0.332500,5.086250,33.250,170.000,0,OK
39140280,0.335000,5.083750,33.500,170.000,0,OK
39150291,0.337500,5.085000,33.250,170.000,0,OK
39160280,0.330000,5.086250,33.000,167.500,0,OK
39170291,0.332500,5.086250,33.250,170.000,0,OK
39180280,0.332500,5.086250,33.250,170.000,0,OK
39190291,0.332500,5.086250,33.250,167.500,0,OK
39200280,0.330000,5.085000,33.000,167.500,0,OK
39210291,0.330000,5.080000,33.000,167.500,0,OK
39220280,0.352500,5.086250,33.000,167.500,0,OK
39230291,0.330000,5.083750,33.000,167.500,0,OK
39240280,0.335000,5.086250,33.000,167.500,0,OK
39250291,0.330000,5.086250,33.000,167.500,0,OK
39260280,0.335000,5.086250,33.250,170.000,0,OK
39270291,0.330000,5.086250,33.000,167.500,0,OK
39280280,0.330000,5.086250,33.000,167.500,0,OK
39290291,0.330000,5.086250,33.000,167.500,0,OK
39300280,0.330000,5.081250,33.000,167.500,0,OK
39310291,0.345000,5.085000,33.250,170.000,0,OK
39320280,0.335000,5.085000,33.500,170.000,0,OK
39330291,0.337500,5.085000,33.250,170.000,0,OK
39340280,0.330000,5.086250,33.000,167.500,0,OK
39350291,0.332500,5.086250,33.000,167.500,0,OK
39360280,0.332500,5.085000,33.250,170.000,0,OK
39370291,0.332500,5.086250,33.250,167.500,0,OK
39380280,0.332500,5.086250,33.250,170.000,0,OK
39390291,0.330000,5.082500,33.000,167.500,0,OK
39400280,0.345000,5.086250,33.500,170.000,0,OK
39410291,0.332500,5.085000,33.250,170.000,0,OK
39420280,0.335000,5.086250,33.250,170.000,0,OK
39430291,0.332500,5.086250,33.250,170.000,0,OK
39440280,0.330000,5.086250,33.250,167.500,0,OK
39450291,0.332500,5.086250,33.250,170.000,0,OK
39460280,0.330000,5.087500,33.000,167.500,0,OK
39470291,0.332500,5.085000,33.250,170.000,0,OK
39480280,0.332500,5.082500,33.250,170.000,0,OK
39490291,0.340000,5.086250,32.750,166.250,0,OK
39500280,0.332500,5.086250,33.250,170.000,0,OK
39510291,0.332500,5.086250,33.250,170.000,0,OK
39520280,0.332500,5.086250,33.250,170.000,0,OK
39530291,0.332500,5.086250,33.250,167.500,0,OK
39540280,0.332500,5.086250,33.250,170.000,0,OK
39550291,0.332500,5.086250,33.250,167.500,0,OK
39560280,0.332500,5.085000,33.250,170.000,0,OK
39570291,0.335000,5.083750,33.500,170.000,0,OK
39580280,0.337500,5.082500,33.000,167.500,0,OK
39590291,0.335000,5.087500,33.500,170.000,0,OK
39600280,0.332500,5.086250,33.250,170.000,0,OK
39610291,0.332500,5.086250,33.250,170.000,0,OK
39620280,0.330000,5.086250,33.250,167.500,0,OK
39630291,0.332500,5.087500,33.250,170.000,0,OK
39640280,0.332500,5.080000,33.250,167.500,0,OK
39650291,0.332500,5.086250,33.250,170.000,0,OK
39660280,0.327500,5.083750,32.750,166.250,0,OK
39670291,0.335000,5.086250,33.000,167.500,0,OK
39680280,0.330000,5.085000,33.000,167.500,0,OK
39690291,0.332500,5.083750,33.000,167.500,0,OK
39700280,0.330000,5.085000,33.000,167.500,0,OK
39710291,0.330000,5.085000,33.250,167.500,0,OK
39720280,0.332500,5.086250,33.250,170.000,0,OK
39730291,0.330000,5.078750,33.000,167.500,0,OK
39740280,0.335000,5.086250,33.500,170.000,0,OK
39750291,0.332500,5.085000,33.250,170.000,0,OK
39760280,0.332500,5.087500,33.500,170.000,0,OK
39770291,0.330000,5.088750,33.000,167.500,0,OK
39780280,0.327500,5.085000,33.000,167.500,0,OK
39790291,0.332500,5.087500,33.250,170.000,0,OK
39800280,0.330000,5.086250,33.250,167.500,0,OK
39810291,0.332500,5.083750,33.250,170.000,0,OK
39820280,0.332500,5.080000,33.250,167.500,0,OK
39830291,0.350000,5.086250,33.250,170.000,0,OK
39840280,0.332500,5.086250,33.250,170.000,0,OK
39850291,0.335000,5.085000,33.250,170.000,0,OK
39860280,0.330000,5.085000,33.000,167.500,0,OK
39870291,0.330000,5.087500,33.250,170.000,0,OK
39880280,0.332500,5.086250,33.250,170.000,0,OK
39890291,0.335000,5.086250,33.500,170.000,0,OK
39900280,0.332500,5.086250,33.250,170.000,0,OK
39910291,0.332500,5.081250,33.250,167.500,0,OK
39920280,0.345000,5.086250,33.250,170.000,0,OK
39930291,0.332500,5.085000,33.250,170.000,0,OK
39940280,0.337500,5.086250,33.250,170.000,0,OK
39950291,0.330000,5.086250,33.000,167.500,0,OK
39960280,0.335000,5.086250,33.000,170.000,0,OK
39970291,0.332500,5.086250,33.250,170.000,0,OK
39980280,0.332500,5.085000,33.250,167.500,0,OK
39990291,0.332500,5.085000,33.250,170.000,0,OK
# dropped_samples=0
# experiment_complete
# workload_result=4160819079
[0;32mI (41583) main_task: Returned from app_main()[0m
