t_s,power_mW,u,P_model_mW,error_mW
0.0,167.5,0.0,168.956222,-1.4562219999999968
0.01,170.0,0.0,168.956222,1.0437780000000032
0.02,167.5,0.0,168.956222,-1.4562219999999968
0.03,170.0,0.0,168.956222,1.0437780000000032
0.04,170.0,0.0,168.956222,1.0437780000000032
0.05,170.0,0.0,168.956222,1.0437780000000032
0.06,167.5,0.0,168.956222,-1.4562219999999968
0.07,170.0,0.0,168.956222,1.0437780000000032
0.08,167.5,0.0,168.956222,-1.4562219999999968
0.09,172.5,0.0,168.956222,3.543778000000003
0.1,167.5,0.0,168.956222,-1.4562219999999968
0.11,170.0,0.0,168.956222,1.0437780000000032
0.12,170.0,0.0,168.956222,1.0437780000000032
0.13,170.0,0.0,168.956222,1.0437780000000032
0.14,167.5,0.0,168.956222,-1.4562219999999968
0.15,170.0,0.0,168.956222,1.0437780000000032
0.16,170.0,0.0,168.956222,1.0437780000000032
0.17,170.0,0.0,168.956222,1.0437780000000032
0.18,167.5,0.0,168.956222,-1.4562219999999968
0.19,167.5,0.0,168.956222,-1.4562219999999968
0.2,170.0,0.0,168.956222,1.0437780000000032
0.21,170.0,0.0,168.956222,1.0437780000000032
0.22,166.25,0.0,168.956222,-2.706221999999997
0.23,172.5,0.0,168.956222,3.543778000000003
0.24,167.5,0.0,168.956222,-1.4562219999999968
0.25,172.5,0.0,168.956222,3.543778000000003
0.26,167.5,0.0,168.956222,-1.4562219999999968
0.27,170.0,0.0,168.956222,1.0437780000000032
0.28,167.5,0.0,168.956222,-1.4562219999999968
0.29,170.0,0.0,168.956222,1.0437780000000032
0.3,167.5,0.0,168.956222,-1.4562219999999968
0.31,170.0,0.0,168.956222,1.0437780000000032
0.32,167.5,0.0,168.956222,-1.4562219999999968
0.33,167.5,0.0,168.956222,-1.4562219999999968
0.34,170.0,0.0,168.956222,1.0437780000000032
0.35000000000000003,172.5,0.0,168.956222,3.543778000000003
0.36,170.0,0.0,168.956222,1.0437780000000032
0.37,167.5,0.0,168.956222,-1.4562219999999968
0.38,167.5,0.0,168.956222,-1.4562219999999968
0.39,167.5,0.0,168.956222,-1.4562219999999968
0.4,167.5,0.0,168.956222,-1.4562219999999968
0.41000000000000003,170.0,0.0,168.956222,1.0437780000000032
0.42,167.5,0.0,168.956222,-1.4562219999999968
0.43,170.0,0.0,168.956222,1.0437780000000032
0.44,167.5,0.0,168.956222,-1.4562219999999968
0.45,170.0,0.0,168.956222,1.0437780000000032
0.46,167.5,0.0,168.956222,-1.4562219999999968
0.47000000000000003,170.0,0.0,168.956222,1.0437780000000032
0.48,167.5,0.0,168.956222,-1.4562219999999968
0.49,167.5,0.0,168.956222,-1.4562219999999968
0.5,166.25,0.0,168.956222,-2.706221999999997
0.51,170.0,0.0,168.956222,1.0437780000000032
0.52,170.0,0.0,168.956222,1.0437780000000032
0.53,167.5,0.0,168.956222,-1.4562219999999968
0.54,167.5,0.0,168.956222,-1.4562219999999968
0.55,172.5,0.0,168.956222,3.543778000000003
0.56,167.5,0.0,168.956222,-1.4562219999999968
0.5700000000000001,170.0,0.0,168.956222,1.0437780000000032
0.58,167.5,0.0,168.956222,-1.4562219999999968
0.59,170.0,0.0,168.956222,1.0437780000000032
0.6,167.5,0.0,168.956222,-1.4562219999999968
0.61,170.0,0.0,168.956222,1.0437780000000032
0.62,167.5,0.0,168.956222,-1.4562219999999968
0.63,170.0,0.0,168.956222,1.0437780000000032
0.64,167.5,0.0,168.956222,-1.4562219999999968
0.65,167.5,0.0,168.956222,-1.4562219999999968
0.66,167.5,0.0,168.956222,-1.4562219999999968
0.67,167.5,0.0,168.956222,-1.4562219999999968
0.68,166.25,0.0,168.956222,-2.706221999999997
0.6900000000000001,170.0,0.0,168.956222,1.0437780000000032
0.7000000000000001,166.25,0.0,168.956222,-2.706221999999997
0.71,167.5,0.0,168.956222,-1.4562219999999968
0.72,167.5,0.0,168.956222,-1.4562219999999968
0.73,167.5,0.0,168.956222,-1.4562219999999968
0.74,170.0,0.0,168.956222,1.0437780000000032
0.75,170.0,0.0,168.956222,1.0437780000000032
0.76,167.5,0.0,168.956222,-1.4562219999999968
0.77,170.0,0.0,168.956222,1.0437780000000032
0.78,167.5,0.0,168.956222,-1.4562219999999968
0.79,167.5,0.0,168.956222,-1.4562219999999968
0.8,167.5,0.0,168.956222,-1.4562219999999968
0.81,170.0,0.0,168.956222,1.0437780000000032
0.8200000000000001,167.5,0.0,168.956222,-1.4562219999999968
0.8300000000000001,170.0,0.0,168.956222,1.0437780000000032
0.84,167.5,0.0,168.956222,-1.4562219999999968
0.85,170.0,0.0,168.956222,1.0437780000000032
0.86,170.0,0.0,168.956222,1.0437780000000032
0.87,167.5,0.0,168.956222,-1.4562219999999968
0.88,170.0,0.0,168.956222,1.0437780000000032
0.89,167.5,0.0,168.956222,-1.4562219999999968
0.9,166.25,0.0,168.956222,-2.706221999999997
0.91,172.5,0.0,168.956222,3.543778000000003
0.92,167.5,0.0,168.956222,-1.4562219999999968
0.93,170.0,0.0,168.956222,1.0437780000000032
0.9400000000000001,167.5,0.0,168.956222,-1.4562219999999968
0.9500000000000001,170.0,0.0,168.956222,1.0437780000000032
0.96,167.5,0.0,168.956222,-1.4562219999999968
0.97,170.0,0.0,168.956222,1.0437780000000032
0.98,167.5,0.0,168.956222,-1.4562219999999968
0.99,170.0,0.0,168.956222,1.0437780000000032
1.0,167.5,0.0,168.956222,-1.4562219999999968
1.01,170.0,0.0,168.956222,1.0437780000000032
1.02,167.5,0.0,168.956222,-1.4562219999999968
1.03,167.5,0.0,168.956222,-1.4562219999999968
1.04,167.5,0.0,168.956222,-1.4562219999999968
1.05,167.5,0.0,168.956222,-1.4562219999999968
1.06,167.5,0.0,168.956222,-1.4562219999999968
1.07,167.5,0.0,168.956222,-1.4562219999999968
1.08,167.5,0.0,168.956222,-1.4562219999999968
1.09,170.0,0.0,168.956222,1.0437780000000032
1.1,167.5,0.0,168.956222,-1.4562219999999968
1.11,170.0,0.0,168.956222,1.0437780000000032
1.12,167.5,0.0,168.956222,-1.4562219999999968
1.1300000000000001,170.0,0.0,168.956222,1.0437780000000032
1.1400000000000001,167.5,0.0,168.956222,-1.4562219999999968
1.1500000000000001,167.5,0.0,168.956222,-1.4562219999999968
1.16,167.5,0.0,168.956222,-1.4562219999999968
1.17,170.0,0.0,168.956222,1.0437780000000032
1.18,167.5,0.0,168.956222,-1.4562219999999968
1.19,167.5,0.0,168.956222,-1.4562219999999968
1.2,167.5,0.0,168.956222,-1.4562219999999968
1.21,166.25,0.0,168.956222,-2.706221999999997
1.22,167.5,0.0,168.956222,-1.4562219999999968
1.23,167.5,0.0,168.956222,-1.4562219999999968
1.24,170.0,0.0,168.956222,1.0437780000000032
1.25,167.5,0.0,168.956222,-1.4562219999999968
1.26,167.5,0.0,168.956222,-1.4562219999999968
1.27,170.0,0.0,168.956222,1.0437780000000032
1.28,170.0,0.0,168.956222,1.0437780000000032
1.29,170.0,0.0,168.956222,1.0437780000000032
1.3,167.5,0.0,168.956222,-1.4562219999999968
1.31,167.5,0.0,168.956222,-1.4562219999999968
1.32,167.5,0.0,168.956222,-1.4562219999999968
1.33,170.0,0.0,168.956222,1.0437780000000032
1.34,167.5,0.0,168.956222,-1.4562219999999968
1.35,170.0,0.0,168.956222,1.0437780000000032
1.36,167.5,0.0,168.956222,-1.4562219999999968
1.37,167.5,0.0,168.956222,-1.4562219999999968
1.3800000000000001,167.5,0.0,168.956222,-1.4562219999999968
1.3900000000000001,167.5,0.0,168.956222,-1.4562219999999968
1.4000000000000001,167.5,0.0,168.956222,-1.4562219999999968
1.41,167.5,0.0,168.956222,-1.4562219999999968
1.42,170.0,0.0,168.956222,1.0437780000000032
1.43,167.5,0.0,168.956222,-1.4562219999999968
1.44,166.25,0.0,168.956222,-2.706221999999997
1.45,170.0,0.0,168.956222,1.0437780000000032
1.46,167.5,0.0,168.956222,-1.4562219999999968
1.47,170.0,0.0,168.956222,1.0437780000000032
1.48,167.5,0.0,168.956222,-1.4562219999999968
1.49,167.5,0.0,168.956222,-1.4562219999999968
1.5,167.5,0.0,168.956222,-1.4562219999999968
1.51,170.0,0.0,168.956222,1.0437780000000032
1.52,167.5,0.0,168.956222,-1.4562219999999968
1.53,167.5,0.0,168.956222,-1.4562219999999968
1.54,167.5,0.0,168.956222,-1.4562219999999968
1.55,170.0,0.0,168.956222,1.0437780000000032
1.56,167.5,0.0,168.956222,-1.4562219999999968
1.57,172.5,0.0,168.956222,3.543778000000003
1.58,167.5,0.0,168.956222,-1.4562219999999968
1.59,172.5,0.0,168.956222,3.543778000000003
1.6,170.0,0.0,168.956222,1.0437780000000032
1.61,170.0,0.0,168.956222,1.0437780000000032
1.62,170.0,0.0,168.956222,1.0437780000000032
1.6300000000000001,170.0,0.0,168.956222,1.0437780000000032
1.6400000000000001,167.5,0.0,168.956222,-1.4562219999999968
1.6500000000000001,172.5,0.0,168.956222,3.543778000000003
1.6600000000000001,167.5,0.0,168.956222,-1.4562219999999968
1.67,170.0,0.0,168.956222,1.0437780000000032
1.68,167.5,0.0,168.956222,-1.4562219999999968
1.69,172.5,0.0,168.956222,3.543778000000003
1.7,170.0,0.0,168.956222,1.0437780000000032
1.71,172.5,0.0,168.956222,3.543778000000003
1.72,166.25,0.0,168.956222,-2.706221999999997
1.73,172.5,0.0,168.956222,3.543778000000003
1.74,170.0,0.0,168.956222,1.0437780000000032
1.75,170.0,0.0,168.956222,1.0437780000000032
1.76,170.0,0.0,168.956222,1.0437780000000032
1.77,167.5,0.0,168.956222,-1.4562219999999968
1.78,167.5,0.0,168.956222,-1.4562219999999968
1.79,172.5,0.0,168.956222,3.543778000000003
1.8,170.0,0.0,168.956222,1.0437780000000032
1.81,172.5,0.0,168.956222,3.543778000000003
1.82,167.5,0.0,168.956222,-1.4562219999999968
1.83,172.5,0.0,168.956222,3.543778000000003
1.84,167.5,0.0,168.956222,-1.4562219999999968
1.85,170.0,0.0,168.956222,1.0437780000000032
1.86,166.25,0.0,168.956222,-2.706221999999997
1.87,170.0,0.0,168.956222,1.0437780000000032
1.8800000000000001,167.5,0.0,168.956222,-1.4562219999999968
1.8900000000000001,170.0,0.0,168.956222,1.0437780000000032
1.9000000000000001,167.5,0.0,168.956222,-1.4562219999999968
1.9100000000000001,170.0,0.0,168.956222,1.0437780000000032
1.92,167.5,0.0,168.956222,-1.4562219999999968
1.93,170.0,0.0,168.956222,1.0437780000000032
1.94,167.5,0.0,168.956222,-1.4562219999999968
1.95,167.5,0.0,168.956222,-1.4562219999999968
1.96,170.0,0.0,168.956222,1.0437780000000032
1.97,167.5,0.0,168.956222,-1.4562219999999968
1.98,167.5,0.0,168.956222,-1.4562219999999968
1.99,170.0,0.0,168.956222,1.0437780000000032
2.0,170.0,0.0,168.956222,1.0437780000000032
2.0100000000000002,170.0,0.0,168.956222,1.0437780000000032
2.02,167.5,0.0,168.956222,-1.4562219999999968
2.0300000000000002,170.0,0.0,168.956222,1.0437780000000032
2.04,170.0,0.0,168.956222,1.0437780000000032
2.05,170.0,0.0,168.956222,1.0437780000000032
2.06,170.0,0.0,168.956222,1.0437780000000032
2.07,172.5,0.0,168.956222,3.543778000000003
2.08,170.0,0.0,168.956222,1.0437780000000032
2.09,167.5,0.0,168.956222,-1.4562219999999968
2.1,170.0,0.0,168.956222,1.0437780000000032
2.11,167.5,0.0,168.956222,-1.4562219999999968
2.12,167.5,0.0,168.956222,-1.4562219999999968
2.13,167.5,0.0,168.956222,-1.4562219999999968
2.14,167.5,0.0,168.956222,-1.4562219999999968
2.15,172.5,0.0,168.956222,3.543778000000003
2.16,167.5,0.0,168.956222,-1.4562219999999968
2.17,170.0,0.0,168.956222,1.0437780000000032
2.18,167.5,0.0,168.956222,-1.4562219999999968
2.19,172.5,0.0,168.956222,3.543778000000003
2.2,167.5,0.0,168.956222,-1.4562219999999968
2.21,170.0,0.0,168.956222,1.0437780000000032
2.22,166.25,0.0,168.956222,-2.706221999999997
2.23,170.0,0.0,168.956222,1.0437780000000032
2.24,170.0,0.0,168.956222,1.0437780000000032
2.25,170.0,0.0,168.956222,1.0437780000000032
2.2600000000000002,170.0,0.0,168.956222,1.0437780000000032
2.27,167.5,0.0,168.956222,-1.4562219999999968
2.2800000000000002,166.25,0.0,168.956222,-2.706221999999997
2.29,167.5,0.0,168.956222,-1.4562219999999968
2.3000000000000003,166.25,0.0,168.956222,-2.706221999999997
2.31,167.5,0.0,168.956222,-1.4562219999999968
2.32,170.0,0.0,168.956222,1.0437780000000032
2.33,167.5,0.0,168.956222,-1.4562219999999968
2.34,167.5,0.0,168.956222,-1.4562219999999968
2.35,166.25,0.0,168.956222,-2.706221999999997
2.36,166.25,0.0,168.956222,-2.706221999999997
2.37,167.5,0.0,168.956222,-1.4562219999999968
2.38,167.5,0.0,168.956222,-1.4562219999999968
2.39,170.0,0.0,168.956222,1.0437780000000032
2.4,167.5,0.0,168.956222,-1.4562219999999968
2.41,170.0,0.0,168.956222,1.0437780000000032
2.42,170.0,0.0,168.956222,1.0437780000000032
2.43,170.0,0.0,168.956222,1.0437780000000032
2.44,167.5,0.0,168.956222,-1.4562219999999968
2.45,167.5,0.0,168.956222,-1.4562219999999968
2.46,167.5,0.0,168.956222,-1.4562219999999968
2.47,166.25,0.0,168.956222,-2.706221999999997
2.48,167.5,0.0,168.956222,-1.4562219999999968
2.49,167.5,0.0,168.956222,-1.4562219999999968
2.5,170.0,0.0,168.956222,1.0437780000000032
2.5100000000000002,170.0,0.0,168.956222,1.0437780000000032
2.52,167.5,0.0,168.956222,-1.4562219999999968
2.5300000000000002,170.0,0.0,168.956222,1.0437780000000032
2.54,167.5,0.0,168.956222,-1.4562219999999968
2.5500000000000003,170.0,0.0,168.956222,1.0437780000000032
2.56,167.5,0.0,168.956222,-1.4562219999999968
2.57,166.25,0.0,168.956222,-2.706221999999997
2.58,170.0,0.0,168.956222,1.0437780000000032
2.59,166.25,0.0,168.956222,-2.706221999999997
2.6,167.5,0.0,168.956222,-1.4562219999999968
2.61,167.5,0.0,168.956222,-1.4562219999999968
2.62,167.5,0.0,168.956222,-1.4562219999999968
2.63,167.5,0.0,168.956222,-1.4562219999999968
2.64,166.25,0.0,168.956222,-2.706221999999997
2.65,167.5,0.0,168.956222,-1.4562219999999968
2.66,170.0,0.0,168.956222,1.0437780000000032
2.67,170.0,0.0,168.956222,1.0437780000000032
2.68,167.5,0.0,168.956222,-1.4562219999999968
2.69,170.0,0.0,168.956222,1.0437780000000032
2.7,166.25,0.0,168.956222,-2.706221999999997
2.71,167.5,0.0,168.956222,-1.4562219999999968
2.72,167.5,0.0,168.956222,-1.4562219999999968
2.73,167.5,0.0,168.956222,-1.4562219999999968
2.74,167.5,0.0,168.956222,-1.4562219999999968
2.75,172.5,0.0,168.956222,3.543778000000003
2.7600000000000002,170.0,0.0,168.956222,1.0437780000000032
2.77,167.5,0.0,168.956222,-1.4562219999999968
2.7800000000000002,170.0,0.0,168.956222,1.0437780000000032
2.79,167.5,0.0,168.956222,-1.4562219999999968
2.8000000000000003,167.5,0.0,168.956222,-1.4562219999999968
2.81,167.5,0.0,168.956222,-1.4562219999999968
2.82,167.5,0.0,168.956222,-1.4562219999999968
2.83,167.5,0.0,168.956222,-1.4562219999999968
2.84,167.5,0.0,168.956222,-1.4562219999999968
2.85,167.5,0.0,168.956222,-1.4562219999999968
2.86,167.5,0.0,168.956222,-1.4562219999999968
2.87,167.5,0.0,168.956222,-1.4562219999999968
2.88,167.5,0.0,168.956222,-1.4562219999999968
2.89,167.5,0.0,168.956222,-1.4562219999999968
2.9,166.25,0.0,168.956222,-2.706221999999997
2.91,167.5,0.0,168.956222,-1.4562219999999968
2.92,167.5,0.0,168.956222,-1.4562219999999968
2.93,170.0,0.0,168.956222,1.0437780000000032
2.94,167.5,0.0,168.956222,-1.4562219999999968
2.95,167.5,0.0,168.956222,-1.4562219999999968
2.96,170.0,0.0,168.956222,1.0437780000000032
2.97,167.5,0.0,168.956222,-1.4562219999999968
2.98,166.25,0.0,168.956222,-2.706221999999997
2.99,170.0,0.0,168.956222,1.0437780000000032
3.0,167.5,0.0,168.956222,-1.4562219999999968
3.0100000000000002,170.0,0.0,168.956222,1.0437780000000032
3.02,170.0,0.0,168.956222,1.0437780000000032
3.0300000000000002,170.0,0.0,168.956222,1.0437780000000032
3.04,167.5,0.0,168.956222,-1.4562219999999968
3.0500000000000003,167.5,0.0,168.956222,-1.4562219999999968
3.06,167.5,0.0,168.956222,-1.4562219999999968
3.0700000000000003,170.0,0.0,168.956222,1.0437780000000032
3.08,167.5,0.0,168.956222,-1.4562219999999968
3.09,170.0,0.0,168.956222,1.0437780000000032
3.1,167.5,0.0,168.956222,-1.4562219999999968
3.11,167.5,0.0,168.956222,-1.4562219999999968
3.12,170.0,0.0,168.956222,1.0437780000000032
3.13,167.5,0.0,168.956222,-1.4562219999999968
3.14,170.0,0.0,168.956222,1.0437780000000032
3.15,170.0,0.0,168.956222,1.0437780000000032
3.16,167.5,0.0,168.956222,-1.4562219999999968
3.17,170.0,0.0,168.956222,1.0437780000000032
3.18,167.5,0.0,168.956222,-1.4562219999999968
3.19,167.5,0.0,168.956222,-1.4562219999999968
3.2,167.5,0.0,168.956222,-1.4562219999999968
3.21,167.5,0.0,168.956222,-1.4562219999999968
3.22,167.5,0.0,168.956222,-1.4562219999999968
3.23,167.5,0.0,168.956222,-1.4562219999999968
3.24,170.0,0.0,168.956222,1.0437780000000032
3.25,170.0,0.0,168.956222,1.0437780000000032
3.2600000000000002,167.5,0.0,168.956222,-1.4562219999999968
3.27,167.5,0.0,168.956222,-1.4562219999999968
3.2800000000000002,167.5,0.0,168.956222,-1.4562219999999968
3.29,170.0,0.0,168.956222,1.0437780000000032
3.3000000000000003,170.0,0.0,168.956222,1.0437780000000032
3.31,167.5,0.0,168.956222,-1.4562219999999968
3.3200000000000003,167.5,0.0,168.956222,-1.4562219999999968
3.33,167.5,0.0,168.956222,-1.4562219999999968
3.34,167.5,0.0,168.956222,-1.4562219999999968
3.35,167.5,0.0,168.956222,-1.4562219999999968
3.36,170.0,0.0,168.956222,1.0437780000000032
3.37,167.5,0.0,168.956222,-1.4562219999999968
3.38,167.5,0.0,168.956222,-1.4562219999999968
3.39,167.5,0.0,168.956222,-1.4562219999999968
3.4,167.5,0.0,168.956222,-1.4562219999999968
3.41,167.5,0.0,168.956222,-1.4562219999999968
3.42,167.5,0.0,168.956222,-1.4562219999999968
3.43,170.0,0.0,168.956222,1.0437780000000032
3.44,167.5,0.0,168.956222,-1.4562219999999968
3.45,166.25,0.0,168.956222,-2.706221999999997
3.46,167.5,0.0,168.956222,-1.4562219999999968
3.47,167.5,0.0,168.956222,-1.4562219999999968
3.48,167.5,0.0,168.956222,-1.4562219999999968
3.49,170.0,0.0,168.956222,1.0437780000000032
3.5,170.0,0.0,168.956222,1.0437780000000032
3.5100000000000002,167.5,0.0,168.956222,-1.4562219999999968
3.52,170.0,0.0,168.956222,1.0437780000000032
3.5300000000000002,167.5,0.0,168.956222,-1.4562219999999968
3.54,167.5,0.0,168.956222,-1.4562219999999968
3.5500000000000003,167.5,0.0,168.956222,-1.4562219999999968
3.56,170.0,0.0,168.956222,1.0437780000000032
3.5700000000000003,170.0,0.0,168.956222,1.0437780000000032
3.58,167.5,0.0,168.956222,-1.4562219999999968
3.59,167.5,0.0,168.956222,-1.4562219999999968
3.6,166.25,0.0,168.956222,-2.706221999999997
3.61,167.5,0.0,168.956222,-1.4562219999999968
3.62,167.5,0.0,168.956222,-1.4562219999999968
3.63,170.0,0.0,168.956222,1.0437780000000032
3.64,167.5,0.0,168.956222,-1.4562219999999968
3.65,167.5,0.0,168.956222,-1.4562219999999968
3.66,167.5,0.0,168.956222,-1.4562219999999968
3.67,167.5,0.0,168.956222,-1.4562219999999968
3.68,167.5,0.0,168.956222,-1.4562219999999968
3.69,167.5,0.0,168.956222,-1.4562219999999968
3.7,167.5,0.0,168.956222,-1.4562219999999968
3.71,167.5,0.0,168.956222,-1.4562219999999968
3.72,167.5,0.0,168.956222,-1.4562219999999968
3.73,166.25,0.0,168.956222,-2.706221999999997
3.74,167.5,0.0,168.956222,-1.4562219999999968
3.75,170.0,0.0,168.956222,1.0437780000000032
3.7600000000000002,167.5,0.0,168.956222,-1.4562219999999968
3.77,170.0,0.0,168.956222,1.0437780000000032
3.7800000000000002,167.5,0.0,168.956222,-1.4562219999999968
3.79,167.5,0.0,168.956222,-1.4562219999999968
3.8000000000000003,167.5,0.0,168.956222,-1.4562219999999968
3.81,167.5,0.0,168.956222,-1.4562219999999968
3.8200000000000003,170.0,0.0,168.956222,1.0437780000000032
3.83,167.5,0.0,168.956222,-1.4562219999999968
3.84,167.5,0.0,168.956222,-1.4562219999999968
3.85,166.25,0.0,168.956222,-2.706221999999997
3.86,170.0,0.0,168.956222,1.0437780000000032
3.87,166.25,0.0,168.956222,-2.706221999999997
3.88,167.5,0.0,168.956222,-1.4562219999999968
3.89,167.5,0.0,168.956222,-1.4562219999999968
3.9,167.5,0.0,168.956222,-1.4562219999999968
3.91,167.5,0.0,168.956222,-1.4562219999999968
3.92,167.5,0.0,168.956222,-1.4562219999999968
3.93,170.0,0.0,168.956222,1.0437780000000032
3.94,167.5,0.0,168.956222,-1.4562219999999968
3.95,167.5,0.0,168.956222,-1.4562219999999968
3.96,167.5,0.0,168.956222,-1.4562219999999968
3.97,167.5,0.0,168.956222,-1.4562219999999968
3.98,170.0,0.0,168.956222,1.0437780000000032
3.99,167.5,0.0,168.956222,-1.4562219999999968
4.0,170.0,0.0,168.956222,1.0437780000000032
4.01,167.5,0.0,168.956222,-1.4562219999999968
4.0200000000000005,166.25,0.0,168.956222,-2.706221999999997
4.03,166.25,0.0,168.956222,-2.706221999999997
4.04,170.0,0.0,168.956222,1.0437780000000032
4.05,167.5,0.0,168.956222,-1.4562219999999968
4.0600000000000005,166.25,0.0,168.956222,-2.706221999999997
4.07,166.25,0.0,168.956222,-2.706221999999997
4.08,166.25,0.0,168.956222,-2.706221999999997
4.09,170.0,0.0,168.956222,1.0437780000000032
4.1,167.5,0.0,168.956222,-1.4562219999999968
4.11,167.5,0.0,168.956222,-1.4562219999999968
4.12,170.0,0.0,168.956222,1.0437780000000032
4.13,170.0,0.0,168.956222,1.0437780000000032
4.14,167.5,0.0,168.956222,-1.4562219999999968
4.15,167.5,0.0,168.956222,-1.4562219999999968
4.16,167.5,0.0,168.956222,-1.4562219999999968
4.17,167.5,0.0,168.956222,-1.4562219999999968
4.18,170.0,0.0,168.956222,1.0437780000000032
4.19,167.5,0.0,168.956222,-1.4562219999999968
4.2,170.0,0.0,168.956222,1.0437780000000032
4.21,167.5,0.0,168.956222,-1.4562219999999968
4.22,167.5,0.0,168.956222,-1.4562219999999968
4.23,167.5,0.0,168.956222,-1.4562219999999968
4.24,170.0,0.0,168.956222,1.0437780000000032
4.25,170.0,0.0,168.956222,1.0437780000000032
4.26,167.5,0.0,168.956222,-1.4562219999999968
4.2700000000000005,170.0,0.0,168.956222,1.0437780000000032
4.28,167.5,0.0,168.956222,-1.4562219999999968
4.29,167.5,0.0,168.956222,-1.4562219999999968
4.3,166.25,0.0,168.956222,-2.706221999999997
4.3100000000000005,170.0,0.0,168.956222,1.0437780000000032
4.32,167.5,0.0,168.956222,-1.4562219999999968
4.33,167.5,0.0,168.956222,-1.4562219999999968
4.34,170.0,0.0,168.956222,1.0437780000000032
4.3500000000000005,167.5,0.0,168.956222,-1.4562219999999968
4.36,166.25,0.0,168.956222,-2.706221999999997
4.37,167.5,0.0,168.956222,-1.4562219999999968
4.38,170.0,0.0,168.956222,1.0437780000000032
4.39,167.5,0.0,168.956222,-1.4562219999999968
4.4,170.0,0.0,168.956222,1.0437780000000032
4.41,167.5,0.0,168.956222,-1.4562219999999968
4.42,170.0,0.0,168.956222,1.0437780000000032
4.43,170.0,0.0,168.956222,1.0437780000000032
4.44,167.5,0.0,168.956222,-1.4562219999999968
4.45,167.5,0.0,168.956222,-1.4562219999999968
4.46,167.5,0.0,168.956222,-1.4562219999999968
4.47,170.0,0.0,168.956222,1.0437780000000032
4.48,167.5,0.0,168.956222,-1.4562219999999968
4.49,167.5,0.0,168.956222,-1.4562219999999968
4.5,167.5,0.0,168.956222,-1.4562219999999968
4.51,167.5,0.0,168.956222,-1.4562219999999968
4.5200000000000005,167.5,0.0,168.956222,-1.4562219999999968
4.53,167.5,0.0,168.956222,-1.4562219999999968
4.54,167.5,0.0,168.956222,-1.4562219999999968
4.55,167.5,0.0,168.956222,-1.4562219999999968
4.5600000000000005,167.5,0.0,168.956222,-1.4562219999999968
4.57,167.5,0.0,168.956222,-1.4562219999999968
4.58,167.5,0.0,168.956222,-1.4562219999999968
4.59,170.0,0.0,168.956222,1.0437780000000032
4.6000000000000005,167.5,0.0,168.956222,-1.4562219999999968
4.61,167.5,0.0,168.956222,-1.4562219999999968
4.62,167.5,0.0,168.956222,-1.4562219999999968
4.63,170.0,0.0,168.956222,1.0437780000000032
4.64,167.5,0.0,168.956222,-1.4562219999999968
4.65,170.0,0.0,168.956222,1.0437780000000032
4.66,167.5,0.0,168.956222,-1.4562219999999968
4.67,167.5,0.0,168.956222,-1.4562219999999968
4.68,167.5,0.0,168.956222,-1.4562219999999968
4.69,170.0,0.0,168.956222,1.0437780000000032
4.7,170.0,0.0,168.956222,1.0437780000000032
4.71,167.5,0.0,168.956222,-1.4562219999999968
4.72,167.5,0.0,168.956222,-1.4562219999999968
4.73,167.5,0.0,168.956222,-1.4562219999999968
4.74,167.5,0.0,168.956222,-1.4562219999999968
4.75,167.5,0.0,168.956222,-1.4562219999999968
4.76,170.0,0.0,168.956222,1.0437780000000032
4.7700000000000005,167.5,0.0,168.956222,-1.4562219999999968
4.78,166.25,0.0,168.956222,-2.706221999999997
4.79,167.5,0.0,168.956222,-1.4562219999999968
4.8,167.5,0.0,168.956222,-1.4562219999999968
4.8100000000000005,170.0,0.0,168.956222,1.0437780000000032
4.82,167.5,0.0,168.956222,-1.4562219999999968
4.83,170.0,0.0,168.956222,1.0437780000000032
4.84,167.5,0.0,168.956222,-1.4562219999999968
4.8500000000000005,167.5,0.0,168.956222,-1.4562219999999968
4.86,167.5,0.0,168.956222,-1.4562219999999968
4.87,170.0,0.0,168.956222,1.0437780000000032
4.88,167.5,0.0,168.956222,-1.4562219999999968
4.89,167.5,0.0,168.956222,-1.4562219999999968
4.9,170.0,0.0,168.956222,1.0437780000000032
4.91,167.5,0.0,168.956222,-1.4562219999999968
4.92,166.25,0.0,168.956222,-2.706221999999997
4.93,167.5,0.0,168.956222,-1.4562219999999968
4.94,170.0,0.0,168.956222,1.0437780000000032
4.95,166.25,0.0,168.956222,-2.706221999999997
4.96,167.5,0.0,168.956222,-1.4562219999999968
4.97,170.0,0.0,168.956222,1.0437780000000032
4.98,167.5,0.0,168.956222,-1.4562219999999968
4.99,170.0,0.0,168.956222,1.0437780000000032
5.0,167.5,0.0,168.956222,-1.4562219999999968
5.01,167.5,0.0,168.956222,-1.4562219999999968
5.0200000000000005,167.5,0.0,168.956222,-1.4562219999999968
5.03,167.5,0.0,168.956222,-1.4562219999999968
5.04,170.0,0.0,168.956222,1.0437780000000032
5.05,167.5,0.0,168.956222,-1.4562219999999968
5.0600000000000005,167.5,0.0,168.956222,-1.4562219999999968
5.07,167.5,0.0,168.956222,-1.4562219999999968
5.08,167.5,0.0,168.956222,-1.4562219999999968
5.09,166.25,0.0,168.956222,-2.706221999999997
5.1000000000000005,170.0,0.0,168.956222,1.0437780000000032
5.11,170.0,0.0,168.956222,1.0437780000000032
5.12,167.5,0.0,168.956222,-1.4562219999999968
5.13,166.25,0.0,168.956222,-2.706221999999997
5.14,167.5,0.0,168.956222,-1.4562219999999968
5.15,170.0,0.0,168.956222,1.0437780000000032
5.16,167.5,0.0,168.956222,-1.4562219999999968
5.17,170.0,0.0,168.956222,1.0437780000000032
5.18,167.5,0.0,168.956222,-1.4562219999999968
5.19,170.0,0.0,168.956222,1.0437780000000032
5.2,167.5,0.0,168.956222,-1.4562219999999968
5.21,167.5,0.0,168.956222,-1.4562219999999968
5.22,170.0,0.0,168.956222,1.0437780000000032
5.23,167.5,0.0,168.956222,-1.4562219999999968
5.24,167.5,0.0,168.956222,-1.4562219999999968
5.25,167.5,0.0,168.956222,-1.4562219999999968
5.26,170.0,0.0,168.956222,1.0437780000000032
5.2700000000000005,167.5,0.0,168.956222,-1.4562219999999968
5.28,167.5,0.0,168.956222,-1.4562219999999968
5.29,167.5,0.0,168.956222,-1.4562219999999968
5.3,167.5,0.0,168.956222,-1.4562219999999968
5.3100000000000005,167.5,0.0,168.956222,-1.4562219999999968
5.32,167.5,0.0,168.956222,-1.4562219999999968
5.33,170.0,0.0,168.956222,1.0437780000000032
5.34,166.25,0.0,168.956222,-2.706221999999997
5.3500000000000005,170.0,0.0,168.956222,1.0437780000000032
5.36,167.5,0.0,168.956222,-1.4562219999999968
5.37,167.5,0.0,168.956222,-1.4562219999999968
5.38,167.5,0.0,168.956222,-1.4562219999999968
5.39,170.0,0.0,168.956222,1.0437780000000032
5.4,167.5,0.0,168.956222,-1.4562219999999968
5.41,167.5,0.0,168.956222,-1.4562219999999968
5.42,167.5,0.0,168.956222,-1.4562219999999968
5.43,167.5,0.0,168.956222,-1.4562219999999968
5.44,170.0,0.0,168.956222,1.0437780000000032
5.45,167.5,0.0,168.956222,-1.4562219999999968
5.46,167.5,0.0,168.956222,-1.4562219999999968
5.47,170.0,0.0,168.956222,1.0437780000000032
5.48,167.5,0.0,168.956222,-1.4562219999999968
5.49,170.0,0.0,168.956222,1.0437780000000032
5.5,167.5,0.0,168.956222,-1.4562219999999968
5.51,170.0,0.0,168.956222,1.0437780000000032
5.5200000000000005,167.5,0.0,168.956222,-1.4562219999999968
5.53,167.5,0.0,168.956222,-1.4562219999999968
5.54,167.5,0.0,168.956222,-1.4562219999999968
5.55,167.5,0.0,168.956222,-1.4562219999999968
5.5600000000000005,167.5,0.0,168.956222,-1.4562219999999968
5.57,170.0,0.0,168.956222,1.0437780000000032
5.58,167.5,0.0,168.956222,-1.4562219999999968
5.59,166.25,0.0,168.956222,-2.706221999999997
5.6000000000000005,167.5,0.0,168.956222,-1.4562219999999968
5.61,167.5,0.0,168.956222,-1.4562219999999968
5.62,167.5,0.0,168.956222,-1.4562219999999968
5.63,167.5,0.0,168.956222,-1.4562219999999968
5.64,170.0,0.0,168.956222,1.0437780000000032
5.65,166.25,0.0,168.956222,-2.706221999999997
5.66,170.0,0.0,168.956222,1.0437780000000032
5.67,166.25,0.0,168.956222,-2.706221999999997
5.68,167.5,0.0,168.956222,-1.4562219999999968
5.69,167.5,0.0,168.956222,-1.4562219999999968
5.7,167.5,0.0,168.956222,-1.4562219999999968
5.71,167.5,0.0,168.956222,-1.4562219999999968
5.72,167.5,0.0,168.956222,-1.4562219999999968
5.73,170.0,0.0,168.956222,1.0437780000000032
5.74,167.5,0.0,168.956222,-1.4562219999999968
5.75,170.0,0.0,168.956222,1.0437780000000032
5.76,167.5,0.0,168.956222,-1.4562219999999968
5.7700000000000005,167.5,0.0,168.956222,-1.4562219999999968
5.78,167.5,0.0,168.956222,-1.4562219999999968
5.79,167.5,0.0,168.956222,-1.4562219999999968
5.8,167.5,0.0,168.956222,-1.4562219999999968
5.8100000000000005,170.0,0.0,168.956222,1.0437780000000032
5.82,170.0,0.0,168.956222,1.0437780000000032
5.83,167.5,0.0,168.956222,-1.4562219999999968
5.84,167.5,0.0,168.956222,-1.4562219999999968
5.8500000000000005,166.25,0.0,168.956222,-2.706221999999997
5.86,167.5,0.0,168.956222,-1.4562219999999968
5.87,167.5,0.0,168.956222,-1.4562219999999968
5.88,167.5,0.0,168.956222,-1.4562219999999968
5.89,167.5,0.0,168.956222,-1.4562219999999968
5.9,167.5,0.0,168.956222,-1.4562219999999968
5.91,166.25,0.0,168.956222,-2.706221999999997
5.92,170.0,0.0,168.956222,1.0437780000000032
5.93,167.5,0.0,168.956222,-1.4562219999999968
5.94,170.0,0.0,168.956222,1.0437780000000032
5.95,167.5,0.0,168.956222,-1.4562219999999968
5.96,170.0,0.0,168.956222,1.0437780000000032
5.97,167.5,0.0,168.956222,-1.4562219999999968
5.98,167.5,0.0,168.956222,-1.4562219999999968
5.99,170.0,0.0,168.956222,1.0437780000000032
6.0,170.0,0.0,168.956222,1.0437780000000032
6.01,166.25,0.0,168.956222,-2.706221999999997
6.0200000000000005,167.5,0.0,168.956222,-1.4562219999999968
6.03,167.5,0.0,168.956222,-1.4562219999999968
6.04,167.5,0.0,168.956222,-1.4562219999999968
6.05,167.5,0.0,168.956222,-1.4562219999999968
6.0600000000000005,167.5,0.0,168.956222,-1.4562219999999968
6.07,170.0,0.0,168.956222,1.0437780000000032
6.08,167.5,0.0,168.956222,-1.4562219999999968
6.09,170.0,0.0,168.956222,1.0437780000000032
6.1000000000000005,170.0,0.0,168.956222,1.0437780000000032
6.11,167.5,0.0,168.956222,-1.4562219999999968
6.12,170.0,0.0,168.956222,1.0437780000000032
6.13,167.5,0.0,168.956222,-1.4562219999999968
6.140000000000001,167.5,0.0,168.956222,-1.4562219999999968
6.15,167.5,0.0,168.956222,-1.4562219999999968
6.16,170.0,0.0,168.956222,1.0437780000000032
6.17,167.5,0.0,168.956222,-1.4562219999999968
6.18,170.0,0.0,168.956222,1.0437780000000032
6.19,167.5,0.0,168.956222,-1.4562219999999968
6.2,167.5,0.0,168.956222,-1.4562219999999968
6.21,167.5,0.0,168.956222,-1.4562219999999968
6.22,167.5,0.0,168.956222,-1.4562219999999968
6.23,170.0,0.0,168.956222,1.0437780000000032
6.24,166.25,0.0,168.956222,-2.706221999999997
6.25,170.0,0.0,168.956222,1.0437780000000032
6.26,167.5,0.0,168.956222,-1.4562219999999968
6.2700000000000005,167.5,0.0,168.956222,-1.4562219999999968
6.28,167.5,0.0,168.956222,-1.4562219999999968
6.29,166.25,0.0,168.956222,-2.706221999999997
6.3,167.5,0.0,168.956222,-1.4562219999999968
6.3100000000000005,167.5,0.0,168.956222,-1.4562219999999968
6.32,170.0,0.0,168.956222,1.0437780000000032
6.33,167.5,0.0,168.956222,-1.4562219999999968
6.34,167.5,0.0,168.956222,-1.4562219999999968
6.3500000000000005,167.5,0.0,168.956222,-1.4562219999999968
6.36,167.5,0.0,168.956222,-1.4562219999999968
6.37,167.5,0.0,168.956222,-1.4562219999999968
6.38,167.5,0.0,168.956222,-1.4562219999999968
6.390000000000001,170.0,0.0,168.956222,1.0437780000000032
6.4,167.5,0.0,168.956222,-1.4562219999999968
6.41,167.5,0.0,168.956222,-1.4562219999999968
6.42,167.5,0.0,168.956222,-1.4562219999999968
6.43,170.0,0.0,168.956222,1.0437780000000032
6.44,170.0,0.0,168.956222,1.0437780000000032
6.45,166.25,0.0,168.956222,-2.706221999999997
6.46,170.0,0.0,168.956222,1.0437780000000032
6.47,167.5,0.0,168.956222,-1.4562219999999968
6.48,167.5,0.0,168.956222,-1.4562219999999968
6.49,167.5,0.0,168.956222,-1.4562219999999968
6.5,167.5,0.0,168.956222,-1.4562219999999968
6.51,166.25,0.0,168.956222,-2.706221999999997
6.5200000000000005,166.25,0.0,168.956222,-2.706221999999997
6.53,166.25,0.0,168.956222,-2.706221999999997
6.54,167.5,0.0,168.956222,-1.4562219999999968
6.55,167.5,0.0,168.956222,-1.4562219999999968
6.5600000000000005,167.5,0.0,168.956222,-1.4562219999999968
6.57,166.25,0.0,168.956222,-2.706221999999997
6.58,167.5,0.0,168.956222,-1.4562219999999968
6.59,170.0,0.0,168.956222,1.0437780000000032
6.6000000000000005,170.0,0.0,168.956222,1.0437780000000032
6.61,170.0,0.0,168.956222,1.0437780000000032
6.62,166.25,0.0,168.956222,-2.706221999999997
6.63,167.5,0.0,168.956222,-1.4562219999999968
6.640000000000001,167.5,0.0,168.956222,-1.4562219999999968
6.65,167.5,0.0,168.956222,-1.4562219999999968
6.66,167.5,0.0,168.956222,-1.4562219999999968
6.67,167.5,0.0,168.956222,-1.4562219999999968
6.68,170.0,0.0,168.956222,1.0437780000000032
6.69,167.5,0.0,168.956222,-1.4562219999999968
6.7,170.0,0.0,168.956222,1.0437780000000032
6.71,167.5,0.0,168.956222,-1.4562219999999968
6.72,167.5,0.0,168.956222,-1.4562219999999968
6.73,170.0,0.0,168.956222,1.0437780000000032
6.74,167.5,0.0,168.956222,-1.4562219999999968
6.75,166.25,0.0,168.956222,-2.706221999999997
6.76,167.5,0.0,168.956222,-1.4562219999999968
6.7700000000000005,166.25,0.0,168.956222,-2.706221999999997
6.78,167.5,0.0,168.956222,-1.4562219999999968
6.79,167.5,0.0,168.956222,-1.4562219999999968
6.8,167.5,0.0,168.956222,-1.4562219999999968
6.8100000000000005,167.5,0.0,168.956222,-1.4562219999999968
6.82,167.5,0.0,168.956222,-1.4562219999999968
6.83,167.5,0.0,168.956222,-1.4562219999999968
6.84,167.5,0.0,168.956222,-1.4562219999999968
6.8500000000000005,170.0,0.0,168.956222,1.0437780000000032
6.86,166.25,0.0,168.956222,-2.706221999999997
6.87,167.5,0.0,168.956222,-1.4562219999999968
6.88,170.0,0.0,168.956222,1.0437780000000032
6.890000000000001,166.25,0.0,168.956222,-2.706221999999997
6.9,167.5,0.0,168.956222,-1.4562219999999968
6.91,170.0,0.0,168.956222,1.0437780000000032
6.92,166.25,0.0,168.956222,-2.706221999999997
6.93,170.0,0.0,168.956222,1.0437780000000032
6.94,166.25,0.0,168.956222,-2.706221999999997
6.95,167.5,0.0,168.956222,-1.4562219999999968
6.96,166.25,0.0,168.956222,-2.706221999999997
6.97,167.5,0.0,168.956222,-1.4562219999999968
6.98,166.25,0.0,168.956222,-2.706221999999997
6.99,167.5,0.0,168.956222,-1.4562219999999968
7.0,167.5,0.0,168.956222,-1.4562219999999968
7.01,167.5,0.0,168.956222,-1.4562219999999968
7.0200000000000005,167.5,0.0,168.956222,-1.4562219999999968
7.03,170.0,0.0,168.956222,1.0437780000000032
7.04,167.5,0.0,168.956222,-1.4562219999999968
7.05,167.5,0.0,168.956222,-1.4562219999999968
7.0600000000000005,167.5,0.0,168.956222,-1.4562219999999968
7.07,167.5,0.0,168.956222,-1.4562219999999968
7.08,167.5,0.0,168.956222,-1.4562219999999968
7.09,166.25,0.0,168.956222,-2.706221999999997
7.1000000000000005,167.5,0.0,168.956222,-1.4562219999999968
7.11,166.25,0.0,168.956222,-2.706221999999997
7.12,170.0,0.0,168.956222,1.0437780000000032
7.13,167.5,0.0,168.956222,-1.4562219999999968
7.140000000000001,170.0,0.0,168.956222,1.0437780000000032
7.15,167.5,0.0,168.956222,-1.4562219999999968
7.16,170.0,0.0,168.956222,1.0437780000000032
7.17,167.5,0.0,168.956222,-1.4562219999999968
7.18,170.0,0.0,168.956222,1.0437780000000032
7.19,166.25,0.0,168.956222,-2.706221999999997
7.2,167.5,0.0,168.956222,-1.4562219999999968
7.21,167.5,0.0,168.956222,-1.4562219999999968
7.22,170.0,0.0,168.956222,1.0437780000000032
7.23,170.0,0.0,168.956222,1.0437780000000032
7.24,167.5,0.0,168.956222,-1.4562219999999968
7.25,167.5,0.0,168.956222,-1.4562219999999968
7.26,166.25,0.0,168.956222,-2.706221999999997
7.2700000000000005,170.0,0.0,168.956222,1.0437780000000032
7.28,167.5,0.0,168.956222,-1.4562219999999968
7.29,167.5,0.0,168.956222,-1.4562219999999968
7.3,170.0,0.0,168.956222,1.0437780000000032
7.3100000000000005,170.0,0.0,168.956222,1.0437780000000032
7.32,170.0,0.0,168.956222,1.0437780000000032
7.33,167.5,0.0,168.956222,-1.4562219999999968
7.34,170.0,0.0,168.956222,1.0437780000000032
7.3500000000000005,166.25,0.0,168.956222,-2.706221999999997
7.36,167.5,0.0,168.956222,-1.4562219999999968
7.37,170.0,0.0,168.956222,1.0437780000000032
7.38,167.5,0.0,168.956222,-1.4562219999999968
7.390000000000001,170.0,0.0,168.956222,1.0437780000000032
7.4,166.25,0.0,168.956222,-2.706221999999997
7.41,167.5,0.0,168.956222,-1.4562219999999968
7.42,167.5,0.0,168.956222,-1.4562219999999968
7.43,166.25,0.0,168.956222,-2.706221999999997
7.44,170.0,0.0,168.956222,1.0437780000000032
7.45,170.0,0.0,168.956222,1.0437780000000032
7.46,167.5,0.0,168.956222,-1.4562219999999968
7.47,166.25,0.0,168.956222,-2.706221999999997
7.48,167.5,0.0,168.956222,-1.4562219999999968
7.49,170.0,0.0,168.956222,1.0437780000000032
7.5,170.0,0.0,168.956222,1.0437780000000032
7.51,167.5,0.0,168.956222,-1.4562219999999968
7.5200000000000005,167.5,0.0,168.956222,-1.4562219999999968
7.53,167.5,0.0,168.956222,-1.4562219999999968
7.54,166.25,0.0,168.956222,-2.706221999999997
7.55,167.5,0.0,168.956222,-1.4562219999999968
7.5600000000000005,170.0,0.0,168.956222,1.0437780000000032
7.57,170.0,0.0,168.956222,1.0437780000000032
7.58,167.5,0.0,168.956222,-1.4562219999999968
7.59,167.5,0.0,168.956222,-1.4562219999999968
7.6000000000000005,167.5,0.0,168.956222,-1.4562219999999968
7.61,170.0,0.0,168.956222,1.0437780000000032
7.62,167.5,0.0,168.956222,-1.4562219999999968
7.63,167.5,0.0,168.956222,-1.4562219999999968
7.640000000000001,167.5,0.0,168.956222,-1.4562219999999968
7.65,170.0,0.0,168.956222,1.0437780000000032
7.66,170.0,0.0,168.956222,1.0437780000000032
7.67,166.25,0.0,168.956222,-2.706221999999997
7.68,170.0,0.0,168.956222,1.0437780000000032
7.69,166.25,0.0,168.956222,-2.706221999999997
7.7,170.0,0.0,168.956222,1.0437780000000032
7.71,167.5,0.0,168.956222,-1.4562219999999968
7.72,170.0,0.0,168.956222,1.0437780000000032
7.73,167.5,0.0,168.956222,-1.4562219999999968
7.74,167.5,0.0,168.956222,-1.4562219999999968
7.75,167.5,0.0,168.956222,-1.4562219999999968
7.76,167.5,0.0,168.956222,-1.4562219999999968
7.7700000000000005,170.0,0.0,168.956222,1.0437780000000032
7.78,167.5,0.0,168.956222,-1.4562219999999968
7.79,166.25,0.0,168.956222,-2.706221999999997
7.8,167.5,0.0,168.956222,-1.4562219999999968
7.8100000000000005,167.5,0.0,168.956222,-1.4562219999999968
7.82,170.0,0.0,168.956222,1.0437780000000032
7.83,166.25,0.0,168.956222,-2.706221999999997
7.84,167.5,0.0,168.956222,-1.4562219999999968
7.8500000000000005,167.5,0.0,168.956222,-1.4562219999999968
7.86,167.5,0.0,168.956222,-1.4562219999999968
7.87,167.5,0.0,168.956222,-1.4562219999999968
7.88,166.25,0.0,168.956222,-2.706221999999997
7.890000000000001,167.5,0.0,168.956222,-1.4562219999999968
7.9,166.25,0.0,168.956222,-2.706221999999997
7.91,167.5,0.0,168.956222,-1.4562219999999968
7.92,167.5,0.0,168.956222,-1.4562219999999968
7.930000000000001,170.0,0.0,168.956222,1.0437780000000032
7.94,167.5,0.0,168.956222,-1.4562219999999968
7.95,167.5,0.0,168.956222,-1.4562219999999968
7.96,167.5,0.0,168.956222,-1.4562219999999968
7.97,170.0,0.0,168.956222,1.0437780000000032
7.98,167.5,0.0,168.956222,-1.4562219999999968
7.99,170.0,0.0,168.956222,1.0437780000000032
8.0,167.5,0.0,168.956222,-1.4562219999999968
8.01,170.0,0.0,168.956222,1.0437780000000032
8.02,170.0,0.0,168.956222,1.0437780000000032
8.03,167.5,0.0,168.956222,-1.4562219999999968
8.040000000000001,170.0,0.0,168.956222,1.0437780000000032
8.05,167.5,0.0,168.956222,-1.4562219999999968
8.06,166.25,0.0,168.956222,-2.706221999999997
8.07,167.5,0.0,168.956222,-1.4562219999999968
8.08,170.0,0.0,168.956222,1.0437780000000032
8.09,167.5,0.0,168.956222,-1.4562219999999968
8.1,170.0,0.0,168.956222,1.0437780000000032
8.11,167.5,0.0,168.956222,-1.4562219999999968
8.120000000000001,167.5,0.0,168.956222,-1.4562219999999968
8.13,166.25,0.0,168.956222,-2.706221999999997
8.14,167.5,0.0,168.956222,-1.4562219999999968
8.15,170.0,0.0,168.956222,1.0437780000000032
8.16,167.5,0.0,168.956222,-1.4562219999999968
8.17,167.5,0.0,168.956222,-1.4562219999999968
8.18,170.0,0.0,168.956222,1.0437780000000032
8.19,167.5,0.0,168.956222,-1.4562219999999968
8.2,167.5,0.0,168.956222,-1.4562219999999968
8.21,167.5,0.0,168.956222,-1.4562219999999968
8.22,170.0,0.0,168.956222,1.0437780000000032
8.23,167.5,0.0,168.956222,-1.4562219999999968
8.24,166.25,0.0,168.956222,-2.706221999999997
8.25,167.5,0.0,168.956222,-1.4562219999999968
8.26,170.0,0.0,168.956222,1.0437780000000032
8.27,170.0,0.0,168.956222,1.0437780000000032
8.28,167.5,0.0,168.956222,-1.4562219999999968
8.290000000000001,167.5,0.0,168.956222,-1.4562219999999968
8.3,167.5,0.0,168.956222,-1.4562219999999968
8.31,167.5,0.0,168.956222,-1.4562219999999968
8.32,166.25,0.0,168.956222,-2.706221999999997
8.33,167.5,0.0,168.956222,-1.4562219999999968
8.34,167.5,0.0,168.956222,-1.4562219999999968
8.35,167.5,0.0,168.956222,-1.4562219999999968
8.36,170.0,0.0,168.956222,1.0437780000000032
8.370000000000001,167.5,0.0,168.956222,-1.4562219999999968
8.38,170.0,0.0,168.956222,1.0437780000000032
8.39,167.5,0.0,168.956222,-1.4562219999999968
8.4,170.0,0.0,168.956222,1.0437780000000032
8.41,167.5,0.0,168.956222,-1.4562219999999968
8.42,170.0,0.0,168.956222,1.0437780000000032
8.43,167.5,0.0,168.956222,-1.4562219999999968
8.44,167.5,0.0,168.956222,-1.4562219999999968
8.45,167.5,0.0,168.956222,-1.4562219999999968
8.46,167.5,0.0,168.956222,-1.4562219999999968
8.47,167.5,0.0,168.956222,-1.4562219999999968
8.48,167.5,0.0,168.956222,-1.4562219999999968
8.49,170.0,0.0,168.956222,1.0437780000000032
8.5,167.5,0.0,168.956222,-1.4562219999999968
8.51,167.5,0.0,168.956222,-1.4562219999999968
8.52,170.0,0.0,168.956222,1.0437780000000032
8.53,167.5,0.0,168.956222,-1.4562219999999968
8.540000000000001,167.5,0.0,168.956222,-1.4562219999999968
8.55,166.25,0.0,168.956222,-2.706221999999997
8.56,170.0,0.0,168.956222,1.0437780000000032
8.57,167.5,0.0,168.956222,-1.4562219999999968
8.58,167.5,0.0,168.956222,-1.4562219999999968
8.59,167.5,0.0,168.956222,-1.4562219999999968
8.6,167.5,0.0,168.956222,-1.4562219999999968
8.61,166.25,0.0,168.956222,-2.706221999999997
8.620000000000001,167.5,0.0,168.956222,-1.4562219999999968
8.63,167.5,0.0,168.956222,-1.4562219999999968
8.64,167.5,0.0,168.956222,-1.4562219999999968
8.65,170.0,0.0,168.956222,1.0437780000000032
8.66,167.5,0.0,168.956222,-1.4562219999999968
8.67,166.25,0.0,168.956222,-2.706221999999997
8.68,167.5,0.0,168.956222,-1.4562219999999968
8.69,170.0,0.0,168.956222,1.0437780000000032
8.700000000000001,167.5,0.0,168.956222,-1.4562219999999968
8.71,166.25,0.0,168.956222,-2.706221999999997
8.72,170.0,0.0,168.956222,1.0437780000000032
8.73,166.25,0.0,168.956222,-2.706221999999997
8.74,167.5,0.0,168.956222,-1.4562219999999968
8.75,167.5,0.0,168.956222,-1.4562219999999968
8.76,167.5,0.0,168.956222,-1.4562219999999968
8.77,167.5,0.0,168.956222,-1.4562219999999968
8.78,167.5,0.0,168.956222,-1.4562219999999968
8.790000000000001,167.5,0.0,168.956222,-1.4562219999999968
8.8,167.5,0.0,168.956222,-1.4562219999999968
8.81,170.0,0.0,168.956222,1.0437780000000032
8.82,167.5,0.0,168.956222,-1.4562219999999968
8.83,170.0,0.0,168.956222,1.0437780000000032
8.84,167.5,0.0,168.956222,-1.4562219999999968
8.85,167.5,0.0,168.956222,-1.4562219999999968
8.86,167.5,0.0,168.956222,-1.4562219999999968
8.870000000000001,167.5,0.0,168.956222,-1.4562219999999968
8.88,167.5,0.0,168.956222,-1.4562219999999968
8.89,167.5,0.0,168.956222,-1.4562219999999968
8.9,170.0,0.0,168.956222,1.0437780000000032
8.91,167.5,0.0,168.956222,-1.4562219999999968
8.92,167.5,0.0,168.956222,-1.4562219999999968
8.93,167.5,0.0,168.956222,-1.4562219999999968
8.94,170.0,0.0,168.956222,1.0437780000000032
8.950000000000001,167.5,0.0,168.956222,-1.4562219999999968
8.96,170.0,0.0,168.956222,1.0437780000000032
8.97,170.0,0.0,168.956222,1.0437780000000032
8.98,166.25,0.0,168.956222,-2.706221999999997
8.99,170.0,0.0,168.956222,1.0437780000000032
9.0,167.5,0.0,168.956222,-1.4562219999999968
9.01,167.5,0.0,168.956222,-1.4562219999999968
9.02,167.5,0.0,168.956222,-1.4562219999999968
9.03,167.5,0.0,168.956222,-1.4562219999999968
9.040000000000001,170.0,0.0,168.956222,1.0437780000000032
9.05,170.0,0.0,168.956222,1.0437780000000032
9.06,167.5,0.0,168.956222,-1.4562219999999968
9.07,167.5,0.0,168.956222,-1.4562219999999968
9.08,167.5,0.0,168.956222,-1.4562219999999968
9.09,167.5,0.0,168.956222,-1.4562219999999968
9.1,167.5,0.0,168.956222,-1.4562219999999968
9.11,167.5,0.0,168.956222,-1.4562219999999968
9.120000000000001,167.5,0.0,168.956222,-1.4562219999999968
9.13,166.25,0.0,168.956222,-2.706221999999997
9.14,170.0,0.0,168.956222,1.0437780000000032
9.15,167.5,0.0,168.956222,-1.4562219999999968
9.16,166.25,0.0,168.956222,-2.706221999999997
9.17,167.5,0.0,168.956222,-1.4562219999999968
9.18,167.5,0.0,168.956222,-1.4562219999999968
9.19,170.0,0.0,168.956222,1.0437780000000032
9.200000000000001,167.5,0.0,168.956222,-1.4562219999999968
9.21,167.5,0.0,168.956222,-1.4562219999999968
9.22,167.5,0.0,168.956222,-1.4562219999999968
9.23,166.25,0.0,168.956222,-2.706221999999997
9.24,167.5,0.0,168.956222,-1.4562219999999968
9.25,167.5,0.0,168.956222,-1.4562219999999968
9.26,167.5,0.0,168.956222,-1.4562219999999968
9.27,167.5,0.0,168.956222,-1.4562219999999968
9.28,170.0,0.0,168.956222,1.0437780000000032
9.290000000000001,167.5,0.0,168.956222,-1.4562219999999968
9.3,170.0,0.0,168.956222,1.0437780000000032
9.31,167.5,0.0,168.956222,-1.4562219999999968
9.32,166.25,0.0,168.956222,-2.706221999999997
9.33,166.25,0.0,168.956222,-2.706221999999997
9.34,167.5,0.0,168.956222,-1.4562219999999968
9.35,170.0,0.0,168.956222,1.0437780000000032
9.36,167.5,0.0,168.956222,-1.4562219999999968
9.370000000000001,170.0,0.0,168.956222,1.0437780000000032
9.38,167.5,0.0,168.956222,-1.4562219999999968
9.39,167.5,0.0,168.956222,-1.4562219999999968
9.4,167.5,0.0,168.956222,-1.4562219999999968
9.41,170.0,0.0,168.956222,1.0437780000000032
9.42,170.0,0.0,168.956222,1.0437780000000032
9.43,167.5,0.0,168.956222,-1.4562219999999968
9.44,167.5,0.0,168.956222,-1.4562219999999968
9.450000000000001,167.5,0.0,168.956222,-1.4562219999999968
9.46,170.0,0.0,168.956222,1.0437780000000032
9.47,167.5,0.0,168.956222,-1.4562219999999968
9.48,170.0,0.0,168.956222,1.0437780000000032
9.49,170.0,0.0,168.956222,1.0437780000000032
9.5,167.5,0.0,168.956222,-1.4562219999999968
9.51,170.0,0.0,168.956222,1.0437780000000032
9.52,167.5,0.0,168.956222,-1.4562219999999968
9.53,167.5,0.0,168.956222,-1.4562219999999968
9.540000000000001,166.25,0.0,168.956222,-2.706221999999997
9.55,170.0,0.0,168.956222,1.0437780000000032
9.56,167.5,0.0,168.956222,-1.4562219999999968
9.57,170.0,0.0,168.956222,1.0437780000000032
9.58,170.0,0.0,168.956222,1.0437780000000032
9.59,167.5,0.0,168.956222,-1.4562219999999968
9.6,167.5,0.0,168.956222,-1.4562219999999968
9.61,167.5,0.0,168.956222,-1.4562219999999968
9.620000000000001,170.0,0.0,168.956222,1.0437780000000032
9.63,167.5,0.0,168.956222,-1.4562219999999968
9.64,167.5,0.0,168.956222,-1.4562219999999968
9.65,167.5,0.0,168.956222,-1.4562219999999968
9.66,170.0,0.0,168.956222,1.0437780000000032
9.67,167.5,0.0,168.956222,-1.4562219999999968
9.68,167.5,0.0,168.956222,-1.4562219999999968
9.69,167.5,0.0,168.956222,-1.4562219999999968
9.700000000000001,167.5,0.0,168.956222,-1.4562219999999968
9.71,170.0,0.0,168.956222,1.0437780000000032
9.72,167.5,0.0,168.956222,-1.4562219999999968
9.73,170.0,0.0,168.956222,1.0437780000000032
9.74,167.5,0.0,168.956222,-1.4562219999999968
9.75,170.0,0.0,168.956222,1.0437780000000032
9.76,170.0,0.0,168.956222,1.0437780000000032
9.77,167.5,0.0,168.956222,-1.4562219999999968
9.78,170.0,0.0,168.956222,1.0437780000000032
9.790000000000001,167.5,0.0,168.956222,-1.4562219999999968
9.8,167.5,0.0,168.956222,-1.4562219999999968
9.81,167.5,0.0,168.956222,-1.4562219999999968
9.82,167.5,0.0,168.956222,-1.4562219999999968
9.83,167.5,0.0,168.956222,-1.4562219999999968
9.84,170.0,0.0,168.956222,1.0437780000000032
9.85,170.0,0.0,168.956222,1.0437780000000032
9.86,167.5,0.0,168.956222,-1.4562219999999968
9.870000000000001,167.5,0.0,168.956222,-1.4562219999999968
9.88,167.5,0.0,168.956222,-1.4562219999999968
9.89,170.0,0.0,168.956222,1.0437780000000032
9.9,167.5,0.0,168.956222,-1.4562219999999968
9.91,167.5,0.0,168.956222,-1.4562219999999968
9.92,166.25,0.0,168.956222,-2.706221999999997
9.93,167.5,0.0,168.956222,-1.4562219999999968
9.94,170.0,0.0,168.956222,1.0437780000000032
9.950000000000001,167.5,0.0,168.956222,-1.4562219999999968
9.96,170.0,0.0,168.956222,1.0437780000000032
9.97,167.5,0.0,168.956222,-1.4562219999999968
9.98,167.5,0.0,168.956222,-1.4562219999999968
9.99,167.5,0.0,168.956222,-1.4562219999999968
10.0,221.25,1.0,220.27790116601886,0.9720988339811356
10.01,221.25,1.0,220.27790116601886,0.9720988339811356
10.02,221.25,1.0,220.27790116601886,0.9720988339811356
10.03,221.25,1.0,220.27790116601886,0.9720988339811356
10.040000000000001,221.25,1.0,220.27790116601886,0.9720988339811356
10.05,221.25,1.0,220.27790116601886,0.9720988339811356
10.06,221.25,1.0,220.27790116601886,0.9720988339811356
10.07,221.25,1.0,220.27790116601886,0.9720988339811356
10.08,221.25,1.0,220.27790116601886,0.9720988339811356
10.09,218.75,1.0,220.27790116601886,-1.5279011660188644
10.1,221.25,1.0,220.27790116601886,0.9720988339811356
10.11,221.25,1.0,220.27790116601886,0.9720988339811356
10.120000000000001,218.75,1.0,220.27790116601886,-1.5279011660188644
10.13,221.25,1.0,220.27790116601886,0.9720988339811356
10.14,221.25,1.0,220.27790116601886,0.9720988339811356
10.15,221.25,1.0,220.27790116601886,0.9720988339811356
10.16,218.75,1.0,220.27790116601886,-1.5279011660188644
10.17,221.25,1.0,220.27790116601886,0.9720988339811356
10.18,221.25,1.0,220.27790116601886,0.9720988339811356
10.19,218.75,1.0,220.27790116601886,-1.5279011660188644
10.200000000000001,221.25,1.0,220.27790116601886,0.9720988339811356
10.21,221.25,1.0,220.27790116601886,0.9720988339811356
10.22,221.25,1.0,220.27790116601886,0.9720988339811356
10.23,221.25,1.0,220.27790116601886,0.9720988339811356
10.24,221.25,1.0,220.27790116601886,0.9720988339811356
10.25,221.25,1.0,220.27790116601886,0.9720988339811356
10.26,221.25,1.0,220.27790116601886,0.9720988339811356
10.27,218.75,1.0,220.27790116601886,-1.5279011660188644
10.28,218.75,1.0,220.27790116601886,-1.5279011660188644
10.290000000000001,218.75,1.0,220.27790116601886,-1.5279011660188644
10.3,221.25,1.0,220.27790116601886,0.9720988339811356
10.31,218.75,1.0,220.27790116601886,-1.5279011660188644
10.32,221.25,1.0,220.27790116601886,0.9720988339811356
10.33,217.5,1.0,220.27790116601886,-2.7779011660188644
10.34,221.25,1.0,220.27790116601886,0.9720988339811356
10.35,221.25,1.0,220.27790116601886,0.9720988339811356
10.36,221.25,1.0,220.27790116601886,0.9720988339811356
10.370000000000001,221.25,1.0,220.27790116601886,0.9720988339811356
10.38,218.75,1.0,220.27790116601886,-1.5279011660188644
10.39,221.25,1.0,220.27790116601886,0.9720988339811356
10.4,221.25,1.0,220.27790116601886,0.9720988339811356
10.41,221.25,1.0,220.27790116601886,0.9720988339811356
10.42,221.25,1.0,220.27790116601886,0.9720988339811356
10.43,221.25,1.0,220.27790116601886,0.9720988339811356
10.44,221.25,1.0,220.27790116601886,0.9720988339811356
10.450000000000001,221.25,1.0,220.27790116601886,0.9720988339811356
10.46,221.25,1.0,220.27790116601886,0.9720988339811356
10.47,218.75,1.0,220.27790116601886,-1.5279011660188644
10.48,221.25,1.0,220.27790116601886,0.9720988339811356
10.49,218.75,1.0,220.27790116601886,-1.5279011660188644
10.5,221.25,1.0,220.27790116601886,0.9720988339811356
10.51,221.25,1.0,220.27790116601886,0.9720988339811356
10.52,221.25,1.0,220.27790116601886,0.9720988339811356
10.53,221.25,1.0,220.27790116601886,0.9720988339811356
10.540000000000001,221.25,1.0,220.27790116601886,0.9720988339811356
10.55,221.25,1.0,220.27790116601886,0.9720988339811356
10.56,221.25,1.0,220.27790116601886,0.9720988339811356
10.57,221.25,1.0,220.27790116601886,0.9720988339811356
10.58,218.75,1.0,220.27790116601886,-1.5279011660188644
10.59,167.5,1.0,220.27790116601886,-52.777901166018864
10.6,221.25,1.0,220.27790116601886,0.9720988339811356
10.61,221.25,1.0,220.27790116601886,0.9720988339811356
10.620000000000001,221.25,1.0,220.27790116601886,0.9720988339811356
10.63,221.25,1.0,220.27790116601886,0.9720988339811356
10.64,221.25,1.0,220.27790116601886,0.9720988339811356
10.65,218.75,1.0,220.27790116601886,-1.5279011660188644
10.66,218.75,1.0,220.27790116601886,-1.5279011660188644
10.67,218.75,1.0,220.27790116601886,-1.5279011660188644
10.68,221.25,1.0,220.27790116601886,0.9720988339811356
10.69,221.25,1.0,220.27790116601886,0.9720988339811356
10.700000000000001,221.25,1.0,220.27790116601886,0.9720988339811356
10.71,221.25,1.0,220.27790116601886,0.9720988339811356
10.72,218.75,1.0,220.27790116601886,-1.5279011660188644
10.73,218.75,1.0,220.27790116601886,-1.5279011660188644
10.74,218.75,1.0,220.27790116601886,-1.5279011660188644
10.75,218.75,1.0,220.27790116601886,-1.5279011660188644
10.76,221.25,1.0,220.27790116601886,0.9720988339811356
10.77,221.25,1.0,220.27790116601886,0.9720988339811356
10.78,221.25,1.0,220.27790116601886,0.9720988339811356
10.790000000000001,221.25,1.0,220.27790116601886,0.9720988339811356
10.8,221.25,1.0,220.27790116601886,0.9720988339811356
10.81,218.75,1.0,220.27790116601886,-1.5279011660188644
10.82,221.25,1.0,220.27790116601886,0.9720988339811356
10.83,221.25,1.0,220.27790116601886,0.9720988339811356
10.84,221.25,1.0,220.27790116601886,0.9720988339811356
10.85,221.25,1.0,220.27790116601886,0.9720988339811356
10.86,221.25,1.0,220.27790116601886,0.9720988339811356
10.870000000000001,221.25,1.0,220.27790116601886,0.9720988339811356
10.88,221.25,1.0,220.27790116601886,0.9720988339811356
10.89,221.25,1.0,220.27790116601886,0.9720988339811356
10.9,218.75,1.0,220.27790116601886,-1.5279011660188644
10.91,218.75,1.0,220.27790116601886,-1.5279011660188644
10.92,218.75,1.0,220.27790116601886,-1.5279011660188644
10.93,221.25,1.0,220.27790116601886,0.9720988339811356
10.94,221.25,1.0,220.27790116601886,0.9720988339811356
10.950000000000001,221.25,1.0,220.27790116601886,0.9720988339811356
10.96,221.25,1.0,220.27790116601886,0.9720988339811356
10.97,218.75,1.0,220.27790116601886,-1.5279011660188644
10.98,221.25,1.0,220.27790116601886,0.9720988339811356
10.99,221.25,1.0,220.27790116601886,0.9720988339811356
11.0,221.25,1.0,220.27790116601886,0.9720988339811356
11.01,218.75,1.0,220.27790116601886,-1.5279011660188644
11.02,221.25,1.0,220.27790116601886,0.9720988339811356
11.03,221.25,1.0,220.27790116601886,0.9720988339811356
11.040000000000001,221.25,1.0,220.27790116601886,0.9720988339811356
11.05,221.25,1.0,220.27790116601886,0.9720988339811356
11.06,221.25,1.0,220.27790116601886,0.9720988339811356
11.07,221.25,1.0,220.27790116601886,0.9720988339811356
11.08,218.75,1.0,220.27790116601886,-1.5279011660188644
11.09,221.25,1.0,220.27790116601886,0.9720988339811356
11.1,218.75,1.0,220.27790116601886,-1.5279011660188644
11.11,221.25,1.0,220.27790116601886,0.9720988339811356
11.120000000000001,221.25,1.0,220.27790116601886,0.9720988339811356
11.13,221.25,1.0,220.27790116601886,0.9720988339811356
11.14,221.25,1.0,220.27790116601886,0.9720988339811356
11.15,221.25,1.0,220.27790116601886,0.9720988339811356
11.16,221.25,1.0,220.27790116601886,0.9720988339811356
11.17,218.75,1.0,220.27790116601886,-1.5279011660188644
11.18,218.75,1.0,220.27790116601886,-1.5279011660188644
11.19,167.5,1.0,220.27790116601886,-52.777901166018864
11.200000000000001,221.25,1.0,220.27790116601886,0.9720988339811356
11.21,221.25,1.0,220.27790116601886,0.9720988339811356
11.22,221.25,1.0,220.27790116601886,0.9720988339811356
11.23,221.25,1.0,220.27790116601886,0.9720988339811356
11.24,221.25,1.0,220.27790116601886,0.9720988339811356
11.25,221.25,1.0,220.27790116601886,0.9720988339811356
11.26,218.75,1.0,220.27790116601886,-1.5279011660188644
11.27,221.25,1.0,220.27790116601886,0.9720988339811356
11.28,221.25,1.0,220.27790116601886,0.9720988339811356
11.290000000000001,221.25,1.0,220.27790116601886,0.9720988339811356
11.3,221.25,1.0,220.27790116601886,0.9720988339811356
11.31,221.25,1.0,220.27790116601886,0.9720988339811356
11.32,221.25,1.0,220.27790116601886,0.9720988339811356
11.33,221.25,1.0,220.27790116601886,0.9720988339811356
11.34,221.25,1.0,220.27790116601886,0.9720988339811356
11.35,221.25,1.0,220.27790116601886,0.9720988339811356
11.36,221.25,1.0,220.27790116601886,0.9720988339811356
11.370000000000001,221.25,1.0,220.27790116601886,0.9720988339811356
11.38,221.25,1.0,220.27790116601886,0.9720988339811356
11.39,221.25,1.0,220.27790116601886,0.9720988339811356
11.4,221.25,1.0,220.27790116601886,0.9720988339811356
11.41,221.25,1.0,220.27790116601886,0.9720988339811356
11.42,218.75,1.0,220.27790116601886,-1.5279011660188644
11.43,221.25,1.0,220.27790116601886,0.9720988339811356
11.44,218.75,1.0,220.27790116601886,-1.5279011660188644
11.450000000000001,218.75,1.0,220.27790116601886,-1.5279011660188644
11.46,221.25,1.0,220.27790116601886,0.9720988339811356
11.47,221.25,1.0,220.27790116601886,0.9720988339811356
11.48,221.25,1.0,220.27790116601886,0.9720988339811356
11.49,221.25,1.0,220.27790116601886,0.9720988339811356
11.5,221.25,1.0,220.27790116601886,0.9720988339811356
11.51,218.75,1.0,220.27790116601886,-1.5279011660188644
11.52,218.75,1.0,220.27790116601886,-1.5279011660188644
11.53,221.25,1.0,220.27790116601886,0.9720988339811356
11.540000000000001,221.25,1.0,220.27790116601886,0.9720988339811356
11.55,218.75,1.0,220.27790116601886,-1.5279011660188644
11.56,218.75,1.0,220.27790116601886,-1.5279011660188644
11.57,221.25,1.0,220.27790116601886,0.9720988339811356
11.58,221.25,1.0,220.27790116601886,0.9720988339811356
11.59,221.25,1.0,220.27790116601886,0.9720988339811356
11.6,223.75,1.0,220.27790116601886,3.4720988339811356
11.61,221.25,1.0,220.27790116601886,0.9720988339811356
11.620000000000001,218.75,1.0,220.27790116601886,-1.5279011660188644
11.63,221.25,1.0,220.27790116601886,0.9720988339811356
11.64,221.25,1.0,220.27790116601886,0.9720988339811356
11.65,221.25,1.0,220.27790116601886,0.9720988339811356
11.66,221.25,1.0,220.27790116601886,0.9720988339811356
11.67,221.25,1.0,220.27790116601886,0.9720988339811356
11.68,221.25,1.0,220.27790116601886,0.9720988339811356
11.69,221.25,1.0,220.27790116601886,0.9720988339811356
11.700000000000001,221.25,1.0,220.27790116601886,0.9720988339811356
11.71,218.75,1.0,220.27790116601886,-1.5279011660188644
11.72,221.25,1.0,220.27790116601886,0.9720988339811356
11.73,221.25,1.0,220.27790116601886,0.9720988339811356
11.74,218.75,1.0,220.27790116601886,-1.5279011660188644
11.75,221.25,1.0,220.27790116601886,0.9720988339811356
11.76,218.75,1.0,220.27790116601886,-1.5279011660188644
11.77,221.25,1.0,220.27790116601886,0.9720988339811356
11.78,221.25,1.0,220.27790116601886,0.9720988339811356
11.790000000000001,170.0,1.0,220.27790116601886,-50.277901166018864
11.8,218.75,1.0,220.27790116601886,-1.5279011660188644
11.81,221.25,1.0,220.27790116601886,0.9720988339811356
11.82,218.75,1.0,220.27790116601886,-1.5279011660188644
11.83,221.25,1.0,220.27790116601886,0.9720988339811356
11.84,221.25,1.0,220.27790116601886,0.9720988339811356
11.85,221.25,1.0,220.27790116601886,0.9720988339811356
11.86,221.25,1.0,220.27790116601886,0.9720988339811356
11.870000000000001,218.75,1.0,220.27790116601886,-1.5279011660188644
11.88,221.25,1.0,220.27790116601886,0.9720988339811356
11.89,218.75,1.0,220.27790116601886,-1.5279011660188644
11.9,221.25,1.0,220.27790116601886,0.9720988339811356
11.91,221.25,1.0,220.27790116601886,0.9720988339811356
11.92,221.25,1.0,220.27790116601886,0.9720988339811356
11.93,221.25,1.0,220.27790116601886,0.9720988339811356
11.94,221.25,1.0,220.27790116601886,0.9720988339811356
11.950000000000001,221.25,1.0,220.27790116601886,0.9720988339811356
11.96,218.75,1.0,220.27790116601886,-1.5279011660188644
11.97,221.25,1.0,220.27790116601886,0.9720988339811356
11.98,218.75,1.0,220.27790116601886,-1.5279011660188644
11.99,221.25,1.0,220.27790116601886,0.9720988339811356
12.0,221.25,1.0,220.27790116601886,0.9720988339811356
12.01,221.25,1.0,220.27790116601886,0.9720988339811356
12.02,221.25,1.0,220.27790116601886,0.9720988339811356
12.030000000000001,221.25,1.0,220.27790116601886,0.9720988339811356
12.040000000000001,221.25,1.0,220.27790116601886,0.9720988339811356
12.05,218.75,1.0,220.27790116601886,-1.5279011660188644
12.06,221.25,1.0,220.27790116601886,0.9720988339811356
12.07,221.25,1.0,220.27790116601886,0.9720988339811356
12.08,218.75,1.0,220.27790116601886,-1.5279011660188644
12.09,221.25,1.0,220.27790116601886,0.9720988339811356
12.1,221.25,1.0,220.27790116601886,0.9720988339811356
12.11,221.25,1.0,220.27790116601886,0.9720988339811356
12.120000000000001,218.75,1.0,220.27790116601886,-1.5279011660188644
12.13,221.25,1.0,220.27790116601886,0.9720988339811356
12.14,218.75,1.0,220.27790116601886,-1.5279011660188644
12.15,221.25,1.0,220.27790116601886,0.9720988339811356
12.16,218.75,1.0,220.27790116601886,-1.5279011660188644
12.17,221.25,1.0,220.27790116601886,0.9720988339811356
12.18,218.75,1.0,220.27790116601886,-1.5279011660188644
12.19,221.25,1.0,220.27790116601886,0.9720988339811356
12.200000000000001,221.25,1.0,220.27790116601886,0.9720988339811356
12.21,218.75,1.0,220.27790116601886,-1.5279011660188644
12.22,221.25,1.0,220.27790116601886,0.9720988339811356
12.23,218.75,1.0,220.27790116601886,-1.5279011660188644
12.24,221.25,1.0,220.27790116601886,0.9720988339811356
12.25,221.25,1.0,220.27790116601886,0.9720988339811356
12.26,221.25,1.0,220.27790116601886,0.9720988339811356
12.27,221.25,1.0,220.27790116601886,0.9720988339811356
12.280000000000001,221.25,1.0,220.27790116601886,0.9720988339811356
12.290000000000001,221.25,1.0,220.27790116601886,0.9720988339811356
12.3,218.75,1.0,220.27790116601886,-1.5279011660188644
12.31,223.75,1.0,220.27790116601886,3.4720988339811356
12.32,218.75,1.0,220.27790116601886,-1.5279011660188644
12.33,221.25,1.0,220.27790116601886,0.9720988339811356
12.34,221.25,1.0,220.27790116601886,0.9720988339811356
12.35,218.75,1.0,220.27790116601886,-1.5279011660188644
12.36,221.25,1.0,220.27790116601886,0.9720988339811356
12.370000000000001,221.25,1.0,220.27790116601886,0.9720988339811356
12.38,221.25,1.0,220.27790116601886,0.9720988339811356
12.39,167.5,1.0,220.27790116601886,-52.777901166018864
12.4,221.25,1.0,220.27790116601886,0.9720988339811356
12.41,218.75,1.0,220.27790116601886,-1.5279011660188644
12.42,221.25,1.0,220.27790116601886,0.9720988339811356
12.43,221.25,1.0,220.27790116601886,0.9720988339811356
12.44,218.75,1.0,220.27790116601886,-1.5279011660188644
12.450000000000001,221.25,1.0,220.27790116601886,0.9720988339811356
12.46,218.75,1.0,220.27790116601886,-1.5279011660188644
12.47,218.75,1.0,220.27790116601886,-1.5279011660188644
12.48,218.75,1.0,220.27790116601886,-1.5279011660188644
12.49,218.75,1.0,220.27790116601886,-1.5279011660188644
12.5,221.25,1.0,220.27790116601886,0.9720988339811356
12.51,221.25,1.0,220.27790116601886,0.9720988339811356
12.52,221.25,1.0,220.27790116601886,0.9720988339811356
12.530000000000001,221.25,1.0,220.27790116601886,0.9720988339811356
12.540000000000001,221.25,1.0,220.27790116601886,0.9720988339811356
12.55,221.25,1.0,220.27790116601886,0.9720988339811356
12.56,221.25,1.0,220.27790116601886,0.9720988339811356
12.57,218.75,1.0,220.27790116601886,-1.5279011660188644
12.58,221.25,1.0,220.27790116601886,0.9720988339811356
12.59,218.75,1.0,220.27790116601886,-1.5279011660188644
12.6,221.25,1.0,220.27790116601886,0.9720988339811356
12.61,221.25,1.0,220.27790116601886,0.9720988339811356
12.620000000000001,221.25,1.0,220.27790116601886,0.9720988339811356
12.63,221.25,1.0,220.27790116601886,0.9720988339811356
12.64,218.75,1.0,220.27790116601886,-1.5279011660188644
12.65,221.25,1.0,220.27790116601886,0.9720988339811356
12.66,218.75,1.0,220.27790116601886,-1.5279011660188644
12.67,221.25,1.0,220.27790116601886,0.9720988339811356
12.68,221.25,1.0,220.27790116601886,0.9720988339811356
12.69,221.25,1.0,220.27790116601886,0.9720988339811356
12.700000000000001,221.25,1.0,220.27790116601886,0.9720988339811356
12.71,221.25,1.0,220.27790116601886,0.9720988339811356
12.72,221.25,1.0,220.27790116601886,0.9720988339811356
12.73,221.25,1.0,220.27790116601886,0.9720988339811356
12.74,221.25,1.0,220.27790116601886,0.9720988339811356
12.75,221.25,1.0,220.27790116601886,0.9720988339811356
12.76,221.25,1.0,220.27790116601886,0.9720988339811356
12.77,221.25,1.0,220.27790116601886,0.9720988339811356
12.780000000000001,221.25,1.0,220.27790116601886,0.9720988339811356
12.790000000000001,221.25,1.0,220.27790116601886,0.9720988339811356
12.8,221.25,1.0,220.27790116601886,0.9720988339811356
12.81,221.25,1.0,220.27790116601886,0.9720988339811356
12.82,218.75,1.0,220.27790116601886,-1.5279011660188644
12.83,221.25,1.0,220.27790116601886,0.9720988339811356
12.84,218.75,1.0,220.27790116601886,-1.5279011660188644
12.85,221.25,1.0,220.27790116601886,0.9720988339811356
12.86,218.75,1.0,220.27790116601886,-1.5279011660188644
12.870000000000001,221.25,1.0,220.27790116601886,0.9720988339811356
12.88,221.25,1.0,220.27790116601886,0.9720988339811356
12.89,221.25,1.0,220.27790116601886,0.9720988339811356
12.9,221.25,1.0,220.27790116601886,0.9720988339811356
12.91,218.75,1.0,220.27790116601886,-1.5279011660188644
12.92,221.25,1.0,220.27790116601886,0.9720988339811356
12.93,218.75,1.0,220.27790116601886,-1.5279011660188644
12.94,221.25,1.0,220.27790116601886,0.9720988339811356
12.950000000000001,218.75,1.0,220.27790116601886,-1.5279011660188644
12.96,221.25,1.0,220.27790116601886,0.9720988339811356
12.97,221.25,1.0,220.27790116601886,0.9720988339811356
12.98,221.25,1.0,220.27790116601886,0.9720988339811356
12.99,167.5,1.0,220.27790116601886,-52.777901166018864
13.0,218.75,1.0,220.27790116601886,-1.5279011660188644
13.01,218.75,1.0,220.27790116601886,-1.5279011660188644
13.02,218.75,1.0,220.27790116601886,-1.5279011660188644
13.030000000000001,221.25,1.0,220.27790116601886,0.9720988339811356
13.040000000000001,221.25,1.0,220.27790116601886,0.9720988339811356
13.05,221.25,1.0,220.27790116601886,0.9720988339811356
13.06,221.25,1.0,220.27790116601886,0.9720988339811356
13.07,221.25,1.0,220.27790116601886,0.9720988339811356
13.08,221.25,1.0,220.27790116601886,0.9720988339811356
13.09,221.25,1.0,220.27790116601886,0.9720988339811356
13.1,221.25,1.0,220.27790116601886,0.9720988339811356
13.11,218.75,1.0,220.27790116601886,-1.5279011660188644
13.120000000000001,221.25,1.0,220.27790116601886,0.9720988339811356
13.13,221.25,1.0,220.27790116601886,0.9720988339811356
13.14,217.5,1.0,220.27790116601886,-2.7779011660188644
13.15,218.75,1.0,220.27790116601886,-1.5279011660188644
13.16,221.25,1.0,220.27790116601886,0.9720988339811356
13.17,218.75,1.0,220.27790116601886,-1.5279011660188644
13.18,221.25,1.0,220.27790116601886,0.9720988339811356
13.19,221.25,1.0,220.27790116601886,0.9720988339811356
13.200000000000001,218.75,1.0,220.27790116601886,-1.5279011660188644
13.21,221.25,1.0,220.27790116601886,0.9720988339811356
13.22,221.25,1.0,220.27790116601886,0.9720988339811356
13.23,221.25,1.0,220.27790116601886,0.9720988339811356
13.24,221.25,1.0,220.27790116601886,0.9720988339811356
13.25,221.25,1.0,220.27790116601886,0.9720988339811356
13.26,221.25,1.0,220.27790116601886,0.9720988339811356
13.27,218.75,1.0,220.27790116601886,-1.5279011660188644
13.280000000000001,221.25,1.0,220.27790116601886,0.9720988339811356
13.290000000000001,221.25,1.0,220.27790116601886,0.9720988339811356
13.3,221.25,1.0,220.27790116601886,0.9720988339811356
13.31,221.25,1.0,220.27790116601886,0.9720988339811356
13.32,221.25,1.0,220.27790116601886,0.9720988339811356
13.33,221.25,1.0,220.27790116601886,0.9720988339811356
13.34,221.25,1.0,220.27790116601886,0.9720988339811356
13.35,221.25,1.0,220.27790116601886,0.9720988339811356
13.36,221.25,1.0,220.27790116601886,0.9720988339811356
13.370000000000001,221.25,1.0,220.27790116601886,0.9720988339811356
13.38,221.25,1.0,220.27790116601886,0.9720988339811356
13.39,221.25,1.0,220.27790116601886,0.9720988339811356
13.4,218.75,1.0,220.27790116601886,-1.5279011660188644
13.41,221.25,1.0,220.27790116601886,0.9720988339811356
13.42,218.75,1.0,220.27790116601886,-1.5279011660188644
13.43,221.25,1.0,220.27790116601886,0.9720988339811356
13.44,221.25,1.0,220.27790116601886,0.9720988339811356
13.450000000000001,218.75,1.0,220.27790116601886,-1.5279011660188644
13.46,221.25,1.0,220.27790116601886,0.9720988339811356
13.47,221.25,1.0,220.27790116601886,0.9720988339811356
13.48,221.25,1.0,220.27790116601886,0.9720988339811356
13.49,221.25,1.0,220.27790116601886,0.9720988339811356
13.5,218.75,1.0,220.27790116601886,-1.5279011660188644
13.51,221.25,1.0,220.27790116601886,0.9720988339811356
13.52,221.25,1.0,220.27790116601886,0.9720988339811356
13.530000000000001,221.25,1.0,220.27790116601886,0.9720988339811356
13.540000000000001,218.75,1.0,220.27790116601886,-1.5279011660188644
13.55,221.25,1.0,220.27790116601886,0.9720988339811356
13.56,221.25,1.0,220.27790116601886,0.9720988339811356
13.57,221.25,1.0,220.27790116601886,0.9720988339811356
13.58,221.25,1.0,220.27790116601886,0.9720988339811356
13.59,167.5,1.0,220.27790116601886,-52.777901166018864
13.6,221.25,1.0,220.27790116601886,0.9720988339811356
13.61,218.75,1.0,220.27790116601886,-1.5279011660188644
13.620000000000001,221.25,1.0,220.27790116601886,0.9720988339811356
13.63,218.75,1.0,220.27790116601886,-1.5279011660188644
13.64,221.25,1.0,220.27790116601886,0.9720988339811356
13.65,221.25,1.0,220.27790116601886,0.9720988339811356
13.66,221.25,1.0,220.27790116601886,0.9720988339811356
13.67,221.25,1.0,220.27790116601886,0.9720988339811356
13.68,221.25,1.0,220.27790116601886,0.9720988339811356
13.69,218.75,1.0,220.27790116601886,-1.5279011660188644
13.700000000000001,221.25,1.0,220.27790116601886,0.9720988339811356
13.71,221.25,1.0,220.27790116601886,0.9720988339811356
13.72,218.75,1.0,220.27790116601886,-1.5279011660188644
13.73,221.25,1.0,220.27790116601886,0.9720988339811356
13.74,221.25,1.0,220.27790116601886,0.9720988339811356
13.75,221.25,1.0,220.27790116601886,0.9720988339811356
13.76,218.75,1.0,220.27790116601886,-1.5279011660188644
13.77,221.25,1.0,220.27790116601886,0.9720988339811356
13.780000000000001,221.25,1.0,220.27790116601886,0.9720988339811356
13.790000000000001,218.75,1.0,220.27790116601886,-1.5279011660188644
13.8,221.25,1.0,220.27790116601886,0.9720988339811356
13.81,218.75,1.0,220.27790116601886,-1.5279011660188644
13.82,223.75,1.0,220.27790116601886,3.4720988339811356
13.83,221.25,1.0,220.27790116601886,0.9720988339811356
13.84,223.75,1.0,220.27790116601886,3.4720988339811356
13.85,218.75,1.0,220.27790116601886,-1.5279011660188644
13.86,221.25,1.0,220.27790116601886,0.9720988339811356
13.870000000000001,221.25,1.0,220.27790116601886,0.9720988339811356
13.88,218.75,1.0,220.27790116601886,-1.5279011660188644
13.89,221.25,1.0,220.27790116601886,0.9720988339811356
13.9,221.25,1.0,220.27790116601886,0.9720988339811356
13.91,221.25,1.0,220.27790116601886,0.9720988339811356
13.92,218.75,1.0,220.27790116601886,-1.5279011660188644
13.93,218.75,1.0,220.27790116601886,-1.5279011660188644
13.94,221.25,1.0,220.27790116601886,0.9720988339811356
13.950000000000001,218.75,1.0,220.27790116601886,-1.5279011660188644
13.96,221.25,1.0,220.27790116601886,0.9720988339811356
13.97,217.5,1.0,220.27790116601886,-2.7779011660188644
13.98,218.75,1.0,220.27790116601886,-1.5279011660188644
13.99,221.25,1.0,220.27790116601886,0.9720988339811356
14.0,221.25,1.0,220.27790116601886,0.9720988339811356
14.01,221.25,1.0,220.27790116601886,0.9720988339811356
14.02,221.25,1.0,220.27790116601886,0.9720988339811356
14.030000000000001,221.25,1.0,220.27790116601886,0.9720988339811356
14.040000000000001,218.75,1.0,220.27790116601886,-1.5279011660188644
14.05,221.25,1.0,220.27790116601886,0.9720988339811356
14.06,218.75,1.0,220.27790116601886,-1.5279011660188644
14.07,221.25,1.0,220.27790116601886,0.9720988339811356
14.08,221.25,1.0,220.27790116601886,0.9720988339811356
14.09,221.25,1.0,220.27790116601886,0.9720988339811356
14.1,221.25,1.0,220.27790116601886,0.9720988339811356
14.11,221.25,1.0,220.27790116601886,0.9720988339811356
14.120000000000001,221.25,1.0,220.27790116601886,0.9720988339811356
14.13,221.25,1.0,220.27790116601886,0.9720988339811356
14.14,221.25,1.0,220.27790116601886,0.9720988339811356
14.15,218.75,1.0,220.27790116601886,-1.5279011660188644
14.16,221.25,1.0,220.27790116601886,0.9720988339811356
14.17,221.25,1.0,220.27790116601886,0.9720988339811356
14.18,221.25,1.0,220.27790116601886,0.9720988339811356
14.19,167.5,1.0,220.27790116601886,-52.777901166018864
14.200000000000001,221.25,1.0,220.27790116601886,0.9720988339811356
14.21,221.25,1.0,220.27790116601886,0.9720988339811356
14.22,221.25,1.0,220.27790116601886,0.9720988339811356
14.23,221.25,1.0,220.27790116601886,0.9720988339811356
14.24,218.75,1.0,220.27790116601886,-1.5279011660188644
14.25,221.25,1.0,220.27790116601886,0.9720988339811356
14.26,221.25,1.0,220.27790116601886,0.9720988339811356
14.27,218.75,1.0,220.27790116601886,-1.5279011660188644
14.280000000000001,221.25,1.0,220.27790116601886,0.9720988339811356
14.290000000000001,218.75,1.0,220.27790116601886,-1.5279011660188644
14.3,221.25,1.0,220.27790116601886,0.9720988339811356
14.31,218.75,1.0,220.27790116601886,-1.5279011660188644
14.32,221.25,1.0,220.27790116601886,0.9720988339811356
14.33,218.75,1.0,220.27790116601886,-1.5279011660188644
14.34,221.25,1.0,220.27790116601886,0.9720988339811356
14.35,221.25,1.0,220.27790116601886,0.9720988339811356
14.36,218.75,1.0,220.27790116601886,-1.5279011660188644
14.370000000000001,221.25,1.0,220.27790116601886,0.9720988339811356
14.38,221.25,1.0,220.27790116601886,0.9720988339811356
14.39,221.25,1.0,220.27790116601886,0.9720988339811356
14.4,218.75,1.0,220.27790116601886,-1.5279011660188644
14.41,221.25,1.0,220.27790116601886,0.9720988339811356
14.42,218.75,1.0,220.27790116601886,-1.5279011660188644
14.43,221.25,1.0,220.27790116601886,0.9720988339811356
14.44,218.75,1.0,220.27790116601886,-1.5279011660188644
14.450000000000001,221.25,1.0,220.27790116601886,0.9720988339811356
14.46,221.25,1.0,220.27790116601886,0.9720988339811356
14.47,221.25,1.0,220.27790116601886,0.9720988339811356
14.48,221.25,1.0,220.27790116601886,0.9720988339811356
14.49,218.75,1.0,220.27790116601886,-1.5279011660188644
14.5,221.25,1.0,220.27790116601886,0.9720988339811356
14.51,221.25,1.0,220.27790116601886,0.9720988339811356
14.52,221.25,1.0,220.27790116601886,0.9720988339811356
14.530000000000001,221.25,1.0,220.27790116601886,0.9720988339811356
14.540000000000001,221.25,1.0,220.27790116601886,0.9720988339811356
14.55,221.25,1.0,220.27790116601886,0.9720988339811356
14.56,223.75,1.0,220.27790116601886,3.4720988339811356
14.57,221.25,1.0,220.27790116601886,0.9720988339811356
14.58,221.25,1.0,220.27790116601886,0.9720988339811356
14.59,221.25,1.0,220.27790116601886,0.9720988339811356
14.6,221.25,1.0,220.27790116601886,0.9720988339811356
14.61,221.25,1.0,220.27790116601886,0.9720988339811356
14.620000000000001,223.75,1.0,220.27790116601886,3.4720988339811356
14.63,221.25,1.0,220.27790116601886,0.9720988339811356
14.64,221.25,1.0,220.27790116601886,0.9720988339811356
14.65,218.75,1.0,220.27790116601886,-1.5279011660188644
14.66,221.25,1.0,220.27790116601886,0.9720988339811356
14.67,218.75,1.0,220.27790116601886,-1.5279011660188644
14.68,221.25,1.0,220.27790116601886,0.9720988339811356
14.69,221.25,1.0,220.27790116601886,0.9720988339811356
14.700000000000001,221.25,1.0,220.27790116601886,0.9720988339811356
14.71,221.25,1.0,220.27790116601886,0.9720988339811356
14.72,221.25,1.0,220.27790116601886,0.9720988339811356
14.73,221.25,1.0,220.27790116601886,0.9720988339811356
14.74,221.25,1.0,220.27790116601886,0.9720988339811356
14.75,221.25,1.0,220.27790116601886,0.9720988339811356
14.76,221.25,1.0,220.27790116601886,0.9720988339811356
14.77,221.25,1.0,220.27790116601886,0.9720988339811356
14.780000000000001,221.25,1.0,220.27790116601886,0.9720988339811356
14.790000000000001,170.0,1.0,220.27790116601886,-50.277901166018864
14.8,218.75,1.0,220.27790116601886,-1.5279011660188644
14.81,221.25,1.0,220.27790116601886,0.9720988339811356
14.82,221.25,1.0,220.27790116601886,0.9720988339811356
14.83,221.25,1.0,220.27790116601886,0.9720988339811356
14.84,221.25,1.0,220.27790116601886,0.9720988339811356
14.85,221.25,1.0,220.27790116601886,0.9720988339811356
14.86,221.25,1.0,220.27790116601886,0.9720988339811356
14.870000000000001,221.25,1.0,220.27790116601886,0.9720988339811356
14.88,221.25,1.0,220.27790116601886,0.9720988339811356
14.89,221.25,1.0,220.27790116601886,0.9720988339811356
14.9,221.25,1.0,220.27790116601886,0.9720988339811356
14.91,221.25,1.0,220.27790116601886,0.9720988339811356
14.92,221.25,1.0,220.27790116601886,0.9720988339811356
14.93,221.25,1.0,220.27790116601886,0.9720988339811356
14.94,218.75,1.0,220.27790116601886,-1.5279011660188644
14.950000000000001,218.75,1.0,220.27790116601886,-1.5279011660188644
14.96,223.75,1.0,220.27790116601886,3.4720988339811356
14.97,221.25,1.0,220.27790116601886,0.9720988339811356
14.98,221.25,1.0,220.27790116601886,0.9720988339811356
14.99,221.25,1.0,220.27790116601886,0.9720988339811356
15.0,221.25,1.0,220.27790116601886,0.9720988339811356
15.01,221.25,1.0,220.27790116601886,0.9720988339811356
15.02,221.25,1.0,220.27790116601886,0.9720988339811356
15.030000000000001,223.75,1.0,220.27790116601886,3.4720988339811356
15.040000000000001,221.25,1.0,220.27790116601886,0.9720988339811356
15.05,221.25,1.0,220.27790116601886,0.9720988339811356
15.06,221.25,1.0,220.27790116601886,0.9720988339811356
15.07,221.25,1.0,220.27790116601886,0.9720988339811356
15.08,221.25,1.0,220.27790116601886,0.9720988339811356
15.09,221.25,1.0,220.27790116601886,0.9720988339811356
15.1,218.75,1.0,220.27790116601886,-1.5279011660188644
15.11,221.25,1.0,220.27790116601886,0.9720988339811356
15.120000000000001,218.75,1.0,220.27790116601886,-1.5279011660188644
15.13,221.25,1.0,220.27790116601886,0.9720988339811356
15.14,221.25,1.0,220.27790116601886,0.9720988339811356
15.15,221.25,1.0,220.27790116601886,0.9720988339811356
15.16,221.25,1.0,220.27790116601886,0.9720988339811356
15.17,221.25,1.0,220.27790116601886,0.9720988339811356
15.18,221.25,1.0,220.27790116601886,0.9720988339811356
15.19,218.75,1.0,220.27790116601886,-1.5279011660188644
15.200000000000001,221.25,1.0,220.27790116601886,0.9720988339811356
15.21,221.25,1.0,220.27790116601886,0.9720988339811356
15.22,221.25,1.0,220.27790116601886,0.9720988339811356
15.23,218.75,1.0,220.27790116601886,-1.5279011660188644
15.24,221.25,1.0,220.27790116601886,0.9720988339811356
15.25,221.25,1.0,220.27790116601886,0.9720988339811356
15.26,218.75,1.0,220.27790116601886,-1.5279011660188644
15.27,221.25,1.0,220.27790116601886,0.9720988339811356
15.280000000000001,218.75,1.0,220.27790116601886,-1.5279011660188644
15.290000000000001,221.25,1.0,220.27790116601886,0.9720988339811356
15.3,221.25,1.0,220.27790116601886,0.9720988339811356
15.31,221.25,1.0,220.27790116601886,0.9720988339811356
15.32,221.25,1.0,220.27790116601886,0.9720988339811356
15.33,221.25,1.0,220.27790116601886,0.9720988339811356
15.34,221.25,1.0,220.27790116601886,0.9720988339811356
15.35,221.25,1.0,220.27790116601886,0.9720988339811356
15.36,221.25,1.0,220.27790116601886,0.9720988339811356
15.370000000000001,218.75,1.0,220.27790116601886,-1.5279011660188644
15.38,221.25,1.0,220.27790116601886,0.9720988339811356
15.39,167.5,1.0,220.27790116601886,-52.777901166018864
15.4,221.25,1.0,220.27790116601886,0.9720988339811356
15.41,221.25,1.0,220.27790116601886,0.9720988339811356
15.42,221.25,1.0,220.27790116601886,0.9720988339811356
15.43,221.25,1.0,220.27790116601886,0.9720988339811356
15.44,218.75,1.0,220.27790116601886,-1.5279011660188644
15.450000000000001,221.25,1.0,220.27790116601886,0.9720988339811356
15.46,218.75,1.0,220.27790116601886,-1.5279011660188644
15.47,221.25,1.0,220.27790116601886,0.9720988339811356
15.48,221.25,1.0,220.27790116601886,0.9720988339811356
15.49,218.75,1.0,220.27790116601886,-1.5279011660188644
15.5,221.25,1.0,220.27790116601886,0.9720988339811356
15.51,221.25,1.0,220.27790116601886,0.9720988339811356
15.52,221.25,1.0,220.27790116601886,0.9720988339811356
15.530000000000001,221.25,1.0,220.27790116601886,0.9720988339811356
15.540000000000001,221.25,1.0,220.27790116601886,0.9720988339811356
15.55,221.25,1.0,220.27790116601886,0.9720988339811356
15.56,221.25,1.0,220.27790116601886,0.9720988339811356
15.57,221.25,1.0,220.27790116601886,0.9720988339811356
15.58,221.25,1.0,220.27790116601886,0.9720988339811356
15.59,221.25,1.0,220.27790116601886,0.9720988339811356
15.6,221.25,1.0,220.27790116601886,0.9720988339811356
15.610000000000001,221.25,1.0,220.27790116601886,0.9720988339811356
15.620000000000001,218.75,1.0,220.27790116601886,-1.5279011660188644
15.63,221.25,1.0,220.27790116601886,0.9720988339811356
15.64,218.75,1.0,220.27790116601886,-1.5279011660188644
15.65,221.25,1.0,220.27790116601886,0.9720988339811356
15.66,221.25,1.0,220.27790116601886,0.9720988339811356
15.67,218.75,1.0,220.27790116601886,-1.5279011660188644
15.68,218.75,1.0,220.27790116601886,-1.5279011660188644
15.69,221.25,1.0,220.27790116601886,0.9720988339811356
15.700000000000001,221.25,1.0,220.27790116601886,0.9720988339811356
15.71,218.75,1.0,220.27790116601886,-1.5279011660188644
15.72,221.25,1.0,220.27790116601886,0.9720988339811356
15.73,218.75,1.0,220.27790116601886,-1.5279011660188644
15.74,218.75,1.0,220.27790116601886,-1.5279011660188644
15.75,221.25,1.0,220.27790116601886,0.9720988339811356
15.76,221.25,1.0,220.27790116601886,0.9720988339811356
15.77,221.25,1.0,220.27790116601886,0.9720988339811356
15.780000000000001,218.75,1.0,220.27790116601886,-1.5279011660188644
15.790000000000001,221.25,1.0,220.27790116601886,0.9720988339811356
15.8,223.75,1.0,220.27790116601886,3.4720988339811356
15.81,221.25,1.0,220.27790116601886,0.9720988339811356
15.82,221.25,1.0,220.27790116601886,0.9720988339811356
15.83,221.25,1.0,220.27790116601886,0.9720988339811356
15.84,221.25,1.0,220.27790116601886,0.9720988339811356
15.85,221.25,1.0,220.27790116601886,0.9720988339811356
15.860000000000001,221.25,1.0,220.27790116601886,0.9720988339811356
15.870000000000001,218.75,1.0,220.27790116601886,-1.5279011660188644
15.88,221.25,1.0,220.27790116601886,0.9720988339811356
15.89,218.75,1.0,220.27790116601886,-1.5279011660188644
15.9,221.25,1.0,220.27790116601886,0.9720988339811356
15.91,221.25,1.0,220.27790116601886,0.9720988339811356
15.92,221.25,1.0,220.27790116601886,0.9720988339811356
15.93,223.75,1.0,220.27790116601886,3.4720988339811356
15.94,221.25,1.0,220.27790116601886,0.9720988339811356
15.950000000000001,221.25,1.0,220.27790116601886,0.9720988339811356
15.96,218.75,1.0,220.27790116601886,-1.5279011660188644
15.97,221.25,1.0,220.27790116601886,0.9720988339811356
15.98,218.75,1.0,220.27790116601886,-1.5279011660188644
15.99,167.5,1.0,220.27790116601886,-52.777901166018864
16.0,221.25,1.0,220.27790116601886,0.9720988339811356
16.01,221.25,1.0,220.27790116601886,0.9720988339811356
16.02,221.25,1.0,220.27790116601886,0.9720988339811356
16.03,221.25,1.0,220.27790116601886,0.9720988339811356
16.04,218.75,1.0,220.27790116601886,-1.5279011660188644
16.05,221.25,1.0,220.27790116601886,0.9720988339811356
16.06,221.25,1.0,220.27790116601886,0.9720988339811356
16.07,221.25,1.0,220.27790116601886,0.9720988339811356
16.080000000000002,221.25,1.0,220.27790116601886,0.9720988339811356
16.09,221.25,1.0,220.27790116601886,0.9720988339811356
16.1,221.25,1.0,220.27790116601886,0.9720988339811356
16.11,221.25,1.0,220.27790116601886,0.9720988339811356
16.12,221.25,1.0,220.27790116601886,0.9720988339811356
16.13,221.25,1.0,220.27790116601886,0.9720988339811356
16.14,218.75,1.0,220.27790116601886,-1.5279011660188644
16.15,221.25,1.0,220.27790116601886,0.9720988339811356
16.16,218.75,1.0,220.27790116601886,-1.5279011660188644
16.17,221.25,1.0,220.27790116601886,0.9720988339811356
16.18,221.25,1.0,220.27790116601886,0.9720988339811356
16.19,221.25,1.0,220.27790116601886,0.9720988339811356
16.2,221.25,1.0,220.27790116601886,0.9720988339811356
16.21,221.25,1.0,220.27790116601886,0.9720988339811356
16.22,218.75,1.0,220.27790116601886,-1.5279011660188644
16.23,221.25,1.0,220.27790116601886,0.9720988339811356
16.240000000000002,221.25,1.0,220.27790116601886,0.9720988339811356
16.25,218.75,1.0,220.27790116601886,-1.5279011660188644
16.26,218.75,1.0,220.27790116601886,-1.5279011660188644
16.27,221.25,1.0,220.27790116601886,0.9720988339811356
16.28,218.75,1.0,220.27790116601886,-1.5279011660188644
16.29,221.25,1.0,220.27790116601886,0.9720988339811356
16.3,221.25,1.0,220.27790116601886,0.9720988339811356
16.31,221.25,1.0,220.27790116601886,0.9720988339811356
16.32,218.75,1.0,220.27790116601886,-1.5279011660188644
16.330000000000002,223.75,1.0,220.27790116601886,3.4720988339811356
16.34,221.25,1.0,220.27790116601886,0.9720988339811356
16.35,218.75,1.0,220.27790116601886,-1.5279011660188644
16.36,221.25,1.0,220.27790116601886,0.9720988339811356
16.37,221.25,1.0,220.27790116601886,0.9720988339811356
16.38,221.25,1.0,220.27790116601886,0.9720988339811356
16.39,218.75,1.0,220.27790116601886,-1.5279011660188644
16.4,221.25,1.0,220.27790116601886,0.9720988339811356
16.41,218.75,1.0,220.27790116601886,-1.5279011660188644
16.42,221.25,1.0,220.27790116601886,0.9720988339811356
16.43,218.75,1.0,220.27790116601886,-1.5279011660188644
16.44,221.25,1.0,220.27790116601886,0.9720988339811356
16.45,221.25,1.0,220.27790116601886,0.9720988339811356
16.46,221.25,1.0,220.27790116601886,0.9720988339811356
16.47,221.25,1.0,220.27790116601886,0.9720988339811356
16.48,221.25,1.0,220.27790116601886,0.9720988339811356
16.490000000000002,218.75,1.0,220.27790116601886,-1.5279011660188644
16.5,218.75,1.0,220.27790116601886,-1.5279011660188644
16.51,223.75,1.0,220.27790116601886,3.4720988339811356
16.52,221.25,1.0,220.27790116601886,0.9720988339811356
16.53,221.25,1.0,220.27790116601886,0.9720988339811356
16.54,221.25,1.0,220.27790116601886,0.9720988339811356
16.55,218.75,1.0,220.27790116601886,-1.5279011660188644
16.56,221.25,1.0,220.27790116601886,0.9720988339811356
16.57,221.25,1.0,220.27790116601886,0.9720988339811356
16.580000000000002,221.25,1.0,220.27790116601886,0.9720988339811356
16.59,167.5,1.0,220.27790116601886,-52.777901166018864
16.6,221.25,1.0,220.27790116601886,0.9720988339811356
16.61,221.25,1.0,220.27790116601886,0.9720988339811356
16.62,221.25,1.0,220.27790116601886,0.9720988339811356
16.63,221.25,1.0,220.27790116601886,0.9720988339811356
16.64,221.25,1.0,220.27790116601886,0.9720988339811356
16.65,221.25,1.0,220.27790116601886,0.9720988339811356
16.66,218.75,1.0,220.27790116601886,-1.5279011660188644
16.67,221.25,1.0,220.27790116601886,0.9720988339811356
16.68,218.75,1.0,220.27790116601886,-1.5279011660188644
16.69,221.25,1.0,220.27790116601886,0.9720988339811356
16.7,221.25,1.0,220.27790116601886,0.9720988339811356
16.71,221.25,1.0,220.27790116601886,0.9720988339811356
16.72,221.25,1.0,220.27790116601886,0.9720988339811356
16.73,221.25,1.0,220.27790116601886,0.9720988339811356
16.740000000000002,221.25,1.0,220.27790116601886,0.9720988339811356
16.75,221.25,1.0,220.27790116601886,0.9720988339811356
16.76,221.25,1.0,220.27790116601886,0.9720988339811356
16.77,218.75,1.0,220.27790116601886,-1.5279011660188644
16.78,221.25,1.0,220.27790116601886,0.9720988339811356
16.79,221.25,1.0,220.27790116601886,0.9720988339811356
16.8,218.75,1.0,220.27790116601886,-1.5279011660188644
16.81,221.25,1.0,220.27790116601886,0.9720988339811356
16.82,221.25,1.0,220.27790116601886,0.9720988339811356
16.830000000000002,218.75,1.0,220.27790116601886,-1.5279011660188644
16.84,221.25,1.0,220.27790116601886,0.9720988339811356
16.85,221.25,1.0,220.27790116601886,0.9720988339811356
16.86,218.75,1.0,220.27790116601886,-1.5279011660188644
16.87,218.75,1.0,220.27790116601886,-1.5279011660188644
16.88,221.25,1.0,220.27790116601886,0.9720988339811356
16.89,221.25,1.0,220.27790116601886,0.9720988339811356
16.9,221.25,1.0,220.27790116601886,0.9720988339811356
16.91,221.25,1.0,220.27790116601886,0.9720988339811356
16.92,221.25,1.0,220.27790116601886,0.9720988339811356
16.93,221.25,1.0,220.27790116601886,0.9720988339811356
16.94,221.25,1.0,220.27790116601886,0.9720988339811356
16.95,218.75,1.0,220.27790116601886,-1.5279011660188644
16.96,221.25,1.0,220.27790116601886,0.9720988339811356
16.97,221.25,1.0,220.27790116601886,0.9720988339811356
16.98,218.75,1.0,220.27790116601886,-1.5279011660188644
16.990000000000002,221.25,1.0,220.27790116601886,0.9720988339811356
17.0,218.75,1.0,220.27790116601886,-1.5279011660188644
17.01,221.25,1.0,220.27790116601886,0.9720988339811356
17.02,221.25,1.0,220.27790116601886,0.9720988339811356
17.03,221.25,1.0,220.27790116601886,0.9720988339811356
17.04,221.25,1.0,220.27790116601886,0.9720988339811356
17.05,221.25,1.0,220.27790116601886,0.9720988339811356
17.06,218.75,1.0,220.27790116601886,-1.5279011660188644
17.07,221.25,1.0,220.27790116601886,0.9720988339811356
17.080000000000002,221.25,1.0,220.27790116601886,0.9720988339811356
17.09,221.25,1.0,220.27790116601886,0.9720988339811356
17.1,221.25,1.0,220.27790116601886,0.9720988339811356
17.11,221.25,1.0,220.27790116601886,0.9720988339811356
17.12,221.25,1.0,220.27790116601886,0.9720988339811356
17.13,221.25,1.0,220.27790116601886,0.9720988339811356
17.14,221.25,1.0,220.27790116601886,0.9720988339811356
17.150000000000002,221.25,1.0,220.27790116601886,0.9720988339811356
17.16,221.25,1.0,220.27790116601886,0.9720988339811356
17.17,221.25,1.0,220.27790116601886,0.9720988339811356
17.18,218.75,1.0,220.27790116601886,-1.5279011660188644
17.19,167.5,1.0,220.27790116601886,-52.777901166018864
17.2,221.25,1.0,220.27790116601886,0.9720988339811356
17.21,221.25,1.0,220.27790116601886,0.9720988339811356
17.22,221.25,1.0,220.27790116601886,0.9720988339811356
17.23,223.75,1.0,220.27790116601886,3.4720988339811356
17.240000000000002,221.25,1.0,220.27790116601886,0.9720988339811356
17.25,221.25,1.0,220.27790116601886,0.9720988339811356
17.26,221.25,1.0,220.27790116601886,0.9720988339811356
17.27,218.75,1.0,220.27790116601886,-1.5279011660188644
17.28,221.25,1.0,220.27790116601886,0.9720988339811356
17.29,221.25,1.0,220.27790116601886,0.9720988339811356
17.3,221.25,1.0,220.27790116601886,0.9720988339811356
17.31,221.25,1.0,220.27790116601886,0.9720988339811356
17.32,221.25,1.0,220.27790116601886,0.9720988339811356
17.330000000000002,221.25,1.0,220.27790116601886,0.9720988339811356
17.34,223.75,1.0,220.27790116601886,3.4720988339811356
17.35,218.75,1.0,220.27790116601886,-1.5279011660188644
17.36,218.75,1.0,220.27790116601886,-1.5279011660188644
17.37,221.25,1.0,220.27790116601886,0.9720988339811356
17.38,218.75,1.0,220.27790116601886,-1.5279011660188644
17.39,221.25,1.0,220.27790116601886,0.9720988339811356
17.400000000000002,221.25,1.0,220.27790116601886,0.9720988339811356
17.41,221.25,1.0,220.27790116601886,0.9720988339811356
17.42,221.25,1.0,220.27790116601886,0.9720988339811356
17.43,221.25,1.0,220.27790116601886,0.9720988339811356
17.44,221.25,1.0,220.27790116601886,0.9720988339811356
17.45,218.75,1.0,220.27790116601886,-1.5279011660188644
17.46,221.25,1.0,220.27790116601886,0.9720988339811356
17.47,221.25,1.0,220.27790116601886,0.9720988339811356
17.48,221.25,1.0,220.27790116601886,0.9720988339811356
17.490000000000002,221.25,1.0,220.27790116601886,0.9720988339811356
17.5,221.25,1.0,220.27790116601886,0.9720988339811356
17.51,221.25,1.0,220.27790116601886,0.9720988339811356
17.52,221.25,1.0,220.27790116601886,0.9720988339811356
17.53,221.25,1.0,220.27790116601886,0.9720988339811356
17.54,221.25,1.0,220.27790116601886,0.9720988339811356
17.55,221.25,1.0,220.27790116601886,0.9720988339811356
17.56,221.25,1.0,220.27790116601886,0.9720988339811356
17.57,221.25,1.0,220.27790116601886,0.9720988339811356
17.580000000000002,221.25,1.0,220.27790116601886,0.9720988339811356
17.59,221.25,1.0,220.27790116601886,0.9720988339811356
17.6,221.25,1.0,220.27790116601886,0.9720988339811356
17.61,221.25,1.0,220.27790116601886,0.9720988339811356
17.62,221.25,1.0,220.27790116601886,0.9720988339811356
17.63,218.75,1.0,220.27790116601886,-1.5279011660188644
17.64,221.25,1.0,220.27790116601886,0.9720988339811356
17.650000000000002,221.25,1.0,220.27790116601886,0.9720988339811356
17.66,221.25,1.0,220.27790116601886,0.9720988339811356
17.67,221.25,1.0,220.27790116601886,0.9720988339811356
17.68,221.25,1.0,220.27790116601886,0.9720988339811356
17.69,221.25,1.0,220.27790116601886,0.9720988339811356
17.7,221.25,1.0,220.27790116601886,0.9720988339811356
17.71,221.25,1.0,220.27790116601886,0.9720988339811356
17.72,218.75,1.0,220.27790116601886,-1.5279011660188644
17.73,221.25,1.0,220.27790116601886,0.9720988339811356
17.740000000000002,221.25,1.0,220.27790116601886,0.9720988339811356
17.75,221.25,1.0,220.27790116601886,0.9720988339811356
17.76,221.25,1.0,220.27790116601886,0.9720988339811356
17.77,221.25,1.0,220.27790116601886,0.9720988339811356
17.78,221.25,1.0,220.27790116601886,0.9720988339811356
17.79,170.0,1.0,220.27790116601886,-50.277901166018864
17.8,221.25,1.0,220.27790116601886,0.9720988339811356
17.81,218.75,1.0,220.27790116601886,-1.5279011660188644
17.82,221.25,1.0,220.27790116601886,0.9720988339811356
17.830000000000002,221.25,1.0,220.27790116601886,0.9720988339811356
17.84,221.25,1.0,220.27790116601886,0.9720988339811356
17.85,221.25,1.0,220.27790116601886,0.9720988339811356
17.86,221.25,1.0,220.27790116601886,0.9720988339811356
17.87,221.25,1.0,220.27790116601886,0.9720988339811356
17.88,221.25,1.0,220.27790116601886,0.9720988339811356
17.89,218.75,1.0,220.27790116601886,-1.5279011660188644
17.900000000000002,221.25,1.0,220.27790116601886,0.9720988339811356
17.91,221.25,1.0,220.27790116601886,0.9720988339811356
17.92,221.25,1.0,220.27790116601886,0.9720988339811356
17.93,221.25,1.0,220.27790116601886,0.9720988339811356
17.94,221.25,1.0,220.27790116601886,0.9720988339811356
17.95,221.25,1.0,220.27790116601886,0.9720988339811356
17.96,221.25,1.0,220.27790116601886,0.9720988339811356
17.97,218.75,1.0,220.27790116601886,-1.5279011660188644
17.98,221.25,1.0,220.27790116601886,0.9720988339811356
17.990000000000002,218.75,1.0,220.27790116601886,-1.5279011660188644
18.0,221.25,1.0,220.27790116601886,0.9720988339811356
18.01,221.25,1.0,220.27790116601886,0.9720988339811356
18.02,221.25,1.0,220.27790116601886,0.9720988339811356
18.03,218.75,1.0,220.27790116601886,-1.5279011660188644
18.04,221.25,1.0,220.27790116601886,0.9720988339811356
18.05,221.25,1.0,220.27790116601886,0.9720988339811356
18.06,221.25,1.0,220.27790116601886,0.9720988339811356
18.07,221.25,1.0,220.27790116601886,0.9720988339811356
18.080000000000002,221.25,1.0,220.27790116601886,0.9720988339811356
18.09,221.25,1.0,220.27790116601886,0.9720988339811356
18.1,221.25,1.0,220.27790116601886,0.9720988339811356
18.11,221.25,1.0,220.27790116601886,0.9720988339811356
18.12,221.25,1.0,220.27790116601886,0.9720988339811356
18.13,221.25,1.0,220.27790116601886,0.9720988339811356
18.14,221.25,1.0,220.27790116601886,0.9720988339811356
18.150000000000002,218.75,1.0,220.27790116601886,-1.5279011660188644
18.16,221.25,1.0,220.27790116601886,0.9720988339811356
18.17,218.75,1.0,220.27790116601886,-1.5279011660188644
18.18,221.25,1.0,220.27790116601886,0.9720988339811356
18.19,221.25,1.0,220.27790116601886,0.9720988339811356
18.2,221.25,1.0,220.27790116601886,0.9720988339811356
18.21,221.25,1.0,220.27790116601886,0.9720988339811356
18.22,221.25,1.0,220.27790116601886,0.9720988339811356
18.23,221.25,1.0,220.27790116601886,0.9720988339811356
18.240000000000002,218.75,1.0,220.27790116601886,-1.5279011660188644
18.25,221.25,1.0,220.27790116601886,0.9720988339811356
18.26,221.25,1.0,220.27790116601886,0.9720988339811356
18.27,218.75,1.0,220.27790116601886,-1.5279011660188644
18.28,221.25,1.0,220.27790116601886,0.9720988339811356
18.29,221.25,1.0,220.27790116601886,0.9720988339811356
18.3,221.25,1.0,220.27790116601886,0.9720988339811356
18.31,221.25,1.0,220.27790116601886,0.9720988339811356
18.32,221.25,1.0,220.27790116601886,0.9720988339811356
18.330000000000002,218.75,1.0,220.27790116601886,-1.5279011660188644
18.34,221.25,1.0,220.27790116601886,0.9720988339811356
18.35,221.25,1.0,220.27790116601886,0.9720988339811356
18.36,218.75,1.0,220.27790116601886,-1.5279011660188644
18.37,221.25,1.0,220.27790116601886,0.9720988339811356
18.38,221.25,1.0,220.27790116601886,0.9720988339811356
18.39,170.0,1.0,220.27790116601886,-50.277901166018864
18.400000000000002,218.75,1.0,220.27790116601886,-1.5279011660188644
18.41,221.25,1.0,220.27790116601886,0.9720988339811356
18.42,221.25,1.0,220.27790116601886,0.9720988339811356
18.43,221.25,1.0,220.27790116601886,0.9720988339811356
18.44,221.25,1.0,220.27790116601886,0.9720988339811356
18.45,221.25,1.0,220.27790116601886,0.9720988339811356
18.46,221.25,1.0,220.27790116601886,0.9720988339811356
18.47,221.25,1.0,220.27790116601886,0.9720988339811356
18.48,221.25,1.0,220.27790116601886,0.9720988339811356
18.490000000000002,218.75,1.0,220.27790116601886,-1.5279011660188644
18.5,221.25,1.0,220.27790116601886,0.9720988339811356
18.51,221.25,1.0,220.27790116601886,0.9720988339811356
18.52,221.25,1.0,220.27790116601886,0.9720988339811356
18.53,221.25,1.0,220.27790116601886,0.9720988339811356
18.54,221.25,1.0,220.27790116601886,0.9720988339811356
18.55,221.25,1.0,220.27790116601886,0.9720988339811356
18.56,221.25,1.0,220.27790116601886,0.9720988339811356
18.57,221.25,1.0,220.27790116601886,0.9720988339811356
18.580000000000002,221.25,1.0,220.27790116601886,0.9720988339811356
18.59,221.25,1.0,220.27790116601886,0.9720988339811356
18.6,218.75,1.0,220.27790116601886,-1.5279011660188644
18.61,221.25,1.0,220.27790116601886,0.9720988339811356
18.62,221.25,1.0,220.27790116601886,0.9720988339811356
18.63,218.75,1.0,220.27790116601886,-1.5279011660188644
18.64,221.25,1.0,220.27790116601886,0.9720988339811356
18.650000000000002,221.25,1.0,220.27790116601886,0.9720988339811356
18.66,218.75,1.0,220.27790116601886,-1.5279011660188644
18.67,218.75,1.0,220.27790116601886,-1.5279011660188644
18.68,221.25,1.0,220.27790116601886,0.9720988339811356
18.69,221.25,1.0,220.27790116601886,0.9720988339811356
18.7,221.25,1.0,220.27790116601886,0.9720988339811356
18.71,221.25,1.0,220.27790116601886,0.9720988339811356
18.72,218.75,1.0,220.27790116601886,-1.5279011660188644
18.73,221.25,1.0,220.27790116601886,0.9720988339811356
18.740000000000002,221.25,1.0,220.27790116601886,0.9720988339811356
18.75,221.25,1.0,220.27790116601886,0.9720988339811356
18.76,218.75,1.0,220.27790116601886,-1.5279011660188644
18.77,221.25,1.0,220.27790116601886,0.9720988339811356
18.78,218.75,1.0,220.27790116601886,-1.5279011660188644
18.79,221.25,1.0,220.27790116601886,0.9720988339811356
18.8,221.25,1.0,220.27790116601886,0.9720988339811356
18.81,221.25,1.0,220.27790116601886,0.9720988339811356
18.82,221.25,1.0,220.27790116601886,0.9720988339811356
18.830000000000002,221.25,1.0,220.27790116601886,0.9720988339811356
18.84,221.25,1.0,220.27790116601886,0.9720988339811356
18.85,218.75,1.0,220.27790116601886,-1.5279011660188644
18.86,221.25,1.0,220.27790116601886,0.9720988339811356
18.87,221.25,1.0,220.27790116601886,0.9720988339811356
18.88,221.25,1.0,220.27790116601886,0.9720988339811356
18.89,221.25,1.0,220.27790116601886,0.9720988339811356
18.900000000000002,221.25,1.0,220.27790116601886,0.9720988339811356
18.91,218.75,1.0,220.27790116601886,-1.5279011660188644
18.92,221.25,1.0,220.27790116601886,0.9720988339811356
18.93,221.25,1.0,220.27790116601886,0.9720988339811356
18.94,223.75,1.0,220.27790116601886,3.4720988339811356
18.95,221.25,1.0,220.27790116601886,0.9720988339811356
18.96,221.25,1.0,220.27790116601886,0.9720988339811356
18.97,218.75,1.0,220.27790116601886,-1.5279011660188644
18.98,221.25,1.0,220.27790116601886,0.9720988339811356
18.990000000000002,167.5,1.0,220.27790116601886,-52.777901166018864
19.0,221.25,1.0,220.27790116601886,0.9720988339811356
19.01,221.25,1.0,220.27790116601886,0.9720988339811356
19.02,218.75,1.0,220.27790116601886,-1.5279011660188644
19.03,217.5,1.0,220.27790116601886,-2.7779011660188644
19.04,223.75,1.0,220.27790116601886,3.4720988339811356
19.05,221.25,1.0,220.27790116601886,0.9720988339811356
19.06,221.25,1.0,220.27790116601886,0.9720988339811356
19.07,221.25,1.0,220.27790116601886,0.9720988339811356
19.080000000000002,221.25,1.0,220.27790116601886,0.9720988339811356
19.09,223.75,1.0,220.27790116601886,3.4720988339811356
19.1,221.25,1.0,220.27790116601886,0.9720988339811356
19.11,221.25,1.0,220.27790116601886,0.9720988339811356
19.12,218.75,1.0,220.27790116601886,-1.5279011660188644
19.13,221.25,1.0,220.27790116601886,0.9720988339811356
19.14,218.75,1.0,220.27790116601886,-1.5279011660188644
19.150000000000002,221.25,1.0,220.27790116601886,0.9720988339811356
19.16,221.25,1.0,220.27790116601886,0.9720988339811356
19.17,221.25,1.0,220.27790116601886,0.9720988339811356
19.18,221.25,1.0,220.27790116601886,0.9720988339811356
19.19,221.25,1.0,220.27790116601886,0.9720988339811356
19.2,221.25,1.0,220.27790116601886,0.9720988339811356
19.21,218.75,1.0,220.27790116601886,-1.5279011660188644
19.22,221.25,1.0,220.27790116601886,0.9720988339811356
19.23,221.25,1.0,220.27790116601886,0.9720988339811356
19.240000000000002,221.25,1.0,220.27790116601886,0.9720988339811356
19.25,221.25,1.0,220.27790116601886,0.9720988339811356
19.26,221.25,1.0,220.27790116601886,0.9720988339811356
19.27,221.25,1.0,220.27790116601886,0.9720988339811356
19.28,221.25,1.0,220.27790116601886,0.9720988339811356
19.29,221.25,1.0,220.27790116601886,0.9720988339811356
19.3,221.25,1.0,220.27790116601886,0.9720988339811356
19.31,221.25,1.0,220.27790116601886,0.9720988339811356
19.32,221.25,1.0,220.27790116601886,0.9720988339811356
19.330000000000002,221.25,1.0,220.27790116601886,0.9720988339811356
19.34,221.25,1.0,220.27790116601886,0.9720988339811356
19.35,221.25,1.0,220.27790116601886,0.9720988339811356
19.36,223.75,1.0,220.27790116601886,3.4720988339811356
19.37,218.75,1.0,220.27790116601886,-1.5279011660188644
19.38,221.25,1.0,220.27790116601886,0.9720988339811356
19.39,218.75,1.0,220.27790116601886,-1.5279011660188644
19.400000000000002,221.25,1.0,220.27790116601886,0.9720988339811356
19.41,221.25,1.0,220.27790116601886,0.9720988339811356
19.42,221.25,1.0,220.27790116601886,0.9720988339811356
19.43,221.25,1.0,220.27790116601886,0.9720988339811356
19.44,223.75,1.0,220.27790116601886,3.4720988339811356
19.45,221.25,1.0,220.27790116601886,0.9720988339811356
19.46,221.25,1.0,220.27790116601886,0.9720988339811356
19.47,221.25,1.0,220.27790116601886,0.9720988339811356
19.48,218.75,1.0,220.27790116601886,-1.5279011660188644
19.490000000000002,221.25,1.0,220.27790116601886,0.9720988339811356
19.5,221.25,1.0,220.27790116601886,0.9720988339811356
19.51,218.75,1.0,220.27790116601886,-1.5279011660188644
19.52,221.25,1.0,220.27790116601886,0.9720988339811356
19.53,221.25,1.0,220.27790116601886,0.9720988339811356
19.54,221.25,1.0,220.27790116601886,0.9720988339811356
19.55,218.75,1.0,220.27790116601886,-1.5279011660188644
19.56,221.25,1.0,220.27790116601886,0.9720988339811356
19.57,221.25,1.0,220.27790116601886,0.9720988339811356
19.580000000000002,221.25,1.0,220.27790116601886,0.9720988339811356
19.59,167.5,1.0,220.27790116601886,-52.777901166018864
19.6,221.25,1.0,220.27790116601886,0.9720988339811356
19.61,221.25,1.0,220.27790116601886,0.9720988339811356
19.62,221.25,1.0,220.27790116601886,0.9720988339811356
19.63,221.25,1.0,220.27790116601886,0.9720988339811356
19.64,221.25,1.0,220.27790116601886,0.9720988339811356
19.650000000000002,221.25,1.0,220.27790116601886,0.9720988339811356
19.66,221.25,1.0,220.27790116601886,0.9720988339811356
19.67,221.25,1.0,220.27790116601886,0.9720988339811356
19.68,223.75,1.0,220.27790116601886,3.4720988339811356
19.69,221.25,1.0,220.27790116601886,0.9720988339811356
19.7,218.75,1.0,220.27790116601886,-1.5279011660188644
19.71,221.25,1.0,220.27790116601886,0.9720988339811356
19.72,221.25,1.0,220.27790116601886,0.9720988339811356
19.73,218.75,1.0,220.27790116601886,-1.5279011660188644
19.740000000000002,221.25,1.0,220.27790116601886,0.9720988339811356
19.75,221.25,1.0,220.27790116601886,0.9720988339811356
19.76,221.25,1.0,220.27790116601886,0.9720988339811356
19.77,221.25,1.0,220.27790116601886,0.9720988339811356
19.78,221.25,1.0,220.27790116601886,0.9720988339811356
19.79,221.25,1.0,220.27790116601886,0.9720988339811356
19.8,218.75,1.0,220.27790116601886,-1.5279011660188644
19.81,221.25,1.0,220.27790116601886,0.9720988339811356
19.82,221.25,1.0,220.27790116601886,0.9720988339811356
19.830000000000002,221.25,1.0,220.27790116601886,0.9720988339811356
19.84,221.25,1.0,220.27790116601886,0.9720988339811356
19.85,221.25,1.0,220.27790116601886,0.9720988339811356
19.86,221.25,1.0,220.27790116601886,0.9720988339811356
19.87,221.25,1.0,220.27790116601886,0.9720988339811356
19.88,221.25,1.0,220.27790116601886,0.9720988339811356
19.89,218.75,1.0,220.27790116601886,-1.5279011660188644
19.900000000000002,218.75,1.0,220.27790116601886,-1.5279011660188644
19.91,221.25,1.0,220.27790116601886,0.9720988339811356
19.92,221.25,1.0,220.27790116601886,0.9720988339811356
19.93,221.25,1.0,220.27790116601886,0.9720988339811356
19.94,221.25,1.0,220.27790116601886,0.9720988339811356
19.95,221.25,1.0,220.27790116601886,0.9720988339811356
19.96,218.75,1.0,220.27790116601886,-1.5279011660188644
19.97,221.25,1.0,220.27790116601886,0.9720988339811356
19.98,218.75,1.0,220.27790116601886,-1.5279011660188644
19.990000000000002,221.25,1.0,220.27790116601886,0.9720988339811356
20.0,221.25,1.0,220.27790116601886,0.9720988339811356
20.01,221.25,1.0,220.27790116601886,0.9720988339811356
20.02,221.25,1.0,220.27790116601886,0.9720988339811356
20.03,218.75,1.0,220.27790116601886,-1.5279011660188644
20.04,221.25,1.0,220.27790116601886,0.9720988339811356
20.05,221.25,1.0,220.27790116601886,0.9720988339811356
20.06,223.75,1.0,220.27790116601886,3.4720988339811356
20.07,218.75,1.0,220.27790116601886,-1.5279011660188644
20.080000000000002,221.25,1.0,220.27790116601886,0.9720988339811356
20.09,221.25,1.0,220.27790116601886,0.9720988339811356
20.1,221.25,1.0,220.27790116601886,0.9720988339811356
20.11,221.25,1.0,220.27790116601886,0.9720988339811356
20.12,221.25,1.0,220.27790116601886,0.9720988339811356
20.13,221.25,1.0,220.27790116601886,0.9720988339811356
20.14,221.25,1.0,220.27790116601886,0.9720988339811356
20.150000000000002,221.25,1.0,220.27790116601886,0.9720988339811356
20.16,218.75,1.0,220.27790116601886,-1.5279011660188644
20.17,221.25,1.0,220.27790116601886,0.9720988339811356
20.18,221.25,1.0,220.27790116601886,0.9720988339811356
20.19,170.0,1.0,220.27790116601886,-50.277901166018864
20.2,218.75,1.0,220.27790116601886,-1.5279011660188644
20.21,221.25,1.0,220.27790116601886,0.9720988339811356
20.22,221.25,1.0,220.27790116601886,0.9720988339811356
20.23,221.25,1.0,220.27790116601886,0.9720988339811356
20.240000000000002,221.25,1.0,220.27790116601886,0.9720988339811356
20.25,221.25,1.0,220.27790116601886,0.9720988339811356
20.26,221.25,1.0,220.27790116601886,0.9720988339811356
20.27,218.75,1.0,220.27790116601886,-1.5279011660188644
20.28,221.25,1.0,220.27790116601886,0.9720988339811356
20.29,221.25,1.0,220.27790116601886,0.9720988339811356
20.3,218.75,1.0,220.27790116601886,-1.5279011660188644
20.31,221.25,1.0,220.27790116601886,0.9720988339811356
20.32,218.75,1.0,220.27790116601886,-1.5279011660188644
20.330000000000002,221.25,1.0,220.27790116601886,0.9720988339811356
20.34,221.25,1.0,220.27790116601886,0.9720988339811356
20.35,221.25,1.0,220.27790116601886,0.9720988339811356
20.36,223.75,1.0,220.27790116601886,3.4720988339811356
20.37,221.25,1.0,220.27790116601886,0.9720988339811356
20.38,218.75,1.0,220.27790116601886,-1.5279011660188644
20.39,221.25,1.0,220.27790116601886,0.9720988339811356
20.400000000000002,221.25,1.0,220.27790116601886,0.9720988339811356
20.41,218.75,1.0,220.27790116601886,-1.5279011660188644
20.42,221.25,1.0,220.27790116601886,0.9720988339811356
20.43,218.75,1.0,220.27790116601886,-1.5279011660188644
20.44,221.25,1.0,220.27790116601886,0.9720988339811356
20.45,221.25,1.0,220.27790116601886,0.9720988339811356
20.46,221.25,1.0,220.27790116601886,0.9720988339811356
20.47,221.25,1.0,220.27790116601886,0.9720988339811356
20.48,221.25,1.0,220.27790116601886,0.9720988339811356
20.490000000000002,221.25,1.0,220.27790116601886,0.9720988339811356
20.5,218.75,1.0,220.27790116601886,-1.5279011660188644
20.51,221.25,1.0,220.27790116601886,0.9720988339811356
20.52,218.75,1.0,220.27790116601886,-1.5279011660188644
20.53,221.25,1.0,220.27790116601886,0.9720988339811356
20.54,218.75,1.0,220.27790116601886,-1.5279011660188644
20.55,221.25,1.0,220.27790116601886,0.9720988339811356
20.56,221.25,1.0,220.27790116601886,0.9720988339811356
20.57,221.25,1.0,220.27790116601886,0.9720988339811356
20.580000000000002,221.25,1.0,220.27790116601886,0.9720988339811356
20.59,218.75,1.0,220.27790116601886,-1.5279011660188644
20.6,218.75,1.0,220.27790116601886,-1.5279011660188644
20.61,218.75,1.0,220.27790116601886,-1.5279011660188644
20.62,221.25,1.0,220.27790116601886,0.9720988339811356
20.63,221.25,1.0,220.27790116601886,0.9720988339811356
20.64,221.25,1.0,220.27790116601886,0.9720988339811356
20.650000000000002,221.25,1.0,220.27790116601886,0.9720988339811356
20.66,221.25,1.0,220.27790116601886,0.9720988339811356
20.67,221.25,1.0,220.27790116601886,0.9720988339811356
20.68,221.25,1.0,220.27790116601886,0.9720988339811356
20.69,221.25,1.0,220.27790116601886,0.9720988339811356
20.7,218.75,1.0,220.27790116601886,-1.5279011660188644
20.71,218.75,1.0,220.27790116601886,-1.5279011660188644
20.72,218.75,1.0,220.27790116601886,-1.5279011660188644
20.73,221.25,1.0,220.27790116601886,0.9720988339811356
20.740000000000002,221.25,1.0,220.27790116601886,0.9720988339811356
20.75,218.75,1.0,220.27790116601886,-1.5279011660188644
20.76,218.75,1.0,220.27790116601886,-1.5279011660188644
20.77,223.75,1.0,220.27790116601886,3.4720988339811356
20.78,221.25,1.0,220.27790116601886,0.9720988339811356
20.79,167.5,1.0,220.27790116601886,-52.777901166018864
20.8,218.75,1.0,220.27790116601886,-1.5279011660188644
20.81,221.25,1.0,220.27790116601886,0.9720988339811356
20.82,221.25,1.0,220.27790116601886,0.9720988339811356
20.830000000000002,221.25,1.0,220.27790116601886,0.9720988339811356
20.84,218.75,1.0,220.27790116601886,-1.5279011660188644
20.85,218.75,1.0,220.27790116601886,-1.5279011660188644
20.86,218.75,1.0,220.27790116601886,-1.5279011660188644
20.87,221.25,1.0,220.27790116601886,0.9720988339811356
20.88,221.25,1.0,220.27790116601886,0.9720988339811356
20.89,221.25,1.0,220.27790116601886,0.9720988339811356
20.900000000000002,218.75,1.0,220.27790116601886,-1.5279011660188644
20.91,221.25,1.0,220.27790116601886,0.9720988339811356
20.92,221.25,1.0,220.27790116601886,0.9720988339811356
20.93,218.75,1.0,220.27790116601886,-1.5279011660188644
20.94,221.25,1.0,220.27790116601886,0.9720988339811356
20.95,221.25,1.0,220.27790116601886,0.9720988339811356
20.96,221.25,1.0,220.27790116601886,0.9720988339811356
20.97,223.75,1.0,220.27790116601886,3.4720988339811356
20.98,221.25,1.0,220.27790116601886,0.9720988339811356
20.990000000000002,221.25,1.0,220.27790116601886,0.9720988339811356
21.0,221.25,1.0,220.27790116601886,0.9720988339811356
21.01,221.25,1.0,220.27790116601886,0.9720988339811356
21.02,221.25,1.0,220.27790116601886,0.9720988339811356
21.03,221.25,1.0,220.27790116601886,0.9720988339811356
21.04,221.25,1.0,220.27790116601886,0.9720988339811356
21.05,221.25,1.0,220.27790116601886,0.9720988339811356
21.06,221.25,1.0,220.27790116601886,0.9720988339811356
21.07,223.75,1.0,220.27790116601886,3.4720988339811356
21.080000000000002,218.75,1.0,220.27790116601886,-1.5279011660188644
21.09,221.25,1.0,220.27790116601886,0.9720988339811356
21.1,221.25,1.0,220.27790116601886,0.9720988339811356
21.11,218.75,1.0,220.27790116601886,-1.5279011660188644
21.12,221.25,1.0,220.27790116601886,0.9720988339811356
21.13,218.75,1.0,220.27790116601886,-1.5279011660188644
21.14,221.25,1.0,220.27790116601886,0.9720988339811356
21.150000000000002,221.25,1.0,220.27790116601886,0.9720988339811356
21.16,221.25,1.0,220.27790116601886,0.9720988339811356
21.17,221.25,1.0,220.27790116601886,0.9720988339811356
21.18,221.25,1.0,220.27790116601886,0.9720988339811356
21.19,221.25,1.0,220.27790116601886,0.9720988339811356
21.2,221.25,1.0,220.27790116601886,0.9720988339811356
21.21,221.25,1.0,220.27790116601886,0.9720988339811356
21.22,221.25,1.0,220.27790116601886,0.9720988339811356
21.23,221.25,1.0,220.27790116601886,0.9720988339811356
21.240000000000002,221.25,1.0,220.27790116601886,0.9720988339811356
21.25,221.25,1.0,220.27790116601886,0.9720988339811356
21.26,221.25,1.0,220.27790116601886,0.9720988339811356
21.27,221.25,1.0,220.27790116601886,0.9720988339811356
21.28,218.75,1.0,220.27790116601886,-1.5279011660188644
21.29,218.75,1.0,220.27790116601886,-1.5279011660188644
21.3,218.75,1.0,220.27790116601886,-1.5279011660188644
21.31,218.75,1.0,220.27790116601886,-1.5279011660188644
21.32,221.25,1.0,220.27790116601886,0.9720988339811356
21.330000000000002,221.25,1.0,220.27790116601886,0.9720988339811356
21.34,221.25,1.0,220.27790116601886,0.9720988339811356
21.35,221.25,1.0,220.27790116601886,0.9720988339811356
21.36,221.25,1.0,220.27790116601886,0.9720988339811356
21.37,221.25,1.0,220.27790116601886,0.9720988339811356
21.38,221.25,1.0,220.27790116601886,0.9720988339811356
21.39,167.5,1.0,220.27790116601886,-52.777901166018864
21.400000000000002,223.75,1.0,220.27790116601886,3.4720988339811356
21.41,218.75,1.0,220.27790116601886,-1.5279011660188644
21.42,221.25,1.0,220.27790116601886,0.9720988339811356
21.43,221.25,1.0,220.27790116601886,0.9720988339811356
21.44,221.25,1.0,220.27790116601886,0.9720988339811356
21.45,221.25,1.0,220.27790116601886,0.9720988339811356
21.46,221.25,1.0,220.27790116601886,0.9720988339811356
21.47,221.25,1.0,220.27790116601886,0.9720988339811356
21.48,221.25,1.0,220.27790116601886,0.9720988339811356
21.490000000000002,221.25,1.0,220.27790116601886,0.9720988339811356
21.5,221.25,1.0,220.27790116601886,0.9720988339811356
21.51,221.25,1.0,220.27790116601886,0.9720988339811356
21.52,221.25,1.0,220.27790116601886,0.9720988339811356
21.53,221.25,1.0,220.27790116601886,0.9720988339811356
21.54,223.75,1.0,220.27790116601886,3.4720988339811356
21.55,221.25,1.0,220.27790116601886,0.9720988339811356
21.56,218.75,1.0,220.27790116601886,-1.5279011660188644
21.57,221.25,1.0,220.27790116601886,0.9720988339811356
21.580000000000002,221.25,1.0,220.27790116601886,0.9720988339811356
21.59,221.25,1.0,220.27790116601886,0.9720988339811356
21.6,221.25,1.0,220.27790116601886,0.9720988339811356
21.61,221.25,1.0,220.27790116601886,0.9720988339811356
21.62,221.25,1.0,220.27790116601886,0.9720988339811356
21.63,221.25,1.0,220.27790116601886,0.9720988339811356
21.64,221.25,1.0,220.27790116601886,0.9720988339811356
21.650000000000002,218.75,1.0,220.27790116601886,-1.5279011660188644
21.66,221.25,1.0,220.27790116601886,0.9720988339811356
21.67,221.25,1.0,220.27790116601886,0.9720988339811356
21.68,221.25,1.0,220.27790116601886,0.9720988339811356
21.69,221.25,1.0,220.27790116601886,0.9720988339811356
21.7,221.25,1.0,220.27790116601886,0.9720988339811356
21.71,221.25,1.0,220.27790116601886,0.9720988339811356
21.72,218.75,1.0,220.27790116601886,-1.5279011660188644
21.73,218.75,1.0,220.27790116601886,-1.5279011660188644
21.740000000000002,218.75,1.0,220.27790116601886,-1.5279011660188644
21.75,221.25,1.0,220.27790116601886,0.9720988339811356
21.76,221.25,1.0,220.27790116601886,0.9720988339811356
21.77,221.25,1.0,220.27790116601886,0.9720988339811356
21.78,218.75,1.0,220.27790116601886,-1.5279011660188644
21.79,221.25,1.0,220.27790116601886,0.9720988339811356
21.8,223.75,1.0,220.27790116601886,3.4720988339811356
21.81,218.75,1.0,220.27790116601886,-1.5279011660188644
21.82,223.75,1.0,220.27790116601886,3.4720988339811356
21.830000000000002,221.25,1.0,220.27790116601886,0.9720988339811356
21.84,221.25,1.0,220.27790116601886,0.9720988339811356
21.85,221.25,1.0,220.27790116601886,0.9720988339811356
21.86,221.25,1.0,220.27790116601886,0.9720988339811356
21.87,221.25,1.0,220.27790116601886,0.9720988339811356
21.88,221.25,1.0,220.27790116601886,0.9720988339811356
21.89,221.25,1.0,220.27790116601886,0.9720988339811356
21.900000000000002,218.75,1.0,220.27790116601886,-1.5279011660188644
21.91,221.25,1.0,220.27790116601886,0.9720988339811356
21.92,221.25,1.0,220.27790116601886,0.9720988339811356
21.93,221.25,1.0,220.27790116601886,0.9720988339811356
21.94,221.25,1.0,220.27790116601886,0.9720988339811356
21.95,221.25,1.0,220.27790116601886,0.9720988339811356
21.96,221.25,1.0,220.27790116601886,0.9720988339811356
21.97,221.25,1.0,220.27790116601886,0.9720988339811356
21.98,221.25,1.0,220.27790116601886,0.9720988339811356
21.990000000000002,167.5,1.0,220.27790116601886,-52.777901166018864
22.0,221.25,1.0,220.27790116601886,0.9720988339811356
22.01,218.75,1.0,220.27790116601886,-1.5279011660188644
22.02,221.25,1.0,220.27790116601886,0.9720988339811356
22.03,221.25,1.0,220.27790116601886,0.9720988339811356
22.04,221.25,1.0,220.27790116601886,0.9720988339811356
22.05,221.25,1.0,220.27790116601886,0.9720988339811356
22.06,221.25,1.0,220.27790116601886,0.9720988339811356
22.07,221.25,1.0,220.27790116601886,0.9720988339811356
22.080000000000002,221.25,1.0,220.27790116601886,0.9720988339811356
22.09,221.25,1.0,220.27790116601886,0.9720988339811356
22.1,221.25,1.0,220.27790116601886,0.9720988339811356
22.11,221.25,1.0,220.27790116601886,0.9720988339811356
22.12,221.25,1.0,220.27790116601886,0.9720988339811356
22.13,221.25,1.0,220.27790116601886,0.9720988339811356
22.14,221.25,1.0,220.27790116601886,0.9720988339811356
22.150000000000002,218.75,1.0,220.27790116601886,-1.5279011660188644
22.16,221.25,1.0,220.27790116601886,0.9720988339811356
22.17,218.75,1.0,220.27790116601886,-1.5279011660188644
22.18,221.25,1.0,220.27790116601886,0.9720988339811356
22.19,221.25,1.0,220.27790116601886,0.9720988339811356
22.2,221.25,1.0,220.27790116601886,0.9720988339811356
22.21,223.75,1.0,220.27790116601886,3.4720988339811356
22.22,221.25,1.0,220.27790116601886,0.9720988339811356
22.23,221.25,1.0,220.27790116601886,0.9720988339811356
22.240000000000002,221.25,1.0,220.27790116601886,0.9720988339811356
22.25,221.25,1.0,220.27790116601886,0.9720988339811356
22.26,218.75,1.0,220.27790116601886,-1.5279011660188644
22.27,221.25,1.0,220.27790116601886,0.9720988339811356
22.28,221.25,1.0,220.27790116601886,0.9720988339811356
22.29,223.75,1.0,220.27790116601886,3.4720988339811356
22.3,221.25,1.0,220.27790116601886,0.9720988339811356
22.31,221.25,1.0,220.27790116601886,0.9720988339811356
22.32,221.25,1.0,220.27790116601886,0.9720988339811356
22.330000000000002,221.25,1.0,220.27790116601886,0.9720988339811356
22.34,218.75,1.0,220.27790116601886,-1.5279011660188644
22.35,218.75,1.0,220.27790116601886,-1.5279011660188644
22.36,221.25,1.0,220.27790116601886,0.9720988339811356
22.37,221.25,1.0,220.27790116601886,0.9720988339811356
22.38,218.75,1.0,220.27790116601886,-1.5279011660188644
22.39,221.25,1.0,220.27790116601886,0.9720988339811356
22.400000000000002,221.25,1.0,220.27790116601886,0.9720988339811356
22.41,221.25,1.0,220.27790116601886,0.9720988339811356
22.42,221.25,1.0,220.27790116601886,0.9720988339811356
22.43,221.25,1.0,220.27790116601886,0.9720988339811356
22.44,218.75,1.0,220.27790116601886,-1.5279011660188644
22.45,221.25,1.0,220.27790116601886,0.9720988339811356
22.46,221.25,1.0,220.27790116601886,0.9720988339811356
22.47,221.25,1.0,220.27790116601886,0.9720988339811356
22.48,218.75,1.0,220.27790116601886,-1.5279011660188644
22.490000000000002,218.75,1.0,220.27790116601886,-1.5279011660188644
22.5,221.25,1.0,220.27790116601886,0.9720988339811356
22.51,221.25,1.0,220.27790116601886,0.9720988339811356
22.52,218.75,1.0,220.27790116601886,-1.5279011660188644
22.53,218.75,1.0,220.27790116601886,-1.5279011660188644
22.54,221.25,1.0,220.27790116601886,0.9720988339811356
22.55,221.25,1.0,220.27790116601886,0.9720988339811356
22.56,221.25,1.0,220.27790116601886,0.9720988339811356
22.57,221.25,1.0,220.27790116601886,0.9720988339811356
22.580000000000002,221.25,1.0,220.27790116601886,0.9720988339811356
22.59,167.5,1.0,220.27790116601886,-52.777901166018864
22.6,218.75,1.0,220.27790116601886,-1.5279011660188644
22.61,221.25,1.0,220.27790116601886,0.9720988339811356
22.62,218.75,1.0,220.27790116601886,-1.5279011660188644
22.63,221.25,1.0,220.27790116601886,0.9720988339811356
22.64,221.25,1.0,220.27790116601886,0.9720988339811356
22.650000000000002,221.25,1.0,220.27790116601886,0.9720988339811356
22.66,221.25,1.0,220.27790116601886,0.9720988339811356
22.67,221.25,1.0,220.27790116601886,0.9720988339811356
22.68,221.25,1.0,220.27790116601886,0.9720988339811356
22.69,221.25,1.0,220.27790116601886,0.9720988339811356
22.7,221.25,1.0,220.27790116601886,0.9720988339811356
22.71,221.25,1.0,220.27790116601886,0.9720988339811356
22.72,221.25,1.0,220.27790116601886,0.9720988339811356
22.73,221.25,1.0,220.27790116601886,0.9720988339811356
22.740000000000002,221.25,1.0,220.27790116601886,0.9720988339811356
22.75,221.25,1.0,220.27790116601886,0.9720988339811356
22.76,218.75,1.0,220.27790116601886,-1.5279011660188644
22.77,221.25,1.0,220.27790116601886,0.9720988339811356
22.78,218.75,1.0,220.27790116601886,-1.5279011660188644
22.79,221.25,1.0,220.27790116601886,0.9720988339811356
22.8,218.75,1.0,220.27790116601886,-1.5279011660188644
22.81,221.25,1.0,220.27790116601886,0.9720988339811356
22.82,221.25,1.0,220.27790116601886,0.9720988339811356
22.830000000000002,221.25,1.0,220.27790116601886,0.9720988339811356
22.84,221.25,1.0,220.27790116601886,0.9720988339811356
22.85,221.25,1.0,220.27790116601886,0.9720988339811356
22.86,221.25,1.0,220.27790116601886,0.9720988339811356
22.87,218.75,1.0,220.27790116601886,-1.5279011660188644
22.88,221.25,1.0,220.27790116601886,0.9720988339811356
22.89,221.25,1.0,220.27790116601886,0.9720988339811356
22.900000000000002,218.75,1.0,220.27790116601886,-1.5279011660188644
22.91,221.25,1.0,220.27790116601886,0.9720988339811356
22.92,218.75,1.0,220.27790116601886,-1.5279011660188644
22.93,221.25,1.0,220.27790116601886,0.9720988339811356
22.94,218.75,1.0,220.27790116601886,-1.5279011660188644
22.95,221.25,1.0,220.27790116601886,0.9720988339811356
22.96,221.25,1.0,220.27790116601886,0.9720988339811356
22.97,218.75,1.0,220.27790116601886,-1.5279011660188644
22.98,221.25,1.0,220.27790116601886,0.9720988339811356
22.990000000000002,221.25,1.0,220.27790116601886,0.9720988339811356
23.0,221.25,1.0,220.27790116601886,0.9720988339811356
23.01,221.25,1.0,220.27790116601886,0.9720988339811356
23.02,218.75,1.0,220.27790116601886,-1.5279011660188644
23.03,221.25,1.0,220.27790116601886,0.9720988339811356
23.04,221.25,1.0,220.27790116601886,0.9720988339811356
23.05,221.25,1.0,220.27790116601886,0.9720988339811356
23.06,221.25,1.0,220.27790116601886,0.9720988339811356
23.07,221.25,1.0,220.27790116601886,0.9720988339811356
23.080000000000002,221.25,1.0,220.27790116601886,0.9720988339811356
23.09,218.75,1.0,220.27790116601886,-1.5279011660188644
23.1,221.25,1.0,220.27790116601886,0.9720988339811356
23.11,221.25,1.0,220.27790116601886,0.9720988339811356
23.12,218.75,1.0,220.27790116601886,-1.5279011660188644
23.13,221.25,1.0,220.27790116601886,0.9720988339811356
23.14,221.25,1.0,220.27790116601886,0.9720988339811356
23.150000000000002,218.75,1.0,220.27790116601886,-1.5279011660188644
23.16,221.25,1.0,220.27790116601886,0.9720988339811356
23.17,221.25,1.0,220.27790116601886,0.9720988339811356
23.18,221.25,1.0,220.27790116601886,0.9720988339811356
23.19,167.5,1.0,220.27790116601886,-52.777901166018864
23.2,221.25,1.0,220.27790116601886,0.9720988339811356
23.21,221.25,1.0,220.27790116601886,0.9720988339811356
23.22,221.25,1.0,220.27790116601886,0.9720988339811356
23.23,221.25,1.0,220.27790116601886,0.9720988339811356
23.240000000000002,221.25,1.0,220.27790116601886,0.9720988339811356
23.25,221.25,1.0,220.27790116601886,0.9720988339811356
23.26,221.25,1.0,220.27790116601886,0.9720988339811356
23.27,221.25,1.0,220.27790116601886,0.9720988339811356
23.28,221.25,1.0,220.27790116601886,0.9720988339811356
23.29,221.25,1.0,220.27790116601886,0.9720988339811356
23.3,221.25,1.0,220.27790116601886,0.9720988339811356
23.31,221.25,1.0,220.27790116601886,0.9720988339811356
23.32,218.75,1.0,220.27790116601886,-1.5279011660188644
23.330000000000002,221.25,1.0,220.27790116601886,0.9720988339811356
23.34,221.25,1.0,220.27790116601886,0.9720988339811356
23.35,221.25,1.0,220.27790116601886,0.9720988339811356
23.36,221.25,1.0,220.27790116601886,0.9720988339811356
23.37,218.75,1.0,220.27790116601886,-1.5279011660188644
23.38,223.75,1.0,220.27790116601886,3.4720988339811356
23.39,218.75,1.0,220.27790116601886,-1.5279011660188644
23.400000000000002,221.25,1.0,220.27790116601886,0.9720988339811356
23.41,221.25,1.0,220.27790116601886,0.9720988339811356
23.42,221.25,1.0,220.27790116601886,0.9720988339811356
23.43,221.25,1.0,220.27790116601886,0.9720988339811356
23.44,221.25,1.0,220.27790116601886,0.9720988339811356
23.45,223.75,1.0,220.27790116601886,3.4720988339811356
23.46,218.75,1.0,220.27790116601886,-1.5279011660188644
23.47,221.25,1.0,220.27790116601886,0.9720988339811356
23.48,218.75,1.0,220.27790116601886,-1.5279011660188644
23.490000000000002,221.25,1.0,220.27790116601886,0.9720988339811356
23.5,221.25,1.0,220.27790116601886,0.9720988339811356
23.51,221.25,1.0,220.27790116601886,0.9720988339811356
23.52,221.25,1.0,220.27790116601886,0.9720988339811356
23.53,221.25,1.0,220.27790116601886,0.9720988339811356
23.54,221.25,1.0,220.27790116601886,0.9720988339811356
23.55,218.75,1.0,220.27790116601886,-1.5279011660188644
23.56,223.75,1.0,220.27790116601886,3.4720988339811356
23.57,221.25,1.0,220.27790116601886,0.9720988339811356
23.580000000000002,221.25,1.0,220.27790116601886,0.9720988339811356
23.59,221.25,1.0,220.27790116601886,0.9720988339811356
23.6,218.75,1.0,220.27790116601886,-1.5279011660188644
23.61,221.25,1.0,220.27790116601886,0.9720988339811356
23.62,221.25,1.0,220.27790116601886,0.9720988339811356
23.63,218.75,1.0,220.27790116601886,-1.5279011660188644
23.64,221.25,1.0,220.27790116601886,0.9720988339811356
23.650000000000002,218.75,1.0,220.27790116601886,-1.5279011660188644
23.66,218.75,1.0,220.27790116601886,-1.5279011660188644
23.67,221.25,1.0,220.27790116601886,0.9720988339811356
23.68,218.75,1.0,220.27790116601886,-1.5279011660188644
23.69,218.75,1.0,220.27790116601886,-1.5279011660188644
23.7,221.25,1.0,220.27790116601886,0.9720988339811356
23.71,221.25,1.0,220.27790116601886,0.9720988339811356
23.72,221.25,1.0,220.27790116601886,0.9720988339811356
23.73,218.75,1.0,220.27790116601886,-1.5279011660188644
23.740000000000002,221.25,1.0,220.27790116601886,0.9720988339811356
23.75,218.75,1.0,220.27790116601886,-1.5279011660188644
23.76,221.25,1.0,220.27790116601886,0.9720988339811356
23.77,221.25,1.0,220.27790116601886,0.9720988339811356
23.78,221.25,1.0,220.27790116601886,0.9720988339811356
23.79,167.5,1.0,220.27790116601886,-52.777901166018864
23.8,223.75,1.0,220.27790116601886,3.4720988339811356
23.81,221.25,1.0,220.27790116601886,0.9720988339811356
23.82,221.25,1.0,220.27790116601886,0.9720988339811356
23.830000000000002,221.25,1.0,220.27790116601886,0.9720988339811356
23.84,218.75,1.0,220.27790116601886,-1.5279011660188644
23.85,221.25,1.0,220.27790116601886,0.9720988339811356
23.86,221.25,1.0,220.27790116601886,0.9720988339811356
23.87,221.25,1.0,220.27790116601886,0.9720988339811356
23.88,221.25,1.0,220.27790116601886,0.9720988339811356
23.89,218.75,1.0,220.27790116601886,-1.5279011660188644
23.900000000000002,221.25,1.0,220.27790116601886,0.9720988339811356
23.91,221.25,1.0,220.27790116601886,0.9720988339811356
23.92,221.25,1.0,220.27790116601886,0.9720988339811356
23.93,221.25,1.0,220.27790116601886,0.9720988339811356
23.94,221.25,1.0,220.27790116601886,0.9720988339811356
23.95,221.25,1.0,220.27790116601886,0.9720988339811356
23.96,221.25,1.0,220.27790116601886,0.9720988339811356
23.97,221.25,1.0,220.27790116601886,0.9720988339811356
23.98,221.25,1.0,220.27790116601886,0.9720988339811356
23.990000000000002,221.25,1.0,220.27790116601886,0.9720988339811356
24.0,218.75,1.0,220.27790116601886,-1.5279011660188644
24.01,221.25,1.0,220.27790116601886,0.9720988339811356
24.02,221.25,1.0,220.27790116601886,0.9720988339811356
24.03,221.25,1.0,220.27790116601886,0.9720988339811356
24.04,223.75,1.0,220.27790116601886,3.4720988339811356
24.05,223.75,1.0,220.27790116601886,3.4720988339811356
24.060000000000002,221.25,1.0,220.27790116601886,0.9720988339811356
24.07,221.25,1.0,220.27790116601886,0.9720988339811356
24.080000000000002,221.25,1.0,220.27790116601886,0.9720988339811356
24.09,221.25,1.0,220.27790116601886,0.9720988339811356
24.1,221.25,1.0,220.27790116601886,0.9720988339811356
24.11,221.25,1.0,220.27790116601886,0.9720988339811356
24.12,221.25,1.0,220.27790116601886,0.9720988339811356
24.13,218.75,1.0,220.27790116601886,-1.5279011660188644
24.14,221.25,1.0,220.27790116601886,0.9720988339811356
24.150000000000002,221.25,1.0,220.27790116601886,0.9720988339811356
24.16,218.75,1.0,220.27790116601886,-1.5279011660188644
24.17,221.25,1.0,220.27790116601886,0.9720988339811356
24.18,221.25,1.0,220.27790116601886,0.9720988339811356
24.19,221.25,1.0,220.27790116601886,0.9720988339811356
24.2,221.25,1.0,220.27790116601886,0.9720988339811356
24.21,221.25,1.0,220.27790116601886,0.9720988339811356
24.22,221.25,1.0,220.27790116601886,0.9720988339811356
24.23,221.25,1.0,220.27790116601886,0.9720988339811356
24.240000000000002,221.25,1.0,220.27790116601886,0.9720988339811356
24.25,221.25,1.0,220.27790116601886,0.9720988339811356
24.26,221.25,1.0,220.27790116601886,0.9720988339811356
24.27,218.75,1.0,220.27790116601886,-1.5279011660188644
24.28,221.25,1.0,220.27790116601886,0.9720988339811356
24.29,221.25,1.0,220.27790116601886,0.9720988339811356
24.3,221.25,1.0,220.27790116601886,0.9720988339811356
24.310000000000002,221.25,1.0,220.27790116601886,0.9720988339811356
24.32,221.25,1.0,220.27790116601886,0.9720988339811356
24.330000000000002,223.75,1.0,220.27790116601886,3.4720988339811356
24.34,221.25,1.0,220.27790116601886,0.9720988339811356
24.35,218.75,1.0,220.27790116601886,-1.5279011660188644
24.36,221.25,1.0,220.27790116601886,0.9720988339811356
24.37,221.25,1.0,220.27790116601886,0.9720988339811356
24.38,221.25,1.0,220.27790116601886,0.9720988339811356
24.39,170.0,1.0,220.27790116601886,-50.277901166018864
24.400000000000002,221.25,1.0,220.27790116601886,0.9720988339811356
24.41,221.25,1.0,220.27790116601886,0.9720988339811356
24.42,221.25,1.0,220.27790116601886,0.9720988339811356
24.43,221.25,1.0,220.27790116601886,0.9720988339811356
24.44,221.25,1.0,220.27790116601886,0.9720988339811356
24.45,218.75,1.0,220.27790116601886,-1.5279011660188644
24.46,223.75,1.0,220.27790116601886,3.4720988339811356
24.47,221.25,1.0,220.27790116601886,0.9720988339811356
24.48,221.25,1.0,220.27790116601886,0.9720988339811356
24.490000000000002,221.25,1.0,220.27790116601886,0.9720988339811356
24.5,221.25,1.0,220.27790116601886,0.9720988339811356
24.51,221.25,1.0,220.27790116601886,0.9720988339811356
24.52,218.75,1.0,220.27790116601886,-1.5279011660188644
24.53,221.25,1.0,220.27790116601886,0.9720988339811356
24.54,218.75,1.0,220.27790116601886,-1.5279011660188644
24.55,223.75,1.0,220.27790116601886,3.4720988339811356
24.560000000000002,218.75,1.0,220.27790116601886,-1.5279011660188644
24.57,221.25,1.0,220.27790116601886,0.9720988339811356
24.580000000000002,221.25,1.0,220.27790116601886,0.9720988339811356
24.59,221.25,1.0,220.27790116601886,0.9720988339811356
24.6,221.25,1.0,220.27790116601886,0.9720988339811356
24.61,221.25,1.0,220.27790116601886,0.9720988339811356
24.62,221.25,1.0,220.27790116601886,0.9720988339811356
24.63,218.75,1.0,220.27790116601886,-1.5279011660188644
24.64,221.25,1.0,220.27790116601886,0.9720988339811356
24.650000000000002,221.25,1.0,220.27790116601886,0.9720988339811356
24.66,221.25,1.0,220.27790116601886,0.9720988339811356
24.67,221.25,1.0,220.27790116601886,0.9720988339811356
24.68,221.25,1.0,220.27790116601886,0.9720988339811356
24.69,221.25,1.0,220.27790116601886,0.9720988339811356
24.7,221.25,1.0,220.27790116601886,0.9720988339811356
24.71,221.25,1.0,220.27790116601886,0.9720988339811356
24.72,221.25,1.0,220.27790116601886,0.9720988339811356
24.73,221.25,1.0,220.27790116601886,0.9720988339811356
24.740000000000002,221.25,1.0,220.27790116601886,0.9720988339811356
24.75,221.25,1.0,220.27790116601886,0.9720988339811356
24.76,221.25,1.0,220.27790116601886,0.9720988339811356
24.77,223.75,1.0,220.27790116601886,3.4720988339811356
24.78,223.75,1.0,220.27790116601886,3.4720988339811356
24.79,221.25,1.0,220.27790116601886,0.9720988339811356
24.8,221.25,1.0,220.27790116601886,0.9720988339811356
24.810000000000002,221.25,1.0,220.27790116601886,0.9720988339811356
24.82,221.25,1.0,220.27790116601886,0.9720988339811356
24.830000000000002,221.25,1.0,220.27790116601886,0.9720988339811356
24.84,223.75,1.0,220.27790116601886,3.4720988339811356
24.85,221.25,1.0,220.27790116601886,0.9720988339811356
24.86,218.75,1.0,220.27790116601886,-1.5279011660188644
24.87,218.75,1.0,220.27790116601886,-1.5279011660188644
24.88,221.25,1.0,220.27790116601886,0.9720988339811356
24.89,221.25,1.0,220.27790116601886,0.9720988339811356
24.900000000000002,221.25,1.0,220.27790116601886,0.9720988339811356
24.91,221.25,1.0,220.27790116601886,0.9720988339811356
24.92,221.25,1.0,220.27790116601886,0.9720988339811356
24.93,221.25,1.0,220.27790116601886,0.9720988339811356
24.94,221.25,1.0,220.27790116601886,0.9720988339811356
24.95,218.75,1.0,220.27790116601886,-1.5279011660188644
24.96,221.25,1.0,220.27790116601886,0.9720988339811356
24.97,218.75,1.0,220.27790116601886,-1.5279011660188644
24.98,221.25,1.0,220.27790116601886,0.9720988339811356
24.990000000000002,167.5,1.0,220.27790116601886,-52.777901166018864
25.0,221.25,1.0,220.27790116601886,0.9720988339811356
25.01,221.25,1.0,220.27790116601886,0.9720988339811356
25.02,221.25,1.0,220.27790116601886,0.9720988339811356
25.03,221.25,1.0,220.27790116601886,0.9720988339811356
25.04,221.25,1.0,220.27790116601886,0.9720988339811356
25.05,221.25,1.0,220.27790116601886,0.9720988339811356
25.060000000000002,221.25,1.0,220.27790116601886,0.9720988339811356
25.07,221.25,1.0,220.27790116601886,0.9720988339811356
25.080000000000002,221.25,1.0,220.27790116601886,0.9720988339811356
25.09,221.25,1.0,220.27790116601886,0.9720988339811356
25.1,221.25,1.0,220.27790116601886,0.9720988339811356
25.11,221.25,1.0,220.27790116601886,0.9720988339811356
25.12,221.25,1.0,220.27790116601886,0.9720988339811356
25.13,221.25,1.0,220.27790116601886,0.9720988339811356
25.14,221.25,1.0,220.27790116601886,0.9720988339811356
25.150000000000002,221.25,1.0,220.27790116601886,0.9720988339811356
25.16,221.25,1.0,220.27790116601886,0.9720988339811356
25.17,221.25,1.0,220.27790116601886,0.9720988339811356
25.18,218.75,1.0,220.27790116601886,-1.5279011660188644
25.19,221.25,1.0,220.27790116601886,0.9720988339811356
25.2,221.25,1.0,220.27790116601886,0.9720988339811356
25.21,221.25,1.0,220.27790116601886,0.9720988339811356
25.22,218.75,1.0,220.27790116601886,-1.5279011660188644
25.23,223.75,1.0,220.27790116601886,3.4720988339811356
25.240000000000002,221.25,1.0,220.27790116601886,0.9720988339811356
25.25,221.25,1.0,220.27790116601886,0.9720988339811356
25.26,221.25,1.0,220.27790116601886,0.9720988339811356
25.27,223.75,1.0,220.27790116601886,3.4720988339811356
25.28,221.25,1.0,220.27790116601886,0.9720988339811356
25.29,221.25,1.0,220.27790116601886,0.9720988339811356
25.3,218.75,1.0,220.27790116601886,-1.5279011660188644
25.310000000000002,221.25,1.0,220.27790116601886,0.9720988339811356
25.32,221.25,1.0,220.27790116601886,0.9720988339811356
25.330000000000002,221.25,1.0,220.27790116601886,0.9720988339811356
25.34,221.25,1.0,220.27790116601886,0.9720988339811356
25.35,221.25,1.0,220.27790116601886,0.9720988339811356
25.36,221.25,1.0,220.27790116601886,0.9720988339811356
25.37,221.25,1.0,220.27790116601886,0.9720988339811356
25.38,221.25,1.0,220.27790116601886,0.9720988339811356
25.39,221.25,1.0,220.27790116601886,0.9720988339811356
25.400000000000002,221.25,1.0,220.27790116601886,0.9720988339811356
25.41,221.25,1.0,220.27790116601886,0.9720988339811356
25.42,221.25,1.0,220.27790116601886,0.9720988339811356
25.43,218.75,1.0,220.27790116601886,-1.5279011660188644
25.44,221.25,1.0,220.27790116601886,0.9720988339811356
25.45,221.25,1.0,220.27790116601886,0.9720988339811356
25.46,221.25,1.0,220.27790116601886,0.9720988339811356
25.47,218.75,1.0,220.27790116601886,-1.5279011660188644
25.48,221.25,1.0,220.27790116601886,0.9720988339811356
25.490000000000002,221.25,1.0,220.27790116601886,0.9720988339811356
25.5,221.25,1.0,220.27790116601886,0.9720988339811356
25.51,221.25,1.0,220.27790116601886,0.9720988339811356
25.52,221.25,1.0,220.27790116601886,0.9720988339811356
25.53,221.25,1.0,220.27790116601886,0.9720988339811356
25.54,221.25,1.0,220.27790116601886,0.9720988339811356
25.55,221.25,1.0,220.27790116601886,0.9720988339811356
25.560000000000002,221.25,1.0,220.27790116601886,0.9720988339811356
25.57,221.25,1.0,220.27790116601886,0.9720988339811356
25.580000000000002,218.75,1.0,220.27790116601886,-1.5279011660188644
25.59,167.5,1.0,220.27790116601886,-52.777901166018864
25.6,221.25,1.0,220.27790116601886,0.9720988339811356
25.61,221.25,1.0,220.27790116601886,0.9720988339811356
25.62,221.25,1.0,220.27790116601886,0.9720988339811356
25.63,221.25,1.0,220.27790116601886,0.9720988339811356
25.64,221.25,1.0,220.27790116601886,0.9720988339811356
25.650000000000002,218.75,1.0,220.27790116601886,-1.5279011660188644
25.66,218.75,1.0,220.27790116601886,-1.5279011660188644
25.67,218.75,1.0,220.27790116601886,-1.5279011660188644
25.68,221.25,1.0,220.27790116601886,0.9720988339811356
25.69,218.75,1.0,220.27790116601886,-1.5279011660188644
25.7,221.25,1.0,220.27790116601886,0.9720988339811356
25.71,221.25,1.0,220.27790116601886,0.9720988339811356
25.72,218.75,1.0,220.27790116601886,-1.5279011660188644
25.73,221.25,1.0,220.27790116601886,0.9720988339811356
25.740000000000002,221.25,1.0,220.27790116601886,0.9720988339811356
25.75,221.25,1.0,220.27790116601886,0.9720988339811356
25.76,221.25,1.0,220.27790116601886,0.9720988339811356
25.77,218.75,1.0,220.27790116601886,-1.5279011660188644
25.78,221.25,1.0,220.27790116601886,0.9720988339811356
25.79,221.25,1.0,220.27790116601886,0.9720988339811356
25.8,221.25,1.0,220.27790116601886,0.9720988339811356
25.810000000000002,221.25,1.0,220.27790116601886,0.9720988339811356
25.82,221.25,1.0,220.27790116601886,0.9720988339811356
25.830000000000002,218.75,1.0,220.27790116601886,-1.5279011660188644
25.84,221.25,1.0,220.27790116601886,0.9720988339811356
25.85,218.75,1.0,220.27790116601886,-1.5279011660188644
25.86,221.25,1.0,220.27790116601886,0.9720988339811356
25.87,221.25,1.0,220.27790116601886,0.9720988339811356
25.88,221.25,1.0,220.27790116601886,0.9720988339811356
25.89,221.25,1.0,220.27790116601886,0.9720988339811356
25.900000000000002,218.75,1.0,220.27790116601886,-1.5279011660188644
25.91,221.25,1.0,220.27790116601886,0.9720988339811356
25.92,218.75,1.0,220.27790116601886,-1.5279011660188644
25.93,221.25,1.0,220.27790116601886,0.9720988339811356
25.94,221.25,1.0,220.27790116601886,0.9720988339811356
25.95,221.25,1.0,220.27790116601886,0.9720988339811356
25.96,221.25,1.0,220.27790116601886,0.9720988339811356
25.97,221.25,1.0,220.27790116601886,0.9720988339811356
25.98,221.25,1.0,220.27790116601886,0.9720988339811356
25.990000000000002,218.75,1.0,220.27790116601886,-1.5279011660188644
26.0,221.25,1.0,220.27790116601886,0.9720988339811356
26.01,221.25,1.0,220.27790116601886,0.9720988339811356
26.02,221.25,1.0,220.27790116601886,0.9720988339811356
26.03,223.75,1.0,220.27790116601886,3.4720988339811356
26.04,221.25,1.0,220.27790116601886,0.9720988339811356
26.05,221.25,1.0,220.27790116601886,0.9720988339811356
26.060000000000002,221.25,1.0,220.27790116601886,0.9720988339811356
26.07,221.25,1.0,220.27790116601886,0.9720988339811356
26.080000000000002,218.75,1.0,220.27790116601886,-1.5279011660188644
26.09,221.25,1.0,220.27790116601886,0.9720988339811356
26.1,221.25,1.0,220.27790116601886,0.9720988339811356
26.11,221.25,1.0,220.27790116601886,0.9720988339811356
26.12,221.25,1.0,220.27790116601886,0.9720988339811356
26.13,221.25,1.0,220.27790116601886,0.9720988339811356
26.14,221.25,1.0,220.27790116601886,0.9720988339811356
26.150000000000002,221.25,1.0,220.27790116601886,0.9720988339811356
26.16,221.25,1.0,220.27790116601886,0.9720988339811356
26.17,221.25,1.0,220.27790116601886,0.9720988339811356
26.18,221.25,1.0,220.27790116601886,0.9720988339811356
26.19,170.0,1.0,220.27790116601886,-50.277901166018864
26.2,221.25,1.0,220.27790116601886,0.9720988339811356
26.21,221.25,1.0,220.27790116601886,0.9720988339811356
26.22,221.25,1.0,220.27790116601886,0.9720988339811356
26.23,221.25,1.0,220.27790116601886,0.9720988339811356
26.240000000000002,221.25,1.0,220.27790116601886,0.9720988339811356
26.25,221.25,1.0,220.27790116601886,0.9720988339811356
26.26,218.75,1.0,220.27790116601886,-1.5279011660188644
26.27,221.25,1.0,220.27790116601886,0.9720988339811356
26.28,221.25,1.0,220.27790116601886,0.9720988339811356
26.29,221.25,1.0,220.27790116601886,0.9720988339811356
26.3,221.25,1.0,220.27790116601886,0.9720988339811356
26.310000000000002,221.25,1.0,220.27790116601886,0.9720988339811356
26.32,221.25,1.0,220.27790116601886,0.9720988339811356
26.330000000000002,221.25,1.0,220.27790116601886,0.9720988339811356
26.34,221.25,1.0,220.27790116601886,0.9720988339811356
26.35,218.75,1.0,220.27790116601886,-1.5279011660188644
26.36,221.25,1.0,220.27790116601886,0.9720988339811356
26.37,221.25,1.0,220.27790116601886,0.9720988339811356
26.38,221.25,1.0,220.27790116601886,0.9720988339811356
26.39,221.25,1.0,220.27790116601886,0.9720988339811356
26.400000000000002,221.25,1.0,220.27790116601886,0.9720988339811356
26.41,221.25,1.0,220.27790116601886,0.9720988339811356
26.42,221.25,1.0,220.27790116601886,0.9720988339811356
26.43,221.25,1.0,220.27790116601886,0.9720988339811356
26.44,218.75,1.0,220.27790116601886,-1.5279011660188644
26.45,221.25,1.0,220.27790116601886,0.9720988339811356
26.46,221.25,1.0,220.27790116601886,0.9720988339811356
26.47,221.25,1.0,220.27790116601886,0.9720988339811356
26.48,221.25,1.0,220.27790116601886,0.9720988339811356
26.490000000000002,221.25,1.0,220.27790116601886,0.9720988339811356
26.5,221.25,1.0,220.27790116601886,0.9720988339811356
26.51,218.75,1.0,220.27790116601886,-1.5279011660188644
26.52,221.25,1.0,220.27790116601886,0.9720988339811356
26.53,221.25,1.0,220.27790116601886,0.9720988339811356
26.54,223.75,1.0,220.27790116601886,3.4720988339811356
26.55,221.25,1.0,220.27790116601886,0.9720988339811356
26.560000000000002,221.25,1.0,220.27790116601886,0.9720988339811356
26.57,221.25,1.0,220.27790116601886,0.9720988339811356
26.580000000000002,221.25,1.0,220.27790116601886,0.9720988339811356
26.59,221.25,1.0,220.27790116601886,0.9720988339811356
26.6,218.75,1.0,220.27790116601886,-1.5279011660188644
26.61,221.25,1.0,220.27790116601886,0.9720988339811356
26.62,218.75,1.0,220.27790116601886,-1.5279011660188644
26.63,221.25,1.0,220.27790116601886,0.9720988339811356
26.64,221.25,1.0,220.27790116601886,0.9720988339811356
26.650000000000002,221.25,1.0,220.27790116601886,0.9720988339811356
26.66,221.25,1.0,220.27790116601886,0.9720988339811356
26.67,221.25,1.0,220.27790116601886,0.9720988339811356
26.68,218.75,1.0,220.27790116601886,-1.5279011660188644
26.69,218.75,1.0,220.27790116601886,-1.5279011660188644
26.7,221.25,1.0,220.27790116601886,0.9720988339811356
26.71,223.75,1.0,220.27790116601886,3.4720988339811356
26.72,221.25,1.0,220.27790116601886,0.9720988339811356
26.73,221.25,1.0,220.27790116601886,0.9720988339811356
26.740000000000002,221.25,1.0,220.27790116601886,0.9720988339811356
26.75,221.25,1.0,220.27790116601886,0.9720988339811356
26.76,218.75,1.0,220.27790116601886,-1.5279011660188644
26.77,221.25,1.0,220.27790116601886,0.9720988339811356
26.78,218.75,1.0,220.27790116601886,-1.5279011660188644
26.79,170.0,1.0,220.27790116601886,-50.277901166018864
26.8,221.25,1.0,220.27790116601886,0.9720988339811356
26.810000000000002,221.25,1.0,220.27790116601886,0.9720988339811356
26.82,221.25,1.0,220.27790116601886,0.9720988339811356
26.830000000000002,221.25,1.0,220.27790116601886,0.9720988339811356
26.84,221.25,1.0,220.27790116601886,0.9720988339811356
26.85,221.25,1.0,220.27790116601886,0.9720988339811356
26.86,221.25,1.0,220.27790116601886,0.9720988339811356
26.87,221.25,1.0,220.27790116601886,0.9720988339811356
26.88,221.25,1.0,220.27790116601886,0.9720988339811356
26.89,221.25,1.0,220.27790116601886,0.9720988339811356
26.900000000000002,218.75,1.0,220.27790116601886,-1.5279011660188644
26.91,218.75,1.0,220.27790116601886,-1.5279011660188644
26.92,221.25,1.0,220.27790116601886,0.9720988339811356
26.93,221.25,1.0,220.27790116601886,0.9720988339811356
26.94,218.75,1.0,220.27790116601886,-1.5279011660188644
26.95,221.25,1.0,220.27790116601886,0.9720988339811356
26.96,218.75,1.0,220.27790116601886,-1.5279011660188644
26.97,221.25,1.0,220.27790116601886,0.9720988339811356
26.98,223.75,1.0,220.27790116601886,3.4720988339811356
26.990000000000002,221.25,1.0,220.27790116601886,0.9720988339811356
27.0,221.25,1.0,220.27790116601886,0.9720988339811356
27.01,221.25,1.0,220.27790116601886,0.9720988339811356
27.02,221.25,1.0,220.27790116601886,0.9720988339811356
27.03,221.25,1.0,220.27790116601886,0.9720988339811356
27.04,221.25,1.0,220.27790116601886,0.9720988339811356
27.05,218.75,1.0,220.27790116601886,-1.5279011660188644
27.060000000000002,221.25,1.0,220.27790116601886,0.9720988339811356
27.07,221.25,1.0,220.27790116601886,0.9720988339811356
27.080000000000002,221.25,1.0,220.27790116601886,0.9720988339811356
27.09,221.25,1.0,220.27790116601886,0.9720988339811356
27.1,223.75,1.0,220.27790116601886,3.4720988339811356
27.11,221.25,1.0,220.27790116601886,0.9720988339811356
27.12,221.25,1.0,220.27790116601886,0.9720988339811356
27.13,221.25,1.0,220.27790116601886,0.9720988339811356
27.14,218.75,1.0,220.27790116601886,-1.5279011660188644
27.150000000000002,218.75,1.0,220.27790116601886,-1.5279011660188644
27.16,221.25,1.0,220.27790116601886,0.9720988339811356
27.17,221.25,1.0,220.27790116601886,0.9720988339811356
27.18,221.25,1.0,220.27790116601886,0.9720988339811356
27.19,221.25,1.0,220.27790116601886,0.9720988339811356
27.2,221.25,1.0,220.27790116601886,0.9720988339811356
27.21,221.25,1.0,220.27790116601886,0.9720988339811356
27.22,221.25,1.0,220.27790116601886,0.9720988339811356
27.23,221.25,1.0,220.27790116601886,0.9720988339811356
27.240000000000002,221.25,1.0,220.27790116601886,0.9720988339811356
27.25,221.25,1.0,220.27790116601886,0.9720988339811356
27.26,221.25,1.0,220.27790116601886,0.9720988339811356
27.27,218.75,1.0,220.27790116601886,-1.5279011660188644
27.28,221.25,1.0,220.27790116601886,0.9720988339811356
27.29,221.25,1.0,220.27790116601886,0.9720988339811356
27.3,221.25,1.0,220.27790116601886,0.9720988339811356
27.310000000000002,218.75,1.0,220.27790116601886,-1.5279011660188644
27.32,223.75,1.0,220.27790116601886,3.4720988339811356
27.330000000000002,221.25,1.0,220.27790116601886,0.9720988339811356
27.34,221.25,1.0,220.27790116601886,0.9720988339811356
27.35,221.25,1.0,220.27790116601886,0.9720988339811356
27.36,221.25,1.0,220.27790116601886,0.9720988339811356
27.37,218.75,1.0,220.27790116601886,-1.5279011660188644
27.38,221.25,1.0,220.27790116601886,0.9720988339811356
27.39,166.25,1.0,220.27790116601886,-54.027901166018864
27.400000000000002,221.25,1.0,220.27790116601886,0.9720988339811356
27.41,221.25,1.0,220.27790116601886,0.9720988339811356
27.42,221.25,1.0,220.27790116601886,0.9720988339811356
27.43,221.25,1.0,220.27790116601886,0.9720988339811356
27.44,221.25,1.0,220.27790116601886,0.9720988339811356
27.45,221.25,1.0,220.27790116601886,0.9720988339811356
27.46,221.25,1.0,220.27790116601886,0.9720988339811356
27.47,221.25,1.0,220.27790116601886,0.9720988339811356
27.48,218.75,1.0,220.27790116601886,-1.5279011660188644
27.490000000000002,221.25,1.0,220.27790116601886,0.9720988339811356
27.5,218.75,1.0,220.27790116601886,-1.5279011660188644
27.51,221.25,1.0,220.27790116601886,0.9720988339811356
27.52,221.25,1.0,220.27790116601886,0.9720988339811356
27.53,218.75,1.0,220.27790116601886,-1.5279011660188644
27.54,221.25,1.0,220.27790116601886,0.9720988339811356
27.55,221.25,1.0,220.27790116601886,0.9720988339811356
27.560000000000002,221.25,1.0,220.27790116601886,0.9720988339811356
27.57,221.25,1.0,220.27790116601886,0.9720988339811356
27.580000000000002,221.25,1.0,220.27790116601886,0.9720988339811356
27.59,221.25,1.0,220.27790116601886,0.9720988339811356
27.6,218.75,1.0,220.27790116601886,-1.5279011660188644
27.61,221.25,1.0,220.27790116601886,0.9720988339811356
27.62,221.25,1.0,220.27790116601886,0.9720988339811356
27.63,221.25,1.0,220.27790116601886,0.9720988339811356
27.64,218.75,1.0,220.27790116601886,-1.5279011660188644
27.650000000000002,221.25,1.0,220.27790116601886,0.9720988339811356
27.66,221.25,1.0,220.27790116601886,0.9720988339811356
27.67,221.25,1.0,220.27790116601886,0.9720988339811356
27.68,221.25,1.0,220.27790116601886,0.9720988339811356
27.69,221.25,1.0,220.27790116601886,0.9720988339811356
27.7,221.25,1.0,220.27790116601886,0.9720988339811356
27.71,221.25,1.0,220.27790116601886,0.9720988339811356
27.72,221.25,1.0,220.27790116601886,0.9720988339811356
27.73,221.25,1.0,220.27790116601886,0.9720988339811356
27.740000000000002,221.25,1.0,220.27790116601886,0.9720988339811356
27.75,218.75,1.0,220.27790116601886,-1.5279011660188644
27.76,221.25,1.0,220.27790116601886,0.9720988339811356
27.77,221.25,1.0,220.27790116601886,0.9720988339811356
27.78,221.25,1.0,220.27790116601886,0.9720988339811356
27.79,221.25,1.0,220.27790116601886,0.9720988339811356
27.8,221.25,1.0,220.27790116601886,0.9720988339811356
27.810000000000002,221.25,1.0,220.27790116601886,0.9720988339811356
27.82,218.75,1.0,220.27790116601886,-1.5279011660188644
27.830000000000002,221.25,1.0,220.27790116601886,0.9720988339811356
27.84,221.25,1.0,220.27790116601886,0.9720988339811356
27.85,221.25,1.0,220.27790116601886,0.9720988339811356
27.86,221.25,1.0,220.27790116601886,0.9720988339811356
27.87,221.25,1.0,220.27790116601886,0.9720988339811356
27.88,221.25,1.0,220.27790116601886,0.9720988339811356
27.89,221.25,1.0,220.27790116601886,0.9720988339811356
27.900000000000002,218.75,1.0,220.27790116601886,-1.5279011660188644
27.91,221.25,1.0,220.27790116601886,0.9720988339811356
27.92,221.25,1.0,220.27790116601886,0.9720988339811356
27.93,218.75,1.0,220.27790116601886,-1.5279011660188644
27.94,221.25,1.0,220.27790116601886,0.9720988339811356
27.95,221.25,1.0,220.27790116601886,0.9720988339811356
27.96,218.75,1.0,220.27790116601886,-1.5279011660188644
27.97,221.25,1.0,220.27790116601886,0.9720988339811356
27.98,221.25,1.0,220.27790116601886,0.9720988339811356
27.990000000000002,167.5,1.0,220.27790116601886,-52.777901166018864
28.0,221.25,1.0,220.27790116601886,0.9720988339811356
28.01,221.25,1.0,220.27790116601886,0.9720988339811356
28.02,218.75,1.0,220.27790116601886,-1.5279011660188644
28.03,221.25,1.0,220.27790116601886,0.9720988339811356
28.04,221.25,1.0,220.27790116601886,0.9720988339811356
28.05,218.75,1.0,220.27790116601886,-1.5279011660188644
28.060000000000002,221.25,1.0,220.27790116601886,0.9720988339811356
28.07,221.25,1.0,220.27790116601886,0.9720988339811356
28.080000000000002,221.25,1.0,220.27790116601886,0.9720988339811356
28.09,218.75,1.0,220.27790116601886,-1.5279011660188644
28.1,221.25,1.0,220.27790116601886,0.9720988339811356
28.11,221.25,1.0,220.27790116601886,0.9720988339811356
28.12,221.25,1.0,220.27790116601886,0.9720988339811356
28.13,221.25,1.0,220.27790116601886,0.9720988339811356
28.14,221.25,1.0,220.27790116601886,0.9720988339811356
28.150000000000002,221.25,1.0,220.27790116601886,0.9720988339811356
28.16,221.25,1.0,220.27790116601886,0.9720988339811356
28.17,221.25,1.0,220.27790116601886,0.9720988339811356
28.18,218.75,1.0,220.27790116601886,-1.5279011660188644
28.19,221.25,1.0,220.27790116601886,0.9720988339811356
28.2,218.75,1.0,220.27790116601886,-1.5279011660188644
28.21,221.25,1.0,220.27790116601886,0.9720988339811356
28.22,223.75,1.0,220.27790116601886,3.4720988339811356
28.23,221.25,1.0,220.27790116601886,0.9720988339811356
28.240000000000002,221.25,1.0,220.27790116601886,0.9720988339811356
28.25,221.25,1.0,220.27790116601886,0.9720988339811356
28.26,221.25,1.0,220.27790116601886,0.9720988339811356
28.27,218.75,1.0,220.27790116601886,-1.5279011660188644
28.28,221.25,1.0,220.27790116601886,0.9720988339811356
28.29,221.25,1.0,220.27790116601886,0.9720988339811356
28.3,221.25,1.0,220.27790116601886,0.9720988339811356
28.310000000000002,221.25,1.0,220.27790116601886,0.9720988339811356
28.32,221.25,1.0,220.27790116601886,0.9720988339811356
28.330000000000002,221.25,1.0,220.27790116601886,0.9720988339811356
28.34,221.25,1.0,220.27790116601886,0.9720988339811356
28.35,221.25,1.0,220.27790116601886,0.9720988339811356
28.36,221.25,1.0,220.27790116601886,0.9720988339811356
28.37,221.25,1.0,220.27790116601886,0.9720988339811356
28.38,221.25,1.0,220.27790116601886,0.9720988339811356
28.39,221.25,1.0,220.27790116601886,0.9720988339811356
28.400000000000002,221.25,1.0,220.27790116601886,0.9720988339811356
28.41,221.25,1.0,220.27790116601886,0.9720988339811356
28.42,221.25,1.0,220.27790116601886,0.9720988339811356
28.43,218.75,1.0,220.27790116601886,-1.5279011660188644
28.44,221.25,1.0,220.27790116601886,0.9720988339811356
28.45,221.25,1.0,220.27790116601886,0.9720988339811356
28.46,221.25,1.0,220.27790116601886,0.9720988339811356
28.47,221.25,1.0,220.27790116601886,0.9720988339811356
28.48,221.25,1.0,220.27790116601886,0.9720988339811356
28.490000000000002,221.25,1.0,220.27790116601886,0.9720988339811356
28.5,221.25,1.0,220.27790116601886,0.9720988339811356
28.51,221.25,1.0,220.27790116601886,0.9720988339811356
28.52,218.75,1.0,220.27790116601886,-1.5279011660188644
28.53,221.25,1.0,220.27790116601886,0.9720988339811356
28.54,221.25,1.0,220.27790116601886,0.9720988339811356
28.55,221.25,1.0,220.27790116601886,0.9720988339811356
28.560000000000002,221.25,1.0,220.27790116601886,0.9720988339811356
28.57,221.25,1.0,220.27790116601886,0.9720988339811356
28.580000000000002,221.25,1.0,220.27790116601886,0.9720988339811356
28.59,170.0,1.0,220.27790116601886,-50.277901166018864
28.6,221.25,1.0,220.27790116601886,0.9720988339811356
28.61,218.75,1.0,220.27790116601886,-1.5279011660188644
28.62,221.25,1.0,220.27790116601886,0.9720988339811356
28.63,221.25,1.0,220.27790116601886,0.9720988339811356
28.64,221.25,1.0,220.27790116601886,0.9720988339811356
28.650000000000002,221.25,1.0,220.27790116601886,0.9720988339811356
28.66,221.25,1.0,220.27790116601886,0.9720988339811356
28.67,223.75,1.0,220.27790116601886,3.4720988339811356
28.68,221.25,1.0,220.27790116601886,0.9720988339811356
28.69,221.25,1.0,220.27790116601886,0.9720988339811356
28.7,218.75,1.0,220.27790116601886,-1.5279011660188644
28.71,221.25,1.0,220.27790116601886,0.9720988339811356
28.72,223.75,1.0,220.27790116601886,3.4720988339811356
28.73,221.25,1.0,220.27790116601886,0.9720988339811356
28.740000000000002,221.25,1.0,220.27790116601886,0.9720988339811356
28.75,221.25,1.0,220.27790116601886,0.9720988339811356
28.76,221.25,1.0,220.27790116601886,0.9720988339811356
28.77,221.25,1.0,220.27790116601886,0.9720988339811356
28.78,221.25,1.0,220.27790116601886,0.9720988339811356
28.79,218.75,1.0,220.27790116601886,-1.5279011660188644
28.8,221.25,1.0,220.27790116601886,0.9720988339811356
28.810000000000002,221.25,1.0,220.27790116601886,0.9720988339811356
28.82,221.25,1.0,220.27790116601886,0.9720988339811356
28.830000000000002,221.25,1.0,220.27790116601886,0.9720988339811356
28.84,223.75,1.0,220.27790116601886,3.4720988339811356
28.85,221.25,1.0,220.27790116601886,0.9720988339811356
28.86,221.25,1.0,220.27790116601886,0.9720988339811356
28.87,221.25,1.0,220.27790116601886,0.9720988339811356
28.88,218.75,1.0,220.27790116601886,-1.5279011660188644
28.89,223.75,1.0,220.27790116601886,3.4720988339811356
28.900000000000002,221.25,1.0,220.27790116601886,0.9720988339811356
28.91,221.25,1.0,220.27790116601886,0.9720988339811356
28.92,221.25,1.0,220.27790116601886,0.9720988339811356
28.93,221.25,1.0,220.27790116601886,0.9720988339811356
28.94,221.25,1.0,220.27790116601886,0.9720988339811356
28.95,221.25,1.0,220.27790116601886,0.9720988339811356
28.96,221.25,1.0,220.27790116601886,0.9720988339811356
28.97,221.25,1.0,220.27790116601886,0.9720988339811356
28.98,221.25,1.0,220.27790116601886,0.9720988339811356
28.990000000000002,221.25,1.0,220.27790116601886,0.9720988339811356
29.0,221.25,1.0,220.27790116601886,0.9720988339811356
29.01,221.25,1.0,220.27790116601886,0.9720988339811356
29.02,221.25,1.0,220.27790116601886,0.9720988339811356
29.03,221.25,1.0,220.27790116601886,0.9720988339811356
29.04,221.25,1.0,220.27790116601886,0.9720988339811356
29.05,221.25,1.0,220.27790116601886,0.9720988339811356
29.060000000000002,221.25,1.0,220.27790116601886,0.9720988339811356
29.07,221.25,1.0,220.27790116601886,0.9720988339811356
29.080000000000002,221.25,1.0,220.27790116601886,0.9720988339811356
29.09,221.25,1.0,220.27790116601886,0.9720988339811356
29.1,221.25,1.0,220.27790116601886,0.9720988339811356
29.11,221.25,1.0,220.27790116601886,0.9720988339811356
29.12,221.25,1.0,220.27790116601886,0.9720988339811356
29.13,221.25,1.0,220.27790116601886,0.9720988339811356
29.14,221.25,1.0,220.27790116601886,0.9720988339811356
29.150000000000002,218.75,1.0,220.27790116601886,-1.5279011660188644
29.16,221.25,1.0,220.27790116601886,0.9720988339811356
29.17,221.25,1.0,220.27790116601886,0.9720988339811356
29.18,221.25,1.0,220.27790116601886,0.9720988339811356
29.19,167.5,1.0,220.27790116601886,-52.777901166018864
29.2,221.25,1.0,220.27790116601886,0.9720988339811356
29.21,218.75,1.0,220.27790116601886,-1.5279011660188644
29.22,218.75,1.0,220.27790116601886,-1.5279011660188644
29.23,221.25,1.0,220.27790116601886,0.9720988339811356
29.240000000000002,221.25,1.0,220.27790116601886,0.9720988339811356
29.25,221.25,1.0,220.27790116601886,0.9720988339811356
29.26,221.25,1.0,220.27790116601886,0.9720988339811356
29.27,221.25,1.0,220.27790116601886,0.9720988339811356
29.28,221.25,1.0,220.27790116601886,0.9720988339811356
29.29,221.25,1.0,220.27790116601886,0.9720988339811356
29.3,221.25,1.0,220.27790116601886,0.9720988339811356
29.310000000000002,221.25,1.0,220.27790116601886,0.9720988339811356
29.32,221.25,1.0,220.27790116601886,0.9720988339811356
29.330000000000002,218.75,1.0,220.27790116601886,-1.5279011660188644
29.34,221.25,1.0,220.27790116601886,0.9720988339811356
29.35,221.25,1.0,220.27790116601886,0.9720988339811356
29.36,221.25,1.0,220.27790116601886,0.9720988339811356
29.37,221.25,1.0,220.27790116601886,0.9720988339811356
29.38,221.25,1.0,220.27790116601886,0.9720988339811356
29.39,221.25,1.0,220.27790116601886,0.9720988339811356
29.400000000000002,218.75,1.0,220.27790116601886,-1.5279011660188644
29.41,221.25,1.0,220.27790116601886,0.9720988339811356
29.42,218.75,1.0,220.27790116601886,-1.5279011660188644
29.43,221.25,1.0,220.27790116601886,0.9720988339811356
29.44,221.25,1.0,220.27790116601886,0.9720988339811356
29.45,221.25,1.0,220.27790116601886,0.9720988339811356
29.46,221.25,1.0,220.27790116601886,0.9720988339811356
29.47,221.25,1.0,220.27790116601886,0.9720988339811356
29.48,221.25,1.0,220.27790116601886,0.9720988339811356
29.490000000000002,218.75,1.0,220.27790116601886,-1.5279011660188644
29.5,221.25,1.0,220.27790116601886,0.9720988339811356
29.51,221.25,1.0,220.27790116601886,0.9720988339811356
29.52,221.25,1.0,220.27790116601886,0.9720988339811356
29.53,221.25,1.0,220.27790116601886,0.9720988339811356
29.54,221.25,1.0,220.27790116601886,0.9720988339811356
29.55,221.25,1.0,220.27790116601886,0.9720988339811356
29.560000000000002,221.25,1.0,220.27790116601886,0.9720988339811356
29.57,223.75,1.0,220.27790116601886,3.4720988339811356
29.580000000000002,221.25,1.0,220.27790116601886,0.9720988339811356
29.59,221.25,1.0,220.27790116601886,0.9720988339811356
29.6,218.75,1.0,220.27790116601886,-1.5279011660188644
29.61,221.25,1.0,220.27790116601886,0.9720988339811356
29.62,221.25,1.0,220.27790116601886,0.9720988339811356
29.63,221.25,1.0,220.27790116601886,0.9720988339811356
29.64,221.25,1.0,220.27790116601886,0.9720988339811356
29.650000000000002,221.25,1.0,220.27790116601886,0.9720988339811356
29.66,221.25,1.0,220.27790116601886,0.9720988339811356
29.67,221.25,1.0,220.27790116601886,0.9720988339811356
29.68,221.25,1.0,220.27790116601886,0.9720988339811356
29.69,221.25,1.0,220.27790116601886,0.9720988339811356
29.7,221.25,1.0,220.27790116601886,0.9720988339811356
29.71,221.25,1.0,220.27790116601886,0.9720988339811356
29.72,221.25,1.0,220.27790116601886,0.9720988339811356
29.73,221.25,1.0,220.27790116601886,0.9720988339811356
29.740000000000002,218.75,1.0,220.27790116601886,-1.5279011660188644
29.75,221.25,1.0,220.27790116601886,0.9720988339811356
29.76,221.25,1.0,220.27790116601886,0.9720988339811356
29.77,221.25,1.0,220.27790116601886,0.9720988339811356
29.78,221.25,1.0,220.27790116601886,0.9720988339811356
29.79,170.0,1.0,220.27790116601886,-50.277901166018864
29.8,221.25,1.0,220.27790116601886,0.9720988339811356
29.810000000000002,221.25,1.0,220.27790116601886,0.9720988339811356
29.82,221.25,1.0,220.27790116601886,0.9720988339811356
29.830000000000002,221.25,1.0,220.27790116601886,0.9720988339811356
29.84,218.75,1.0,220.27790116601886,-1.5279011660188644
29.85,218.75,1.0,220.27790116601886,-1.5279011660188644
29.86,223.75,1.0,220.27790116601886,3.4720988339811356
29.87,221.25,1.0,220.27790116601886,0.9720988339811356
29.88,221.25,1.0,220.27790116601886,0.9720988339811356
29.89,221.25,1.0,220.27790116601886,0.9720988339811356
29.900000000000002,221.25,1.0,220.27790116601886,0.9720988339811356
29.91,218.75,1.0,220.27790116601886,-1.5279011660188644
29.92,221.25,1.0,220.27790116601886,0.9720988339811356
29.93,221.25,1.0,220.27790116601886,0.9720988339811356
29.94,221.25,1.0,220.27790116601886,0.9720988339811356
29.95,221.25,1.0,220.27790116601886,0.9720988339811356
29.96,221.25,1.0,220.27790116601886,0.9720988339811356
29.97,221.25,1.0,220.27790116601886,0.9720988339811356
29.98,221.25,1.0,220.27790116601886,0.9720988339811356
29.990000000000002,221.25,1.0,220.27790116601886,0.9720988339811356
30.0,167.5,0.0,168.956222,-1.4562219999999968
30.01,170.0,0.0,168.956222,1.0437780000000032
30.02,167.5,0.0,168.956222,-1.4562219999999968
30.03,167.5,0.0,168.956222,-1.4562219999999968
30.04,170.0,0.0,168.956222,1.0437780000000032
30.05,167.5,0.0,168.956222,-1.4562219999999968
30.060000000000002,170.0,0.0,168.956222,1.0437780000000032
30.07,170.0,0.0,168.956222,1.0437780000000032
30.080000000000002,170.0,0.0,168.956222,1.0437780000000032
30.09,170.0,0.0,168.956222,1.0437780000000032
30.1,167.5,0.0,168.956222,-1.4562219999999968
30.11,167.5,0.0,168.956222,-1.4562219999999968
30.12,167.5,0.0,168.956222,-1.4562219999999968
30.13,170.0,0.0,168.956222,1.0437780000000032
30.14,170.0,0.0,168.956222,1.0437780000000032
30.150000000000002,170.0,0.0,168.956222,1.0437780000000032
30.16,170.0,0.0,168.956222,1.0437780000000032
30.17,170.0,0.0,168.956222,1.0437780000000032
30.18,167.5,0.0,168.956222,-1.4562219999999968
30.19,167.5,0.0,168.956222,-1.4562219999999968
30.2,167.5,0.0,168.956222,-1.4562219999999968
30.21,167.5,0.0,168.956222,-1.4562219999999968
30.22,167.5,0.0,168.956222,-1.4562219999999968
30.23,167.5,0.0,168.956222,-1.4562219999999968
30.240000000000002,170.0,0.0,168.956222,1.0437780000000032
30.25,170.0,0.0,168.956222,1.0437780000000032
30.26,167.5,0.0,168.956222,-1.4562219999999968
30.27,170.0,0.0,168.956222,1.0437780000000032
30.28,167.5,0.0,168.956222,-1.4562219999999968
30.29,167.5,0.0,168.956222,-1.4562219999999968
30.3,167.5,0.0,168.956222,-1.4562219999999968
30.310000000000002,170.0,0.0,168.956222,1.0437780000000032
30.32,167.5,0.0,168.956222,-1.4562219999999968
30.330000000000002,170.0,0.0,168.956222,1.0437780000000032
30.34,170.0,0.0,168.956222,1.0437780000000032
30.35,170.0,0.0,168.956222,1.0437780000000032
30.36,167.5,0.0,168.956222,-1.4562219999999968
30.37,167.5,0.0,168.956222,-1.4562219999999968
30.38,170.0,0.0,168.956222,1.0437780000000032
30.39,167.5,0.0,168.956222,-1.4562219999999968
30.400000000000002,170.0,0.0,168.956222,1.0437780000000032
30.41,170.0,0.0,168.956222,1.0437780000000032
30.42,170.0,0.0,168.956222,1.0437780000000032
30.43,170.0,0.0,168.956222,1.0437780000000032
30.44,170.0,0.0,168.956222,1.0437780000000032
30.45,167.5,0.0,168.956222,-1.4562219999999968
30.46,167.5,0.0,168.956222,-1.4562219999999968
30.47,167.5,0.0,168.956222,-1.4562219999999968
30.48,167.5,0.0,168.956222,-1.4562219999999968
30.490000000000002,170.0,0.0,168.956222,1.0437780000000032
30.5,170.0,0.0,168.956222,1.0437780000000032
30.51,167.5,0.0,168.956222,-1.4562219999999968
30.52,170.0,0.0,168.956222,1.0437780000000032
30.53,167.5,0.0,168.956222,-1.4562219999999968
30.54,170.0,0.0,168.956222,1.0437780000000032
30.55,167.5,0.0,168.956222,-1.4562219999999968
30.560000000000002,170.0,0.0,168.956222,1.0437780000000032
30.57,167.5,0.0,168.956222,-1.4562219999999968
30.580000000000002,170.0,0.0,168.956222,1.0437780000000032
30.59,167.5,0.0,168.956222,-1.4562219999999968
30.6,167.5,0.0,168.956222,-1.4562219999999968
30.61,170.0,0.0,168.956222,1.0437780000000032
30.62,170.0,0.0,168.956222,1.0437780000000032
30.63,167.5,0.0,168.956222,-1.4562219999999968
30.64,167.5,0.0,168.956222,-1.4562219999999968
30.650000000000002,167.5,0.0,168.956222,-1.4562219999999968
30.66,167.5,0.0,168.956222,-1.4562219999999968
30.67,170.0,0.0,168.956222,1.0437780000000032
30.68,170.0,0.0,168.956222,1.0437780000000032
30.69,167.5,0.0,168.956222,-1.4562219999999968
30.7,167.5,0.0,168.956222,-1.4562219999999968
30.71,167.5,0.0,168.956222,-1.4562219999999968
30.72,167.5,0.0,168.956222,-1.4562219999999968
30.73,167.5,0.0,168.956222,-1.4562219999999968
30.740000000000002,167.5,0.0,168.956222,-1.4562219999999968
30.75,166.25,0.0,168.956222,-2.706221999999997
30.76,170.0,0.0,168.956222,1.0437780000000032
30.77,167.5,0.0,168.956222,-1.4562219999999968
30.78,167.5,0.0,168.956222,-1.4562219999999968
30.79,170.0,0.0,168.956222,1.0437780000000032
30.8,167.5,0.0,168.956222,-1.4562219999999968
30.810000000000002,170.0,0.0,168.956222,1.0437780000000032
30.82,167.5,0.0,168.956222,-1.4562219999999968
30.830000000000002,170.0,0.0,168.956222,1.0437780000000032
30.84,167.5,0.0,168.956222,-1.4562219999999968
30.85,170.0,0.0,168.956222,1.0437780000000032
30.86,167.5,0.0,168.956222,-1.4562219999999968
30.87,166.25,0.0,168.956222,-2.706221999999997
30.88,167.5,0.0,168.956222,-1.4562219999999968
30.89,167.5,0.0,168.956222,-1.4562219999999968
30.900000000000002,167.5,0.0,168.956222,-1.4562219999999968
30.91,167.5,0.0,168.956222,-1.4562219999999968
30.92,170.0,0.0,168.956222,1.0437780000000032
30.93,166.25,0.0,168.956222,-2.706221999999997
30.94,167.5,0.0,168.956222,-1.4562219999999968
30.95,170.0,0.0,168.956222,1.0437780000000032
30.96,170.0,0.0,168.956222,1.0437780000000032
30.970000000000002,170.0,0.0,168.956222,1.0437780000000032
30.98,167.5,0.0,168.956222,-1.4562219999999968
30.990000000000002,170.0,0.0,168.956222,1.0437780000000032
31.0,170.0,0.0,168.956222,1.0437780000000032
31.01,170.0,0.0,168.956222,1.0437780000000032
31.02,170.0,0.0,168.956222,1.0437780000000032
31.03,170.0,0.0,168.956222,1.0437780000000032
31.04,170.0,0.0,168.956222,1.0437780000000032
31.05,167.5,0.0,168.956222,-1.4562219999999968
31.060000000000002,170.0,0.0,168.956222,1.0437780000000032
31.07,167.5,0.0,168.956222,-1.4562219999999968
31.080000000000002,170.0,0.0,168.956222,1.0437780000000032
31.09,167.5,0.0,168.956222,-1.4562219999999968
31.1,166.25,0.0,168.956222,-2.706221999999997
31.11,167.5,0.0,168.956222,-1.4562219999999968
31.12,167.5,0.0,168.956222,-1.4562219999999968
31.13,170.0,0.0,168.956222,1.0437780000000032
31.14,170.0,0.0,168.956222,1.0437780000000032
31.150000000000002,167.5,0.0,168.956222,-1.4562219999999968
31.16,167.5,0.0,168.956222,-1.4562219999999968
31.17,170.0,0.0,168.956222,1.0437780000000032
31.18,166.25,0.0,168.956222,-2.706221999999997
31.19,167.5,0.0,168.956222,-1.4562219999999968
31.2,167.5,0.0,168.956222,-1.4562219999999968
31.21,167.5,0.0,168.956222,-1.4562219999999968
31.220000000000002,170.0,0.0,168.956222,1.0437780000000032
31.23,167.5,0.0,168.956222,-1.4562219999999968
31.240000000000002,167.5,0.0,168.956222,-1.4562219999999968
31.25,167.5,0.0,168.956222,-1.4562219999999968
31.26,170.0,0.0,168.956222,1.0437780000000032
31.27,167.5,0.0,168.956222,-1.4562219999999968
31.28,170.0,0.0,168.956222,1.0437780000000032
31.29,166.25,0.0,168.956222,-2.706221999999997
31.3,167.5,0.0,168.956222,-1.4562219999999968
31.310000000000002,170.0,0.0,168.956222,1.0437780000000032
31.32,167.5,0.0,168.956222,-1.4562219999999968
31.330000000000002,166.25,0.0,168.956222,-2.706221999999997
31.34,167.5,0.0,168.956222,-1.4562219999999968
31.35,170.0,0.0,168.956222,1.0437780000000032
31.36,167.5,0.0,168.956222,-1.4562219999999968
31.37,170.0,0.0,168.956222,1.0437780000000032
31.38,167.5,0.0,168.956222,-1.4562219999999968
31.39,170.0,0.0,168.956222,1.0437780000000032
31.400000000000002,167.5,0.0,168.956222,-1.4562219999999968
31.41,167.5,0.0,168.956222,-1.4562219999999968
31.42,170.0,0.0,168.956222,1.0437780000000032
31.43,167.5,0.0,168.956222,-1.4562219999999968
31.44,170.0,0.0,168.956222,1.0437780000000032
31.45,167.5,0.0,168.956222,-1.4562219999999968
31.46,170.0,0.0,168.956222,1.0437780000000032
31.470000000000002,170.0,0.0,168.956222,1.0437780000000032
31.48,167.5,0.0,168.956222,-1.4562219999999968
31.490000000000002,170.0,0.0,168.956222,1.0437780000000032
31.5,167.5,0.0,168.956222,-1.4562219999999968
31.51,167.5,0.0,168.956222,-1.4562219999999968
31.52,167.5,0.0,168.956222,-1.4562219999999968
31.53,170.0,0.0,168.956222,1.0437780000000032
31.54,170.0,0.0,168.956222,1.0437780000000032
31.55,170.0,0.0,168.956222,1.0437780000000032
31.560000000000002,167.5,0.0,168.956222,-1.4562219999999968
31.57,166.25,0.0,168.956222,-2.706221999999997
31.580000000000002,166.25,0.0,168.956222,-2.706221999999997
31.59,167.5,0.0,168.956222,-1.4562219999999968
31.6,170.0,0.0,168.956222,1.0437780000000032
31.61,167.5,0.0,168.956222,-1.4562219999999968
31.62,167.5,0.0,168.956222,-1.4562219999999968
31.63,170.0,0.0,168.956222,1.0437780000000032
31.64,170.0,0.0,168.956222,1.0437780000000032
31.650000000000002,170.0,0.0,168.956222,1.0437780000000032
31.66,170.0,0.0,168.956222,1.0437780000000032
31.67,170.0,0.0,168.956222,1.0437780000000032
31.68,167.5,0.0,168.956222,-1.4562219999999968
31.69,166.25,0.0,168.956222,-2.706221999999997
31.7,170.0,0.0,168.956222,1.0437780000000032
31.71,166.25,0.0,168.956222,-2.706221999999997
31.720000000000002,167.5,0.0,168.956222,-1.4562219999999968
31.73,167.5,0.0,168.956222,-1.4562219999999968
31.740000000000002,167.5,0.0,168.956222,-1.4562219999999968
31.75,167.5,0.0,168.956222,-1.4562219999999968
31.76,167.5,0.0,168.956222,-1.4562219999999968
31.77,167.5,0.0,168.956222,-1.4562219999999968
31.78,170.0,0.0,168.956222,1.0437780000000032
31.79,167.5,0.0,168.956222,-1.4562219999999968
31.8,170.0,0.0,168.956222,1.0437780000000032
31.810000000000002,167.5,0.0,168.956222,-1.4562219999999968
31.82,170.0,0.0,168.956222,1.0437780000000032
31.830000000000002,170.0,0.0,168.956222,1.0437780000000032
31.84,167.5,0.0,168.956222,-1.4562219999999968
31.85,167.5,0.0,168.956222,-1.4562219999999968
31.86,167.5,0.0,168.956222,-1.4562219999999968
31.87,167.5,0.0,168.956222,-1.4562219999999968
31.88,167.5,0.0,168.956222,-1.4562219999999968
31.89,170.0,0.0,168.956222,1.0437780000000032
31.900000000000002,167.5,0.0,168.956222,-1.4562219999999968
31.91,170.0,0.0,168.956222,1.0437780000000032
31.92,170.0,0.0,168.956222,1.0437780000000032
31.93,167.5,0.0,168.956222,-1.4562219999999968
31.94,170.0,0.0,168.956222,1.0437780000000032
31.95,167.5,0.0,168.956222,-1.4562219999999968
31.96,170.0,0.0,168.956222,1.0437780000000032
31.970000000000002,170.0,0.0,168.956222,1.0437780000000032
31.98,170.0,0.0,168.956222,1.0437780000000032
31.990000000000002,167.5,0.0,168.956222,-1.4562219999999968
32.0,167.5,0.0,168.956222,-1.4562219999999968
32.01,170.0,0.0,168.956222,1.0437780000000032
32.02,167.5,0.0,168.956222,-1.4562219999999968
32.03,170.0,0.0,168.956222,1.0437780000000032
32.04,167.5,0.0,168.956222,-1.4562219999999968
32.05,167.5,0.0,168.956222,-1.4562219999999968
32.06,167.5,0.0,168.956222,-1.4562219999999968
32.07,170.0,0.0,168.956222,1.0437780000000032
32.08,170.0,0.0,168.956222,1.0437780000000032
32.09,167.5,0.0,168.956222,-1.4562219999999968
32.1,166.25,0.0,168.956222,-2.706221999999997
32.11,167.5,0.0,168.956222,-1.4562219999999968
32.12,170.0,0.0,168.956222,1.0437780000000032
32.13,167.5,0.0,168.956222,-1.4562219999999968
32.14,170.0,0.0,168.956222,1.0437780000000032
32.15,166.25,0.0,168.956222,-2.706221999999997
32.160000000000004,170.0,0.0,168.956222,1.0437780000000032
32.17,170.0,0.0,168.956222,1.0437780000000032
32.18,167.5,0.0,168.956222,-1.4562219999999968
32.19,170.0,0.0,168.956222,1.0437780000000032
32.2,167.5,0.0,168.956222,-1.4562219999999968
32.21,167.5,0.0,168.956222,-1.4562219999999968
32.22,167.5,0.0,168.956222,-1.4562219999999968
32.230000000000004,170.0,0.0,168.956222,1.0437780000000032
32.24,167.5,0.0,168.956222,-1.4562219999999968
32.25,170.0,0.0,168.956222,1.0437780000000032
32.26,170.0,0.0,168.956222,1.0437780000000032
32.27,167.5,0.0,168.956222,-1.4562219999999968
32.28,170.0,0.0,168.956222,1.0437780000000032
32.29,167.5,0.0,168.956222,-1.4562219999999968
32.3,167.5,0.0,168.956222,-1.4562219999999968
32.31,167.5,0.0,168.956222,-1.4562219999999968
32.32,170.0,0.0,168.956222,1.0437780000000032
32.33,166.25,0.0,168.956222,-2.706221999999997
32.34,167.5,0.0,168.956222,-1.4562219999999968
32.35,170.0,0.0,168.956222,1.0437780000000032
32.36,170.0,0.0,168.956222,1.0437780000000032
32.37,170.0,0.0,168.956222,1.0437780000000032
32.38,167.5,0.0,168.956222,-1.4562219999999968
32.39,167.5,0.0,168.956222,-1.4562219999999968
32.4,167.5,0.0,168.956222,-1.4562219999999968
32.410000000000004,167.5,0.0,168.956222,-1.4562219999999968
32.42,170.0,0.0,168.956222,1.0437780000000032
32.43,167.5,0.0,168.956222,-1.4562219999999968
32.44,166.25,0.0,168.956222,-2.706221999999997
32.45,170.0,0.0,168.956222,1.0437780000000032
32.46,170.0,0.0,168.956222,1.0437780000000032
32.47,167.5,0.0,168.956222,-1.4562219999999968
32.480000000000004,170.0,0.0,168.956222,1.0437780000000032
32.49,170.0,0.0,168.956222,1.0437780000000032
32.5,167.5,0.0,168.956222,-1.4562219999999968
32.51,170.0,0.0,168.956222,1.0437780000000032
32.52,167.5,0.0,168.956222,-1.4562219999999968
32.53,170.0,0.0,168.956222,1.0437780000000032
32.54,166.25,0.0,168.956222,-2.706221999999997
32.55,170.0,0.0,168.956222,1.0437780000000032
32.56,167.5,0.0,168.956222,-1.4562219999999968
32.57,170.0,0.0,168.956222,1.0437780000000032
32.58,167.5,0.0,168.956222,-1.4562219999999968
32.59,170.0,0.0,168.956222,1.0437780000000032
32.6,170.0,0.0,168.956222,1.0437780000000032
32.61,167.5,0.0,168.956222,-1.4562219999999968
32.62,170.0,0.0,168.956222,1.0437780000000032
32.63,167.5,0.0,168.956222,-1.4562219999999968
32.64,167.5,0.0,168.956222,-1.4562219999999968
32.65,167.5,0.0,168.956222,-1.4562219999999968
32.660000000000004,170.0,0.0,168.956222,1.0437780000000032
32.67,167.5,0.0,168.956222,-1.4562219999999968
32.68,170.0,0.0,168.956222,1.0437780000000032
32.69,170.0,0.0,168.956222,1.0437780000000032
32.7,167.5,0.0,168.956222,-1.4562219999999968
32.71,170.0,0.0,168.956222,1.0437780000000032
32.72,167.5,0.0,168.956222,-1.4562219999999968
32.730000000000004,167.5,0.0,168.956222,-1.4562219999999968
32.74,167.5,0.0,168.956222,-1.4562219999999968
32.75,167.5,0.0,168.956222,-1.4562219999999968
32.76,170.0,0.0,168.956222,1.0437780000000032
32.77,170.0,0.0,168.956222,1.0437780000000032
32.78,167.5,0.0,168.956222,-1.4562219999999968
32.79,167.5,0.0,168.956222,-1.4562219999999968
32.8,170.0,0.0,168.956222,1.0437780000000032
32.81,167.5,0.0,168.956222,-1.4562219999999968
32.82,167.5,0.0,168.956222,-1.4562219999999968
32.83,167.5,0.0,168.956222,-1.4562219999999968
32.84,170.0,0.0,168.956222,1.0437780000000032
32.85,170.0,0.0,168.956222,1.0437780000000032
32.86,166.25,0.0,168.956222,-2.706221999999997
32.87,170.0,0.0,168.956222,1.0437780000000032
32.88,167.5,0.0,168.956222,-1.4562219999999968
32.89,170.0,0.0,168.956222,1.0437780000000032
32.9,167.5,0.0,168.956222,-1.4562219999999968
32.910000000000004,170.0,0.0,168.956222,1.0437780000000032
32.92,167.5,0.0,168.956222,-1.4562219999999968
32.93,170.0,0.0,168.956222,1.0437780000000032
32.94,170.0,0.0,168.956222,1.0437780000000032
32.95,170.0,0.0,168.956222,1.0437780000000032
32.96,167.5,0.0,168.956222,-1.4562219999999968
32.97,170.0,0.0,168.956222,1.0437780000000032
32.980000000000004,170.0,0.0,168.956222,1.0437780000000032
32.99,167.5,0.0,168.956222,-1.4562219999999968
33.0,167.5,0.0,168.956222,-1.4562219999999968
33.01,167.5,0.0,168.956222,-1.4562219999999968
33.02,170.0,0.0,168.956222,1.0437780000000032
33.03,166.25,0.0,168.956222,-2.706221999999997
33.04,170.0,0.0,168.956222,1.0437780000000032
33.05,170.0,0.0,168.956222,1.0437780000000032
33.06,167.5,0.0,168.956222,-1.4562219999999968
33.07,170.0,0.0,168.956222,1.0437780000000032
33.08,170.0,0.0,168.956222,1.0437780000000032
33.09,167.5,0.0,168.956222,-1.4562219999999968
33.1,167.5,0.0,168.956222,-1.4562219999999968
33.11,167.5,0.0,168.956222,-1.4562219999999968
33.12,170.0,0.0,168.956222,1.0437780000000032
33.13,170.0,0.0,168.956222,1.0437780000000032
33.14,170.0,0.0,168.956222,1.0437780000000032
33.15,167.5,0.0,168.956222,-1.4562219999999968
33.160000000000004,170.0,0.0,168.956222,1.0437780000000032
33.17,167.5,0.0,168.956222,-1.4562219999999968
33.18,170.0,0.0,168.956222,1.0437780000000032
33.19,167.5,0.0,168.956222,-1.4562219999999968
33.2,170.0,0.0,168.956222,1.0437780000000032
33.21,170.0,0.0,168.956222,1.0437780000000032
33.22,167.5,0.0,168.956222,-1.4562219999999968
33.230000000000004,167.5,0.0,168.956222,-1.4562219999999968
33.24,167.5,0.0,168.956222,-1.4562219999999968
33.25,170.0,0.0,168.956222,1.0437780000000032
33.26,167.5,0.0,168.956222,-1.4562219999999968
33.27,167.5,0.0,168.956222,-1.4562219999999968
33.28,170.0,0.0,168.956222,1.0437780000000032
33.29,167.5,0.0,168.956222,-1.4562219999999968
33.3,170.0,0.0,168.956222,1.0437780000000032
33.31,166.25,0.0,168.956222,-2.706221999999997
33.32,170.0,0.0,168.956222,1.0437780000000032
33.33,167.5,0.0,168.956222,-1.4562219999999968
33.34,170.0,0.0,168.956222,1.0437780000000032
33.35,167.5,0.0,168.956222,-1.4562219999999968
33.36,167.5,0.0,168.956222,-1.4562219999999968
33.37,170.0,0.0,168.956222,1.0437780000000032
33.38,170.0,0.0,168.956222,1.0437780000000032
33.39,170.0,0.0,168.956222,1.0437780000000032
33.4,170.0,0.0,168.956222,1.0437780000000032
33.410000000000004,167.5,0.0,168.956222,-1.4562219999999968
33.42,167.5,0.0,168.956222,-1.4562219999999968
33.43,170.0,0.0,168.956222,1.0437780000000032
33.44,167.5,0.0,168.956222,-1.4562219999999968
33.45,166.25,0.0,168.956222,-2.706221999999997
33.46,170.0,0.0,168.956222,1.0437780000000032
33.47,167.5,0.0,168.956222,-1.4562219999999968
33.480000000000004,166.25,0.0,168.956222,-2.706221999999997
33.49,167.5,0.0,168.956222,-1.4562219999999968
33.5,170.0,0.0,168.956222,1.0437780000000032
33.51,167.5,0.0,168.956222,-1.4562219999999968
33.52,170.0,0.0,168.956222,1.0437780000000032
33.53,167.5,0.0,168.956222,-1.4562219999999968
33.54,170.0,0.0,168.956222,1.0437780000000032
33.55,170.0,0.0,168.956222,1.0437780000000032
33.56,172.5,0.0,168.956222,3.543778000000003
33.57,170.0,0.0,168.956222,1.0437780000000032
33.58,167.5,0.0,168.956222,-1.4562219999999968
33.59,166.25,0.0,168.956222,-2.706221999999997
33.6,167.5,0.0,168.956222,-1.4562219999999968
33.61,170.0,0.0,168.956222,1.0437780000000032
33.62,167.5,0.0,168.956222,-1.4562219999999968
33.63,170.0,0.0,168.956222,1.0437780000000032
33.64,166.25,0.0,168.956222,-2.706221999999997
33.65,170.0,0.0,168.956222,1.0437780000000032
33.660000000000004,170.0,0.0,168.956222,1.0437780000000032
33.67,167.5,0.0,168.956222,-1.4562219999999968
33.68,170.0,0.0,168.956222,1.0437780000000032
33.69,167.5,0.0,168.956222,-1.4562219999999968
33.7,170.0,0.0,168.956222,1.0437780000000032
33.71,170.0,0.0,168.956222,1.0437780000000032
33.72,170.0,0.0,168.956222,1.0437780000000032
33.730000000000004,170.0,0.0,168.956222,1.0437780000000032
33.74,166.25,0.0,168.956222,-2.706221999999997
33.75,166.25,0.0,168.956222,-2.706221999999997
33.76,170.0,0.0,168.956222,1.0437780000000032
33.77,170.0,0.0,168.956222,1.0437780000000032
33.78,167.5,0.0,168.956222,-1.4562219999999968
33.79,170.0,0.0,168.956222,1.0437780000000032
33.8,167.5,0.0,168.956222,-1.4562219999999968
33.81,170.0,0.0,168.956222,1.0437780000000032
33.82,170.0,0.0,168.956222,1.0437780000000032
33.83,166.25,0.0,168.956222,-2.706221999999997
33.84,167.5,0.0,168.956222,-1.4562219999999968
33.85,167.5,0.0,168.956222,-1.4562219999999968
33.86,170.0,0.0,168.956222,1.0437780000000032
33.87,167.5,0.0,168.956222,-1.4562219999999968
33.88,167.5,0.0,168.956222,-1.4562219999999968
33.89,167.5,0.0,168.956222,-1.4562219999999968
33.9,166.25,0.0,168.956222,-2.706221999999997
33.910000000000004,170.0,0.0,168.956222,1.0437780000000032
33.92,167.5,0.0,168.956222,-1.4562219999999968
33.93,167.5,0.0,168.956222,-1.4562219999999968
33.94,167.5,0.0,168.956222,-1.4562219999999968
33.95,167.5,0.0,168.956222,-1.4562219999999968
33.96,167.5,0.0,168.956222,-1.4562219999999968
33.97,167.5,0.0,168.956222,-1.4562219999999968
33.980000000000004,170.0,0.0,168.956222,1.0437780000000032
33.99,170.0,0.0,168.956222,1.0437780000000032
34.0,167.5,0.0,168.956222,-1.4562219999999968
34.01,170.0,0.0,168.956222,1.0437780000000032
34.02,170.0,0.0,168.956222,1.0437780000000032
34.03,167.5,0.0,168.956222,-1.4562219999999968
34.04,170.0,0.0,168.956222,1.0437780000000032
34.05,167.5,0.0,168.956222,-1.4562219999999968
34.06,170.0,0.0,168.956222,1.0437780000000032
34.07,167.5,0.0,168.956222,-1.4562219999999968
34.08,167.5,0.0,168.956222,-1.4562219999999968
34.09,167.5,0.0,168.956222,-1.4562219999999968
34.1,170.0,0.0,168.956222,1.0437780000000032
34.11,170.0,0.0,168.956222,1.0437780000000032
34.12,167.5,0.0,168.956222,-1.4562219999999968
34.13,167.5,0.0,168.956222,-1.4562219999999968
34.14,167.5,0.0,168.956222,-1.4562219999999968
34.15,170.0,0.0,168.956222,1.0437780000000032
34.160000000000004,166.25,0.0,168.956222,-2.706221999999997
34.17,167.5,0.0,168.956222,-1.4562219999999968
34.18,170.0,0.0,168.956222,1.0437780000000032
34.19,167.5,0.0,168.956222,-1.4562219999999968
34.2,167.5,0.0,168.956222,-1.4562219999999968
34.21,167.5,0.0,168.956222,-1.4562219999999968
34.22,170.0,0.0,168.956222,1.0437780000000032
34.230000000000004,167.5,0.0,168.956222,-1.4562219999999968
34.24,167.5,0.0,168.956222,-1.4562219999999968
34.25,167.5,0.0,168.956222,-1.4562219999999968
34.26,170.0,0.0,168.956222,1.0437780000000032
34.27,167.5,0.0,168.956222,-1.4562219999999968
34.28,167.5,0.0,168.956222,-1.4562219999999968
34.29,170.0,0.0,168.956222,1.0437780000000032
34.300000000000004,167.5,0.0,168.956222,-1.4562219999999968
34.31,166.25,0.0,168.956222,-2.706221999999997
34.32,167.5,0.0,168.956222,-1.4562219999999968
34.33,167.5,0.0,168.956222,-1.4562219999999968
34.34,170.0,0.0,168.956222,1.0437780000000032
34.35,167.5,0.0,168.956222,-1.4562219999999968
34.36,170.0,0.0,168.956222,1.0437780000000032
34.37,167.5,0.0,168.956222,-1.4562219999999968
34.38,170.0,0.0,168.956222,1.0437780000000032
34.39,166.25,0.0,168.956222,-2.706221999999997
34.4,166.25,0.0,168.956222,-2.706221999999997
34.410000000000004,167.5,0.0,168.956222,-1.4562219999999968
34.42,167.5,0.0,168.956222,-1.4562219999999968
34.43,170.0,0.0,168.956222,1.0437780000000032
34.44,170.0,0.0,168.956222,1.0437780000000032
34.45,167.5,0.0,168.956222,-1.4562219999999968
34.46,167.5,0.0,168.956222,-1.4562219999999968
34.47,170.0,0.0,168.956222,1.0437780000000032
34.480000000000004,166.25,0.0,168.956222,-2.706221999999997
34.49,170.0,0.0,168.956222,1.0437780000000032
34.5,167.5,0.0,168.956222,-1.4562219999999968
34.51,167.5,0.0,168.956222,-1.4562219999999968
34.52,167.5,0.0,168.956222,-1.4562219999999968
34.53,170.0,0.0,168.956222,1.0437780000000032
34.54,170.0,0.0,168.956222,1.0437780000000032
34.550000000000004,167.5,0.0,168.956222,-1.4562219999999968
34.56,167.5,0.0,168.956222,-1.4562219999999968
34.57,167.5,0.0,168.956222,-1.4562219999999968
34.58,167.5,0.0,168.956222,-1.4562219999999968
34.59,167.5,0.0,168.956222,-1.4562219999999968
34.6,167.5,0.0,168.956222,-1.4562219999999968
34.61,170.0,0.0,168.956222,1.0437780000000032
34.62,170.0,0.0,168.956222,1.0437780000000032
34.63,170.0,0.0,168.956222,1.0437780000000032
34.64,167.5,0.0,168.956222,-1.4562219999999968
34.65,167.5,0.0,168.956222,-1.4562219999999968
34.660000000000004,167.5,0.0,168.956222,-1.4562219999999968
34.67,170.0,0.0,168.956222,1.0437780000000032
34.68,167.5,0.0,168.956222,-1.4562219999999968
34.69,167.5,0.0,168.956222,-1.4562219999999968
34.7,167.5,0.0,168.956222,-1.4562219999999968
34.71,170.0,0.0,168.956222,1.0437780000000032
34.72,170.0,0.0,168.956222,1.0437780000000032
34.730000000000004,167.5,0.0,168.956222,-1.4562219999999968
34.74,170.0,0.0,168.956222,1.0437780000000032
34.75,167.5,0.0,168.956222,-1.4562219999999968
34.76,170.0,0.0,168.956222,1.0437780000000032
34.77,170.0,0.0,168.956222,1.0437780000000032
34.78,167.5,0.0,168.956222,-1.4562219999999968
34.79,170.0,0.0,168.956222,1.0437780000000032
34.800000000000004,167.5,0.0,168.956222,-1.4562219999999968
34.81,167.5,0.0,168.956222,-1.4562219999999968
34.82,167.5,0.0,168.956222,-1.4562219999999968
34.83,167.5,0.0,168.956222,-1.4562219999999968
34.84,170.0,0.0,168.956222,1.0437780000000032
34.85,170.0,0.0,168.956222,1.0437780000000032
34.86,170.0,0.0,168.956222,1.0437780000000032
34.87,166.25,0.0,168.956222,-2.706221999999997
34.88,167.5,0.0,168.956222,-1.4562219999999968
34.89,167.5,0.0,168.956222,-1.4562219999999968
34.9,167.5,0.0,168.956222,-1.4562219999999968
34.910000000000004,167.5,0.0,168.956222,-1.4562219999999968
34.92,167.5,0.0,168.956222,-1.4562219999999968
34.93,167.5,0.0,168.956222,-1.4562219999999968
34.94,170.0,0.0,168.956222,1.0437780000000032
34.95,167.5,0.0,168.956222,-1.4562219999999968
34.96,170.0,0.0,168.956222,1.0437780000000032
34.97,166.25,0.0,168.956222,-2.706221999999997
34.980000000000004,166.25,0.0,168.956222,-2.706221999999997
34.99,167.5,0.0,168.956222,-1.4562219999999968
35.0,167.5,0.0,168.956222,-1.4562219999999968
35.01,170.0,0.0,168.956222,1.0437780000000032
35.02,167.5,0.0,168.956222,-1.4562219999999968
35.03,170.0,0.0,168.956222,1.0437780000000032
35.04,166.25,0.0,168.956222,-2.706221999999997
35.050000000000004,170.0,0.0,168.956222,1.0437780000000032
35.06,170.0,0.0,168.956222,1.0437780000000032
35.07,167.5,0.0,168.956222,-1.4562219999999968
35.08,170.0,0.0,168.956222,1.0437780000000032
35.09,167.5,0.0,168.956222,-1.4562219999999968
35.1,170.0,0.0,168.956222,1.0437780000000032
35.11,167.5,0.0,168.956222,-1.4562219999999968
35.12,167.5,0.0,168.956222,-1.4562219999999968
35.13,170.0,0.0,168.956222,1.0437780000000032
35.14,167.5,0.0,168.956222,-1.4562219999999968
35.15,170.0,0.0,168.956222,1.0437780000000032
35.160000000000004,170.0,0.0,168.956222,1.0437780000000032
35.17,167.5,0.0,168.956222,-1.4562219999999968
35.18,167.5,0.0,168.956222,-1.4562219999999968
35.19,167.5,0.0,168.956222,-1.4562219999999968
35.2,167.5,0.0,168.956222,-1.4562219999999968
35.21,170.0,0.0,168.956222,1.0437780000000032
35.22,167.5,0.0,168.956222,-1.4562219999999968
35.230000000000004,170.0,0.0,168.956222,1.0437780000000032
35.24,167.5,0.0,168.956222,-1.4562219999999968
35.25,167.5,0.0,168.956222,-1.4562219999999968
35.26,170.0,0.0,168.956222,1.0437780000000032
35.27,167.5,0.0,168.956222,-1.4562219999999968
35.28,167.5,0.0,168.956222,-1.4562219999999968
35.29,170.0,0.0,168.956222,1.0437780000000032
35.300000000000004,170.0,0.0,168.956222,1.0437780000000032
35.31,170.0,0.0,168.956222,1.0437780000000032
35.32,167.5,0.0,168.956222,-1.4562219999999968
35.33,167.5,0.0,168.956222,-1.4562219999999968
35.34,167.5,0.0,168.956222,-1.4562219999999968
35.35,170.0,0.0,168.956222,1.0437780000000032
35.36,167.5,0.0,168.956222,-1.4562219999999968
35.37,170.0,0.0,168.956222,1.0437780000000032
35.38,170.0,0.0,168.956222,1.0437780000000032
35.39,167.5,0.0,168.956222,-1.4562219999999968
35.4,170.0,0.0,168.956222,1.0437780000000032
35.410000000000004,170.0,0.0,168.956222,1.0437780000000032
35.42,167.5,0.0,168.956222,-1.4562219999999968
35.43,167.5,0.0,168.956222,-1.4562219999999968
35.44,170.0,0.0,168.956222,1.0437780000000032
35.45,167.5,0.0,168.956222,-1.4562219999999968
35.46,170.0,0.0,168.956222,1.0437780000000032
35.47,167.5,0.0,168.956222,-1.4562219999999968
35.480000000000004,166.25,0.0,168.956222,-2.706221999999997
35.49,170.0,0.0,168.956222,1.0437780000000032
35.5,170.0,0.0,168.956222,1.0437780000000032
35.51,167.5,0.0,168.956222,-1.4562219999999968
35.52,167.5,0.0,168.956222,-1.4562219999999968
35.53,167.5,0.0,168.956222,-1.4562219999999968
35.54,167.5,0.0,168.956222,-1.4562219999999968
35.550000000000004,166.25,0.0,168.956222,-2.706221999999997
35.56,167.5,0.0,168.956222,-1.4562219999999968
35.57,170.0,0.0,168.956222,1.0437780000000032
35.58,167.5,0.0,168.956222,-1.4562219999999968
35.59,167.5,0.0,168.956222,-1.4562219999999968
35.6,167.5,0.0,168.956222,-1.4562219999999968
35.61,167.5,0.0,168.956222,-1.4562219999999968
35.62,167.5,0.0,168.956222,-1.4562219999999968
35.63,170.0,0.0,168.956222,1.0437780000000032
35.64,170.0,0.0,168.956222,1.0437780000000032
35.65,167.5,0.0,168.956222,-1.4562219999999968
35.660000000000004,167.5,0.0,168.956222,-1.4562219999999968
35.67,167.5,0.0,168.956222,-1.4562219999999968
35.68,167.5,0.0,168.956222,-1.4562219999999968
35.69,167.5,0.0,168.956222,-1.4562219999999968
35.7,167.5,0.0,168.956222,-1.4562219999999968
35.71,170.0,0.0,168.956222,1.0437780000000032
35.72,167.5,0.0,168.956222,-1.4562219999999968
35.730000000000004,166.25,0.0,168.956222,-2.706221999999997
35.74,167.5,0.0,168.956222,-1.4562219999999968
35.75,167.5,0.0,168.956222,-1.4562219999999968
35.76,170.0,0.0,168.956222,1.0437780000000032
35.77,167.5,0.0,168.956222,-1.4562219999999968
35.78,167.5,0.0,168.956222,-1.4562219999999968
35.79,166.25,0.0,168.956222,-2.706221999999997
35.800000000000004,170.0,0.0,168.956222,1.0437780000000032
35.81,170.0,0.0,168.956222,1.0437780000000032
35.82,170.0,0.0,168.956222,1.0437780000000032
35.83,170.0,0.0,168.956222,1.0437780000000032
35.84,170.0,0.0,168.956222,1.0437780000000032
35.85,167.5,0.0,168.956222,-1.4562219999999968
35.86,166.25,0.0,168.956222,-2.706221999999997
35.87,170.0,0.0,168.956222,1.0437780000000032
35.88,167.5,0.0,168.956222,-1.4562219999999968
35.89,167.5,0.0,168.956222,-1.4562219999999968
35.9,166.25,0.0,168.956222,-2.706221999999997
35.910000000000004,167.5,0.0,168.956222,-1.4562219999999968
35.92,167.5,0.0,168.956222,-1.4562219999999968
35.93,170.0,0.0,168.956222,1.0437780000000032
35.94,166.25,0.0,168.956222,-2.706221999999997
35.95,167.5,0.0,168.956222,-1.4562219999999968
35.96,170.0,0.0,168.956222,1.0437780000000032
35.97,167.5,0.0,168.956222,-1.4562219999999968
35.980000000000004,167.5,0.0,168.956222,-1.4562219999999968
35.99,167.5,0.0,168.956222,-1.4562219999999968
36.0,170.0,0.0,168.956222,1.0437780000000032
36.01,170.0,0.0,168.956222,1.0437780000000032
36.02,170.0,0.0,168.956222,1.0437780000000032
36.03,167.5,0.0,168.956222,-1.4562219999999968
36.04,167.5,0.0,168.956222,-1.4562219999999968
36.050000000000004,167.5,0.0,168.956222,-1.4562219999999968
36.06,167.5,0.0,168.956222,-1.4562219999999968
36.07,167.5,0.0,168.956222,-1.4562219999999968
36.08,170.0,0.0,168.956222,1.0437780000000032
36.09,170.0,0.0,168.956222,1.0437780000000032
36.1,170.0,0.0,168.956222,1.0437780000000032
36.11,170.0,0.0,168.956222,1.0437780000000032
36.12,170.0,0.0,168.956222,1.0437780000000032
36.13,167.5,0.0,168.956222,-1.4562219999999968
36.14,170.0,0.0,168.956222,1.0437780000000032
36.15,167.5,0.0,168.956222,-1.4562219999999968
36.160000000000004,166.25,0.0,168.956222,-2.706221999999997
36.17,167.5,0.0,168.956222,-1.4562219999999968
36.18,167.5,0.0,168.956222,-1.4562219999999968
36.19,167.5,0.0,168.956222,-1.4562219999999968
36.2,167.5,0.0,168.956222,-1.4562219999999968
36.21,167.5,0.0,168.956222,-1.4562219999999968
36.22,167.5,0.0,168.956222,-1.4562219999999968
36.230000000000004,170.0,0.0,168.956222,1.0437780000000032
36.24,167.5,0.0,168.956222,-1.4562219999999968
36.25,170.0,0.0,168.956222,1.0437780000000032
36.26,170.0,0.0,168.956222,1.0437780000000032
36.27,170.0,0.0,168.956222,1.0437780000000032
36.28,170.0,0.0,168.956222,1.0437780000000032
36.29,167.5,0.0,168.956222,-1.4562219999999968
36.300000000000004,167.5,0.0,168.956222,-1.4562219999999968
36.31,170.0,0.0,168.956222,1.0437780000000032
36.32,170.0,0.0,168.956222,1.0437780000000032
36.33,170.0,0.0,168.956222,1.0437780000000032
36.34,170.0,0.0,168.956222,1.0437780000000032
36.35,167.5,0.0,168.956222,-1.4562219999999968
36.36,167.5,0.0,168.956222,-1.4562219999999968
36.37,170.0,0.0,168.956222,1.0437780000000032
36.38,167.5,0.0,168.956222,-1.4562219999999968
36.39,167.5,0.0,168.956222,-1.4562219999999968
36.4,167.5,0.0,168.956222,-1.4562219999999968
36.410000000000004,170.0,0.0,168.956222,1.0437780000000032
36.42,167.5,0.0,168.956222,-1.4562219999999968
36.43,170.0,0.0,168.956222,1.0437780000000032
36.44,170.0,0.0,168.956222,1.0437780000000032
36.45,170.0,0.0,168.956222,1.0437780000000032
36.46,170.0,0.0,168.956222,1.0437780000000032
36.47,167.5,0.0,168.956222,-1.4562219999999968
36.480000000000004,170.0,0.0,168.956222,1.0437780000000032
36.49,167.5,0.0,168.956222,-1.4562219999999968
36.5,170.0,0.0,168.956222,1.0437780000000032
36.51,170.0,0.0,168.956222,1.0437780000000032
36.52,170.0,0.0,168.956222,1.0437780000000032
36.53,170.0,0.0,168.956222,1.0437780000000032
36.54,167.5,0.0,168.956222,-1.4562219999999968
36.550000000000004,167.5,0.0,168.956222,-1.4562219999999968
36.56,167.5,0.0,168.956222,-1.4562219999999968
36.57,167.5,0.0,168.956222,-1.4562219999999968
36.58,167.5,0.0,168.956222,-1.4562219999999968
36.59,170.0,0.0,168.956222,1.0437780000000032
36.6,167.5,0.0,168.956222,-1.4562219999999968
36.61,170.0,0.0,168.956222,1.0437780000000032
36.62,167.5,0.0,168.956222,-1.4562219999999968
36.63,170.0,0.0,168.956222,1.0437780000000032
36.64,170.0,0.0,168.956222,1.0437780000000032
36.65,170.0,0.0,168.956222,1.0437780000000032
36.660000000000004,167.5,0.0,168.956222,-1.4562219999999968
36.67,167.5,0.0,168.956222,-1.4562219999999968
36.68,166.25,0.0,168.956222,-2.706221999999997
36.69,167.5,0.0,168.956222,-1.4562219999999968
36.7,170.0,0.0,168.956222,1.0437780000000032
36.71,167.5,0.0,168.956222,-1.4562219999999968
36.72,167.5,0.0,168.956222,-1.4562219999999968
36.730000000000004,170.0,0.0,168.956222,1.0437780000000032
36.74,167.5,0.0,168.956222,-1.4562219999999968
36.75,167.5,0.0,168.956222,-1.4562219999999968
36.76,167.5,0.0,168.956222,-1.4562219999999968
36.77,170.0,0.0,168.956222,1.0437780000000032
36.78,167.5,0.0,168.956222,-1.4562219999999968
36.79,167.5,0.0,168.956222,-1.4562219999999968
36.800000000000004,167.5,0.0,168.956222,-1.4562219999999968
36.81,167.5,0.0,168.956222,-1.4562219999999968
36.82,170.0,0.0,168.956222,1.0437780000000032
36.83,170.0,0.0,168.956222,1.0437780000000032
36.84,170.0,0.0,168.956222,1.0437780000000032
36.85,167.5,0.0,168.956222,-1.4562219999999968
36.86,166.25,0.0,168.956222,-2.706221999999997
36.87,167.5,0.0,168.956222,-1.4562219999999968
36.88,167.5,0.0,168.956222,-1.4562219999999968
36.89,170.0,0.0,168.956222,1.0437780000000032
36.9,167.5,0.0,168.956222,-1.4562219999999968
36.910000000000004,166.25,0.0,168.956222,-2.706221999999997
36.92,167.5,0.0,168.956222,-1.4562219999999968
36.93,166.25,0.0,168.956222,-2.706221999999997
36.94,167.5,0.0,168.956222,-1.4562219999999968
36.95,170.0,0.0,168.956222,1.0437780000000032
36.96,170.0,0.0,168.956222,1.0437780000000032
36.97,167.5,0.0,168.956222,-1.4562219999999968
36.980000000000004,167.5,0.0,168.956222,-1.4562219999999968
36.99,167.5,0.0,168.956222,-1.4562219999999968
37.0,170.0,0.0,168.956222,1.0437780000000032
37.01,170.0,0.0,168.956222,1.0437780000000032
37.02,167.5,0.0,168.956222,-1.4562219999999968
37.03,170.0,0.0,168.956222,1.0437780000000032
37.04,170.0,0.0,168.956222,1.0437780000000032
37.050000000000004,167.5,0.0,168.956222,-1.4562219999999968
37.06,167.5,0.0,168.956222,-1.4562219999999968
37.07,170.0,0.0,168.956222,1.0437780000000032
37.08,170.0,0.0,168.956222,1.0437780000000032
37.09,167.5,0.0,168.956222,-1.4562219999999968
37.1,167.5,0.0,168.956222,-1.4562219999999968
37.11,166.25,0.0,168.956222,-2.706221999999997
37.12,167.5,0.0,168.956222,-1.4562219999999968
37.13,167.5,0.0,168.956222,-1.4562219999999968
37.14,170.0,0.0,168.956222,1.0437780000000032
37.15,166.25,0.0,168.956222,-2.706221999999997
37.160000000000004,166.25,0.0,168.956222,-2.706221999999997
37.17,166.25,0.0,168.956222,-2.706221999999997
37.18,167.5,0.0,168.956222,-1.4562219999999968
37.19,166.25,0.0,168.956222,-2.706221999999997
37.2,167.5,0.0,168.956222,-1.4562219999999968
37.21,167.5,0.0,168.956222,-1.4562219999999968
37.22,170.0,0.0,168.956222,1.0437780000000032
37.230000000000004,167.5,0.0,168.956222,-1.4562219999999968
37.24,167.5,0.0,168.956222,-1.4562219999999968
37.25,170.0,0.0,168.956222,1.0437780000000032
37.26,167.5,0.0,168.956222,-1.4562219999999968
37.27,167.5,0.0,168.956222,-1.4562219999999968
37.28,167.5,0.0,168.956222,-1.4562219999999968
37.29,170.0,0.0,168.956222,1.0437780000000032
37.300000000000004,170.0,0.0,168.956222,1.0437780000000032
37.31,166.25,0.0,168.956222,-2.706221999999997
37.32,170.0,0.0,168.956222,1.0437780000000032
37.33,170.0,0.0,168.956222,1.0437780000000032
37.34,170.0,0.0,168.956222,1.0437780000000032
37.35,166.25,0.0,168.956222,-2.706221999999997
37.36,167.5,0.0,168.956222,-1.4562219999999968
37.37,167.5,0.0,168.956222,-1.4562219999999968
37.38,167.5,0.0,168.956222,-1.4562219999999968
37.39,167.5,0.0,168.956222,-1.4562219999999968
37.4,170.0,0.0,168.956222,1.0437780000000032
37.410000000000004,167.5,0.0,168.956222,-1.4562219999999968
37.42,167.5,0.0,168.956222,-1.4562219999999968
37.43,170.0,0.0,168.956222,1.0437780000000032
37.44,167.5,0.0,168.956222,-1.4562219999999968
37.45,170.0,0.0,168.956222,1.0437780000000032
37.46,167.5,0.0,168.956222,-1.4562219999999968
37.47,167.5,0.0,168.956222,-1.4562219999999968
37.480000000000004,167.5,0.0,168.956222,-1.4562219999999968
37.49,170.0,0.0,168.956222,1.0437780000000032
37.5,170.0,0.0,168.956222,1.0437780000000032
37.51,167.5,0.0,168.956222,-1.4562219999999968
37.52,170.0,0.0,168.956222,1.0437780000000032
37.53,167.5,0.0,168.956222,-1.4562219999999968
37.54,167.5,0.0,168.956222,-1.4562219999999968
37.550000000000004,167.5,0.0,168.956222,-1.4562219999999968
37.56,167.5,0.0,168.956222,-1.4562219999999968
37.57,166.25,0.0,168.956222,-2.706221999999997
37.58,170.0,0.0,168.956222,1.0437780000000032
37.59,167.5,0.0,168.956222,-1.4562219999999968
37.6,167.5,0.0,168.956222,-1.4562219999999968
37.61,172.5,0.0,168.956222,3.543778000000003
37.62,166.25,0.0,168.956222,-2.706221999999997
37.63,167.5,0.0,168.956222,-1.4562219999999968
37.64,170.0,0.0,168.956222,1.0437780000000032
37.65,170.0,0.0,168.956222,1.0437780000000032
37.660000000000004,167.5,0.0,168.956222,-1.4562219999999968
37.67,167.5,0.0,168.956222,-1.4562219999999968
37.68,170.0,0.0,168.956222,1.0437780000000032
37.69,167.5,0.0,168.956222,-1.4562219999999968
37.7,170.0,0.0,168.956222,1.0437780000000032
37.71,167.5,0.0,168.956222,-1.4562219999999968
37.72,170.0,0.0,168.956222,1.0437780000000032
37.730000000000004,170.0,0.0,168.956222,1.0437780000000032
37.74,167.5,0.0,168.956222,-1.4562219999999968
37.75,167.5,0.0,168.956222,-1.4562219999999968
37.76,166.25,0.0,168.956222,-2.706221999999997
37.77,170.0,0.0,168.956222,1.0437780000000032
37.78,167.5,0.0,168.956222,-1.4562219999999968
37.79,170.0,0.0,168.956222,1.0437780000000032
37.800000000000004,167.5,0.0,168.956222,-1.4562219999999968
37.81,167.5,0.0,168.956222,-1.4562219999999968
37.82,166.25,0.0,168.956222,-2.706221999999997
37.83,167.5,0.0,168.956222,-1.4562219999999968
37.84,167.5,0.0,168.956222,-1.4562219999999968
37.85,167.5,0.0,168.956222,-1.4562219999999968
37.86,170.0,0.0,168.956222,1.0437780000000032
37.87,167.5,0.0,168.956222,-1.4562219999999968
37.88,170.0,0.0,168.956222,1.0437780000000032
37.89,167.5,0.0,168.956222,-1.4562219999999968
37.9,170.0,0.0,168.956222,1.0437780000000032
37.910000000000004,167.5,0.0,168.956222,-1.4562219999999968
37.92,170.0,0.0,168.956222,1.0437780000000032
37.93,167.5,0.0,168.956222,-1.4562219999999968
37.94,167.5,0.0,168.956222,-1.4562219999999968
37.95,167.5,0.0,168.956222,-1.4562219999999968
37.96,167.5,0.0,168.956222,-1.4562219999999968
37.97,166.25,0.0,168.956222,-2.706221999999997
37.980000000000004,167.5,0.0,168.956222,-1.4562219999999968
37.99,170.0,0.0,168.956222,1.0437780000000032
38.0,170.0,0.0,168.956222,1.0437780000000032
38.01,167.5,0.0,168.956222,-1.4562219999999968
38.02,167.5,0.0,168.956222,-1.4562219999999968
38.03,167.5,0.0,168.956222,-1.4562219999999968
38.04,167.5,0.0,168.956222,-1.4562219999999968
38.050000000000004,166.25,0.0,168.956222,-2.706221999999997
38.06,170.0,0.0,168.956222,1.0437780000000032
38.07,170.0,0.0,168.956222,1.0437780000000032
38.08,167.5,0.0,168.956222,-1.4562219999999968
38.09,167.5,0.0,168.956222,-1.4562219999999968
38.1,170.0,0.0,168.956222,1.0437780000000032
38.11,170.0,0.0,168.956222,1.0437780000000032
38.12,167.5,0.0,168.956222,-1.4562219999999968
38.13,170.0,0.0,168.956222,1.0437780000000032
38.14,167.5,0.0,168.956222,-1.4562219999999968
38.15,167.5,0.0,168.956222,-1.4562219999999968
38.160000000000004,167.5,0.0,168.956222,-1.4562219999999968
38.17,170.0,0.0,168.956222,1.0437780000000032
38.18,170.0,0.0,168.956222,1.0437780000000032
38.19,167.5,0.0,168.956222,-1.4562219999999968
38.2,167.5,0.0,168.956222,-1.4562219999999968
38.21,167.5,0.0,168.956222,-1.4562219999999968
38.22,166.25,0.0,168.956222,-2.706221999999997
38.230000000000004,167.5,0.0,168.956222,-1.4562219999999968
38.24,170.0,0.0,168.956222,1.0437780000000032
38.25,170.0,0.0,168.956222,1.0437780000000032
38.26,166.25,0.0,168.956222,-2.706221999999997
38.27,170.0,0.0,168.956222,1.0437780000000032
38.28,167.5,0.0,168.956222,-1.4562219999999968
38.29,167.5,0.0,168.956222,-1.4562219999999968
38.300000000000004,167.5,0.0,168.956222,-1.4562219999999968
38.31,170.0,0.0,168.956222,1.0437780000000032
38.32,167.5,0.0,168.956222,-1.4562219999999968
38.33,170.0,0.0,168.956222,1.0437780000000032
38.34,170.0,0.0,168.956222,1.0437780000000032
38.35,170.0,0.0,168.956222,1.0437780000000032
38.36,167.5,0.0,168.956222,-1.4562219999999968
38.37,167.5,0.0,168.956222,-1.4562219999999968
38.38,167.5,0.0,168.956222,-1.4562219999999968
38.39,167.5,0.0,168.956222,-1.4562219999999968
38.4,170.0,0.0,168.956222,1.0437780000000032
38.410000000000004,167.5,0.0,168.956222,-1.4562219999999968
38.42,167.5,0.0,168.956222,-1.4562219999999968
38.43,167.5,0.0,168.956222,-1.4562219999999968
38.44,167.5,0.0,168.956222,-1.4562219999999968
38.45,170.0,0.0,168.956222,1.0437780000000032
38.46,170.0,0.0,168.956222,1.0437780000000032
38.47,167.5,0.0,168.956222,-1.4562219999999968
38.480000000000004,167.5,0.0,168.956222,-1.4562219999999968
38.49,170.0,0.0,168.956222,1.0437780000000032
38.5,167.5,0.0,168.956222,-1.4562219999999968
38.51,170.0,0.0,168.956222,1.0437780000000032
38.52,167.5,0.0,168.956222,-1.4562219999999968
38.53,170.0,0.0,168.956222,1.0437780000000032
38.54,167.5,0.0,168.956222,-1.4562219999999968
38.550000000000004,170.0,0.0,168.956222,1.0437780000000032
38.56,170.0,0.0,168.956222,1.0437780000000032
38.57,167.5,0.0,168.956222,-1.4562219999999968
38.58,170.0,0.0,168.956222,1.0437780000000032
38.59,167.5,0.0,168.956222,-1.4562219999999968
38.6,170.0,0.0,168.956222,1.0437780000000032
38.61,170.0,0.0,168.956222,1.0437780000000032
38.62,167.5,0.0,168.956222,-1.4562219999999968
38.63,170.0,0.0,168.956222,1.0437780000000032
38.64,170.0,0.0,168.956222,1.0437780000000032
38.65,167.5,0.0,168.956222,-1.4562219999999968
38.660000000000004,167.5,0.0,168.956222,-1.4562219999999968
38.67,167.5,0.0,168.956222,-1.4562219999999968
38.68,167.5,0.0,168.956222,-1.4562219999999968
38.69,167.5,0.0,168.956222,-1.4562219999999968
38.7,170.0,0.0,168.956222,1.0437780000000032
38.71,167.5,0.0,168.956222,-1.4562219999999968
38.72,170.0,0.0,168.956222,1.0437780000000032
38.730000000000004,167.5,0.0,168.956222,-1.4562219999999968
38.74,170.0,0.0,168.956222,1.0437780000000032
38.75,167.5,0.0,168.956222,-1.4562219999999968
38.76,167.5,0.0,168.956222,-1.4562219999999968
38.77,167.5,0.0,168.956222,-1.4562219999999968
38.78,170.0,0.0,168.956222,1.0437780000000032
38.79,170.0,0.0,168.956222,1.0437780000000032
38.800000000000004,167.5,0.0,168.956222,-1.4562219999999968
38.81,167.5,0.0,168.956222,-1.4562219999999968
38.82,167.5,0.0,168.956222,-1.4562219999999968
38.83,167.5,0.0,168.956222,-1.4562219999999968
38.84,167.5,0.0,168.956222,-1.4562219999999968
38.85,170.0,0.0,168.956222,1.0437780000000032
38.86,167.5,0.0,168.956222,-1.4562219999999968
38.87,167.5,0.0,168.956222,-1.4562219999999968
38.88,170.0,0.0,168.956222,1.0437780000000032
38.89,167.5,0.0,168.956222,-1.4562219999999968
38.9,167.5,0.0,168.956222,-1.4562219999999968
38.910000000000004,167.5,0.0,168.956222,-1.4562219999999968
38.92,170.0,0.0,168.956222,1.0437780000000032
38.93,167.5,0.0,168.956222,-1.4562219999999968
38.94,170.0,0.0,168.956222,1.0437780000000032
38.95,170.0,0.0,168.956222,1.0437780000000032
38.96,167.5,0.0,168.956222,-1.4562219999999968
38.97,167.5,0.0,168.956222,-1.4562219999999968
38.980000000000004,170.0,0.0,168.956222,1.0437780000000032
38.99,167.5,0.0,168.956222,-1.4562219999999968
39.0,167.5,0.0,168.956222,-1.4562219999999968
39.01,170.0,0.0,168.956222,1.0437780000000032
39.02,170.0,0.0,168.956222,1.0437780000000032
39.03,170.0,0.0,168.956222,1.0437780000000032
39.04,166.25,0.0,168.956222,-2.706221999999997
39.050000000000004,167.5,0.0,168.956222,-1.4562219999999968
39.06,170.0,0.0,168.956222,1.0437780000000032
39.07,170.0,0.0,168.956222,1.0437780000000032
39.08,170.0,0.0,168.956222,1.0437780000000032
39.09,167.5,0.0,168.956222,-1.4562219999999968
39.1,167.5,0.0,168.956222,-1.4562219999999968
39.11,167.5,0.0,168.956222,-1.4562219999999968
39.12,170.0,0.0,168.956222,1.0437780000000032
39.13,167.5,0.0,168.956222,-1.4562219999999968
39.14,170.0,0.0,168.956222,1.0437780000000032
39.15,167.5,0.0,168.956222,-1.4562219999999968
39.160000000000004,170.0,0.0,168.956222,1.0437780000000032
39.17,170.0,0.0,168.956222,1.0437780000000032
39.18,167.5,0.0,168.956222,-1.4562219999999968
39.19,170.0,0.0,168.956222,1.0437780000000032
39.2,167.5,0.0,168.956222,-1.4562219999999968
39.21,166.25,0.0,168.956222,-2.706221999999997
39.22,170.0,0.0,168.956222,1.0437780000000032
39.230000000000004,167.5,0.0,168.956222,-1.4562219999999968
39.24,170.0,0.0,168.956222,1.0437780000000032
39.25,167.5,0.0,168.956222,-1.4562219999999968
39.26,170.0,0.0,168.956222,1.0437780000000032
39.27,167.5,0.0,168.956222,-1.4562219999999968
39.28,170.0,0.0,168.956222,1.0437780000000032
39.29,167.5,0.0,168.956222,-1.4562219999999968
39.300000000000004,167.5,0.0,168.956222,-1.4562219999999968
39.31,170.0,0.0,168.956222,1.0437780000000032
39.32,167.5,0.0,168.956222,-1.4562219999999968
39.33,167.5,0.0,168.956222,-1.4562219999999968
39.34,167.5,0.0,168.956222,-1.4562219999999968
39.35,167.5,0.0,168.956222,-1.4562219999999968
39.36,167.5,0.0,168.956222,-1.4562219999999968
39.37,167.5,0.0,168.956222,-1.4562219999999968
39.38,167.5,0.0,168.956222,-1.4562219999999968
39.39,170.0,0.0,168.956222,1.0437780000000032
39.4,170.0,0.0,168.956222,1.0437780000000032
39.410000000000004,170.0,0.0,168.956222,1.0437780000000032
39.42,167.5,0.0,168.956222,-1.4562219999999968
39.43,170.0,0.0,168.956222,1.0437780000000032
39.44,167.5,0.0,168.956222,-1.4562219999999968
39.45,170.0,0.0,168.956222,1.0437780000000032
39.46,166.25,0.0,168.956222,-2.706221999999997
39.47,167.5,0.0,168.956222,-1.4562219999999968
39.480000000000004,170.0,0.0,168.956222,1.0437780000000032
39.49,170.0,0.0,168.956222,1.0437780000000032
39.5,167.5,0.0,168.956222,-1.4562219999999968
39.51,170.0,0.0,168.956222,1.0437780000000032
39.52,167.5,0.0,168.956222,-1.4562219999999968
39.53,170.0,0.0,168.956222,1.0437780000000032
39.54,167.5,0.0,168.956222,-1.4562219999999968
39.550000000000004,170.0,0.0,168.956222,1.0437780000000032
39.56,167.5,0.0,168.956222,-1.4562219999999968
39.57,170.0,0.0,168.956222,1.0437780000000032
39.58,167.5,0.0,168.956222,-1.4562219999999968
39.59,167.5,0.0,168.956222,-1.4562219999999968
39.6,170.0,0.0,168.956222,1.0437780000000032
39.61,167.5,0.0,168.956222,-1.4562219999999968
39.62,170.0,0.0,168.956222,1.0437780000000032
39.63,167.5,0.0,168.956222,-1.4562219999999968
39.64,167.5,0.0,168.956222,-1.4562219999999968
39.65,167.5,0.0,168.956222,-1.4562219999999968
39.660000000000004,167.5,0.0,168.956222,-1.4562219999999968
39.67,170.0,0.0,168.956222,1.0437780000000032
39.68,170.0,0.0,168.956222,1.0437780000000032
39.69,170.0,0.0,168.956222,1.0437780000000032
39.7,167.5,0.0,168.956222,-1.4562219999999968
39.71,167.5,0.0,168.956222,-1.4562219999999968
39.72,167.5,0.0,168.956222,-1.4562219999999968
39.730000000000004,167.5,0.0,168.956222,-1.4562219999999968
39.74,167.5,0.0,168.956222,-1.4562219999999968
39.75,167.5,0.0,168.956222,-1.4562219999999968
39.76,170.0,0.0,168.956222,1.0437780000000032
39.77,170.0,0.0,168.956222,1.0437780000000032
39.78,170.0,0.0,168.956222,1.0437780000000032
39.79,167.5,0.0,168.956222,-1.4562219999999968
39.800000000000004,170.0,0.0,168.956222,1.0437780000000032
39.81,166.25,0.0,168.956222,-2.706221999999997
39.82,167.5,0.0,168.956222,-1.4562219999999968
39.83,170.0,0.0,168.956222,1.0437780000000032
39.84,170.0,0.0,168.956222,1.0437780000000032
39.85,170.0,0.0,168.956222,1.0437780000000032
39.86,167.5,0.0,168.956222,-1.4562219999999968
39.87,167.5,0.0,168.956222,-1.4562219999999968
39.88,167.5,0.0,168.956222,-1.4562219999999968
39.89,170.0,0.0,168.956222,1.0437780000000032
39.9,167.5,0.0,168.956222,-1.4562219999999968
39.910000000000004,167.5,0.0,168.956222,-1.4562219999999968
39.92,170.0,0.0,168.956222,1.0437780000000032
39.93,170.0,0.0,168.956222,1.0437780000000032
39.94,167.5,0.0,168.956222,-1.4562219999999968
39.95,167.5,0.0,168.956222,-1.4562219999999968
39.96,170.0,0.0,168.956222,1.0437780000000032
39.97,167.5,0.0,168.956222,-1.4562219999999968
39.980000000000004,167.5,0.0,168.956222,-1.4562219999999968
