timestamp_us,shunt_voltage_mV,bus_voltage_V,current_mA,power_mW,workload_state,status
10242,0.332500,5.083750,33.250,170.000,0,OK
20218,0.332500,5.083750,33.250,167.500,0,OK
30230,0.332500,5.083750,33.250,170.000,0,OK
40218,0.330000,5.085000,33.000,167.500,0,OK
50230,0.332500,5.082500,33.250,170.000,0,OK
60218,0.332500,5.082500,33.250,170.000,0,OK
70230,0.337500,5.083750,33.250,170.000,0,OK
80218,0.330000,5.083750,33.000,167.500,0,OK
90230,0.332500,5.083750,33.000,167.500,0,OK
100218,0.332500,5.083750,33.250,170.000,0,OK
110230,0.330000,5.085000,32.750,167.500,0,OK
120218,0.332500,5.083750,33.250,170.000,0,OK
130230,0.337500,5.077500,33.750,172.500,0,OK
140218,0.332500,5.083750,33.250,170.000,0,OK
150230,0.330000,5.082500,33.000,167.500,0,OK
160218,0.332500,5.083750,33.250,170.000,0,OK
170226,0.335000,5.085000,33.500,170.000,0,OK
180222,0.332500,5.083750,33.000,167.500,0,OK
190226,0.330000,5.083750,33.000,167.500,0,OK
200222,0.335000,5.085000,33.250,170.000,0,OK
210226,0.330000,5.083750,33.000,167.500,0,OK
220222,0.332500,5.078750,33.250,167.500,0,OK
230226,0.330000,5.083750,33.000,167.500,0,OK
240222,0.332500,5.085000,33.250,170.000,0,OK
250226,0.330000,5.085000,33.000,167.500,0,OK
260222,0.332500,5.083750,33.250,170.000,0,OK
270226,0.332500,5.085000,33.000,167.500,0,OK
280222,0.332500,5.085000,33.250,170.000,0,OK
290226,0.335000,5.085000,33.000,170.000,0,OK
300222,0.330000,5.083750,33.000,167.500,0,OK
310226,0.330000,5.078750,33.000,167.500,0,OK
320218,0.347500,5.083750,33.000,167.500,0,OK
330226,0.332500,5.085000,33.250,170.000,0,OK
340218,0.332500,5.083750,33.000,167.500,0,OK
350230,0.332500,5.083750,33.250,170.000,0,OK
360218,0.330000,5.085000,33.000,167.500,0,OK
370230,0.332500,5.085000,33.250,170.000,0,OK
380218,0.332500,5.085000,33.250,167.500,0,OK
390230,0.335000,5.085000,33.500,170.000,0,OK
400218,0.332500,5.078750,33.250,167.500,0,OK
410230,0.345000,5.083750,33.250,170.000,0,OK
420218,0.332500,5.083750,33.250,170.000,0,OK
430230,0.330000,5.083750,33.250,170.000,0,OK
440218,0.330000,5.085000,33.000,167.500,0,OK
450230,0.332500,5.085000,33.250,167.500,0,OK
460218,0.330000,5.083750,33.000,167.500,0,OK
470230,0.332500,5.083750,33.250,167.500,0,OK
480218,0.332500,5.083750,33.250,170.000,0,OK
490230,0.330000,5.081250,33.000,167.500,0,OK
500218,0.337500,5.083750,33.000,167.500,0,OK
510226,0.335000,5.083750,33.500,170.000,0,OK
520218,0.330000,5.083750,33.250,170.000,0,OK
530230,0.330000,5.085000,33.000,167.500,0,OK
540218,0.332500,5.083750,33.250,167.500,0,OK
550230,0.330000,5.082500,33.000,167.500,0,OK
560218,0.332500,5.083750,33.250,167.500,0,OK
570226,0.332500,5.085000,33.250,170.000,0,OK
580222,0.335000,5.081250,33.500,170.000,0,OK
590226,0.335000,5.085000,33.000,167.500,0,OK
600222,0.332500,5.082500,33.250,170.000,0,OK
610226,0.330000,5.083750,33.000,167.500,0,OK
620222,0.332500,5.083750,33.250,170.000,0,OK
630226,0.335000,5.085000,33.250,170.000,0,OK
640222,0.330000,5.082500,33.000,167.500,0,OK
650226,0.335000,5.085000,33.500,170.000,0,OK
660218,0.332500,5.086250,33.250,170.000,0,OK
670230,0.330000,5.082500,33.000,167.500,0,OK
680218,0.335000,5.083750,33.250,170.000,0,OK
690226,0.332500,5.085000,33.250,170.000,0,OK
700222,0.332500,5.083750,33.250,170.000,0,OK
710226,0.332500,5.083750,33.250,170.000,0,OK
720222,0.332500,5.085000,33.000,167.500,0,OK
730226,0.332500,5.083750,33.250,170.000,0,OK
740222,0.332500,5.083750,33.250,167.500,0,OK
750226,0.332500,5.083750,33.250,170.000,0,OK
760222,0.332500,5.083750,33.250,170.000,0,OK
770226,0.332500,5.082500,32.750,166.250,0,OK
780222,0.335000,5.083750,33.500,170.000,0,OK
790226,0.330000,5.083750,33.250,170.000,0,OK
800222,0.332500,5.083750,33.250,170.000,0,OK
810226,0.330000,5.085000,33.500,167.500,0,OK
820222,0.332500,5.083750,33.250,170.000,0,OK
830226,0.335000,5.080000,33.500,170.000,0,OK
840222,0.332500,5.083750,33.250,170.000,0,OK
850226,0.330000,5.083750,33.000,167.500,0,OK
860222,0.332500,5.085000,33.250,170.000,0,OK
870226,0.335000,5.085000,33.500,170.000,0,OK
880222,0.335000,5.086250,33.250,170.000,0,OK
890226,0.327500,5.083750,32.750,166.250,0,OK
900222,0.332500,5.082500,33.250,167.500,0,OK
910226,0.327500,5.085000,32.750,166.250,0,OK
920222,0.332500,5.078750,33.250,167.500,0,OK
930226,0.332500,5.083750,33.250,170.000,0,OK
940222,0.335000,5.083750,33.500,170.000,0,OK
950226,0.332500,5.083750,33.000,167.500,0,OK
960222,0.335000,5.083750,33.500,170.000,0,OK
970226,0.330000,5.085000,33.250,170.000,0,OK
980222,0.332500,5.083750,33.250,170.000,0,OK
990226,0.332500,5.083750,33.250,167.500,0,OK
1000222,0.330000,5.082500,33.000,167.500,0,OK
1010226,0.335000,5.080000,33.500,170.000,0,OK
1020218,0.347500,5.083750,33.250,170.000,0,OK
1030230,0.332500,5.083750,33.250,170.000,0,OK
1040218,0.330000,5.083750,33.250,170.000,0,OK
1050230,0.332500,5.083750,33.250,170.000,0,OK
1060218,0.330000,5.085000,32.750,167.500,0,OK
1070230,0.330000,5.083750,33.000,167.500,0,OK
1080218,0.332500,5.083750,33.250,167.500,0,OK
1090226,0.330000,5.083750,33.000,167.500,0,OK
1100222,0.332500,5.081250,33.250,167.500,0,OK
1110226,0.337500,5.083750,33.250,170.000,0,OK
1120222,0.335000,5.085000,33.500,170.000,0,OK
1130226,0.332500,5.083750,33.000,167.500,0,OK
1140222,0.332500,5.083750,33.250,170.000,0,OK
1150226,0.332500,5.085000,33.000,167.500,0,OK
1160222,0.330000,5.085000,33.000,167.500,0,OK
1170226,0.332500,5.083750,33.250,167.500,0,OK
1180222,0.335000,5.083750,33.500,170.000,0,OK
1190226,0.335000,5.081250,33.500,170.000,0,OK
1200222,0.332500,5.083750,33.250,170.000,0,OK
1210226,0.335000,5.085000,33.500,170.000,0,OK
1220222,0.330000,5.083750,33.500,170.000,0,OK
1230226,0.332500,5.082500,33.250,170.000,0,OK
1240222,0.335000,5.085000,32.750,170.000,0,OK
1250226,0.327500,5.083750,32.750,166.250,0,OK
1260222,0.330000,5.083750,33.000,167.500,0,OK
1270226,0.332500,5.085000,33.250,170.000,0,OK
1280218,0.332500,5.082500,33.250,170.000,0,OK
1290230,0.335000,5.083750,33.250,170.000,0,OK
1300218,0.335000,5.085000,33.500,170.000,0,OK
1310230,0.330000,5.083750,33.250,170.000,0,OK
1320218,0.332500,5.083750,33.250,170.000,0,OK
1330230,0.335000,5.085000,33.000,170.000,0,OK
1340218,0.330000,5.083750,33.000,167.500,0,OK
1350230,0.337500,5.085000,33.750,172.500,0,OK
1360218,0.332500,5.083750,33.250,170.000,0,OK
1370230,0.335000,5.082500,33.500,170.000,0,OK
1380218,0.332500,5.082500,33.250,170.000,0,OK
1390230,0.332500,5.085000,33.250,170.000,0,OK
1400218,0.327500,5.083750,33.000,167.500,0,OK
1410230,0.330000,5.083750,33.000,167.500,0,OK
1420218,0.332500,5.083750,33.000,167.500,0,OK
1430226,0.330000,5.083750,33.000,167.500,0,OK
1440222,0.332500,5.078750,33.250,167.500,0,OK
1450226,0.332500,5.083750,33.250,170.000,0,OK
1460222,0.335000,5.082500,33.500,170.000,0,OK
1470226,0.332500,5.085000,33.250,170.000,0,OK
1480222,0.335000,5.083750,33.500,170.000,0,OK
1490226,0.332500,5.083750,33.000,167.500,0,OK
1500222,0.330000,5.083750,33.000,167.500,0,OK
1510226,0.332500,5.085000,33.000,167.500,0,OK
1520218,0.332500,5.083750,33.250,170.000,0,OK
1530230,0.330000,5.078750,33.000,167.500,0,OK
1540218,0.332500,5.085000,33.250,170.000,0,OK
1550226,0.335000,5.083750,33.500,170.000,0,OK
1560222,0.330000,5.083750,33.250,170.000,0,OK
1570226,0.332500,5.083750,33.250,170.000,0,OK
1580222,0.332500,5.083750,33.000,167.500,0,OK
1590226,0.330000,5.083750,33.000,167.500,0,OK
1600222,0.335000,5.083750,33.250,170.000,0,OK
1610226,0.330000,5.085000,33.000,167.500,0,OK
1620222,0.332500,5.078750,33.250,167.500,0,OK
1630226,0.345000,5.082500,33.000,167.500,0,OK
1640222,0.332500,5.085000,33.250,170.000,0,OK
1650226,0.330000,5.083750,33.000,167.500,0,OK
1660222,0.330000,5.085000,33.000,167.500,0,OK
1670226,0.332500,5.083750,33.000,167.500,0,OK
1680222,0.332500,5.083750,33.250,170.000,0,OK
1690226,0.332500,5.083750,33.250,167.500,0,OK
1700222,0.330000,5.083750,33.000,167.500,0,OK
1710226,0.332500,5.081250,33.250,167.500,0,OK
1720218,0.340000,5.083750,32.750,166.250,0,OK
1730230,0.332500,5.085000,33.250,170.000,0,OK
1740218,0.330000,5.085000,33.250,170.000,0,OK
1750230,0.330000,5.085000,33.000,167.500,0,OK
1760218,0.335000,5.083750,33.000,170.000,0,OK
1770230,0.332500,5.085000,33.250,170.000,0,OK
1780218,0.332500,5.083750,33.250,167.500,0,OK
1790230,0.330000,5.085000,33.000,167.500,0,OK
1800218,0.335000,5.080000,33.500,170.000,0,OK
1810230,0.335000,5.085000,33.250,170.000,0,OK
1820218,0.332500,5.085000,33.250,170.000,0,OK
1830230,0.332500,5.085000,33.250,170.000,0,OK
1840218,0.330000,5.083750,33.000,167.500,0,OK
1850230,0.335000,5.083750,32.750,170.000,0,OK
1860218,0.327500,5.083750,32.750,166.250,0,OK
1870230,0.332500,5.083750,33.250,167.500,0,OK
1880218,0.327500,5.083750,32.750,166.250,0,OK
1890230,0.332500,5.082500,33.250,170.000,0,OK
1900218,0.332500,5.083750,33.250,170.000,0,OK
1910230,0.335000,5.085000,33.500,170.000,0,OK
1920218,0.330000,5.083750,33.250,170.000,0,OK
1930230,0.332500,5.083750,33.250,170.000,0,OK
1940218,0.335000,5.085000,33.000,170.000,0,OK
1950230,0.332500,5.083750,33.250,170.000,0,OK
1960218,0.332500,5.085000,33.250,167.500,0,OK
1970230,0.332500,5.083750,33.250,170.000,0,OK
1980218,0.332500,5.082500,33.250,170.000,0,OK
1990230,0.332500,5.083750,33.250,170.000,0,OK
2000218,0.332500,5.086250,33.250,170.000,0,OK
2010230,0.330000,5.083750,33.000,167.500,0,OK
2020218,0.330000,5.083750,33.000,167.500,0,OK
2030226,0.330000,5.083750,33.000,167.500,0,OK
2040218,0.332500,5.083750,33.250,170.000,0,OK
2050226,0.332500,5.077500,33.250,167.500,0,OK
2060222,0.327500,5.083750,32.750,166.250,0,OK
2070226,0.332500,5.083750,33.250,170.000,0,OK
2080218,0.327500,5.083750,33.000,167.500,0,OK
2090230,0.332500,5.085000,33.250,170.000,0,OK
2100218,0.332500,5.085000,33.000,167.500,0,OK
2110230,0.332500,5.085000,33.250,170.000,0,OK
2120218,0.332500,5.086250,33.500,167.500,0,OK
2130230,0.332500,5.083750,33.250,170.000,0,OK
2140218,0.335000,5.078750,33.500,170.000,0,OK
2150230,0.330000,5.083750,33.000,167.500,0,OK
2160218,0.332500,5.083750,33.250,170.000,0,OK
2170226,0.332500,5.083750,33.000,167.500,0,OK
2180222,0.330000,5.085000,33.000,167.500,0,OK
2190226,0.330000,5.085000,33.250,170.000,0,OK
2200222,0.330000,5.083750,33.000,167.500,0,OK
2210226,0.332500,5.083750,33.000,167.500,0,OK
2220218,0.332500,5.085000,33.250,170.000,0,OK
2230230,0.332500,5.080000,33.250,167.500,0,OK
2240218,0.342500,5.083750,33.000,167.500,0,OK
2250230,0.332500,5.083750,33.250,170.000,0,OK
2260218,0.332500,5.083750,33.000,167.500,0,OK
2270230,0.330000,5.083750,33.000,167.500,0,OK
2280218,0.332500,5.085000,32.750,166.250,0,OK
2290226,0.332500,5.083750,33.250,170.000,0,OK
2300222,0.332500,5.083750,33.250,167.500,0,OK
2310226,0.335000,5.083750,33.500,170.000,0,OK
2320222,0.335000,5.078750,33.500,170.000,0,OK
2330226,0.340000,5.083750,33.000,167.500,0,OK
2340222,0.332500,5.085000,33.250,170.000,0,OK
2350226,0.330000,5.085000,33.500,170.000,0,OK
2360222,0.332500,5.085000,33.250,170.000,0,OK
2370226,0.335000,5.085000,33.250,170.000,0,OK
2380222,0.332500,5.083750,33.250,170.000,0,OK
2390226,0.330000,5.083750,33.000,167.500,0,OK
2400222,0.330000,5.083750,33.000,167.500,0,OK
2410226,0.332500,5.082500,33.250,170.000,0,OK
2420218,0.337500,5.083750,33.000,167.500,0,OK
2430230,0.335000,5.083750,33.500,170.000,0,OK
2440218,0.332500,5.085000,33.500,170.000,0,OK
2450230,0.332500,5.083750,33.250,170.000,0,OK
2460218,0.332500,5.085000,33.000,167.500,0,OK
2470230,0.330000,5.082500,33.000,167.500,0,OK
2480218,0.332500,5.085000,33.250,167.500,0,OK
2490226,0.330000,5.085000,33.000,167.500,0,OK
2500222,0.332500,5.081250,33.250,167.500,0,OK
2510226,0.335000,5.083750,33.250,170.000,0,OK
2520222,0.335000,5.085000,33.500,170.000,0,OK
2530226,0.330000,5.085000,33.500,170.000,0,OK
2540222,0.332500,5.083750,33.250,170.000,0,OK
2550226,0.330000,5.083750,33.250,167.500,0,OK
2560222,0.332500,5.085000,33.250,170.000,0,OK
2570226,0.332500,5.083750,33.250,167.500,0,OK
2580222,0.330000,5.085000,33.000,167.500,0,OK
2590226,0.332500,5.082500,33.250,170.000,0,OK
2600222,0.337500,5.083750,33.000,167.500,0,OK
2610226,0.332500,5.083750,33.250,170.000,0,OK
2620218,0.330000,5.083750,33.000,167.500,0,OK
2630230,0.330000,5.083750,33.000,167.500,0,OK
2640218,0.335000,5.083750,33.000,170.000,0,OK
2650226,0.330000,5.083750,33.000,167.500,0,OK
2660222,0.332500,5.078750,33.250,167.500,0,OK
2670226,0.327500,5.083750,32.750,166.250,0,OK
2680222,0.332500,5.082500,33.250,170.000,0,OK
2690226,0.332500,5.083750,33.000,167.500,0,OK
2700222,0.335000,5.086250,33.500,170.000,0,OK
2710226,0.332500,5.083750,33.250,170.000,0,OK
2720222,0.332500,5.083750,33.250,170.000,0,OK
2730226,0.332500,5.085000,33.250,167.500,0,OK
2740222,0.332500,5.085000,33.250,170.000,0,OK
2750226,0.330000,5.078750,33.000,167.500,0,OK
2760222,0.335000,5.083750,33.500,170.000,0,OK
2770226,0.332500,5.083750,33.250,170.000,0,OK
2780222,0.332500,5.085000,33.000,167.500,0,OK
2790226,0.330000,5.083750,33.000,167.500,0,OK
2800222,0.337500,5.085000,33.250,170.000,0,OK
2810226,0.332500,5.085000,33.250,170.000,0,OK
2820222,0.332500,5.085000,33.000,167.500,0,OK
2830226,0.330000,5.085000,33.000,167.500,0,OK
2840222,0.332500,5.080000,33.250,167.500,0,OK
2850226,0.345000,5.083750,33.250,170.000,0,OK
2860222,0.332500,5.085000,33.250,170.000,0,OK
2870226,0.327500,5.085000,33.250,170.000,0,OK
2880222,0.332500,5.085000,33.250,170.000,0,OK
2890226,0.332500,5.085000,33.500,170.000,0,OK
2900222,0.330000,5.085000,33.000,167.500,0,OK
2910226,0.335000,5.085000,33.500,170.000,0,OK
2920222,0.330000,5.085000,33.000,167.500,0,OK
2930226,0.335000,5.081250,33.500,170.000,0,OK
2940222,0.345000,5.086250,33.250,170.000,0,OK
2950226,0.332500,5.085000,33.250,170.000,0,OK
2960222,0.330000,5.086250,32.750,166.250,0,OK
2970226,0.332500,5.083750,33.250,170.000,0,OK
2980218,0.332500,5.085000,33.000,167.500,0,OK
2990230,0.332500,5.083750,33.250,170.000,0,OK
3000218,0.337500,5.083750,33.750,172.500,0,OK
3010230,0.330000,5.085000,33.000,167.500,0,OK
3020218,0.332500,5.081250,33.250,167.500,0,OK
3030230,0.337500,5.083750,33.250,170.000,0,OK
3040218,0.332500,5.085000,33.250,170.000,0,OK
3050230,0.335000,5.083750,33.250,170.000,0,OK
3060218,0.332500,5.083750,33.250,170.000,0,OK
3070230,0.332500,5.086250,33.000,167.500,0,OK
3080218,0.330000,5.083750,33.000,167.500,0,OK
3090230,0.332500,5.083750,33.250,167.500,0,OK
3100218,0.332500,5.085000,33.250,170.000,0,OK
3110230,0.332500,5.081250,33.250,167.500,0,OK
3120218,0.332500,5.083750,32.750,166.250,0,OK
3130230,0.332500,5.085000,33.250,170.000,0,OK
3140218,0.330000,5.085000,33.250,170.000,0,OK
3150230,0.332500,5.083750,33.250,170.000,0,OK
3160218,0.335000,5.085000,33.250,170.000,0,OK
3170230,0.327500,5.085000,32.750,166.250,0,OK
3180218,0.332500,5.083750,33.250,167.500,0,OK
3190230,0.330000,5.085000,33.000,167.500,0,OK
3200218,0.337500,5.082500,33.750,172.500,0,OK
3210230,0.330000,5.083750,33.250,170.000,0,OK
3220218,0.335000,5.085000,33.500,170.000,0,OK
3230230,0.330000,5.083750,32.750,166.250,0,OK
3240218,0.335000,5.085000,33.500,170.000,0,OK
3250226,0.332500,5.083750,33.000,167.500,0,OK
3260222,0.330000,5.085000,33.000,167.500,0,OK
3270226,0.335000,5.078750,33.500,170.000,0,OK
3280222,0.332500,5.085000,33.250,170.000,0,OK
3290226,0.335000,5.083750,33.500,170.000,0,OK
3300222,0.330000,5.083750,33.250,170.000,0,OK
3310226,0.335000,5.083750,33.500,170.000,0,OK
3320222,0.335000,5.085000,33.250,170.000,0,OK
3330226,0.330000,5.083750,33.000,167.500,0,OK
3340222,0.332500,5.085000,33.250,167.500,0,OK
3350226,0.332500,5.083750,33.250,170.000,0,OK
3360222,0.330000,5.080000,33.000,167.500,0,OK
3370226,0.330000,5.085000,33.000,167.500,0,OK
3380218,0.332500,5.082500,33.250,170.000,0,OK
3390230,0.327500,5.085000,33.000,167.500,0,OK
3400218,0.335000,5.085000,33.500,170.000,0,OK
3410230,0.332500,5.083750,33.250,170.000,0,OK
3420218,0.330000,5.083750,33.000,167.500,0,OK
3430230,0.330000,5.083750,32.750,167.500,0,OK
3440218,0.330000,5.086250,33.000,167.500,0,OK
3450226,0.332500,5.078750,33.250,167.500,0,OK
3460218,0.345000,5.083750,33.000,167.500,0,OK
3470230,0.332500,5.082500,33.250,170.000,0,OK
3480218,0.330000,5.083750,33.000,167.500,0,OK
3490230,0.332500,5.085000,33.250,170.000,0,OK
3500218,0.337500,5.085000,33.000,167.500,0,OK
3510230,0.332500,5.083750,33.250,170.000,0,OK
3520218,0.335000,5.085000,33.500,170.000,0,OK
3530230,0.330000,5.083750,33.000,167.500,0,OK
3540218,0.335000,5.080000,33.500,170.000,0,OK
3550226,0.342500,5.085000,33.000,167.500,0,OK
3560222,0.332500,5.083750,33.250,170.000,0,OK
3570226,0.330000,5.085000,33.000,167.500,0,OK
3580222,0.330000,5.083750,33.000,167.500,0,OK
3590226,0.332500,5.085000,33.250,167.500,0,OK
3600218,0.330000,5.086250,33.000,167.500,0,OK
3610230,0.332500,5.083750,33.250,167.500,0,OK
3620218,0.332500,5.083750,33.250,170.000,0,OK
3630230,0.335000,5.081250,33.500,170.000,0,OK
3640218,0.337500,5.083750,33.250,170.000,0,OK
3650230,0.335000,5.085000,33.500,170.000,0,OK
3660218,0.332500,5.085000,33.000,167.500,0,OK
3670230,0.330000,5.083750,33.000,167.500,0,OK
3680218,0.335000,5.083750,33.250,170.000,0,OK
3690226,0.332500,5.085000,33.250,170.000,0,OK
3700222,0.335000,5.083750,33.500,170.000,0,OK
3710226,0.332500,5.082500,33.250,170.000,0,OK
3720222,0.332500,5.081250,33.250,167.500,0,OK
3730226,0.332500,5.082500,33.250,170.000,0,OK
3740222,0.330000,5.085000,33.000,167.500,0,OK
3750226,0.332500,5.085000,33.250,170.000,0,OK
3760222,0.330000,5.085000,33.000,167.500,0,OK
3770226,0.335000,5.086250,33.000,170.000,0,OK
3780222,0.332500,5.083750,33.250,170.000,0,OK
3790226,0.335000,5.083750,33.500,170.000,0,OK
3800222,0.330000,5.085000,33.000,167.500,0,OK
3810226,0.335000,5.083750,33.500,170.000,0,OK
3820222,0.330000,5.083750,33.000,167.500,0,OK
3830226,0.332500,5.083750,33.250,170.000,0,OK
3840218,0.330000,5.083750,33.000,167.500,0,OK
3850230,0.332500,5.083750,33.250,170.000,0,OK
3860218,0.335000,5.085000,33.000,170.000,0,OK
3870230,0.330000,5.085000,33.000,167.500,0,OK
3880218,0.335000,5.077500,33.500,170.000,0,OK
3890230,0.330000,5.083750,33.000,167.500,0,OK
3900218,0.335000,5.082500,33.500,170.000,0,OK
3910226,0.330000,5.083750,33.000,167.500,0,OK
3920222,0.335000,5.083750,33.500,170.000,0,OK
3930226,0.330000,5.085000,33.000,167.500,0,OK
3940222,0.332500,5.085000,33.250,170.000,0,OK
3950226,0.335000,5.083750,33.250,170.000,0,OK
3960222,0.332500,5.083750,33.250,170.000,0,OK
3970226,0.332500,5.078750,33.250,167.500,0,OK
3980222,0.327500,5.083750,32.750,166.250,0,OK
3990226,0.332500,5.085000,33.250,170.000,0,OK
4000218,0.330000,5.083750,33.000,167.500,0,OK
4010230,0.332500,5.085000,33.250,170.000,0,OK
4020218,0.335000,5.085000,33.000,167.500,0,OK
4030230,0.327500,5.083750,32.750,166.250,0,OK
4040218,0.335000,5.083750,33.250,170.000,0,OK
4050226,0.330000,5.085000,33.000,167.500,0,OK
4060222,0.330000,5.080000,33.000,167.500,0,OK
4070226,0.330000,5.083750,33.000,167.500,0,OK
4080218,0.335000,5.082500,33.500,170.000,0,OK
4090226,0.330000,5.085000,33.000,167.500,0,OK
4100222,0.332500,5.085000,33.250,170.000,0,OK
4110226,0.335000,5.085000,33.000,167.500,0,OK
4120222,0.330000,5.083750,33.000,167.500,0,OK
4130226,0.335000,5.083750,33.000,170.000,0,OK
4140218,0.332500,5.083750,33.250,170.000,0,OK
4150230,0.335000,5.080000,33.500,170.000,0,OK
4160218,0.340000,5.085000,33.250,170.000,0,OK
4170230,0.332500,5.085000,33.250,170.000,0,OK
4180218,0.332500,5.083750,32.750,166.250,0,OK
4190230,0.332500,5.085000,33.250,170.000,0,OK
4200218,0.332500,5.085000,33.250,167.500,0,OK
4210230,0.330000,5.085000,33.000,167.500,0,OK
4220218,0.332500,5.085000,33.250,167.500,0,OK
4230230,0.330000,5.083750,33.000,167.500,0,OK
4240218,0.332500,5.080000,33.250,167.500,0,OK
4250226,0.337500,5.083750,33.000,167.500,0,OK
4260222,0.330000,5.085000,33.000,167.500,0,OK
4270226,0.332500,5.085000,33.250,170.000,0,OK
4280222,0.332500,5.085000,33.250,170.000,0,OK
4290226,0.332500,5.085000,33.000,167.500,0,OK
4300222,0.332500,5.083750,33.250,170.000,0,OK
4310226,0.332500,5.085000,33.250,167.500,0,OK
4320222,0.332500,5.085000,33.250,170.000,0,OK
4330226,0.332500,5.081250,33.250,167.500,0,OK
4340222,0.335000,5.083750,33.000,167.500,0,OK
4350226,0.335000,5.085000,33.500,170.000,0,OK
4360218,0.332500,5.085000,32.750,166.250,0,OK
4370230,0.332500,5.083750,33.250,170.000,0,OK
4380218,0.332500,5.085000,33.250,167.500,0,OK
4390230,0.330000,5.083750,33.000,167.500,0,OK
4400218,0.335000,5.085000,33.500,170.000,0,OK
4410226,0.330000,5.083750,33.000,167.500,0,OK
4420222,0.330000,5.082500,33.000,167.500,0,OK
4430226,0.332500,5.085000,32.750,166.250,0,OK
4440218,0.335000,5.086250,33.500,170.000,0,OK
4450230,0.332500,5.086250,33.250,170.000,0,OK
4460218,0.330000,5.085000,33.000,167.500,0,OK
4470230,0.335000,5.085000,33.000,170.000,0,OK
4480218,0.330000,5.083750,33.000,167.500,0,OK
4490230,0.332500,5.078750,33.250,167.500,0,OK
4500218,0.327500,5.085000,32.750,166.250,0,OK
4510230,0.330000,5.083750,33.000,167.500,0,OK
4520218,0.327500,5.083750,33.250,170.000,0,OK
4530226,0.332500,5.085000,33.250,170.000,0,OK
4540222,0.332500,5.085000,33.000,167.500,0,OK
4550226,0.332500,5.085000,33.250,170.000,0,OK
4560222,0.332500,5.083750,33.250,167.500,0,OK
4570226,0.330000,5.083750,33.000,167.500,0,OK
4580222,0.335000,5.077500,33.500,170.000,0,OK
4590226,0.332500,5.083750,33.250,170.000,0,OK
4600222,0.330000,5.083750,33.000,167.500,0,OK
4610226,0.332500,5.083750,33.000,167.500,0,OK
4620218,0.335000,5.086250,33.500,170.000,0,OK
4630230,0.332500,5.083750,33.250,170.000,0,OK
4640218,0.330000,5.085000,33.000,167.500,0,OK
4650230,0.332500,5.085000,33.000,167.500,0,OK
4660218,0.330000,5.083750,33.000,167.500,0,OK
4670230,0.332500,5.078750,33.250,167.500,0,OK
4680218,0.332500,5.085000,33.250,170.000,0,OK
4690230,0.335000,5.085000,33.500,170.000,0,OK
4700218,0.332500,5.083750,33.000,167.500,0,OK
4710230,0.330000,5.085000,33.000,167.500,0,OK
4720218,0.332500,5.083750,33.000,167.500,0,OK
4730230,0.327500,5.085000,32.750,166.250,0,OK
4740218,0.330000,5.085000,33.250,167.500,0,OK
4750230,0.335000,5.083750,33.500,170.000,0,OK
4760218,0.337500,5.081250,33.750,172.500,0,OK
4770230,0.342500,5.083750,33.000,167.500,0,OK
4780218,0.332500,5.085000,33.250,170.000,0,OK
4790230,0.332500,5.083750,33.000,167.500,0,OK
4800218,0.330000,5.083750,33.000,167.500,0,OK
4810230,0.335000,5.085000,33.250,170.000,0,OK
4820218,0.332500,5.085000,33.250,170.000,0,OK
4830230,0.332500,5.085000,33.250,167.500,0,OK
4840218,0.330000,5.083750,33.000,167.500,0,OK
4850230,0.335000,5.081250,33.500,170.000,0,OK
4860218,0.342500,5.083750,33.250,170.000,0,OK
4870230,0.335000,5.085000,33.500,170.000,0,OK
4880218,0.332500,5.082500,33.000,167.500,0,OK
4890230,0.332500,5.083750,33.250,170.000,0,OK
4900218,0.332500,5.083750,33.250,167.500,0,OK
4910230,0.330000,5.085000,33.000,167.500,0,OK
4920218,0.330000,5.083750,33.000,167.500,0,OK
4930230,0.330000,5.083750,33.000,167.500,0,OK
4940218,0.335000,5.081250,33.500,170.000,0,OK
4950226,0.335000,5.083750,33.000,167.500,0,OK
4960222,0.332500,5.085000,33.250,170.000,0,OK
4970226,0.330000,5.083750,32.750,166.250,0,OK
4980222,0.332500,5.083750,33.250,170.000,0,OK
4990226,0.332500,5.085000,33.500,167.500,0,OK
5000222,0.330000,5.083750,33.000,167.500,0,OK
5010226,0.335000,5.083750,33.500,170.000,0,OK
5020218,0.330000,5.085000,33.000,167.500,0,OK
5030230,0.337500,5.082500,33.750,172.500,0,OK
5040218,0.330000,5.085000,33.000,167.500,0,OK
5050230,0.332500,5.086250,33.250,170.000,0,OK
5060218,0.332500,5.083750,33.000,167.500,0,OK
5070230,0.332500,5.083750,33.250,170.000,0,OK
5080218,0.332500,5.083750,33.000,167.500,0,OK
5090230,0.332500,5.085000,33.250,170.000,0,OK
5100218,0.332500,5.078750,33.250,167.500,0,OK
5110230,0.332500,5.085000,33.250,170.000,0,OK
5120218,0.335000,5.083750,33.500,170.000,0,OK
5130230,0.332500,5.083750,33.250,170.000,0,OK
5140218,0.335000,5.083750,33.500,170.000,0,OK
5150230,0.332500,5.085000,32.750,166.250,0,OK
5160218,0.327500,5.083750,32.750,166.250,0,OK
5170230,0.332500,5.083750,33.000,167.500,0,OK
5180218,0.330000,5.085000,33.000,167.500,0,OK
5190230,0.332500,5.081250,33.250,167.500,0,OK
5200218,0.327500,5.083750,32.750,166.250,0,OK
5210230,0.332500,5.085000,33.250,170.000,0,OK
5220218,0.332500,5.083750,33.500,170.000,0,OK
5230230,0.332500,5.085000,33.250,170.000,0,OK
5240218,0.335000,5.085000,33.250,170.000,0,OK
5250230,0.330000,5.083750,33.000,167.500,0,OK
5260218,0.335000,5.083750,33.250,170.000,0,OK
5270226,0.330000,5.083750,33.000,167.500,0,OK
5280222,0.330000,5.078750,33.000,167.500,0,OK
5290226,0.332500,5.085000,33.250,170.000,0,OK
5300218,0.332500,5.083750,33.250,170.000,0,OK
5310230,0.332500,5.083750,33.000,167.500,0,OK
5320218,0.330000,5.083750,33.000,167.500,0,OK
5330230,0.332500,5.083750,33.000,167.500,0,OK
5340218,0.332500,5.085000,33.250,170.000,0,OK
5350230,0.335000,5.083750,33.250,170.000,0,OK
5360218,0.332500,5.085000,33.250,170.000,0,OK
5370230,0.335000,5.080000,33.500,170.000,0,OK
5380218,0.345000,5.085000,33.000,167.500,0,OK
5390230,0.332500,5.083750,33.250,170.000,0,OK
5400218,0.330000,5.083750,33.250,170.000,0,OK
5410230,0.330000,5.085000,33.000,167.500,0,OK
5420218,0.332500,5.086250,33.000,167.500,0,OK
5430230,0.327500,5.083750,32.750,166.250,0,OK
5440218,0.332500,5.085000,33.250,167.500,0,OK
5450226,0.330000,5.085000,33.000,167.500,0,OK
5460222,0.335000,5.081250,33.500,170.000,0,OK
5470226,0.340000,5.085000,33.000,167.500,0,OK
5480222,0.332500,5.083750,33.250,170.000,0,OK
5490226,0.332500,5.085000,33.000,167.500,0,OK
5500222,0.330000,5.085000,33.000,167.500,0,OK
5510226,0.335000,5.085000,33.000,170.000,0,OK
5520222,0.330000,5.083750,33.000,167.500,0,OK
5530226,0.332500,5.086250,33.250,167.500,0,OK
5540218,0.327500,5.083750,32.750,166.250,0,OK
5550230,0.332500,5.081250,33.250,167.500,0,OK
5560218,0.335000,5.083750,33.000,167.500,0,OK
5570230,0.332500,5.085000,33.250,170.000,0,OK
5580218,0.332500,5.083750,33.000,167.500,0,OK
5590230,0.332500,5.083750,33.250,170.000,0,OK
5600218,0.332500,5.085000,33.000,167.500,0,OK
5610230,0.330000,5.085000,33.000,167.500,0,OK
5620218,0.335000,5.085000,33.500,170.000,0,OK
5630230,0.335000,5.083750,33.500,170.000,0,OK
5640218,0.332500,5.082500,33.250,170.000,0,OK
5650230,0.335000,5.083750,32.500,166.250,0,OK
5660218,0.332500,5.085000,33.250,170.000,0,OK
5670230,0.332500,5.085000,32.750,166.250,0,OK
5680218,0.332500,5.085000,33.250,170.000,0,OK
5690230,0.335000,5.085000,33.000,170.000,0,OK
5700218,0.335000,5.085000,33.500,170.000,0,OK
5710230,0.330000,5.085000,33.000,167.500,0,OK
5720218,0.332500,5.085000,33.250,170.000,0,OK
5730230,0.330000,5.082500,33.000,167.500,0,OK
5740218,0.330000,5.085000,33.250,170.000,0,OK
5750226,0.332500,5.083750,33.250,170.000,0,OK
5760222,0.330000,5.085000,33.250,170.000,0,OK
5770226,0.332500,5.082500,33.250,170.000,0,OK
5780222,0.332500,5.085000,33.500,167.500,0,OK
5790226,0.332500,5.083750,33.250,170.000,0,OK
5800222,0.332500,5.078750,33.250,167.500,0,OK
5810226,0.330000,5.083750,33.000,167.500,0,OK
5820222,0.335000,5.083750,33.500,170.000,0,OK
5830226,0.327500,5.082500,33.250,170.000,0,OK
5840222,0.335000,5.083750,33.500,170.000,0,OK
5850226,0.332500,5.085000,33.250,170.000,0,OK
5860222,0.330000,5.083750,33.000,167.500,0,OK
5870226,0.332500,5.085000,33.000,167.500,0,OK
5880218,0.332500,5.083750,33.250,170.000,0,OK
5890230,0.330000,5.080000,33.000,167.500,0,OK
5900218,0.330000,5.083750,33.000,167.500,0,OK
5910226,0.332500,5.083750,33.250,170.000,0,OK
5920218,0.332500,5.086250,33.000,167.500,0,OK
5930230,0.335000,5.085000,33.500,170.000,0,OK
5940218,0.332500,5.086250,33.250,170.000,0,OK
5950230,0.327500,5.083750,32.750,166.250,0,OK
5960218,0.332500,5.085000,33.250,167.500,0,OK
5970226,0.330000,5.083750,33.000,167.500,0,OK
5980222,0.332500,5.078750,33.250,167.500,0,OK
5990226,0.345000,5.085000,33.250,170.000,0,OK
6000222,0.330000,5.083750,33.000,167.500,0,OK
6010226,0.327500,5.083750,33.000,167.500,0,OK
6020218,0.335000,5.085000,33.500,170.000,0,OK
6030226,0.330000,5.083750,33.500,170.000,0,OK
6040222,0.330000,5.083750,33.000,167.500,0,OK
6050226,0.335000,5.085000,33.500,170.000,0,OK
6060218,0.332500,5.085000,33.250,170.000,0,OK
6070230,0.335000,5.081250,33.500,170.000,0,OK
6080218,0.337500,5.083750,33.000,167.500,0,OK
6090230,0.332500,5.083750,33.250,170.000,0,OK
6100218,0.330000,5.083750,33.250,170.000,0,OK
6110230,0.332500,5.083750,33.250,170.000,0,OK
6120218,0.332500,5.083750,33.000,167.500,0,OK
6130230,0.332500,5.085000,33.250,170.000,0,OK
6140218,0.332500,5.083750,33.250,167.500,0,OK
6150230,0.332500,5.083750,33.250,170.000,0,OK
6160218,0.332500,5.081250,33.250,167.500,0,OK
6170230,0.337500,5.085000,33.000,167.500,0,OK
6180218,0.335000,5.085000,33.500,170.000,0,OK
6190230,0.332500,5.083750,33.250,170.000,0,OK
6200218,0.335000,5.083750,33.500,170.000,0,OK
6210230,0.332500,5.083750,33.250,167.500,0,OK
6220218,0.330000,5.083750,33.000,167.500,0,OK
6230230,0.332500,5.085000,33.250,167.500,0,OK
6240218,0.335000,5.083750,33.500,170.000,0,OK
6250230,0.335000,5.080000,33.500,170.000,0,OK
6260218,0.332500,5.085000,33.000,167.500,0,OK
6270230,0.335000,5.083750,33.500,170.000,0,OK
6280218,0.332500,5.085000,33.250,170.000,0,OK
6290230,0.330000,5.085000,33.000,167.500,0,OK
6300218,0.332500,5.083750,33.000,167.500,0,OK
6310230,0.332500,5.083750,33.250,170.000,0,OK
6320218,0.330000,5.083750,33.000,167.500,0,OK
6330230,0.332500,5.083750,33.250,170.000,0,OK
6340218,0.332500,5.083750,33.250,170.000,0,OK
6350230,0.330000,5.085000,33.250,170.000,0,OK
6360218,0.332500,5.083750,33.250,170.000,0,OK
6370230,0.332500,5.085000,33.000,167.500,0,OK
6380218,0.332500,5.085000,33.250,170.000,0,OK
6390230,0.335000,5.085000,33.250,170.000,0,OK
6400218,0.332500,5.083750,33.250,170.000,0,OK
6410230,0.332500,5.078750,33.250,167.500,0,OK
6420218,0.332500,5.083750,33.250,170.000,0,OK
6430230,0.332500,5.082500,33.250,170.000,0,OK
6440218,0.330000,5.083750,33.250,170.000,0,OK
6450230,0.332500,5.085000,33.250,170.000,0,OK
6460218,0.332500,5.083750,33.000,167.500,0,OK
6470230,0.332500,5.083750,33.250,170.000,0,OK
6480218,0.332500,5.085000,33.000,167.500,0,OK
6490230,0.332500,5.083750,33.250,170.000,0,OK
6500218,0.330000,5.078750,33.000,167.500,0,OK
6510230,0.332500,5.083750,33.250,170.000,0,OK
6520218,0.332500,5.083750,33.250,170.000,0,OK
6530230,0.332500,5.083750,33.250,170.000,0,OK
6540218,0.332500,5.086250,33.250,170.000,0,OK
6550230,0.332500,5.083750,33.000,167.500,0,OK
6560218,0.332500,5.085000,33.250,170.000,0,OK
6570230,0.335000,5.085000,33.000,170.000,0,OK
6580218,0.327500,5.083750,32.750,166.250,0,OK
6590230,0.332500,5.078750,33.250,167.500,0,OK
6600218,0.342500,5.083750,33.000,167.500,0,OK
6610230,0.335000,5.083750,33.500,170.000,0,OK
6620218,0.332500,5.083750,33.000,167.500,0,OK
6630230,0.332500,5.083750,33.250,170.000,0,OK
6640218,0.332500,5.083750,33.000,167.500,0,OK
6650230,0.327500,5.085000,32.750,166.250,0,OK
6660218,0.332500,5.085000,33.250,167.500,0,OK
6670230,0.332500,5.085000,33.250,170.000,0,OK
6680218,0.335000,5.080000,33.500,170.000,0,OK
6690230,0.342500,5.083750,33.250,170.000,0,OK
6700218,0.335000,5.085000,33.500,170.000,0,OK
6710230,0.332500,5.085000,33.250,170.000,0,OK
6720218,0.332500,5.083750,33.250,170.000,0,OK
6730230,0.332500,5.085000,33.000,167.500,0,OK
6740218,0.330000,5.083750,33.000,167.500,0,OK
6750230,0.332500,5.083750,33.250,167.500,0,OK
6760218,0.330000,5.086250,33.000,167.500,0,OK
6770230,0.335000,5.081250,33.500,170.000,0,OK
6780218,0.335000,5.085000,33.250,170.000,0,OK
6790230,0.332500,5.085000,33.250,170.000,0,OK
6800218,0.332500,5.083750,33.250,170.000,0,OK
6810230,0.332500,5.083750,33.250,170.000,0,OK
6820218,0.332500,5.086250,32.750,167.500,0,OK
6830230,0.332500,5.085000,33.250,170.000,0,OK
6840218,0.332500,5.085000,33.250,167.500,0,OK
6850230,0.330000,5.085000,33.000,167.500,0,OK
6860218,0.332500,5.081250,33.250,167.500,0,OK
6870230,0.337500,5.083750,33.250,170.000,0,OK
6880218,0.332500,5.085000,33.250,170.000,0,OK
6890230,0.335000,5.083750,33.000,167.500,0,OK
6900218,0.330000,5.085000,33.000,167.500,0,OK
6910226,0.332500,5.085000,33.250,167.500,0,OK
6920222,0.332500,5.083750,33.250,170.000,0,OK
6930226,0.335000,5.085000,33.500,170.000,0,OK
6940222,0.330000,5.085000,33.000,167.500,0,OK
6950226,0.332500,5.081250,33.250,167.500,0,OK
6960222,0.330000,5.085000,33.000,167.500,0,OK
6970226,0.335000,5.083750,33.500,170.000,0,OK
6980222,0.332500,5.085000,32.750,166.250,0,OK
6990226,0.332500,5.083750,33.250,170.000,0,OK
7000222,0.332500,5.085000,33.000,167.500,0,OK
7010226,0.332500,5.083750,33.250,170.000,0,OK
7020222,0.332500,5.078750,33.250,167.500,0,OK
7030226,0.330000,5.083750,33.000,167.500,0,OK
7040222,0.332500,5.083750,33.250,170.000,0,OK
7050226,0.330000,5.085000,33.250,170.000,0,OK
7060222,0.332500,5.085000,33.250,170.000,0,OK
7070226,0.335000,5.085000,33.250,170.000,0,OK
7080222,0.332500,5.083750,33.250,170.000,0,OK
7090226,0.332500,5.085000,33.250,167.500,0,OK
7100222,0.332500,5.083750,33.250,170.000,0,OK
7110226,0.332500,5.078750,33.250,167.500,0,OK
7120222,0.330000,5.083750,33.000,167.500,0,OK
7130226,0.332500,5.083750,33.250,170.000,0,OK
7140218,0.330000,5.085000,33.000,167.500,0,OK
7150230,0.335000,5.083750,33.500,170.000,0,OK
7160218,0.337500,5.085000,33.250,170.000,0,OK
7170230,0.332500,5.083750,33.250,170.000,0,OK
7180218,0.332500,5.085000,33.000,167.500,0,OK
7190230,0.332500,5.085000,33.250,170.000,0,OK
7200218,0.330000,5.080000,33.000,167.500,0,OK
7210230,0.345000,5.086250,33.000,167.500,0,OK
7220218,0.332500,5.083750,33.250,170.000,0,OK
7230226,0.332500,5.083750,33.000,167.500,0,OK
7240222,0.332500,5.085000,33.250,170.000,0,OK
7250226,0.332500,5.085000,33.250,170.000,0,OK
7260222,0.332500,5.085000,33.250,170.000,0,OK
7270226,0.335000,5.083750,33.500,170.000,0,OK
7280222,0.332500,5.083750,33.250,170.000,0,OK
7290226,0.335000,5.081250,33.500,170.000,0,OK
7300222,0.342500,5.083750,33.250,170.000,0,OK
7310226,0.335000,5.083750,33.500,170.000,0,OK
7320222,0.330000,5.083750,33.250,170.000,0,OK
7330226,0.332500,5.083750,33.250,170.000,0,OK
7340222,0.327500,5.085000,33.250,166.250,0,OK
7350226,0.330000,5.083750,33.000,167.500,0,OK
7360222,0.335000,5.083750,33.500,170.000,0,OK
7370226,0.332500,5.083750,33.250,170.000,0,OK
7380222,0.335000,5.080000,33.500,170.000,0,OK
7390226,0.340000,5.083750,33.000,167.500,0,OK
7400222,0.332500,5.083750,33.250,170.000,0,OK
7410226,0.335000,5.085000,33.500,170.000,0,OK
7420222,0.332500,5.085000,33.250,170.000,0,OK
7430226,0.335000,5.083750,33.250,170.000,0,OK
7440222,0.330000,5.085000,33.000,167.500,0,OK
7450226,0.335000,5.083750,33.500,170.000,0,OK
7460222,0.332500,5.083750,33.250,170.000,0,OK
7470226,0.335000,5.082500,33.500,170.000,0,OK
7480222,0.332500,5.083750,33.250,170.000,0,OK
7490226,0.332500,5.085000,33.250,170.000,0,OK
7500222,0.330000,5.083750,32.750,166.250,0,OK
7510226,0.330000,5.083750,33.000,167.500,0,OK
7520218,0.332500,5.083750,33.250,167.500,0,OK
7530226,0.330000,5.083750,33.000,167.500,0,OK
7540222,0.332500,5.083750,33.250,167.500,0,OK
7550226,0.330000,5.085000,33.000,167.500,0,OK
7560222,0.332500,5.081250,33.250,167.500,0,OK
7570226,0.330000,5.083750,33.250,170.000,0,OK
7580222,0.335000,5.083750,33.500,170.000,0,OK
7590226,0.330000,5.083750,33.250,170.000,0,OK
7600222,0.327500,5.083750,32.750,166.250,0,OK
7610226,0.335000,5.083750,33.250,170.000,0,OK
7620218,0.332500,5.083750,33.250,170.000,0,OK
7630230,0.335000,5.077500,33.500,170.000,0,OK
7640218,0.332500,5.083750,33.250,170.000,0,OK
7650230,0.335000,5.082500,33.500,170.000,0,OK
7660218,0.332500,5.083750,32.750,166.250,0,OK
7670230,0.332500,5.085000,33.250,170.000,0,OK
7680218,0.335000,5.083750,32.750,166.250,0,OK
7690230,0.332500,5.083750,33.250,170.000,0,OK
7700218,0.332500,5.083750,33.250,167.500,0,OK
7710230,0.332500,5.083750,33.250,170.000,0,OK
7720218,0.332500,5.078750,33.250,167.500,0,OK
7730230,0.332500,5.083750,33.250,170.000,0,OK
7740218,0.332500,5.083750,33.250,170.000,0,OK
7750230,0.332500,5.083750,33.000,167.500,0,OK
7760218,0.332500,5.083750,33.250,170.000,0,OK
7770230,0.332500,5.083750,33.500,170.000,0,OK
7780218,0.332500,5.083750,33.250,170.000,0,OK
7790230,0.332500,5.083750,33.250,167.500,0,OK
7800218,0.330000,5.083750,33.000,167.500,0,OK
7810230,0.330000,5.078750,33.000,167.500,0,OK
7820218,0.332500,5.083750,33.250,170.000,0,OK
7830226,0.332500,5.083750,33.250,170.000,0,OK
7840222,0.330000,5.085000,33.250,170.000,0,OK
7850226,0.330000,5.083750,33.000,167.500,0,OK
7860222,0.332500,5.085000,33.250,170.000,0,OK
7870226,0.330000,5.083750,33.000,167.500,0,OK
7880222,0.332500,5.085000,33.250,167.500,0,OK
7890226,0.332500,5.085000,33.250,170.000,0,OK
7900222,0.330000,5.078750,33.000,167.500,0,OK
7910226,0.342500,5.082500,33.000,167.500,0,OK
7920218,0.332500,5.086250,33.250,170.000,0,OK
7930230,0.332500,5.082500,33.250,170.000,0,OK
7940218,0.330000,5.085000,33.000,167.500,0,OK
7950230,0.335000,5.083750,33.000,170.000,0,OK
7960218,0.332500,5.083750,33.250,170.000,0,OK
7970230,0.332500,5.083750,33.250,167.500,0,OK
7980218,0.332500,5.085000,33.250,170.000,0,OK
7990230,0.332500,5.080000,33.250,167.500,0,OK
8000218,0.335000,5.083750,33.250,170.000,0,OK
8010230,0.332500,5.083750,33.250,170.000,0,OK
8020218,0.330000,5.083750,33.500,170.000,0,OK
8030230,0.327500,5.085000,32.750,166.250,0,OK
8040218,0.332500,5.083750,33.250,167.500,0,OK
8050230,0.330000,5.083750,33.000,167.500,0,OK
8060218,0.332500,5.086250,33.250,167.500,0,OK
8070226,0.330000,5.085000,33.000,167.500,0,OK
8080222,0.335000,5.081250,33.500,170.000,0,OK
8090226,0.335000,5.083750,33.250,170.000,0,OK
8100222,0.332500,5.085000,33.250,170.000,0,OK
8110226,0.335000,5.083750,33.000,167.500,0,OK
8120222,0.330000,5.085000,33.000,167.500,0,OK
8130226,0.335000,5.083750,33.000,170.000,0,OK
8140222,0.330000,5.083750,33.000,167.500,0,OK
8150226,0.335000,5.085000,33.500,170.000,0,OK
8160218,0.330000,5.083750,33.000,167.500,0,OK
8170230,0.335000,5.083750,33.500,170.000,0,OK
8180218,0.332500,5.083750,33.000,167.500,0,OK
8190230,0.332500,5.083750,33.250,170.000,0,OK
8200218,0.330000,5.083750,32.750,166.250,0,OK
8210230,0.332500,5.083750,33.250,170.000,0,OK
8220218,0.332500,5.085000,33.000,167.500,0,OK
8230230,0.332500,5.083750,33.250,170.000,0,OK
8240218,0.332500,5.085000,33.250,167.500,0,OK
8250230,0.330000,5.085000,33.000,167.500,0,OK
8260218,0.332500,5.082500,33.250,170.000,0,OK
8270230,0.332500,5.085000,33.250,170.000,0,OK
8280218,0.332500,5.083750,33.250,170.000,0,OK
8290230,0.332500,5.085000,33.000,167.500,0,OK
8300218,0.332500,5.085000,33.250,170.000,0,OK
8310230,0.335000,5.085000,33.000,170.000,0,OK
8320218,0.327500,5.083750,32.750,166.250,0,OK
8330230,0.332500,5.078750,33.250,167.500,0,OK
8340218,0.330000,5.085000,33.000,167.500,0,OK
8350230,0.335000,5.083750,33.500,170.000,0,OK
8360218,0.332500,5.085000,33.250,170.000,0,OK
8370230,0.332500,5.083750,33.250,170.000,0,OK
8380218,0.335000,5.083750,33.250,170.000,0,OK
8390230,0.332500,5.083750,33.250,170.000,0,OK
8400218,0.335000,5.086250,33.250,170.000,0,OK
8410230,0.330000,5.083750,33.000,167.500,0,OK
8420218,0.332500,5.077500,33.250,167.500,0,OK
8430226,0.332500,5.083750,33.250,170.000,0,OK
8440222,0.337500,5.085000,33.750,172.500,0,OK
8450226,0.327500,5.083750,33.000,167.500,0,OK
8460222,0.335000,5.083750,33.500,170.000,0,OK
8470226,0.335000,5.085000,33.250,170.000,0,OK
8480222,0.330000,5.083750,33.000,167.500,0,OK
8490226,0.332500,5.085000,33.000,167.500,0,OK
8500218,0.332500,5.085000,33.250,170.000,0,OK
8510230,0.332500,5.081250,33.250,167.500,0,OK
8520218,0.345000,5.085000,33.250,170.000,0,OK
8530230,0.335000,5.082500,33.500,170.000,0,OK
8540218,0.332500,5.083750,33.000,167.500,0,OK
8550230,0.332500,5.083750,33.250,170.000,0,OK
8560218,0.330000,5.085000,33.250,170.000,0,OK
8570230,0.332500,5.083750,33.250,170.000,0,OK
8580218,0.335000,5.085000,33.500,170.000,0,OK
8590230,0.332500,5.083750,33.250,170.000,0,OK
8600218,0.332500,5.081250,33.250,167.500,0,OK
8610230,0.337500,5.085000,33.500,170.000,0,OK
8620218,0.332500,5.085000,33.250,170.000,0,OK
8630230,0.327500,5.085000,33.000,167.500,0,OK
8640218,0.330000,5.085000,33.000,167.500,0,OK
8650230,0.335000,5.083750,32.750,170.000,0,OK
8660218,0.332500,5.085000,33.250,170.000,0,OK
8670230,0.335000,5.085000,33.500,170.000,0,OK
8680218,0.332500,5.085000,33.250,170.000,0,OK
8690230,0.332500,5.081250,33.250,167.500,0,OK
8700218,0.335000,5.083750,33.500,170.000,0,OK
8710230,0.332500,5.085000,33.250,170.000,0,OK
8720218,0.330000,5.085000,33.250,170.000,0,OK
8730230,0.332500,5.083750,33.250,170.000,0,OK
8740218,0.330000,5.085000,33.250,167.500,0,OK
8750230,0.332500,5.085000,33.250,170.000,0,OK
8760218,0.332500,5.083750,33.250,167.500,0,OK
8770230,0.335000,5.083750,33.500,170.000,0,OK
8780218,0.335000,5.082500,33.500,170.000,0,OK
8790230,0.335000,5.085000,33.000,167.500,0,OK
8800218,0.332500,5.085000,33.250,170.000,0,OK
8810230,0.332500,5.083750,33.250,170.000,0,OK
8820218,0.335000,5.085000,33.500,170.000,0,OK
8830230,0.332500,5.085000,33.000,167.500,0,OK
8840218,0.332500,5.083750,33.250,170.000,0,OK
8850230,0.332500,5.083750,33.250,167.500,0,OK
8860218,0.332500,5.085000,33.250,170.000,0,OK
8870230,0.335000,5.083750,33.500,170.000,0,OK
8880218,0.332500,5.083750,33.250,170.000,0,OK
8890230,0.335000,5.085000,33.500,170.000,0,OK
8900218,0.332500,5.086250,33.000,167.500,0,OK
8910230,0.332500,5.085000,33.250,170.000,0,OK
8920218,0.332500,5.083750,33.000,167.500,0,OK
8930230,0.330000,5.083750,33.000,167.500,0,OK
8940218,0.332500,5.077500,33.250,167.500,0,OK
8950226,0.330000,5.085000,33.000,167.500,0,OK
8960222,0.330000,5.083750,33.000,167.500,0,OK
8970226,0.335000,5.083750,33.250,170.000,0,OK
8980218,0.335000,5.086250,33.500,170.000,0,OK
8990230,0.335000,5.083750,33.250,170.000,0,OK
9000218,0.335000,5.083750,33.500,170.000,0,OK
9010230,0.332500,5.085000,33.000,167.500,0,OK
9020218,0.332500,5.085000,33.250,170.000,0,OK
9030230,0.335000,5.078750,33.500,170.000,0,OK
9040218,0.330000,5.085000,33.000,167.500,0,OK
9050230,0.335000,5.083750,33.500,170.000,0,OK
9060218,0.330000,5.083750,33.250,170.000,0,OK
9070230,0.330000,5.083750,33.000,167.500,0,OK
9080218,0.335000,5.083750,33.250,170.000,0,OK
9090226,0.330000,5.085000,33.000,167.500,0,OK
9100222,0.332500,5.083750,33.250,167.500,0,OK
9110226,0.332500,5.083750,33.250,170.000,0,OK
9120222,0.332500,5.078750,33.250,167.500,0,OK
9130226,0.345000,5.083750,32.750,166.250,0,OK
9140222,0.332500,5.083750,33.250,170.000,0,OK
9150226,0.330000,5.083750,33.250,170.000,0,OK
9160222,0.332500,5.085000,33.250,170.000,0,OK
9170226,0.335000,5.085000,33.250,170.000,0,OK
9180222,0.332500,5.083750,33.250,170.000,0,OK
9190226,0.335000,5.083750,33.500,170.000,0,OK
9200222,0.330000,5.083750,33.000,167.500,0,OK
9210226,0.335000,5.081250,33.500,170.000,0,OK
9220218,0.340000,5.085000,32.750,166.250,0,OK
9230230,0.335000,5.085000,33.500,170.000,0,OK
9240218,0.332500,5.083750,33.000,167.500,0,OK
9250230,0.330000,5.083750,33.000,167.500,0,OK
9260218,0.332500,5.085000,33.000,167.500,0,OK
9270226,0.332500,5.085000,33.250,170.000,0,OK
9280222,0.332500,5.085000,33.250,167.500,0,OK
9290226,0.332500,5.085000,33.250,170.000,0,OK
9300222,0.332500,5.081250,33.250,167.500,0,OK
9310226,0.337500,5.083750,33.250,170.000,0,OK
9320222,0.330000,5.085000,33.000,167.500,0,OK
9330226,0.335000,5.083750,33.000,167.500,0,OK
9340222,0.330000,5.083750,33.000,167.500,0,OK
9350226,0.332500,5.085000,33.000,167.500,0,OK
9360218,0.332500,5.085000,33.250,170.000,0,OK
9370230,0.332500,5.083750,33.250,167.500,0,OK
9380218,0.332500,5.083750,33.250,170.000,0,OK
9390230,0.337500,5.081250,33.750,172.500,0,OK
9400218,0.335000,5.085000,33.000,167.500,0,OK
9410230,0.335000,5.085000,33.500,170.000,0,OK
9420218,0.330000,5.085000,33.000,167.500,0,OK
9430230,0.330000,5.085000,33.000,167.500,0,OK
9440218,0.335000,5.083750,33.250,170.000,0,OK
9450230,0.332500,5.083750,33.250,170.000,0,OK
9460218,0.335000,5.085000,33.500,170.000,0,OK
9470230,0.330000,5.083750,33.000,167.500,0,OK
9480218,0.332500,5.082500,33.250,170.000,0,OK
9490226,0.332500,5.083750,33.250,170.000,0,OK
9500222,0.332500,5.085000,33.250,170.000,0,OK
9510226,0.332500,5.085000,33.000,167.500,0,OK
9520222,0.332500,5.085000,33.250,170.000,0,OK
9530226,0.335000,5.083750,32.750,170.000,0,OK
9540222,0.330000,5.083750,33.000,167.500,0,OK
9550226,0.330000,5.080000,33.000,167.500,0,OK
9560218,0.330000,5.085000,33.000,167.500,0,OK
9570226,0.332500,5.083750,33.250,170.000,0,OK
9580222,0.332500,5.085000,33.250,170.000,0,OK
9590226,0.332500,5.083750,33.250,170.000,0,OK
9600222,0.335000,5.085000,33.250,170.000,0,OK
9610226,0.332500,5.083750,33.250,170.000,0,OK
9620222,0.337500,5.085000,32.750,172.500,0,OK
9630226,0.332500,5.083750,33.250,170.000,0,OK
9640222,0.332500,5.078750,33.250,167.500,0,OK
9650226,0.332500,5.085000,33.250,170.000,0,OK
9660222,0.332500,5.083750,33.250,170.000,0,OK
9670226,0.335000,5.085000,33.000,167.500,0,OK
9680222,0.332500,5.085000,33.250,170.000,0,OK
9690226,0.335000,5.083750,33.500,170.000,0,OK
9700222,0.330000,5.083750,33.000,167.500,0,OK
9710226,0.335000,5.085000,33.250,170.000,0,OK
9720218,0.332500,5.085000,33.250,170.000,0,OK
9730230,0.332500,5.078750,33.250,167.500,0,OK
9740218,0.342500,5.085000,33.250,170.000,0,OK
9750230,0.332500,5.085000,33.250,170.000,0,OK
9760218,0.332500,5.083750,33.250,170.000,0,OK
9770230,0.335000,5.083750,33.500,170.000,0,OK
9780218,0.332500,5.085000,33.000,167.500,0,OK
9790230,0.330000,5.083750,33.000,167.500,0,OK
9800218,0.332500,5.083750,33.250,167.500,0,OK
9810226,0.330000,5.085000,33.000,167.500,0,OK
9820222,0.330000,5.080000,33.000,167.500,0,OK
9830226,0.340000,5.085000,33.250,170.000,0,OK
9840218,0.332500,5.085000,33.250,170.000,0,OK
9850230,0.332500,5.083750,33.000,167.500,0,OK
9860218,0.332500,5.085000,33.250,170.000,0,OK
9870230,0.337500,5.085000,33.250,172.500,0,OK
9880218,0.332500,5.083750,33.250,170.000,0,OK
9890230,0.332500,5.085000,33.250,167.500,0,OK
9900218,0.330000,5.083750,33.000,167.500,0,OK
9910230,0.332500,5.081250,33.250,167.500,0,OK
9920218,0.340000,5.085000,33.250,170.000,0,OK
9930230,0.335000,5.083750,33.500,170.000,0,OK
9940218,0.330000,5.083750,33.000,167.500,0,OK
9950230,0.332500,5.082500,33.250,170.000,0,OK
9960218,0.332500,5.085000,33.250,167.500,0,OK
9970230,0.332500,5.083750,33.250,170.000,0,OK
9980218,0.335000,5.085000,33.500,170.000,0,OK
9990230,0.330000,5.085000,33.000,167.500,0,OK
10000218,0.335000,5.082500,33.500,170.000,0,OK
10010230,0.335000,5.083750,33.250,170.000,0,OK
10020218,0.332500,5.083750,33.250,170.000,0,OK
10030230,0.330000,5.083750,33.000,167.500,0,OK
10040218,0.330000,5.083750,33.000,167.500,0,OK
10050226,0.332500,5.085000,33.250,167.500,0,OK
10060218,0.327500,5.083750,32.750,166.250,0,OK
10070230,0.335000,5.083750,33.500,170.000,0,OK
10080218,0.330000,5.083750,33.000,167.500,0,OK
10090230,0.332500,5.083750,33.250,170.000,0,OK
10100218,0.332500,5.082500,33.250,170.000,0,OK
10110230,0.332500,5.085000,33.250,170.000,0,OK
10120218,0.332500,5.085000,33.250,170.000,0,OK
10130230,0.332500,5.083750,33.250,170.000,0,OK
10140218,0.332500,5.085000,33.000,167.500,0,OK
10150230,0.332500,5.083750,33.250,170.000,0,OK
10160218,0.335000,5.078750,33.500,170.000,0,OK
10170230,0.335000,5.083750,33.500,170.000,0,OK
10180218,0.330000,5.083750,33.000,167.500,0,OK
10190230,0.330000,5.085000,33.000,167.500,0,OK
10200218,0.332500,5.083750,33.250,170.000,0,OK
10210230,0.332500,5.085000,33.500,170.000,0,OK
10220218,0.332500,5.083750,33.250,170.000,0,OK
10230230,0.332500,5.085000,33.000,167.500,0,OK
10240218,0.332500,5.083750,33.250,170.000,0,OK
10250230,0.332500,5.078750,33.250,167.500,0,OK
10260218,0.335000,5.083750,33.500,170.000,0,OK
10270230,0.335000,5.085000,33.500,170.000,0,OK
10280218,0.332500,5.083750,33.000,167.500,0,OK
10290230,0.330000,5.083750,33.000,167.500,0,OK
10300218,0.332500,5.085000,33.250,170.000,0,OK
10310226,0.332500,5.083750,33.250,170.000,0,OK
10320222,0.335000,5.085000,33.250,170.000,0,OK
10330226,0.332500,5.083750,33.250,170.000,0,OK
10340222,0.332500,5.078750,33.250,167.500,0,OK
10350226,0.347500,5.083750,33.000,167.500,0,OK
10360222,0.332500,5.085000,33.250,170.000,0,OK
10370226,0.335000,5.085000,33.000,167.500,0,OK
10380222,0.332500,5.085000,33.250,170.000,0,OK
10390226,0.332500,5.083750,33.250,170.000,0,OK
10400222,0.327500,5.083750,32.750,166.250,0,OK
10410226,0.335000,5.085000,33.500,170.000,0,OK
10420218,0.330000,5.083750,33.000,167.500,0,OK
10430230,0.335000,5.080000,33.500,170.000,0,OK
10440218,0.337500,5.085000,33.000,167.500,0,OK
10450230,0.335000,5.083750,33.500,170.000,0,OK
10460218,0.330000,5.085000,33.250,170.000,0,OK
10470230,0.330000,5.083750,33.000,167.500,0,OK
10480218,0.332500,5.085000,32.750,167.500,0,OK
10490226,0.332500,5.085000,33.250,170.000,0,OK
10500222,0.335000,5.083750,33.500,170.000,0,OK
10510226,0.327500,5.083750,32.750,166.250,0,OK
10520222,0.332500,5.081250,33.250,167.500,0,OK
10530226,0.342500,5.083750,33.000,167.500,0,OK
10540222,0.335000,5.083750,33.500,170.000,0,OK
10550226,0.330000,5.083750,33.000,167.500,0,OK
10560222,0.327500,5.083750,32.750,166.250,0,OK
10570226,0.335000,5.085000,33.250,170.000,0,OK
10580218,0.332500,5.083750,33.250,170.000,0,OK
10590230,0.332500,5.083750,33.250,167.500,0,OK
10600218,0.332500,5.083750,33.250,170.000,0,OK
10610230,0.335000,5.081250,33.500,170.000,0,OK
10620218,0.337500,5.082500,33.000,167.500,0,OK
10630230,0.335000,5.083750,33.500,170.000,0,OK
10640218,0.330000,5.083750,33.000,167.500,0,OK
10650230,0.332500,5.083750,33.250,170.000,0,OK
10660218,0.332500,5.083750,33.000,167.500,0,OK
10670230,0.330000,5.083750,33.000,167.500,0,OK
10680218,0.335000,5.085000,33.500,170.000,0,OK
10690226,0.327500,5.086250,32.750,166.250,0,OK
10700222,0.335000,5.082500,33.500,170.000,0,OK
10710226,0.332500,5.083750,33.250,170.000,0,OK
10720222,0.332500,5.083750,33.250,170.000,0,OK
10730226,0.332500,5.083750,33.000,167.500,0,OK
10740222,0.332500,5.085000,33.250,170.000,0,OK
10750226,0.332500,5.085000,33.250,167.500,0,OK
10760222,0.330000,5.083750,33.000,167.500,0,OK
10770226,0.335000,5.076250,33.500,170.000,0,OK
10780218,0.327500,5.085000,32.750,166.250,0,OK
10790230,0.332500,5.083750,33.250,170.000,0,OK
10800218,0.332500,5.083750,33.000,167.500,0,OK
10810230,0.335000,5.085000,33.500,170.000,0,OK
10820218,0.332500,5.083750,33.000,167.500,0,OK
10830230,0.332500,5.083750,33.250,170.000,0,OK
10840218,0.332500,5.085000,33.250,167.500,0,OK
10850230,0.332500,5.083750,33.250,170.000,0,OK
10860218,0.332500,5.078750,33.250,167.500,0,OK
10870230,0.330000,5.083750,33.000,167.500,0,OK
10880218,0.335000,5.083750,33.500,170.000,0,OK
10890226,0.335000,5.082500,33.250,170.000,0,OK
10900222,0.332500,5.083750,33.250,170.000,0,OK
10910226,0.332500,5.085000,33.250,170.000,0,OK
10920222,0.332500,5.085000,33.250,170.000,0,OK
10930226,0.335000,5.085000,33.250,170.000,0,OK
10940222,0.332500,5.083750,33.250,170.000,0,OK
10950226,0.332500,5.080000,33.250,167.500,0,OK
10960222,0.345000,5.083750,33.000,167.500,0,OK
10970226,0.332500,5.085000,33.250,170.000,0,OK
10980218,0.330000,5.083750,33.000,167.500,0,OK
10990230,0.332500,5.085000,33.250,170.000,0,OK
11000218,0.332500,5.085000,33.000,167.500,0,OK
11010230,0.332500,5.083750,33.250,170.000,0,OK
11020218,0.332500,5.085000,33.000,167.500,0,OK
11030230,0.332500,5.083750,33.250,170.000,0,OK
11040218,0.330000,5.081250,33.000,167.500,0,OK
11050230,0.342500,5.083750,33.250,170.000,0,OK
11060218,0.332500,5.085000,33.250,170.000,0,OK
11070230,0.332500,5.083750,33.250,170.000,0,OK
11080218,0.332500,5.085000,33.250,170.000,0,OK
11090230,0.332500,5.083750,33.250,167.500,0,OK
11100218,0.332500,5.083750,33.250,170.000,0,OK
11110230,0.335000,5.083750,33.500,170.000,0,OK
11120218,0.330000,5.085000,33.000,167.500,0,OK
11130230,0.335000,5.080000,33.500,170.000,0,OK
11140218,0.340000,5.083750,33.000,167.500,0,OK
11150230,0.332500,5.085000,33.250,170.000,0,OK
11160218,0.330000,5.083750,32.750,166.250,0,OK
11170230,0.335000,5.083750,33.500,170.000,0,OK
11180218,0.335000,5.085000,33.000,170.000,0,OK
11190230,0.332500,5.083750,33.250,170.000,0,OK
11200218,0.335000,5.085000,33.500,170.000,0,OK
11210230,0.332500,5.083750,33.250,170.000,0,OK
11220218,0.335000,5.081250,33.500,170.000,0,OK
11230230,0.337500,5.083750,33.000,167.500,0,OK
11240218,0.332500,5.085000,33.250,170.000,0,OK
11250226,0.332500,5.083750,33.250,170.000,0,OK
11260222,0.330000,5.085000,33.000,167.500,0,OK
11270226,0.332500,5.085000,33.500,167.500,0,OK
11280222,0.332500,5.083750,33.250,170.000,0,OK
11290226,0.335000,5.085000,33.500,170.000,0,OK
11300222,0.330000,5.085000,33.000,167.500,0,OK
11310226,0.332500,5.082500,33.250,170.000,0,OK
11320222,0.330000,5.083750,33.250,170.000,0,OK
11330226,0.332500,5.083750,33.250,170.000,0,OK
11340222,0.332500,5.083750,33.000,167.500,0,OK
11350226,0.330000,5.083750,33.000,167.500,0,OK
11360222,0.332500,5.083750,33.250,167.500,0,OK
11370226,0.332500,5.083750,33.250,170.000,0,OK
11380222,0.330000,5.077500,33.000,167.500,0,OK
11390226,0.335000,5.083750,33.500,170.000,0,OK
11400218,0.332500,5.083750,33.250,170.000,0,OK
11410230,0.332500,5.083750,33.250,170.000,0,OK
11420218,0.335000,5.085000,33.500,170.000,0,OK
11430230,0.332500,5.083750,33.000,167.500,0,OK
11440218,0.330000,5.085000,33.000,167.500,0,OK
11450230,0.335000,5.085000,33.250,170.000,0,OK
11460218,0.330000,5.085000,33.000,167.500,0,OK
11470230,0.335000,5.078750,33.500,170.000,0,OK
11480218,0.330000,5.085000,33.000,167.500,0,OK
11490230,0.332500,5.083750,33.250,170.000,0,OK
11500218,0.330000,5.083750,33.000,167.500,0,OK
11510230,0.332500,5.083750,33.250,170.000,0,OK
11520218,0.332500,5.086250,33.250,170.000,0,OK
11530230,0.332500,5.083750,33.250,170.000,0,OK
11540218,0.335000,5.083750,33.000,170.000,0,OK
11550230,0.332500,5.083750,33.250,170.000,0,OK
11560218,0.332500,5.080000,33.250,167.500,0,OK
11570230,0.330000,5.083750,33.000,167.500,0,OK
11580218,0.332500,5.083750,33.250,170.000,0,OK
11590226,0.330000,5.085000,33.500,170.000,0,OK
11600222,0.330000,5.083750,33.000,167.500,0,OK
11610226,0.330000,5.085000,33.250,170.000,0,OK
11620218,0.332500,5.083750,33.250,170.000,0,OK
11630230,0.332500,5.083750,33.250,167.500,0,OK
11640218,0.330000,5.085000,33.000,167.500,0,OK
11650230,0.332500,5.080000,33.250,167.500,0,OK
11660218,0.345000,5.085000,33.000,167.500,0,OK
11670230,0.337500,5.083750,33.750,172.500,0,OK
11680218,0.332500,5.083750,33.250,170.000,0,OK
11690230,0.332500,5.085000,33.250,170.000,0,OK
11700218,0.330000,5.085000,32.500,167.500,0,OK
11710230,0.327500,5.085000,32.750,166.250,0,OK
11720218,0.335000,5.085000,33.500,170.000,0,OK
11730230,0.332500,5.082500,33.250,170.000,0,OK
11740218,0.332500,5.081250,33.250,167.500,0,OK
11750230,0.337500,5.085000,33.250,170.000,0,OK
11760218,0.332500,5.086250,33.250,170.000,0,OK
11770230,0.332500,5.083750,33.500,170.000,0,OK
11780218,0.330000,5.085000,33.000,167.500,0,OK
11790230,0.332500,5.083750,33.250,167.500,0,OK
11800218,0.332500,5.085000,33.250,170.000,0,OK
11810230,0.332500,5.086250,33.250,167.500,0,OK
11820218,0.332500,5.083750,33.250,170.000,0,OK
11830230,0.332500,5.081250,33.250,167.500,0,OK
11840218,0.335000,5.085000,33.000,167.500,0,OK
11850230,0.335000,5.085000,33.500,170.000,0,OK
11860218,0.335000,5.085000,33.250,170.000,0,OK
11870230,0.330000,5.083750,33.000,167.500,0,OK
11880218,0.332500,5.085000,33.000,167.500,0,OK
11890226,0.330000,5.083750,33.000,167.500,0,OK
11900222,0.332500,5.085000,33.250,167.500,0,OK
11910226,0.332500,5.083750,33.250,170.000,0,OK
11920222,0.332500,5.082500,33.250,170.000,0,OK
11930226,0.337500,5.083750,33.250,170.000,0,OK
11940222,0.335000,5.085000,33.500,170.000,0,OK
11950226,0.332500,5.082500,33.000,167.500,0,OK
11960222,0.330000,5.083750,33.000,167.500,0,OK
11970226,0.332500,5.083750,33.500,167.500,0,OK
11980218,0.332500,5.083750,33.250,170.000,0,OK
11990230,0.335000,5.085000,33.500,170.000,0,OK
12000218,0.330000,5.085000,33.000,167.500,0,OK
12010230,0.335000,5.083750,33.500,170.000,0,OK
12020218,0.330000,5.085000,33.000,167.500,0,OK
12030230,0.332500,5.083750,33.250,170.000,0,OK
12040218,0.332500,5.085000,33.250,170.000,0,OK
12050230,0.332500,5.085000,33.250,170.000,0,OK
12060218,0.332500,5.085000,33.500,167.500,0,OK
12070230,0.335000,5.083750,33.500,170.000,0,OK
12080218,0.337500,5.078750,33.750,172.500,0,OK
12090230,0.330000,5.083750,33.000,167.500,0,OK
12100218,0.330000,5.082500,33.000,167.500,0,OK
12110226,0.330000,5.083750,33.250,170.000,0,OK
12120218,0.330000,5.083750,33.000,167.500,0,OK
12130230,0.335000,5.085000,33.250,170.000,0,OK
12140218,0.332500,5.083750,33.250,170.000,0,OK
12150230,0.332500,5.085000,33.500,167.500,0,OK
12160218,0.330000,5.085000,33.000,167.500,0,OK
12170230,0.335000,5.078750,33.500,170.000,0,OK
12180218,0.332500,5.085000,33.250,170.000,0,OK
12190230,0.335000,5.083750,33.500,170.000,0,OK
12200218,0.330000,5.083750,33.000,167.500,0,OK
12210230,0.332500,5.085000,33.250,170.000,0,OK
12220218,0.335000,5.083750,33.250,170.000,0,OK
12230230,0.332500,5.085000,33.250,170.000,0,OK
12240218,0.330000,5.085000,33.250,167.500,0,OK
12250230,0.332500,5.085000,33.250,170.000,0,OK
12260218,0.332500,5.080000,33.250,167.500,0,OK
12270230,0.345000,5.083750,33.000,167.500,0,OK
12280218,0.335000,5.083750,33.500,170.000,0,OK
12290226,0.332500,5.083750,33.250,170.000,0,OK
12300222,0.335000,5.085000,33.500,170.000,0,OK
12310226,0.330000,5.085000,33.250,170.000,0,OK
12320222,0.330000,5.083750,33.000,167.500,0,OK
12330226,0.332500,5.085000,33.250,167.500,0,OK
12340218,0.330000,5.085000,33.000,167.500,0,OK
12350230,0.332500,5.080000,33.250,167.500,0,OK
12360218,0.337500,5.085000,33.000,167.500,0,OK
12370230,0.332500,5.083750,33.250,170.000,0,OK
12380218,0.332500,5.085000,33.000,167.500,0,OK
12390230,0.330000,5.083750,33.000,167.500,0,OK
12400218,0.330000,5.083750,33.250,167.500,0,OK
12410226,0.335000,5.086250,33.500,170.000,0,OK
12420222,0.332500,5.085000,33.250,167.500,0,OK
12430226,0.330000,5.083750,33.000,167.500,0,OK
12440222,0.332500,5.081250,33.250,167.500,0,OK
12450226,0.340000,5.085000,33.250,170.000,0,OK
12460222,0.332500,5.086250,33.250,170.000,0,OK
12470226,0.330000,5.083750,33.250,170.000,0,OK
12480222,0.325000,5.083750,32.500,166.250,0,OK
12490226,0.335000,5.085000,33.000,170.000,0,OK
12500222,0.332500,5.083750,33.250,170.000,0,OK
12510226,0.330000,5.085000,33.000,167.500,0,OK
12520222,0.330000,5.083750,33.000,167.500,0,OK
12530226,0.332500,5.082500,33.250,170.000,0,OK
12540218,0.332500,5.083750,33.000,167.500,0,OK
12550230,0.337500,5.085000,33.750,172.500,0,OK
12560218,0.332500,5.085000,33.250,170.000,0,OK
12570230,0.330000,5.085000,33.000,167.500,0,OK
12580218,0.332500,5.085000,33.000,167.500,0,OK
12590230,0.330000,5.085000,33.000,167.500,0,OK
12600218,0.332500,5.085000,33.250,167.500,0,OK
12610230,0.332500,5.085000,33.250,170.000,0,OK
12620218,0.335000,5.083750,33.500,170.000,0,OK
12630230,0.335000,5.083750,33.500,170.000,0,OK
12640218,0.332500,5.085000,33.250,170.000,0,OK
12650230,0.332500,5.083750,33.000,167.500,0,OK
12660218,0.335000,5.085000,33.500,170.000,0,OK
12670230,0.335000,5.085000,33.000,170.000,0,OK
12680218,0.330000,5.083750,33.000,167.500,0,OK
12690230,0.332500,5.078750,33.250,167.500,0,OK
12700218,0.330000,5.083750,33.000,167.500,0,OK
12710230,0.335000,5.082500,33.500,170.000,0,OK
12720218,0.332500,5.083750,33.250,170.000,0,OK
12730230,0.332500,5.083750,33.250,170.000,0,OK
12740218,0.335000,5.083750,33.500,170.000,0,OK
12750230,0.335000,5.083750,33.500,170.000,0,OK
12760218,0.335000,5.083750,33.000,170.000,0,OK
12770230,0.335000,5.085000,33.500,170.000,0,OK
12780218,0.330000,5.078750,33.000,167.500,0,OK
12790230,0.330000,5.085000,33.000,167.500,0,OK
12800218,0.337500,5.083750,33.750,172.500,0,OK
12810230,0.330000,5.083750,33.000,167.500,0,OK
12820218,0.330000,5.085000,33.000,167.500,0,OK
12830226,0.332500,5.085000,33.000,167.500,0,OK
12840222,0.332500,5.085000,33.250,170.000,0,OK
12850226,0.335000,5.082500,33.250,170.000,0,OK
12860222,0.332500,5.083750,33.250,170.000,0,OK
12870226,0.337500,5.080000,33.750,172.500,0,OK
12880222,0.342500,5.083750,33.250,170.000,0,OK
12890226,0.337500,5.083750,33.750,172.500,0,OK
12900222,0.332500,5.083750,33.000,167.500,0,OK
12910226,0.332500,5.083750,33.250,170.000,0,OK
12920222,0.332500,5.083750,33.000,167.500,0,OK
12930226,0.330000,5.085000,33.000,167.500,0,OK
12940222,0.335000,5.086250,33.500,170.000,0,OK
12950226,0.335000,5.085000,33.500,170.000,0,OK
12960222,0.335000,5.082500,33.500,170.000,0,OK
12970226,0.340000,5.085000,33.250,170.000,0,OK
12980222,0.335000,5.085000,33.500,170.000,0,OK
12990226,0.330000,5.085000,33.250,170.000,0,OK
13000222,0.332500,5.083750,33.250,170.000,0,OK
13010226,0.335000,5.085000,33.250,170.000,0,OK
13020222,0.327500,5.085000,32.750,166.250,0,OK
13030226,0.332500,5.083750,33.250,167.500,0,OK
13040222,0.330000,5.083750,33.000,167.500,0,OK
13050226,0.332500,5.081250,33.250,167.500,0,OK
13060218,0.335000,5.083750,33.500,170.000,0,OK
13070230,0.335000,5.085000,33.500,170.000,0,OK
13080218,0.330000,5.085000,33.250,170.000,0,OK
13090230,0.330000,5.083750,33.000,167.500,0,OK
13100218,0.332500,5.086250,33.000,167.500,0,OK
13110226,0.332500,5.083750,33.250,170.000,0,OK
13120222,0.335000,5.083750,33.500,170.000,0,OK
13130226,0.332500,5.083750,33.250,170.000,0,OK
13140222,0.332500,5.083750,33.250,170.000,0,OK
13150226,0.335000,5.083750,33.250,170.000,0,OK
13160222,0.332500,5.083750,33.250,170.000,0,OK
13170226,0.332500,5.083750,33.250,170.000,0,OK
13180222,0.330000,5.083750,33.000,167.500,0,OK
13190226,0.330000,5.083750,33.250,167.500,0,OK
13200218,0.332500,5.083750,33.250,170.000,0,OK
13210230,0.335000,5.085000,33.500,170.000,0,OK
13220218,0.332500,5.083750,33.250,170.000,0,OK
13230230,0.332500,5.082500,33.250,170.000,0,OK
13240218,0.327500,5.085000,33.500,170.000,0,OK
13250230,0.332500,5.085000,33.250,170.000,0,OK
13260218,0.330000,5.083750,33.000,167.500,0,OK
13270230,0.332500,5.085000,33.250,170.000,0,OK
13280218,0.332500,5.085000,33.250,167.500,0,OK
13290230,0.330000,5.083750,33.000,167.500,0,OK
13300218,0.335000,5.078750,33.500,170.000,0,OK
13310226,0.330000,5.083750,33.000,167.500,0,OK
13320222,0.332500,5.082500,33.250,170.000,0,OK
13330226,0.332500,5.083750,33.250,170.000,0,OK
13340222,0.332500,5.085000,33.250,170.000,0,OK
13350226,0.335000,5.083750,33.250,170.000,0,OK
13360222,0.332500,5.083750,33.250,170.000,0,OK
13370226,0.335000,5.086250,33.500,170.000,0,OK
13380222,0.332500,5.083750,33.250,170.000,0,OK
13390226,0.335000,5.078750,33.500,170.000,0,OK
13400222,0.330000,5.085000,33.000,167.500,0,OK
13410226,0.335000,5.085000,33.500,170.000,0,OK
13420222,0.330000,5.083750,33.000,167.500,0,OK
13430226,0.337500,5.085000,33.750,172.500,0,OK
13440218,0.335000,5.085000,33.000,167.500,0,OK
13450230,0.332500,5.083750,33.250,170.000,0,OK
13460218,0.335000,5.085000,33.250,170.000,0,OK
13470230,0.327500,5.083750,32.750,166.250,0,OK
13480218,0.332500,5.078750,33.250,167.500,0,OK
13490226,0.342500,5.083750,33.250,170.000,0,OK
13500222,0.335000,5.083750,33.500,170.000,0,OK
13510226,0.330000,5.083750,33.500,170.000,0,OK
13520222,0.332500,5.083750,33.250,170.000,0,OK
13530226,0.335000,5.083750,33.250,170.000,0,OK
13540222,0.330000,5.085000,33.000,167.500,0,OK
13550226,0.332500,5.085000,33.250,167.500,0,OK
13560222,0.327500,5.083750,32.750,166.250,0,OK
13570226,0.337500,5.080000,33.750,172.500,0,OK
13580218,0.340000,5.085000,33.000,167.500,0,OK
13590230,0.332500,5.083750,33.250,170.000,0,OK
13600218,0.332500,5.085000,33.000,167.500,0,OK
13610230,0.332500,5.085000,33.250,170.000,0,OK
13620218,0.332500,5.083750,33.250,167.500,0,OK
13630230,0.335000,5.082500,33.500,170.000,0,OK
13640218,0.330000,5.085000,33.000,167.500,0,OK
13650230,0.332500,5.083750,33.250,170.000,0,OK
13660218,0.332500,5.080000,33.250,167.500,0,OK
13670230,0.340000,5.086250,33.250,170.000,0,OK
13680218,0.335000,5.085000,33.500,170.000,0,OK
13690230,0.332500,5.083750,33.000,167.500,0,OK
13700218,0.332500,5.083750,33.250,170.000,0,OK
13710230,0.335000,5.083750,33.000,170.000,0,OK
13720218,0.332500,5.085000,33.250,170.000,0,OK
13730230,0.332500,5.085000,33.250,167.500,0,OK
13740218,0.330000,5.085000,33.000,167.500,0,OK
13750230,0.335000,5.082500,33.500,170.000,0,OK
13760218,0.332500,5.083750,33.250,170.000,0,OK
13770230,0.335000,5.085000,33.500,170.000,0,OK
13780218,0.330000,5.085000,33.250,170.000,0,OK
13790230,0.332500,5.083750,33.250,170.000,0,OK
13800218,0.337500,5.085000,33.250,172.500,0,OK
13810230,0.330000,5.083750,33.000,167.500,0,OK
13820218,0.332500,5.085000,33.250,167.500,0,OK
13830226,0.330000,5.083750,33.000,167.500,0,OK
13840222,0.335000,5.083750,33.500,170.000,0,OK
13850226,0.332500,5.083750,33.250,170.000,0,OK
13860222,0.332500,5.085000,33.250,170.000,0,OK
13870226,0.332500,5.083750,33.250,170.000,0,OK
13880222,0.332500,5.083750,33.250,170.000,0,OK
13890226,0.335000,5.085000,33.250,170.000,0,OK
13900222,0.330000,5.083750,33.000,167.500,0,OK
13910226,0.332500,5.077500,33.250,167.500,0,OK
13920218,0.327500,5.083750,32.750,166.250,0,OK
13930230,0.330000,5.082500,33.000,167.500,0,OK
13940218,0.332500,5.083750,33.250,170.000,0,OK
13950226,0.332500,5.085000,33.250,170.000,0,OK
13960222,0.330000,5.083750,33.250,170.000,0,OK
13970226,0.330000,5.085000,33.000,167.500,0,OK
13980222,0.332500,5.085000,33.000,167.500,0,OK
13990226,0.332500,5.083750,33.250,170.000,0,OK
14000222,0.335000,5.078750,33.500,170.000,0,OK
14010226,0.327500,5.083750,32.750,166.250,0,OK
14020222,0.332500,5.083750,33.250,170.000,0,OK
14030226,0.335000,5.082500,33.250,170.000,0,OK
14040222,0.332500,5.085000,33.250,170.000,0,OK
14050226,0.332500,5.085000,33.000,167.500,0,OK
14060222,0.330000,5.083750,33.000,167.500,0,OK
14070226,0.330000,5.083750,33.250,167.500,0,OK
14080218,0.332500,5.083750,33.250,170.000,0,OK
14090230,0.330000,5.078750,33.000,167.500,0,OK
14100218,0.330000,5.085000,33.000,167.500,0,OK
14110226,0.332500,5.085000,33.250,170.000,0,OK
14120222,0.332500,5.083750,33.000,167.500,0,OK
14130226,0.332500,5.085000,33.250,170.000,0,OK
14140222,0.332500,5.085000,33.000,167.500,0,OK
14150226,0.332500,5.085000,33.250,170.000,0,OK
14160222,0.335000,5.085000,33.500,170.000,0,OK
14170226,0.332500,5.083750,33.250,170.000,0,OK
14180222,0.330000,5.080000,33.000,167.500,0,OK
14190226,0.342500,5.083750,33.000,167.500,0,OK
14200218,0.332500,5.086250,33.250,170.000,0,OK
14210230,0.335000,5.083750,33.250,170.000,0,OK
14220218,0.330000,5.083750,33.000,167.500,0,OK
14230230,0.332500,5.083750,33.250,167.500,0,OK
14240218,0.330000,5.085000,33.000,167.500,0,OK
14250230,0.332500,5.085000,33.250,167.500,0,OK
14260218,0.332500,5.085000,33.250,170.000,0,OK
14270230,0.335000,5.081250,33.500,170.000,0,OK
14280218,0.335000,5.085000,33.250,170.000,0,OK
14290230,0.332500,5.085000,33.250,170.000,0,OK
14300218,0.332500,5.083750,33.250,170.000,0,OK
14310230,0.332500,5.083750,33.250,170.000,0,OK
14320218,0.335000,5.085000,33.000,170.000,0,OK
14330230,0.332500,5.083750,33.250,170.000,0,OK
14340218,0.332500,5.083750,33.250,167.500,0,OK
14350230,0.330000,5.085000,33.000,167.500,0,OK
14360218,0.332500,5.082500,33.250,170.000,0,OK
14370230,0.332500,5.083750,33.250,170.000,0,OK
14380218,0.332500,5.085000,33.250,170.000,0,OK
14390230,0.332500,5.083750,33.250,170.000,0,OK
14400218,0.330000,5.083750,33.000,167.500,0,OK
14410230,0.335000,5.083750,33.000,170.000,0,OK
14420218,0.335000,5.085000,33.500,170.000,0,OK
14430230,0.335000,5.085000,33.500,170.000,0,OK
14440218,0.332500,5.085000,33.250,170.000,0,OK
14450230,0.335000,5.081250,33.500,170.000,0,OK
14460218,0.332500,5.085000,33.500,170.000,0,OK
14470230,0.332500,5.085000,33.250,170.000,0,OK
14480218,0.332500,5.085000,33.000,167.500,0,OK
14490230,0.335000,5.083750,33.500,170.000,0,OK
14500218,0.332500,5.085000,33.250,167.500,0,OK
14510230,0.330000,5.083750,33.000,167.500,0,OK
14520218,0.335000,5.078750,33.500,170.000,0,OK
14530226,0.332500,5.083750,33.250,170.000,0,OK
14540222,0.332500,5.083750,33.250,170.000,0,OK
14550226,0.332500,5.085000,33.500,170.000,0,OK
14560222,0.335000,5.083750,33.500,170.000,0,OK
14570226,0.332500,5.085000,33.250,170.000,0,OK
14580222,0.332500,5.085000,33.250,170.000,0,OK
14590226,0.335000,5.085000,33.250,170.000,0,OK
14600222,0.330000,5.083750,33.000,167.500,0,OK
14610226,0.332500,5.078750,33.250,167.500,0,OK
14620218,0.327500,5.083750,32.750,166.250,0,OK
14630230,0.335000,5.083750,33.500,170.000,0,OK
14640218,0.330000,5.085000,33.000,167.500,0,OK
14650230,0.330000,5.083750,33.000,167.500,0,OK
14660218,0.335000,5.083750,33.250,170.000,0,OK
14670226,0.330000,5.083750,33.000,167.500,0,OK
14680222,0.335000,5.083750,33.250,170.000,0,OK
14690226,0.332500,5.085000,33.250,170.000,0,OK
14700222,0.332500,5.081250,33.250,167.500,0,OK
14710226,0.335000,5.083750,33.500,170.000,0,OK
14720222,0.335000,5.083750,33.500,170.000,0,OK
14730226,0.335000,5.083750,33.250,170.000,0,OK
14740222,0.332500,5.085000,33.250,170.000,0,OK
14750226,0.332500,5.085000,33.250,170.000,0,OK
14760222,0.330000,5.083750,33.000,167.500,0,OK
14770226,0.332500,5.085000,33.000,167.500,0,OK
14780218,0.332500,5.083750,33.250,170.000,0,OK
14790230,0.335000,5.080000,33.500,170.000,0,OK
14800218,0.345000,5.085000,33.000,167.500,0,OK
14810230,0.335000,5.085000,33.500,170.000,0,OK
14820218,0.332500,5.083750,33.250,170.000,0,OK
14830230,0.332500,5.083750,33.250,170.000,0,OK
14840218,0.335000,5.085000,33.000,170.000,0,OK
14850230,0.332500,5.083750,33.250,170.000,0,OK
14860218,0.332500,5.083750,33.250,167.500,0,OK
14870230,0.332500,5.082500,33.250,170.000,0,OK
14880218,0.335000,5.081250,33.500,170.000,0,OK
14890230,0.340000,5.085000,33.250,170.000,0,OK
14900218,0.332500,5.083750,33.250,170.000,0,OK
14910230,0.332500,5.083750,33.000,167.500,0,OK
14920218,0.330000,5.083750,33.000,167.500,0,OK
14930230,0.332500,5.083750,33.500,167.500,0,OK
14940218,0.332500,5.085000,33.250,170.000,0,OK
14950230,0.332500,5.083750,33.250,167.500,0,OK
14960218,0.332500,5.083750,33.250,170.000,0,OK
14970230,0.337500,5.082500,33.750,172.500,0,OK
14980218,0.340000,5.083750,33.250,170.000,0,OK
14990230,0.335000,5.083750,33.500,170.000,0,OK
15000218,0.332500,5.083750,33.000,167.500,0,OK
15010230,0.330000,5.083750,33.000,167.500,0,OK
15020218,0.332500,5.085000,33.250,167.500,0,OK
15030226,0.332500,5.083750,33.250,170.000,0,OK
15040222,0.332500,5.085000,33.250,167.500,0,OK
15050226,0.335000,5.085000,33.500,170.000,0,OK
15060222,0.332500,5.082500,33.250,170.000,0,OK
15070226,0.332500,5.082500,33.250,170.000,0,OK
15080222,0.330000,5.083750,33.000,167.500,0,OK
15090226,0.332500,5.085000,33.250,170.000,0,OK
15100218,0.332500,5.085000,33.250,170.000,0,OK
15110230,0.335000,5.086250,33.250,170.000,0,OK
15120218,0.330000,5.085000,33.000,167.500,0,OK
15130230,0.332500,5.077500,33.250,167.500,0,OK
15140218,0.332500,5.083750,33.250,170.000,0,OK
15150230,0.335000,5.083750,33.500,170.000,0,OK
15160218,0.327500,5.083750,33.000,167.500,0,OK
15170230,0.337500,5.083750,33.750,172.500,0,OK
15180218,0.327500,5.085000,33.250,170.000,0,OK
15190230,0.332500,5.083750,33.250,170.000,0,OK
15200218,0.335000,5.085000,33.000,170.000,0,OK
15210230,0.335000,5.083750,33.500,170.000,0,OK
15220218,0.335000,5.078750,33.500,170.000,0,OK
15230230,0.335000,5.082500,33.500,170.000,0,OK
15240218,0.332500,5.082500,33.250,170.000,0,OK
15250230,0.330000,5.083750,33.250,170.000,0,OK
15260218,0.332500,5.085000,33.250,170.000,0,OK
15270230,0.335000,5.083750,33.750,172.500,0,OK
15280218,0.332500,5.083750,33.250,170.000,0,OK
15290230,0.335000,5.085000,33.250,170.000,0,OK
15300218,0.332500,5.085000,33.250,170.000,0,OK
15310230,0.332500,5.078750,33.250,167.500,0,OK
15320218,0.332500,5.083750,33.250,170.000,0,OK
15330230,0.335000,5.083750,33.500,170.000,0,OK
15340218,0.332500,5.085000,33.000,167.500,0,OK
15350230,0.335000,5.085000,33.500,170.000,0,OK
15360218,0.335000,5.085000,33.000,167.500,0,OK
15370230,0.332500,5.085000,33.250,170.000,0,OK
15380218,0.330000,5.085000,33.500,167.500,0,OK
15390230,0.330000,5.083750,33.000,167.500,0,OK
15400218,0.332500,5.081250,33.250,167.500,0,OK
15410226,0.340000,5.083750,33.250,170.000,0,OK
15420222,0.330000,5.085000,33.000,167.500,0,OK
15430226,0.327500,5.082500,33.000,167.500,0,OK
15440222,0.330000,5.083750,33.000,167.500,0,OK
15450226,0.335000,5.085000,33.250,170.000,0,OK
15460218,0.332500,5.083750,33.250,170.000,0,OK
15470230,0.332500,5.083750,33.250,167.500,0,OK
15480218,0.332500,5.083750,33.250,170.000,0,OK
15490230,0.335000,5.081250,33.500,170.000,0,OK
15500218,0.340000,5.085000,33.000,167.500,0,OK
15510230,0.337500,5.083750,33.750,172.500,0,OK
15520218,0.330000,5.083750,33.250,170.000,0,OK
15530230,0.332500,5.083750,33.250,170.000,0,OK
15540218,0.335000,5.083750,32.750,170.000,0,OK
15550230,0.332500,5.083750,33.250,170.000,0,OK
15560218,0.332500,5.085000,33.250,167.500,0,OK
15570230,0.332500,5.083750,33.250,170.000,0,OK
15580218,0.332500,5.081250,33.250,167.500,0,OK
15590230,0.337500,5.085000,33.250,170.000,0,OK
15600218,0.335000,5.085000,33.500,170.000,0,OK
15610230,0.330000,5.083750,33.250,170.000,0,OK
15620218,0.330000,5.085000,33.000,167.500,0,OK
15630230,0.335000,5.085000,33.000,170.000,0,OK
15640218,0.332500,5.085000,33.250,170.000,0,OK
15650230,0.335000,5.083750,33.500,170.000,0,OK
15660218,0.330000,5.085000,33.000,167.500,0,OK
15670230,0.332500,5.082500,33.250,170.000,0,OK
15680218,0.335000,5.085000,33.250,170.000,0,OK
15690230,0.332500,5.083750,33.250,170.000,0,OK
15700218,0.332500,5.085000,33.000,167.500,0,OK
15710230,0.332500,5.083750,33.250,170.000,0,OK
15720218,0.332500,5.085000,33.250,167.500,0,OK
15730230,0.332500,5.083750,33.250,170.000,0,OK
15740218,0.330000,5.085000,33.000,167.500,0,OK
15750230,0.330000,5.083750,33.000,167.500,0,OK
15760218,0.335000,5.082500,33.500,170.000,0,OK
15770226,0.330000,5.083750,33.250,170.000,0,OK
15780222,0.330000,5.083750,33.000,167.500,0,OK
15790226,0.332500,5.085000,33.000,167.500,0,OK
15800218,0.332500,5.083750,33.250,170.000,0,OK
15810230,0.335000,5.085000,33.250,170.000,0,OK
15820218,0.332500,5.083750,33.250,170.000,0,OK
15830230,0.335000,5.077500,33.500,170.000,0,OK
15840218,0.330000,5.086250,33.000,167.500,0,OK
15850230,0.332500,5.085000,33.250,170.000,0,OK
15860218,0.330000,5.083750,33.250,170.000,0,OK
15870230,0.332500,5.085000,33.250,170.000,0,OK
15880218,0.337500,5.085000,33.250,170.000,0,OK
15890230,0.335000,5.083750,33.500,170.000,0,OK
15900218,0.332500,5.083750,33.250,167.500,0,OK
15910230,0.332500,5.085000,33.250,170.000,0,OK
15920218,0.330000,5.078750,33.000,167.500,0,OK
15930230,0.332500,5.083750,33.250,170.000,0,OK
15940218,0.332500,5.083750,33.250,170.000,0,OK
15950230,0.330000,5.086250,33.000,167.500,0,OK
15960218,0.332500,5.083750,33.250,170.000,0,OK
15970226,0.332500,5.085000,33.250,170.000,0,OK
15980222,0.330000,5.082500,33.000,167.500,0,OK
15990226,0.330000,5.085000,33.000,167.500,0,OK
16000218,0.330000,5.083750,33.000,167.500,0,OK
16010230,0.332500,5.080000,33.250,167.500,0,OK
16020218,0.340000,5.083750,33.250,170.000,0,OK
16030230,0.332500,5.083750,33.250,170.000,0,OK
16040218,0.332500,5.083750,33.000,167.500,0,OK
16050230,0.330000,5.085000,33.000,167.500,0,OK
16060218,0.335000,5.083750,33.250,170.000,0,OK
16070230,0.330000,5.083750,33.000,167.500,0,OK
16080218,0.330000,5.086250,33.000,167.500,0,OK
16090226,0.335000,5.083750,33.500,170.000,0,OK
16100218,0.332500,5.080000,33.250,167.500,0,OK
16110230,0.342500,5.085000,33.250,170.000,0,OK
16120218,0.335000,5.085000,33.500,170.000,0,OK
16130230,0.332500,5.083750,33.000,167.500,0,OK
16140218,0.332500,5.083750,33.250,170.000,0,OK
16150230,0.335000,5.083750,33.000,170.000,0,OK
16160218,0.330000,5.083750,33.000,167.500,0,OK
16170230,0.332500,5.083750,33.250,167.500,0,OK
16180218,0.327500,5.083750,32.750,166.250,0,OK
16190230,0.330000,5.080000,33.000,167.500,0,OK
16200218,0.335000,5.082500,33.250,170.000,0,OK
16210226,0.332500,5.085000,33.250,170.000,0,OK
16220222,0.332500,5.083750,33.250,170.000,0,OK
16230226,0.335000,5.083750,33.500,170.000,0,OK
16240222,0.337500,5.085000,33.000,172.500,0,OK
16250226,0.332500,5.083750,33.250,170.000,0,OK
16260222,0.335000,5.085000,33.500,170.000,0,OK
16270226,0.332500,5.085000,33.250,170.000,0,OK
16280222,0.332500,5.081250,33.250,167.500,0,OK
16290226,0.335000,5.085000,33.000,167.500,0,OK
16300222,0.330000,5.085000,33.000,167.500,0,OK
16310226,0.332500,5.083750,33.250,170.000,0,OK
16320222,0.335000,5.083750,33.500,170.000,0,OK
16330226,0.335000,5.085000,33.250,170.000,0,OK
16340222,0.330000,5.083750,33.000,167.500,0,OK
16350226,0.332500,5.083750,33.250,167.500,0,OK
16360218,0.332500,5.083750,33.250,170.000,0,OK
16370230,0.332500,5.082500,33.250,170.000,0,OK
16380218,0.332500,5.083750,33.250,170.000,0,OK
16390230,0.332500,5.083750,33.250,170.000,0,OK
16400218,0.332500,5.085000,33.000,167.500,0,OK
16410230,0.332500,5.085000,33.250,170.000,0,OK
16420218,0.332500,5.083750,33.250,167.500,0,OK
16430230,0.330000,5.083750,33.000,167.500,0,OK
16440218,0.335000,5.077500,33.500,170.000,0,OK
16450226,0.330000,5.083750,33.000,167.500,0,OK
16460222,0.330000,5.082500,33.000,167.500,0,OK
16470226,0.332500,5.083750,33.250,170.000,0,OK
16480218,0.332500,5.085000,33.250,170.000,0,OK
16490230,0.332500,5.083750,33.250,170.000,0,OK
16500218,0.332500,5.085000,33.250,170.000,0,OK
16510230,0.332500,5.085000,33.250,167.500,0,OK
16520218,0.327500,5.083750,32.750,166.250,0,OK
16530230,0.332500,5.080000,33.250,167.500,0,OK
16540218,0.330000,5.085000,33.000,167.500,0,OK
16550230,0.332500,5.083750,33.250,170.000,0,OK
16560218,0.332500,5.085000,33.000,167.500,0,OK
16570230,0.332500,5.085000,33.250,170.000,0,OK
16580218,0.332500,5.085000,33.000,167.500,0,OK
16590230,0.335000,5.082500,33.500,170.000,0,OK
16600218,0.335000,5.085000,33.250,170.000,0,OK
16610230,0.332500,5.083750,33.250,170.000,0,OK
16620218,0.332500,5.078750,33.250,167.500,0,OK
16630230,0.345000,5.083750,33.000,167.500,0,OK
16640218,0.332500,5.083750,33.250,170.000,0,OK
16650226,0.327500,5.085000,33.500,170.000,0,OK
16660222,0.332500,5.083750,33.250,170.000,0,OK
16670226,0.332500,5.083750,33.000,167.500,0,OK
16680222,0.330000,5.085000,33.000,167.500,0,OK
16690226,0.332500,5.083750,33.250,167.500,0,OK
16700222,0.330000,5.083750,33.000,167.500,0,OK
16710226,0.335000,5.081250,33.500,170.000,0,OK
16720218,0.337500,5.083750,33.000,167.500,0,OK
16730230,0.332500,5.083750,33.250,170.000,0,OK
16740218,0.332500,5.085000,33.000,167.500,0,OK
16750230,0.332500,5.083750,33.250,170.000,0,OK
16760218,0.332500,5.085000,33.000,167.500,0,OK
16770230,0.327500,5.085000,32.750,166.250,0,OK
16780218,0.330000,5.083750,33.000,167.500,0,OK
16790230,0.332500,5.083750,33.250,170.000,0,OK
16800218,0.335000,5.082500,33.500,170.000,0,OK
16810230,0.337500,5.085000,33.250,170.000,0,OK
16820218,0.332500,5.085000,33.250,170.000,0,OK
16830230,0.332500,5.085000,33.250,170.000,0,OK
16840218,0.327500,5.083750,32.750,166.250,0,OK
16850230,0.335000,5.083750,33.250,170.000,0,OK
16860218,0.330000,5.083750,33.000,167.500,0,OK
16870230,0.335000,5.083750,33.500,170.000,0,OK
16880218,0.332500,5.085000,33.250,170.000,0,OK
16890230,0.332500,5.081250,33.250,167.500,0,OK
16900218,0.335000,5.083750,33.250,170.000,0,OK
16910230,0.335000,5.083750,33.500,170.000,0,OK
16920218,0.327500,5.082500,33.000,167.500,0,OK
16930230,0.330000,5.083750,33.000,167.500,0,OK
16940218,0.332500,5.085000,33.000,167.500,0,OK
16950226,0.327500,5.083750,32.750,166.250,0,OK
16960222,0.337500,5.085000,33.750,172.500,0,OK
16970226,0.335000,5.083750,33.500,170.000,0,OK
16980222,0.332500,5.082500,33.250,170.000,0,OK
16990226,0.330000,5.085000,33.250,170.000,0,OK
17000222,0.332500,5.085000,33.250,170.000,0,OK
17010226,0.332500,5.085000,33.500,170.000,0,OK
17020222,0.330000,5.082500,33.000,167.500,0,OK
17030226,0.332500,5.083750,33.000,167.500,0,OK
17040218,0.332500,5.085000,33.250,170.000,0,OK
17050230,0.335000,5.077500,33.500,170.000,0,OK
17060218,0.332500,5.085000,33.250,170.000,0,OK
17070230,0.335000,5.083750,33.500,170.000,0,OK
17080218,0.327500,5.083750,33.250,170.000,0,OK
17090230,0.332500,5.085000,33.250,170.000,0,OK
17100218,0.332500,5.085000,33.250,170.000,0,OK
17110230,0.330000,5.082500,33.000,167.500,0,OK
17120218,0.330000,5.083750,33.000,167.500,0,OK
17130226,0.332500,5.083750,33.250,170.000,0,OK
17140218,0.335000,5.078750,33.500,170.000,0,OK
17150230,0.332500,5.083750,33.250,170.000,0,OK
17160218,0.330000,5.083750,33.000,167.500,0,OK
17170230,0.330000,5.083750,33.250,170.000,0,OK
17180218,0.332500,5.083750,33.250,170.000,0,OK
17190230,0.330000,5.083750,33.000,167.500,0,OK
17200218,0.330000,5.085000,33.000,167.500,0,OK
17210226,0.332500,5.085000,33.250,167.500,0,OK
17220222,0.332500,5.085000,33.250,170.000,0,OK
17230226,0.330000,5.080000,33.000,167.500,0,OK
17240222,0.347500,5.083750,33.250,170.000,0,OK
17250226,0.332500,5.085000,33.250,170.000,0,OK
17260222,0.330000,5.085000,33.250,170.000,0,OK
17270226,0.332500,5.086250,33.250,170.000,0,OK
17280222,0.332500,5.083750,33.000,167.500,0,OK
17290226,0.330000,5.085000,33.000,167.500,0,OK
17300222,0.332500,5.085000,33.250,167.500,0,OK
17310226,0.332500,5.083750,33.250,170.000,0,OK
17320222,0.332500,5.081250,33.250,167.500,0,OK
17330226,0.342500,5.083750,33.000,167.500,0,OK
17340222,0.332500,5.083750,33.250,170.000,0,OK
17350226,0.330000,5.082500,33.250,170.000,0,OK
17360222,0.330000,5.085000,33.000,167.500,0,OK
17370226,0.335000,5.082500,32.750,170.000,0,OK
17380222,0.335000,5.083750,33.500,170.000,0,OK
17390226,0.332500,5.083750,33.250,167.500,0,OK
17400222,0.335000,5.083750,33.500,170.000,0,OK
17410226,0.332500,5.081250,33.250,167.500,0,OK
17420222,0.337500,5.082500,33.000,167.500,0,OK
17430226,0.332500,5.085000,33.250,170.000,0,OK
17440218,0.332500,5.083750,33.250,170.000,0,OK
17450230,0.330000,5.083750,33.000,167.500,0,OK
17460218,0.335000,5.085000,32.750,170.000,0,OK
17470226,0.332500,5.083750,33.250,170.000,0,OK
17480222,0.332500,5.083750,33.250,167.500,0,OK
17490226,0.332500,5.085000,33.250,170.000,0,OK
17500222,0.337500,5.081250,33.750,172.500,0,OK
17510226,0.335000,5.085000,32.750,166.250,0,OK
17520222,0.332500,5.085000,33.250,170.000,0,OK
17530226,0.330000,5.085000,33.250,170.000,0,OK
17540222,0.332500,5.085000,33.250,170.000,0,OK
17550226,0.332500,5.082500,33.500,167.500,0,OK
17560222,0.332500,5.085000,33.250,170.000,0,OK
17570226,0.337500,5.083750,33.750,172.500,0,OK
17580222,0.332500,5.085000,33.250,170.000,0,OK
17590226,0.332500,5.082500,33.250,170.000,0,OK
17600222,0.332500,5.083750,32.750,166.250,0,OK
17610226,0.332500,5.083750,33.250,170.000,0,OK
17620222,0.332500,5.083750,33.000,167.500,0,OK
17630226,0.332500,5.083750,33.250,170.000,0,OK
17640222,0.332500,5.085000,33.250,167.500,0,OK
17650226,0.332500,5.083750,33.250,170.000,0,OK
17660222,0.335000,5.078750,33.500,170.000,0,OK
17670226,0.332500,5.083750,33.250,170.000,0,OK
17680222,0.332500,5.082500,33.250,170.000,0,OK
17690226,0.332500,5.083750,33.000,167.500,0,OK
17700222,0.332500,5.083750,33.250,170.000,0,OK
17710226,0.332500,5.083750,33.000,167.500,0,OK
17720222,0.330000,5.083750,33.000,167.500,0,OK
17730226,0.332500,5.085000,33.250,167.500,0,OK
17740218,0.332500,5.083750,33.250,170.000,0,OK
17750230,0.332500,5.078750,33.250,167.500,0,OK
17760218,0.330000,5.083750,33.000,167.500,0,OK
17770230,0.330000,5.083750,33.000,167.500,0,OK
17780218,0.330000,5.085000,32.750,166.250,0,OK
17790226,0.335000,5.085000,33.500,170.000,0,OK
17800222,0.330000,5.085000,33.000,167.500,0,OK
17810226,0.332500,5.083750,33.250,170.000,0,OK
17820222,0.330000,5.085000,33.000,167.500,0,OK
17830226,0.332500,5.083750,33.250,170.000,0,OK
17840222,0.330000,5.078750,33.000,167.500,0,OK
17850226,0.332500,5.083750,33.250,170.000,0,OK
17860218,0.332500,5.083750,33.250,170.000,0,OK
17870230,0.332500,5.085000,33.250,170.000,0,OK
17880218,0.332500,5.082500,33.250,170.000,0,OK
17890230,0.332500,5.083750,33.250,170.000,0,OK
17900218,0.332500,5.083750,33.250,170.000,0,OK
17910230,0.330000,5.085000,33.000,167.500,0,OK
17920218,0.332500,5.083750,33.250,170.000,0,OK
17930230,0.332500,5.080000,33.250,167.500,0,OK
17940218,0.340000,5.083750,33.000,167.500,0,OK
17950230,0.332500,5.083750,33.250,170.000,0,OK
17960218,0.332500,5.083750,33.000,167.500,0,OK
17970230,0.330000,5.085000,33.000,167.500,0,OK
17980218,0.335000,5.083750,33.250,170.000,0,OK
17990230,0.330000,5.083750,33.000,167.500,0,OK
18000218,0.335000,5.083750,33.500,170.000,0,OK
18010226,0.332500,5.083750,33.250,170.000,0,OK
18020222,0.332500,5.081250,33.250,167.500,0,OK
18030226,0.337500,5.085000,33.000,167.500,0,OK
18040222,0.332500,5.085000,33.250,170.000,0,OK
18050226,0.332500,5.083750,33.000,167.500,0,OK
18060222,0.330000,5.083750,33.000,167.500,0,OK
18070226,0.335000,5.085000,33.250,170.000,0,OK
18080218,0.332500,5.083750,33.250,170.000,0,OK
18090230,0.332500,5.085000,33.250,167.500,0,OK
18100218,0.330000,5.085000,33.000,167.500,0,OK
18110230,0.332500,5.081250,33.250,167.500,0,OK
18120218,0.335000,5.085000,33.000,167.500,0,OK
18130230,0.335000,5.083750,33.500,170.000,0,OK
18140218,0.332500,5.085000,33.250,170.000,0,OK
18150230,0.335000,5.083750,33.500,170.000,0,OK
18160218,0.332500,5.085000,33.000,167.500,0,OK
18170230,0.335000,5.083750,33.500,170.000,0,OK
18180218,0.330000,5.085000,33.000,167.500,0,OK
18190230,0.330000,5.085000,33.000,167.500,0,OK
18200218,0.332500,5.082500,33.250,170.000,0,OK
18210230,0.332500,5.085000,33.250,170.000,0,OK
18220218,0.332500,5.083750,33.250,170.000,0,OK
18230230,0.330000,5.083750,33.500,170.000,0,OK
18240218,0.327500,5.082500,32.750,166.250,0,OK
18250230,0.332500,5.085000,33.000,167.500,0,OK
18260218,0.332500,5.085000,33.250,170.000,0,OK
18270230,0.335000,5.077500,33.500,170.000,0,OK
18280218,0.330000,5.085000,33.000,167.500,0,OK
18290230,0.332500,5.082500,33.250,170.000,0,OK
18300218,0.330000,5.083750,33.250,170.000,0,OK
18310230,0.335000,5.085000,33.500,170.000,0,OK
18320218,0.327500,5.083750,33.250,170.000,0,OK
18330230,0.332500,5.085000,33.250,170.000,0,OK
18340218,0.332500,5.085000,33.000,167.500,0,OK
18350230,0.332500,5.083750,33.250,170.000,0,OK
18360218,0.332500,5.080000,33.250,167.500,0,OK
18370230,0.332500,5.083750,33.250,170.000,0,OK
18380218,0.332500,5.082500,33.250,170.000,0,OK
18390230,0.330000,5.085000,33.000,167.500,0,OK
18400218,0.332500,5.085000,33.250,170.000,0,OK
18410230,0.335000,5.083750,32.750,166.250,0,OK
18420218,0.332500,5.083750,33.250,170.000,0,OK
18430226,0.335000,5.085000,33.000,170.000,0,OK
18440222,0.332500,5.082500,33.250,170.000,0,OK
18450226,0.330000,5.080000,33.000,167.500,0,OK
18460222,0.330000,5.083750,33.000,167.500,0,OK
18470226,0.332500,5.083750,33.250,170.000,0,OK
18480218,0.330000,5.083750,33.000,167.500,0,OK
18490230,0.332500,5.083750,33.250,170.000,0,OK
18500218,0.332500,5.083750,33.250,170.000,0,OK
18510230,0.330000,5.083750,33.000,167.500,0,OK
18520218,0.337500,5.083750,33.000,172.500,0,OK
18530226,0.332500,5.083750,33.250,170.000,0,OK
18540222,0.332500,5.080000,33.250,167.500,0,OK
18550226,0.340000,5.085000,33.250,170.000,0,OK
18560222,0.330000,5.083750,33.000,167.500,0,OK
18570226,0.330000,5.085000,33.250,170.000,0,OK
18580218,0.332500,5.085000,33.250,170.000,0,OK
18590230,0.332500,5.085000,33.250,170.000,0,OK
18600218,0.327500,5.085000,32.750,166.250,0,OK
18610230,0.335000,5.085000,33.500,170.000,0,OK
18620218,0.327500,5.083750,32.750,166.250,0,OK
18630230,0.335000,5.081250,33.500,170.000,0,OK
18640218,0.340000,5.085000,33.000,167.500,0,OK
18650230,0.332500,5.083750,33.250,170.000,0,OK
18660218,0.332500,5.083750,33.250,170.000,0,OK
18670230,0.335000,5.085000,33.500,170.000,0,OK
18680218,0.335000,5.083750,33.000,170.000,0,OK
18690230,0.332500,5.083750,33.250,170.000,0,OK
18700218,0.332500,5.083750,33.250,167.500,0,OK
18710230,0.332500,5.085000,33.250,170.000,0,OK
18720218,0.332500,5.081250,33.250,167.500,0,OK
18730230,0.335000,5.083750,33.250,170.000,0,OK
18740218,0.335000,5.085000,33.500,170.000,0,OK
18750230,0.330000,5.085000,33.000,167.500,0,OK
18760218,0.332500,5.085000,33.250,170.000,0,OK
18770230,0.332500,5.083750,33.000,167.500,0,OK
18780218,0.332500,5.083750,33.250,170.000,0,OK
18790230,0.335000,5.085000,33.500,170.000,0,OK
18800218,0.330000,5.083750,33.000,167.500,0,OK
18810230,0.332500,5.082500,33.250,170.000,0,OK
18820218,0.330000,5.086250,33.500,170.000,0,OK
18830230,0.332500,5.082500,33.250,170.000,0,OK
18840218,0.332500,5.083750,33.000,167.500,0,OK
18850230,0.332500,5.083750,33.250,170.000,0,OK
18860218,0.337500,5.083750,33.000,172.500,0,OK
18870230,0.332500,5.083750,33.250,170.000,0,OK
18880218,0.332500,5.085000,33.250,167.500,0,OK
18890230,0.332500,5.085000,33.250,170.000,0,OK
18900218,0.332500,5.083750,33.250,170.000,0,OK
18910230,0.330000,5.083750,33.250,170.000,0,OK
18920218,0.335000,5.085000,33.500,170.000,0,OK
18930230,0.330000,5.083750,33.250,170.000,0,OK
18940218,0.332500,5.083750,33.250,170.000,0,OK
18950230,0.332500,5.085000,33.250,167.500,0,OK
18960218,0.332500,5.085000,33.250,170.000,0,OK
18970230,0.332500,5.078750,33.250,167.500,0,OK
18980218,0.332500,5.083750,33.250,170.000,0,OK
18990230,0.332500,5.082500,33.250,170.000,0,OK
19000218,0.335000,5.083750,33.250,170.000,0,OK
19010230,0.332500,5.085000,33.250,170.000,0,OK
19020218,0.332500,5.085000,33.250,170.000,0,OK
19030230,0.332500,5.083750,33.250,170.000,0,OK
19040218,0.332500,5.085000,33.250,167.500,0,OK
19050230,0.332500,5.083750,33.250,170.000,0,OK
19060218,0.332500,5.080000,33.250,167.500,0,OK
19070230,0.330000,5.085000,33.000,167.500,0,OK
19080218,0.332500,5.083750,33.250,170.000,0,OK
19090230,0.330000,5.085000,33.250,170.000,0,OK
19100218,0.335000,5.083750,33.500,170.000,0,OK
19110230,0.332500,5.085000,32.750,166.250,0,OK
19120218,0.327500,5.085000,32.750,166.250,0,OK
19130230,0.330000,5.083750,33.000,167.500,0,OK
19140218,0.330000,5.083750,33.000,167.500,0,OK
19150226,0.335000,5.081250,33.500,170.000,0,OK
19160218,0.342500,5.083750,33.250,170.000,0,OK
19170230,0.332500,5.083750,33.250,170.000,0,OK
19180218,0.332500,5.083750,33.000,167.500,0,OK
19190230,0.332500,5.083750,33.250,170.000,0,OK
19200218,0.330000,5.085000,33.250,170.000,0,OK
19210230,0.332500,5.083750,33.250,170.000,0,OK
19220218,0.332500,5.085000,33.250,167.500,0,OK
19230230,0.330000,5.083750,33.000,167.500,0,OK
19240218,0.335000,5.081250,33.500,170.000,0,OK
19250226,0.342500,5.083750,33.250,170.000,0,OK
19260222,0.335000,5.083750,33.500,170.000,0,OK
19270226,0.332500,5.083750,33.000,167.500,0,OK
19280222,0.332500,5.085000,33.250,170.000,0,OK
19290226,0.332500,5.083750,33.250,167.500,0,OK
19300222,0.330000,5.083750,33.000,167.500,0,OK
19310226,0.330000,5.085000,33.000,167.500,0,OK
19320218,0.330000,5.085000,33.000,167.500,0,OK
19330230,0.335000,5.082500,33.500,170.000,0,OK
19340218,0.337500,5.083750,33.000,167.500,0,OK
19350230,0.332500,5.085000,33.250,170.000,0,OK
19360218,0.330000,5.085000,33.250,170.000,0,OK
19370230,0.332500,5.083750,33.250,170.000,0,OK
19380218,0.335000,5.083750,33.250,170.000,0,OK
19390230,0.332500,5.086250,33.250,170.000,0,OK
19400218,0.332500,5.085000,33.250,167.500,0,OK
19410230,0.330000,5.086250,33.000,167.500,0,OK
19420218,0.335000,5.083750,33.500,170.000,0,OK
19430226,0.330000,5.085000,33.000,167.500,0,OK
19440222,0.332500,5.083750,33.250,170.000,0,OK
19450226,0.332500,5.085000,33.000,167.500,0,OK
19460222,0.330000,5.085000,33.000,167.500,0,OK
19470226,0.332500,5.085000,33.250,167.500,0,OK
19480222,0.332500,5.083750,33.250,170.000,0,OK
19490226,0.335000,5.083750,33.500,170.000,0,OK
19500222,0.332500,5.085000,33.250,170.000,0,OK
19510226,0.332500,5.083750,33.250,170.000,0,OK
19520222,0.332500,5.083750,33.000,167.500,0,OK
19530226,0.330000,5.085000,33.000,167.500,0,OK
19540222,0.332500,5.083750,33.250,170.000,0,OK
19550226,0.330000,5.085000,33.000,167.500,0,OK
19560222,0.335000,5.083750,33.000,170.000,0,OK
19570226,0.332500,5.083750,33.250,170.000,0,OK
19580222,0.332500,5.078750,33.250,167.500,0,OK
19590226,0.332500,5.082500,33.250,170.000,0,OK
19600222,0.335000,5.082500,33.500,170.000,0,OK
19610226,0.330000,5.085000,33.500,170.000,0,OK
19620222,0.332500,5.085000,33.250,170.000,0,OK
19630226,0.332500,5.083750,33.000,167.500,0,OK
19640222,0.330000,5.083750,33.000,167.500,0,OK
19650226,0.335000,5.085000,33.000,170.000,0,OK
19660218,0.332500,5.085000,33.250,170.000,0,OK
19670230,0.330000,5.078750,33.000,167.500,0,OK
19680218,0.330000,5.085000,33.000,167.500,0,OK
19690226,0.335000,5.085000,33.500,170.000,0,OK
19700222,0.330000,5.085000,33.250,170.000,0,OK
19710226,0.335000,5.083750,33.500,170.000,0,OK
19720222,0.332500,5.085000,33.250,170.000,0,OK
19730226,0.330000,5.082500,33.000,167.500,0,OK
19740222,0.330000,5.085000,33.000,167.500,0,OK
19750226,0.332500,5.085000,33.250,170.000,0,OK
19760222,0.332500,5.080000,33.250,167.500,0,OK
19770226,0.345000,5.083750,32.750,166.250,0,OK
19780222,0.332500,5.085000,33.250,170.000,0,OK
19790226,0.332500,5.083750,33.000,167.500,0,OK
19800222,0.332500,5.085000,33.250,170.000,0,OK
19810226,0.332500,5.083750,33.250,170.000,0,OK
19820222,0.332500,5.083750,33.250,170.000,0,OK
19830226,0.332500,5.085000,33.250,167.500,0,OK
19840222,0.332500,5.083750,33.250,170.000,0,OK
19850226,0.332500,5.080000,33.250,167.500,0,OK
19860222,0.340000,5.085000,32.750,166.250,0,OK
19870226,0.332500,5.083750,33.250,170.000,0,OK
19880222,0.332500,5.083750,33.000,167.500,0,OK
19890226,0.330000,5.085000,33.000,167.500,0,OK
19900222,0.332500,5.086250,33.000,167.500,0,OK
19910226,0.330000,5.083750,33.000,167.500,0,OK
19920222,0.332500,5.083750,33.250,167.500,0,OK
19930226,0.330000,5.082500,33.000,167.500,0,OK
19940222,0.332500,5.081250,33.250,167.500,0,OK
19950226,0.337500,5.083750,33.000,167.500,0,OK
19960222,0.332500,5.083750,33.250,170.000,0,OK
19970226,0.332500,5.082500,33.000,167.500,0,OK
19980222,0.332500,5.083750,33.250,170.000,0,OK
19990226,0.332500,5.083750,33.000,167.500,0,OK
20000222,0.332500,5.083750,33.250,170.000,0,OK
20010226,0.332500,5.083750,33.250,167.500,0,OK
20020222,0.330000,5.083750,33.000,167.500,0,OK
20030226,0.332500,5.081250,33.250,167.500,0,OK
20040218,0.332500,5.083750,33.000,167.500,0,OK
20050230,0.332500,5.085000,33.250,170.000,0,OK
20060218,0.330000,5.085000,33.250,170.000,0,OK
20070230,0.332500,5.083750,33.250,170.000,0,OK
20080218,0.332500,5.083750,33.250,167.500,0,OK
20090230,0.332500,5.085000,33.250,170.000,0,OK
20100218,0.330000,5.083750,33.000,167.500,0,OK
20110230,0.332500,5.083750,33.250,170.000,0,OK
20120218,0.332500,5.083750,33.250,170.000,0,OK
20130230,0.330000,5.083750,33.000,167.500,0,OK
20140218,0.335000,5.085000,33.500,170.000,0,OK
20150226,0.330000,5.085000,33.000,167.500,0,OK
20160222,0.330000,5.083750,33.000,167.500,0,OK
20170226,0.332500,5.085000,33.250,167.500,0,OK
20180218,0.330000,5.085000,33.000,167.500,0,OK
20190230,0.335000,5.077500,33.500,170.000,0,OK
20200218,0.332500,5.085000,33.250,170.000,0,OK
20210230,0.332500,5.083750,33.250,170.000,0,OK
20220218,0.332500,5.083750,33.000,167.500,0,OK
20230230,0.332500,5.085000,33.250,170.000,0,OK
20240218,0.335000,5.085000,33.250,170.000,0,OK
20250230,0.330000,5.083750,33.000,167.500,0,OK
20260218,0.332500,5.083750,33.250,167.500,0,OK
20270226,0.332500,5.086250,33.250,170.000,0,OK
20280222,0.332500,5.080000,33.250,167.500,0,OK
20290226,0.332500,5.083750,33.250,170.000,0,OK
20300222,0.332500,5.085000,33.250,170.000,0,OK
20310226,0.330000,5.085000,33.250,170.000,0,OK
20320222,0.332500,5.085000,33.250,170.000,0,OK
20330226,0.335000,5.085000,33.000,167.500,0,OK
20340222,0.332500,5.083750,33.250,170.000,0,OK
20350226,0.332500,5.083750,33.250,167.500,0,OK
20360222,0.332500,5.085000,33.250,170.000,0,OK
20370226,0.332500,5.078750,33.250,167.500,0,OK
20380222,0.347500,5.085000,33.000,167.500,0,OK
20390226,0.335000,5.083750,33.500,170.000,0,OK
20400222,0.335000,5.083750,33.000,167.500,0,OK
20410226,0.332500,5.083750,33.250,170.000,0,OK
20420218,0.332500,5.085000,32.750,166.250,0,OK
20430230,0.332500,5.082500,33.250,170.000,0,OK
20440218,0.335000,5.083750,33.500,170.000,0,OK
20450230,0.332500,5.083750,33.250,170.000,0,OK
20460218,0.332500,5.081250,33.250,167.500,0,OK
20470230,0.340000,5.083750,33.250,170.000,0,OK
20480218,0.332500,5.083750,33.250,170.000,0,OK
20490230,0.330000,5.085000,33.250,170.000,0,OK
20500218,0.330000,5.085000,33.000,167.500,0,OK
20510230,0.335000,5.085000,33.000,170.000,0,OK
20520218,0.327500,5.083750,32.750,166.250,0,OK
20530230,0.332500,5.085000,33.250,167.500,0,OK
20540218,0.332500,5.085000,33.250,170.000,0,OK
20550230,0.332500,5.081250,33.250,167.500,0,OK
20560218,0.337500,5.082500,33.000,167.500,0,OK
20570230,0.332500,5.085000,33.250,170.000,0,OK
20580218,0.330000,5.085000,33.000,167.500,0,OK
20590230,0.330000,5.086250,33.000,167.500,0,OK
20600218,0.335000,5.083750,33.000,170.000,0,OK
20610226,0.332500,5.085000,33.250,170.000,0,OK
20620222,0.332500,5.085000,33.250,167.500,0,OK
20630226,0.327500,5.083750,32.750,166.250,0,OK
20640222,0.332500,5.082500,33.250,170.000,0,OK
20650226,0.332500,5.085000,33.250,170.000,0,OK
20660222,0.335000,5.083750,33.500,170.000,0,OK
20670226,0.330000,5.083750,32.750,166.250,0,OK
20680222,0.330000,5.085000,33.000,167.500,0,OK
20690226,0.330000,5.083750,33.000,167.500,0,OK
20700222,0.332500,5.083750,33.250,170.000,0,OK
20710226,0.332500,5.083750,33.250,167.500,0,OK
20720222,0.330000,5.085000,33.000,167.500,0,OK
20730226,0.332500,5.081250,33.250,167.500,0,OK
20740222,0.332500,5.085000,33.250,170.000,0,OK
20750226,0.332500,5.085000,33.250,170.000,0,OK
20760222,0.332500,5.085000,33.250,170.000,0,OK
20770226,0.330000,5.083750,33.000,167.500,0,OK
20780222,0.332500,5.085000,33.250,167.500,0,OK
20790226,0.332500,5.085000,33.250,170.000,0,OK
20800222,0.330000,5.078750,33.000,167.500,0,OK
20810226,0.330000,5.085000,33.000,167.500,0,OK
20820218,0.332500,5.082500,33.250,170.000,0,OK
20830230,0.330000,5.083750,33.250,170.000,0,OK
20840218,0.335000,5.083750,33.500,170.000,0,OK
20850230,0.332500,5.085000,33.000,167.500,0,OK
20860218,0.332500,5.083750,33.250,170.000,0,OK
20870230,0.332500,5.085000,33.000,167.500,0,OK
20880218,0.327500,5.083750,32.750,166.250,0,OK
20890230,0.332500,5.080000,33.250,167.500,0,OK
20900218,0.330000,5.085000,33.000,167.500,0,OK
20910230,0.337500,5.082500,33.750,172.500,0,OK
20920218,0.332500,5.085000,33.000,167.500,0,OK
20930230,0.332500,5.083750,33.250,170.000,0,OK
20940218,0.332500,5.085000,33.250,170.000,0,OK
20950230,0.330000,5.085000,33.000,167.500,0,OK
20960218,0.330000,5.083750,33.250,167.500,0,OK
20970230,0.330000,5.083750,33.000,167.500,0,OK
20980218,0.332500,5.078750,33.250,167.500,0,OK
20990226,0.342500,5.086250,33.000,167.500,0,OK
21000222,0.335000,5.085000,33.500,170.000,0,OK
21010226,0.332500,5.083750,33.000,167.500,0,OK
21020222,0.332500,5.086250,33.250,170.000,0,OK
21030226,0.332500,5.083750,33.000,167.500,0,OK
21040222,0.330000,5.083750,33.000,167.500,0,OK
21050226,0.332500,5.085000,33.250,167.500,0,OK
21060218,0.330000,5.083750,33.000,167.500,0,OK
21070230,0.332500,5.081250,33.250,167.500,0,OK
21080218,0.342500,5.083750,33.000,167.500,0,OK
21090230,0.332500,5.086250,33.250,170.000,0,OK
21100218,0.330000,5.083750,33.250,170.000,0,OK
21110230,0.332500,5.085000,33.250,170.000,0,OK
21120218,0.332500,5.083750,33.250,167.500,0,OK
21130230,0.335000,5.082500,33.500,170.000,0,OK
21140218,0.332500,5.083750,33.250,167.500,0,OK
21150230,0.330000,5.085000,33.000,167.500,0,OK
21160218,0.335000,5.081250,33.500,170.000,0,OK
21170230,0.337500,5.083750,33.000,167.500,0,OK
21180218,0.332500,5.085000,33.250,170.000,0,OK
21190226,0.332500,5.083750,33.500,170.000,0,OK
21200222,0.330000,5.083750,33.000,167.500,0,OK
21210226,0.332500,5.085000,32.750,167.500,0,OK
21220218,0.327500,5.083750,32.750,166.250,0,OK
21230230,0.332500,5.083750,33.250,167.500,0,OK
21240218,0.332500,5.085000,33.250,170.000,0,OK
21250230,0.332500,5.081250,33.250,167.500,0,OK
21260218,0.335000,5.083750,33.000,167.500,0,OK
21270230,0.332500,5.083750,33.250,170.000,0,OK
21280218,0.330000,5.083750,32.750,166.250,0,OK
21290230,0.330000,5.083750,33.000,167.500,0,OK
21300218,0.332500,5.083750,33.000,167.500,0,OK
21310226,0.332500,5.085000,33.250,170.000,0,OK
21320222,0.335000,5.083750,33.500,170.000,0,OK
21330226,0.330000,5.085000,33.000,167.500,0,OK
21340222,0.332500,5.082500,33.250,170.000,0,OK
21350226,0.332500,5.085000,33.500,170.000,0,OK
21360222,0.332500,5.083750,33.250,170.000,0,OK
21370226,0.332500,5.085000,33.250,170.000,0,OK
21380222,0.332500,5.083750,33.250,170.000,0,OK
21390226,0.332500,5.085000,33.250,167.500,0,OK
21400222,0.327500,5.083750,32.750,166.250,0,OK
21410226,0.332500,5.083750,33.250,167.500,0,OK
21420218,0.327500,5.083750,32.750,166.250,0,OK
21430230,0.332500,5.083750,33.250,170.000,0,OK
21440218,0.330000,5.083750,33.500,170.000,0,OK
21450230,0.330000,5.083750,33.000,167.500,0,OK
21460218,0.330000,5.083750,33.250,170.000,0,OK
21470226,0.332500,5.083750,33.250,170.000,0,OK
21480222,0.335000,5.085000,33.000,170.000,0,OK
21490226,0.330000,5.085000,33.000,167.500,0,OK
21500222,0.332500,5.078750,33.250,167.500,0,OK
21510226,0.332500,5.083750,33.250,170.000,0,OK
21520222,0.335000,5.085000,33.500,170.000,0,OK
21530226,0.332500,5.085000,33.250,170.000,0,OK
21540222,0.335000,5.085000,33.500,170.000,0,OK
21550226,0.332500,5.085000,33.250,170.000,0,OK
21560222,0.332500,5.083750,33.250,170.000,0,OK
21570226,0.335000,5.083750,33.000,170.000,0,OK
21580222,0.332500,5.085000,33.250,170.000,0,OK
21590226,0.332500,5.078750,33.250,167.500,0,OK
21600222,0.345000,5.083750,33.250,170.000,0,OK
21610226,0.335000,5.083750,33.500,170.000,0,OK
21620222,0.335000,5.085000,33.000,167.500,0,OK
21630226,0.330000,5.085000,33.000,167.500,0,OK
21640222,0.330000,5.085000,33.000,167.500,0,OK
21650226,0.330000,5.083750,33.000,167.500,0,OK
21660222,0.330000,5.083750,33.000,167.500,0,OK
21670226,0.335000,5.086250,33.500,170.000,0,OK
21680218,0.335000,5.080000,33.500,170.000,0,OK
21690230,0.340000,5.083750,33.000,167.500,0,OK
21700218,0.335000,5.085000,33.500,170.000,0,OK
21710230,0.332500,5.085000,33.000,167.500,0,OK
21720218,0.332500,5.085000,33.250,170.000,0,OK
21730230,0.332500,5.085000,33.000,167.500,0,OK
21740218,0.332500,5.085000,33.250,170.000,0,OK
21750230,0.335000,5.085000,33.500,170.000,0,OK
21760218,0.332500,5.085000,33.250,170.000,0,OK
21770230,0.332500,5.081250,33.250,167.500,0,OK
21780218,0.340000,5.085000,33.000,167.500,0,OK
21790230,0.327500,5.085000,32.750,166.250,0,OK
21800218,0.332500,5.085000,32.750,166.250,0,OK
21810230,0.332500,5.085000,33.250,170.000,0,OK
21820218,0.335000,5.085000,33.250,170.000,0,OK
21830230,0.332500,5.083750,33.250,170.000,0,OK
21840218,0.335000,5.085000,33.500,170.000,0,OK
21850230,0.330000,5.083750,33.000,167.500,0,OK
21860218,0.330000,5.081250,33.000,167.500,0,OK
21870226,0.335000,5.082500,33.000,167.500,0,OK
21880218,0.332500,5.083750,33.250,170.000,0,OK
21890226,0.332500,5.083750,33.250,170.000,0,OK
21900222,0.335000,5.082500,33.500,170.000,0,OK
21910226,0.332500,5.085000,33.250,167.500,0,OK
21920222,0.327500,5.083750,32.750,166.250,0,OK
21930226,0.332500,5.085000,33.250,167.500,0,OK
21940218,0.332500,5.083750,33.250,170.000,0,OK
21950230,0.332500,5.083750,33.250,170.000,0,OK
21960218,0.332500,5.083750,33.000,167.500,0,OK
21970230,0.332500,5.085000,33.250,170.000,0,OK
21980218,0.332500,5.085000,33.250,170.000,0,OK
21990230,0.332500,5.083750,33.250,170.000,0,OK
22000218,0.335000,5.085000,33.250,170.000,0,OK
22010230,0.330000,5.085000,33.000,167.500,0,OK
22020218,0.337500,5.083750,33.750,172.500,0,OK
22030230,0.332500,5.083750,33.250,170.000,0,OK
22040218,0.332500,5.082500,33.250,170.000,0,OK
22050230,0.330000,5.083750,33.000,167.500,0,OK
22060218,0.335000,5.083750,33.500,170.000,0,OK
22070226,0.330000,5.085000,33.250,170.000,0,OK
22080222,0.330000,5.083750,33.000,167.500,0,OK
22090226,0.332500,5.083750,32.750,167.500,0,OK
22100218,0.332500,5.083750,33.250,170.000,0,OK
22110230,0.332500,5.078750,33.250,167.500,0,OK
22120218,0.330000,5.083750,33.000,167.500,0,OK
22130230,0.332500,5.082500,33.250,170.000,0,OK
22140218,0.332500,5.083750,33.000,167.500,0,OK
22150230,0.332500,5.085000,33.250,170.000,0,OK
22160218,0.332500,5.085000,33.250,170.000,0,OK
22170230,0.327500,5.085000,32.750,166.250,0,OK
22180218,0.330000,5.083750,33.250,167.500,0,OK
22190230,0.330000,5.085000,33.000,167.500,0,OK
22200218,0.330000,5.080000,33.000,167.500,0,OK
22210230,0.347500,5.083750,33.250,170.000,0,OK
22220218,0.335000,5.083750,33.500,170.000,0,OK
22230230,0.330000,5.085000,33.000,167.500,0,OK
22240218,0.330000,5.085000,33.000,167.500,0,OK
22250230,0.332500,5.085000,33.000,167.500,0,OK
22260218,0.330000,5.083750,33.000,167.500,0,OK
22270230,0.335000,5.085000,33.250,170.000,0,OK
22280218,0.330000,5.083750,33.000,167.500,0,OK
22290230,0.332500,5.080000,33.250,167.500,0,OK
22300218,0.345000,5.083750,33.000,167.500,0,OK
22310230,0.335000,5.085000,33.500,170.000,0,OK
22320218,0.332500,5.085000,33.250,170.000,0,OK
22330230,0.330000,5.083750,33.000,167.500,0,OK
22340218,0.332500,5.086250,33.250,170.000,0,OK
22350226,0.330000,5.085000,33.000,167.500,0,OK
22360222,0.332500,5.083750,33.250,167.500,0,OK
22370226,0.330000,5.083750,33.000,167.500,0,OK
22380222,0.330000,5.081250,33.000,167.500,0,OK
22390226,0.340000,5.083750,33.250,170.000,0,OK
22400218,0.330000,5.083750,33.000,167.500,0,OK
22410230,0.330000,5.083750,33.250,170.000,0,OK
22420218,0.330000,5.083750,33.000,167.500,0,OK
22430230,0.332500,5.085000,33.250,167.500,0,OK
22440218,0.332500,5.085000,33.250,170.000,0,OK
22450230,0.332500,5.083750,33.250,167.500,0,OK
22460218,0.332500,5.083750,33.250,170.000,0,OK
22470230,0.335000,5.081250,33.500,170.000,0,OK
22480218,0.335000,5.083750,33.250,170.000,0,OK
22490230,0.337500,5.083750,33.750,172.500,0,OK
22500218,0.332500,5.082500,33.250,170.000,0,OK
22510230,0.332500,5.085000,33.250,170.000,0,OK
22520218,0.332500,5.085000,33.250,167.500,0,OK
22530230,0.332500,5.083750,33.250,170.000,0,OK
22540218,0.332500,5.085000,33.250,167.500,0,OK
22550230,0.330000,5.083750,33.000,167.500,0,OK
22560218,0.330000,5.082500,33.000,167.500,0,OK
22570226,0.335000,5.083750,33.500,170.000,0,OK
22580218,0.332500,5.083750,33.250,170.000,0,OK
22590230,0.332500,5.085000,33.000,167.500,0,OK
22600218,0.330000,5.083750,33.000,167.500,0,OK
22610230,0.332500,5.083750,33.250,167.500,0,OK
22620218,0.332500,5.083750,33.250,170.000,0,OK
22630230,0.332500,5.085000,33.250,167.500,0,OK
22640218,0.330000,5.083750,33.000,167.500,0,OK
22650230,0.335000,5.083750,33.500,170.000,0,OK
22660218,0.332500,5.083750,33.000,167.500,0,OK
22670230,0.330000,5.083750,33.000,167.500,0,OK
22680218,0.330000,5.085000,33.250,170.000,0,OK
22690226,0.332500,5.085000,33.250,170.000,0,OK
22700222,0.330000,5.083750,33.250,167.500,0,OK
22710226,0.330000,5.082500,33.000,167.500,0,OK
22720222,0.335000,5.078750,33.500,170.000,0,OK
22730226,0.332500,5.082500,33.250,170.000,0,OK
22740222,0.335000,5.083750,33.500,170.000,0,OK
22750226,0.332500,5.083750,33.000,167.500,0,OK
22760222,0.330000,5.083750,33.000,167.500,0,OK
22770226,0.332500,5.083750,33.000,167.500,0,OK
22780218,0.330000,5.083750,33.000,167.500,0,OK
22790230,0.332500,5.083750,33.250,167.500,0,OK
22800218,0.332500,5.083750,33.250,170.000,0,OK
22810230,0.332500,5.077500,33.250,167.500,0,OK
22820218,0.332500,5.085000,33.250,170.000,0,OK
22830230,0.330000,5.083750,33.000,167.500,0,OK
22840218,0.332500,5.085000,33.250,170.000,0,OK
22850226,0.335000,5.083750,33.500,170.000,0,OK
22860222,0.335000,5.085000,33.250,170.000,0,OK
22870226,0.330000,5.083750,33.000,167.500,0,OK
22880222,0.332500,5.083750,33.250,167.500,0,OK
22890226,0.330000,5.083750,33.000,167.500,0,OK
22900222,0.332500,5.078750,33.250,167.500,0,OK
22910226,0.342500,5.085000,33.000,167.500,0,OK
22920222,0.332500,5.085000,33.250,170.000,0,OK
22930226,0.327500,5.083750,33.250,170.000,0,OK
22940222,0.332500,5.083750,33.250,170.000,0,OK
22950226,0.332500,5.085000,33.250,170.000,0,OK
22960222,0.330000,5.083750,33.000,167.500,0,OK
22970226,0.335000,5.083750,33.500,170.000,0,OK
22980218,0.332500,5.083750,33.250,170.000,0,OK
22990230,0.335000,5.080000,33.500,170.000,0,OK
23000218,0.337500,5.083750,33.250,170.000,0,OK
23010230,0.332500,5.083750,33.250,170.000,0,OK
23020218,0.330000,5.086250,33.250,170.000,0,OK
23030230,0.330000,5.083750,33.000,167.500,0,OK
23040218,0.335000,5.083750,33.000,170.000,0,OK
23050226,0.330000,5.083750,33.000,167.500,0,OK
23060222,0.332500,5.083750,33.250,167.500,0,OK
23070226,0.330000,5.083750,33.000,167.500,0,OK
23080222,0.332500,5.081250,33.250,167.500,0,OK
23090226,0.337500,5.083750,33.000,167.500,0,OK
23100222,0.332500,5.083750,33.250,170.000,0,OK
23110226,0.330000,5.083750,33.000,167.500,0,OK
23120222,0.332500,5.083750,33.250,170.000,0,OK
23130226,0.332500,5.083750,33.000,167.500,0,OK
23140222,0.330000,5.083750,33.000,167.500,0,OK
23150226,0.335000,5.085000,33.500,170.000,0,OK
23160218,0.330000,5.083750,33.000,167.500,0,OK
23170230,0.332500,5.082500,33.250,170.000,0,OK
23180218,0.335000,5.083750,33.250,170.000,0,OK
23190230,0.332500,5.083750,33.250,170.000,0,OK
23200218,0.330000,5.083750,32.750,166.250,0,OK
23210230,0.332500,5.083750,33.250,170.000,0,OK
23220218,0.332500,5.085000,33.250,167.500,0,OK
23230230,0.332500,5.082500,33.250,170.000,0,OK
23240218,0.330000,5.085000,33.000,167.500,0,OK
23250230,0.327500,5.083750,32.750,166.250,0,OK
23260218,0.335000,5.081250,33.500,170.000,0,OK
23270226,0.330000,5.083750,33.000,167.500,0,OK
23280222,0.332500,5.083750,33.250,170.000,0,OK
23290226,0.332500,5.085000,33.000,167.500,0,OK
23300222,0.332500,5.083750,33.250,170.000,0,OK
23310226,0.335000,5.083750,33.000,170.000,0,OK
23320222,0.332500,5.083750,33.250,170.000,0,OK
23330226,0.332500,5.078750,33.250,167.500,0,OK
23340222,0.332500,5.083750,33.250,170.000,0,OK
23350226,0.332500,5.083750,33.250,170.000,0,OK
23360222,0.335000,5.083750,33.000,167.500,0,OK
23370226,0.332500,5.083750,33.250,170.000,0,OK
23380218,0.332500,5.083750,33.000,167.500,0,OK
23390230,0.330000,5.085000,33.000,167.500,0,OK
23400218,0.332500,5.083750,33.000,167.500,0,OK
23410230,0.330000,5.085000,33.000,167.500,0,OK
23420218,0.332500,5.077500,33.250,167.500,0,OK
23430230,0.330000,5.083750,33.000,167.500,0,OK
23440218,0.335000,5.082500,33.500,170.000,0,OK
23450226,0.332500,5.082500,33.000,167.500,0,OK
23460222,0.332500,5.085000,33.250,170.000,0,OK
23470226,0.332500,5.083750,32.750,166.250,0,OK
23480222,0.330000,5.085000,33.000,167.500,0,OK
23490226,0.330000,5.083750,33.000,167.500,0,OK
23500222,0.330000,5.082500,33.000,167.500,0,OK
23510226,0.330000,5.080000,33.000,167.500,0,OK
23520218,0.342500,5.083750,33.000,167.500,0,OK
23530226,0.332500,5.083750,33.250,170.000,0,OK
23540222,0.332500,5.083750,33.250,170.000,0,OK
23550226,0.332500,5.083750,33.250,170.000,0,OK
23560222,0.327500,5.083750,33.000,167.500,0,OK
23570226,0.330000,5.083750,33.000,167.500,0,OK
23580218,0.335000,5.085000,33.500,170.000,0,OK
23590226,0.332500,5.083750,33.250,170.000,0,OK
23600222,0.332500,5.080000,33.250,167.500,0,OK
23610226,0.340000,5.083750,33.000,167.500,0,OK
23620222,0.330000,5.082500,33.000,167.500,0,OK
23630226,0.330000,5.083750,32.750,166.250,0,OK
23640218,0.332500,5.083750,33.250,170.000,0,OK
23650226,0.332500,5.085000,33.000,167.500,0,OK
23660222,0.332500,5.083750,33.250,170.000,0,OK
23670226,0.335000,5.083750,33.500,170.000,0,OK
23680222,0.332500,5.083750,33.250,170.000,0,OK
23690226,0.332500,5.081250,33.250,167.500,0,OK
23700222,0.337500,5.083750,33.000,167.500,0,OK
23710226,0.332500,5.083750,33.250,170.000,0,OK
23720218,0.330000,5.085000,33.000,167.500,0,OK
23730230,0.332500,5.083750,33.250,170.000,0,OK
23740218,0.332500,5.085000,33.000,167.500,0,OK
23750230,0.330000,5.083750,33.000,167.500,0,OK
23760218,0.335000,5.083750,33.500,170.000,0,OK
23770226,0.330000,5.085000,33.000,167.500,0,OK
23780222,0.335000,5.081250,33.500,170.000,0,OK
23790226,0.335000,5.083750,33.000,167.500,0,OK
23800222,0.332500,5.083750,33.250,170.000,0,OK
23810226,0.330000,5.083750,33.500,170.000,0,OK
23820222,0.330000,5.083750,33.000,167.500,0,OK
23830226,0.330000,5.083750,33.000,167.500,0,OK
23840218,0.330000,5.083750,33.000,167.500,0,OK
23850226,0.335000,5.083750,33.500,170.000,0,OK
23860218,0.332500,5.085000,33.250,170.000,0,OK
23870230,0.332500,5.082500,33.250,170.000,0,OK
23880218,0.330000,5.083750,33.000,167.500,0,OK
23890230,0.332500,5.086250,33.250,170.000,0,OK
23900218,0.332500,5.085000,33.000,167.500,0,OK
23910230,0.330000,5.083750,33.000,167.500,0,OK
23920218,0.335000,5.083750,33.000,170.000,0,OK
23930226,0.330000,5.083750,33.000,167.500,0,OK
23940222,0.332500,5.078750,33.250,167.500,0,OK
23950226,0.332500,5.083750,33.250,170.000,0,OK
23960222,0.332500,5.083750,33.250,170.000,0,OK
23970226,0.330000,5.085000,33.250,170.000,0,OK
23980222,0.332500,5.083750,33.250,170.000,0,OK
23990226,0.332500,5.085000,33.250,170.000,0,OK
24000222,0.332500,5.085000,33.250,170.000,0,OK
24010226,0.335000,5.083750,33.000,170.000,0,OK
24020222,0.330000,5.083750,33.000,167.500,0,OK
24030226,0.330000,5.078750,33.000,167.500,0,OK
24040218,0.330000,5.083750,33.000,167.500,0,OK
24050226,0.335000,5.082500,33.500,170.000,0,OK
24060218,0.332500,5.083750,32.750,166.250,0,OK
24070230,0.335000,5.083750,33.500,170.000,0,OK
24080218,0.332500,5.083750,33.250,170.000,0,OK
24090230,0.332500,5.083750,33.250,170.000,0,OK
24100218,0.330000,5.085000,33.250,167.500,0,OK
24110230,0.330000,5.083750,33.000,167.500,0,OK
24120218,0.330000,5.080000,33.000,167.500,0,OK
24130226,0.345000,5.083750,33.000,167.500,0,OK
24140218,0.332500,5.085000,33.250,170.000,0,OK
24150226,0.330000,5.083750,33.250,170.000,0,OK
24160222,0.332500,5.083750,33.250,170.000,0,OK
24170226,0.332500,5.085000,33.250,170.000,0,OK
24180222,0.332500,5.083750,33.250,170.000,0,OK
24190226,0.332500,5.085000,33.250,167.500,0,OK
24200222,0.330000,5.083750,33.000,167.500,0,OK
24210226,0.332500,5.080000,33.250,167.500,0,OK
24220218,0.342500,5.082500,33.250,170.000,0,OK
24230230,0.332500,5.085000,33.250,170.000,0,OK
24240218,0.335000,5.083750,33.250,170.000,0,OK
24250230,0.332500,5.085000,33.250,170.000,0,OK
24260218,0.330000,5.083750,33.000,167.500,0,OK
24270230,0.332500,5.083750,33.250,170.000,0,OK
24280218,0.335000,5.083750,33.500,170.000,0,OK
24290230,0.330000,5.085000,33.000,167.500,0,OK
24300218,0.332500,5.080000,33.250,167.500,0,OK
24310230,0.337500,5.083750,33.250,170.000,0,OK
24320218,0.337500,5.085000,33.750,172.500,0,OK
24330230,0.332500,5.083750,33.250,170.000,0,OK
24340218,0.332500,5.083750,33.250,170.000,0,OK
24350230,0.332500,5.083750,32.750,167.500,0,OK
24360218,0.335000,5.083750,33.500,170.000,0,OK
24370230,0.332500,5.085000,33.250,167.500,0,OK
24380218,0.330000,5.082500,33.000,167.500,0,OK
24390230,0.332500,5.082500,33.250,170.000,0,OK
24400218,0.332500,5.085000,33.000,167.500,0,OK
24410230,0.335000,5.083750,33.500,170.000,0,OK
24420218,0.332500,5.083750,33.250,170.000,0,OK
24430230,0.330000,5.083750,33.000,167.500,0,OK
24440218,0.332500,5.083750,33.250,167.500,0,OK
24450226,0.332500,5.085000,33.250,170.000,0,OK
24460222,0.332500,5.085000,33.250,167.500,0,OK
24470226,0.330000,5.085000,33.000,167.500,0,OK
24480222,0.332500,5.082500,33.250,170.000,0,OK
24490226,0.332500,5.085000,33.000,167.500,0,OK
24500222,0.332500,5.085000,33.250,170.000,0,OK
24510226,0.330000,5.085000,33.250,170.000,0,OK
24520222,0.332500,5.083750,33.250,170.000,0,OK
24530226,0.330000,5.085000,33.250,167.500,0,OK
24540222,0.332500,5.085000,33.250,170.000,0,OK
24550226,0.332500,5.078750,33.250,167.500,0,OK
24560222,0.332500,5.085000,33.250,170.000,0,OK
24570226,0.335000,5.083750,33.500,170.000,0,OK
24580222,0.332500,5.083750,33.000,167.500,0,OK
24590226,0.335000,5.085000,33.500,170.000,0,OK
24600222,0.332500,5.085000,33.000,167.500,0,OK
24610226,0.330000,5.085000,33.000,167.500,0,OK
24620222,0.335000,5.085000,33.250,170.000,0,OK
24630226,0.330000,5.083750,33.000,167.500,0,OK
24640222,0.332500,5.078750,33.250,167.500,0,OK
24650226,0.330000,5.085000,33.000,167.500,0,OK
24660222,0.332500,5.082500,33.250,170.000,0,OK
24670226,0.332500,5.083750,32.750,166.250,0,OK
24680222,0.335000,5.083750,33.500,170.000,0,OK
24690226,0.335000,5.086250,33.000,167.500,0,OK
24700222,0.330000,5.085000,33.000,167.500,0,OK
24710226,0.332500,5.085000,33.000,167.500,0,OK
24720222,0.330000,5.085000,33.000,167.500,0,OK
24730226,0.332500,5.080000,33.250,167.500,0,OK
24740222,0.345000,5.083750,33.250,170.000,0,OK
24750226,0.332500,5.083750,33.250,170.000,0,OK
24760222,0.327500,5.086250,33.250,170.000,0,OK
24770226,0.335000,5.085000,33.500,170.000,0,OK
24780222,0.337500,5.085000,33.000,167.500,0,OK
24790226,0.330000,5.083750,33.000,167.500,0,OK
24800222,0.335000,5.085000,33.500,170.000,0,OK
24810226,0.332500,5.085000,33.250,170.000,0,OK
24820222,0.335000,5.080000,33.500,170.000,0,OK
24830226,0.342500,5.085000,33.000,167.500,0,OK
24840222,0.335000,5.086250,33.500,170.000,0,OK
24850226,0.330000,5.083750,33.250,170.000,0,OK
24860222,0.335000,5.083750,33.500,170.000,0,OK
24870226,0.335000,5.083750,33.000,170.000,0,OK
24880222,0.332500,5.085000,33.250,170.000,0,OK
24890226,0.332500,5.083750,33.250,167.500,0,OK
24900222,0.330000,5.083750,33.000,167.500,0,OK
24910226,0.332500,5.081250,33.250,167.500,0,OK
24920218,0.337500,5.083750,33.000,167.500,0,OK
24930230,0.335000,5.083750,33.500,170.000,0,OK
24940218,0.332500,5.083750,33.250,170.000,0,OK
24950230,0.332500,5.085000,33.250,170.000,0,OK
24960218,0.332500,5.085000,33.000,167.500,0,OK
24970230,0.330000,5.083750,33.000,167.500,0,OK
24980218,0.332500,5.085000,33.250,167.500,0,OK
24990226,0.335000,5.083750,33.500,170.000,0,OK
25000222,0.332500,5.082500,33.250,170.000,0,OK
25010226,0.335000,5.083750,33.000,167.500,0,OK
25020222,0.330000,5.085000,33.000,167.500,0,OK
25030226,0.327500,5.083750,33.250,170.000,0,OK
25040222,0.332500,5.085000,33.250,170.000,0,OK
25050226,0.335000,5.085000,33.000,170.000,0,OK
25060222,0.332500,5.083750,33.250,170.000,0,OK
25070226,0.335000,5.085000,33.500,170.000,0,OK
25080222,0.330000,5.083750,33.000,167.500,0,OK
25090226,0.332500,5.082500,33.250,170.000,0,OK
25100218,0.332500,5.083750,33.250,170.000,0,OK
25110230,0.332500,5.085000,33.250,170.000,0,OK
25120218,0.335000,5.083750,33.250,170.000,0,OK
25130230,0.332500,5.083750,33.250,170.000,0,OK
25140218,0.335000,5.083750,33.000,170.000,0,OK
25150230,0.330000,5.083750,33.000,167.500,0,OK
25160218,0.332500,5.078750,33.250,167.500,0,OK
25170226,0.330000,5.083750,33.000,167.500,0,OK
25180222,0.330000,5.082500,33.000,167.500,0,OK
25190226,0.330000,5.083750,33.250,170.000,0,OK
25200218,0.332500,5.085000,33.250,170.000,0,OK
25210230,0.332500,5.085000,33.000,167.500,0,OK
25220218,0.330000,5.083750,33.000,167.500,0,OK
25230230,0.335000,5.085000,33.250,170.000,0,OK
25240218,0.332500,5.083750,33.250,170.000,0,OK
25250230,0.332500,5.080000,33.250,167.500,0,OK
25260218,0.332500,5.082500,33.250,170.000,0,OK
25270230,0.335000,5.085000,33.500,170.000,0,OK
25280218,0.332500,5.083750,33.250,170.000,0,OK
25290230,0.335000,5.085000,33.500,170.000,0,OK
25300218,0.332500,5.083750,33.250,170.000,0,OK
25310230,0.327500,5.083750,32.750,166.250,0,OK
25320218,0.332500,5.085000,33.000,167.500,0,OK
25330226,0.330000,5.083750,33.000,167.500,0,OK
25340222,0.330000,5.080000,33.000,167.500,0,OK
25350226,0.327500,5.085000,32.750,166.250,0,OK
25360218,0.335000,5.085000,33.500,170.000,0,OK
25370230,0.332500,5.085000,33.000,167.500,0,OK
25380218,0.337500,5.083750,33.750,172.500,0,OK
25390230,0.330000,5.085000,33.000,167.500,0,OK
25400218,0.327500,5.083750,32.750,166.250,0,OK
25410230,0.332500,5.083750,33.250,167.500,0,OK
25420218,0.332500,5.082500,33.250,170.000,0,OK
25430230,0.335000,5.080000,33.500,170.000,0,OK
25440218,0.337500,5.086250,33.000,167.500,0,OK
25450230,0.332500,5.085000,33.250,170.000,0,OK
25460218,0.330000,5.086250,33.250,170.000,0,OK
25470230,0.330000,5.085000,33.000,167.500,0,OK
25480218,0.332500,5.086250,33.000,167.500,0,OK
25490230,0.332500,5.083750,33.250,170.000,0,OK
25500218,0.332500,5.083750,33.250,167.500,0,OK
25510230,0.332500,5.083750,33.250,170.000,0,OK
25520218,0.332500,5.081250,33.250,167.500,0,OK
25530230,0.340000,5.083750,32.750,166.250,0,OK
25540218,0.335000,5.087500,33.500,170.000,0,OK
25550230,0.330000,5.085000,33.250,170.000,0,OK
25560218,0.332500,5.088750,33.250,170.000,0,OK
25570230,0.332500,5.082500,32.750,167.500,0,OK
25580218,0.332500,5.086250,33.250,170.000,0,OK
25590230,0.330000,5.083750,33.000,167.500,0,OK
25600218,0.330000,5.086250,33.000,167.500,0,OK
25610226,0.335000,5.082500,33.500,170.000,0,OK
25620218,0.340000,5.087500,33.500,170.000,0,OK
25630230,0.332500,5.083750,33.250,170.000,0,OK
25640218,0.330000,5.083750,33.000,167.500,0,OK
25650230,0.330000,5.081250,33.000,167.500,0,OK
25660218,0.335000,5.085000,33.250,170.000,0,OK
25670226,0.332500,5.085000,33.250,170.000,0,OK
25680222,0.330000,5.085000,33.000,167.500,0,OK
25690226,0.327500,5.086250,32.750,166.250,0,OK
25700222,0.332500,5.086250,33.250,170.000,0,OK
25710226,0.330000,5.086250,33.250,170.000,0,OK
25720222,0.335000,5.088750,33.500,170.000,0,OK
25730226,0.332500,5.085000,33.250,170.000,0,OK
25740222,0.330000,5.087500,33.000,167.500,0,OK
25750226,0.332500,5.086250,33.250,167.500,0,OK
25760222,0.330000,5.086250,33.000,167.500,0,OK
25770226,0.332500,5.086250,33.250,167.500,0,OK
25780218,0.330000,5.083750,33.000,167.500,0,OK
25790230,0.332500,5.083750,33.250,170.000,0,OK
25800218,0.330000,5.082500,33.250,170.000,0,OK
25810230,0.332500,5.086250,33.250,170.000,0,OK
25820218,0.332500,5.085000,33.000,167.500,0,OK
25830230,0.330000,5.083750,33.000,167.500,0,OK
25840218,0.332500,5.085000,33.000,167.500,0,OK
25850226,0.332500,5.086250,33.250,170.000,0,OK
25860222,0.335000,5.081250,33.500,170.000,0,OK
25870226,0.330000,5.086250,33.000,167.500,0,OK
25880222,0.332500,5.085000,33.250,170.000,0,OK
25890226,0.330000,5.086250,33.000,167.500,0,OK
25900222,0.332500,5.085000,33.250,170.000,0,OK
25910226,0.337500,5.085000,33.250,170.000,0,OK
25920222,0.332500,5.087500,33.250,170.000,0,OK
25930226,0.332500,5.085000,33.250,167.500,0,OK
25940222,0.330000,5.087500,33.000,167.500,0,OK
25950226,0.332500,5.082500,33.250,170.000,0,OK
25960222,0.330000,5.087500,33.000,167.500,0,OK
25970226,0.335000,5.086250,33.500,170.000,0,OK
25980222,0.332500,5.086250,33.250,170.000,0,OK
25990226,0.332500,5.087500,33.250,170.000,0,OK
26000222,0.332500,5.086250,33.000,167.500,0,OK
26010226,0.330000,5.086250,33.000,167.500,0,OK
26020222,0.335000,5.086250,33.000,170.000,0,OK
26030226,0.332500,5.085000,33.250,170.000,0,OK
26040222,0.335000,5.082500,33.500,170.000,0,OK
26050226,0.340000,5.086250,33.250,170.000,0,OK
26060222,0.332500,5.085000,33.250,170.000,0,OK
26070226,0.332500,5.086250,33.250,170.000,0,OK
26080222,0.332500,5.085000,33.250,170.000,0,OK
26090226,0.335000,5.086250,33.000,170.000,0,OK
26100222,0.330000,5.085000,33.000,167.500,0,OK
26110226,0.332500,5.085000,33.250,167.500,0,OK
26120222,0.330000,5.086250,33.000,167.500,0,OK
26130226,0.332500,5.081250,33.250,167.500,0,OK
26140218,0.340000,5.085000,33.000,167.500,0,OK
26150230,0.335000,5.086250,33.500,170.000,0,OK
26160218,0.332500,5.086250,32.750,166.250,0,OK
26170230,0.332500,5.085000,33.250,170.000,0,OK
26180218,0.335000,5.085000,33.250,170.000,0,OK
26190230,0.330000,5.085000,33.000,167.500,0,OK
26200218,0.330000,5.086250,33.000,167.500,0,OK
26210230,0.332500,5.087500,33.250,170.000,0,OK
26220218,0.337500,5.083750,33.750,172.500,0,OK
26230230,0.335000,5.083750,33.000,167.500,0,OK
26240218,0.332500,5.086250,33.250,170.000,0,OK
26250226,0.332500,5.086250,32.750,166.250,0,OK
26260222,0.330000,5.087500,33.000,167.500,0,OK
26270226,0.332500,5.086250,33.000,167.500,0,OK
26280222,0.327500,5.085000,32.750,166.250,0,OK
26290226,0.330000,5.086250,33.000,167.500,0,OK
26300222,0.330000,5.086250,33.000,167.500,0,OK
26310226,0.335000,5.083750,33.500,170.000,0,OK
26320218,0.332500,5.087500,33.000,167.500,0,OK
26330230,0.335000,5.086250,33.500,170.000,0,OK
26340218,0.327500,5.086250,33.000,167.500,0,OK
26350230,0.335000,5.086250,33.500,170.000,0,OK
26360218,0.335000,5.086250,33.000,170.000,0,OK
26370230,0.332500,5.086250,33.250,170.000,0,OK
26380218,0.335000,5.083750,33.500,170.000,0,OK
26390230,0.332500,5.086250,33.250,170.000,0,OK
26400218,0.335000,5.083750,33.500,170.000,0,OK
26410230,0.332500,5.086250,33.250,170.000,0,OK
26420218,0.332500,5.087500,33.250,170.000,0,OK
26430230,0.330000,5.085000,33.000,167.500,0,OK
26440218,0.332500,5.086250,33.250,170.000,0,OK
26450230,0.332500,5.086250,33.250,167.500,0,OK
26460218,0.332500,5.083750,33.250,170.000,0,OK
26470230,0.335000,5.080000,33.500,170.000,0,OK
26480218,0.330000,5.083750,33.000,167.500,0,OK
26490230,0.332500,5.086250,33.250,170.000,0,OK
26500218,0.332500,5.085000,33.250,170.000,0,OK
26510230,0.332500,5.086250,33.250,170.000,0,OK
26520218,0.335000,5.086250,33.000,167.500,0,OK
26530230,0.332500,5.085000,33.250,170.000,0,OK
26540218,0.332500,5.085000,33.250,167.500,0,OK
26550230,0.332500,5.085000,33.250,170.000,0,OK
26560218,0.332500,5.080000,33.250,167.500,0,OK
26570230,0.330000,5.086250,33.000,167.500,0,OK
26580218,0.332500,5.083750,33.250,170.000,0,OK
26590226,0.330000,5.086250,33.250,170.000,0,OK
26600222,0.335000,5.085000,33.500,170.000,0,OK
26610226,0.332500,5.085000,32.750,166.250,0,OK
26620222,0.330000,5.086250,33.000,167.500,0,OK
26630226,0.332500,5.086250,33.000,167.500,0,OK
26640218,0.332500,5.086250,33.250,170.000,0,OK
26650230,0.332500,5.081250,33.250,167.500,0,OK
26660218,0.345000,5.086250,33.250,170.000,0,OK
26670230,0.332500,5.086250,33.250,170.000,0,OK
26680218,0.332500,5.083750,33.500,170.000,0,OK
26690230,0.332500,5.085000,33.250,170.000,0,OK
26700218,0.337500,5.086250,33.250,172.500,0,OK
26710230,0.330000,5.086250,33.000,167.500,0,OK
26720218,0.332500,5.085000,33.250,167.500,0,OK
26730226,0.332500,5.083750,33.250,170.000,0,OK
26740222,0.335000,5.082500,33.500,170.000,0,OK
26750226,0.342500,5.086250,33.250,170.000,0,OK
26760222,0.332500,5.086250,33.250,170.000,0,OK
26770226,0.332500,5.086250,33.250,170.000,0,OK
26780222,0.332500,5.086250,33.250,170.000,0,OK
26790226,0.335000,5.086250,33.000,170.000,0,OK
26800222,0.335000,5.086250,33.500,170.000,0,OK
26810226,0.332500,5.086250,33.250,167.500,0,OK
26820222,0.332500,5.085000,33.250,170.000,0,OK
26830226,0.335000,5.082500,33.500,170.000,0,OK
26840222,0.335000,5.086250,33.250,170.000,0,OK
26850226,0.332500,5.086250,33.250,170.000,0,OK
26860222,0.330000,5.086250,33.250,170.000,0,OK
26870226,0.330000,5.086250,33.000,167.500,0,OK
26880222,0.330000,5.083750,33.250,167.500,0,OK
26890226,0.330000,5.086250,33.000,167.500,0,OK
26900222,0.332500,5.085000,33.250,167.500,0,OK
26910226,0.330000,5.086250,33.000,167.500,0,OK
26920222,0.335000,5.082500,33.500,170.000,0,OK
26930226,0.332500,5.083750,33.250,170.000,0,OK
26940222,0.335000,5.088750,33.500,170.000,0,OK
26950226,0.332500,5.086250,33.000,167.500,0,OK
26960222,0.330000,5.085000,33.000,167.500,0,OK
26970226,0.337500,5.086250,33.000,172.500,0,OK
26980222,0.330000,5.085000,33.000,167.500,0,OK
26990226,0.330000,5.086250,33.000,167.500,0,OK
27000222,0.330000,5.085000,33.000,167.500,0,OK
27010226,0.332500,5.085000,33.250,170.000,0,OK
27020222,0.332500,5.086250,32.750,166.250,0,OK
27030226,0.330000,5.085000,33.000,167.500,0,OK
27040222,0.332500,5.085000,33.000,167.500,0,OK
27050226,0.332500,5.086250,33.250,170.000,0,OK
27060222,0.332500,5.086250,33.250,167.500,0,OK
27070226,0.330000,5.085000,33.000,167.500,0,OK
27080222,0.335000,5.078750,33.500,170.000,0,OK
27090226,0.330000,5.086250,33.000,167.500,0,OK
27100222,0.332500,5.085000,33.250,170.000,0,OK
27110226,0.330000,5.085000,33.000,167.500,0,OK
27120222,0.335000,5.086250,33.500,170.000,0,OK
27130226,0.332500,5.083750,33.000,167.500,0,OK
27140222,0.330000,5.083750,33.000,167.500,0,OK
27150226,0.330000,5.087500,33.250,167.500,0,OK
27160218,0.330000,5.086250,33.000,167.500,0,OK
27170230,0.332500,5.080000,33.250,167.500,0,OK
27180218,0.330000,5.083750,33.000,167.500,0,OK
27190230,0.332500,5.086250,33.250,170.000,0,OK
27200218,0.332500,5.086250,33.250,170.000,0,OK
27210230,0.330000,5.086250,33.000,167.500,0,OK
27220218,0.335000,5.086250,33.500,170.000,0,OK
27230226,0.330000,5.083750,33.000,167.500,0,OK
27240222,0.335000,5.086250,33.250,170.000,0,OK
27250226,0.330000,5.085000,33.000,167.500,0,OK
27260222,0.332500,5.081250,33.250,167.500,0,OK
27270226,0.342500,5.086250,33.000,167.500,0,OK
27280222,0.332500,5.085000,33.250,170.000,0,OK
27290226,0.330000,5.086250,33.000,167.500,0,OK
27300222,0.335000,5.086250,33.500,170.000,0,OK
27310226,0.330000,5.087500,33.250,170.000,0,OK
27320222,0.332500,5.083750,33.250,170.000,0,OK
27330226,0.335000,5.086250,33.500,170.000,0,OK
27340222,0.332500,5.086250,33.250,170.000,0,OK
27350226,0.335000,5.082500,33.500,170.000,0,OK
27360222,0.340000,5.086250,33.000,167.500,0,OK
27370226,0.330000,5.086250,33.000,167.500,0,OK
27380222,0.330000,5.085000,33.000,167.500,0,OK
27390226,0.330000,5.087500,33.000,167.500,0,OK
27400222,0.330000,5.086250,33.250,167.500,0,OK
27410226,0.332500,5.086250,33.250,170.000,0,OK
27420222,0.335000,5.086250,33.500,170.000,0,OK
27430226,0.330000,5.085000,33.000,167.500,0,OK
27440222,0.335000,5.081250,33.500,170.000,0,OK
27450226,0.337500,5.086250,33.250,170.000,0,OK
27460222,0.332500,5.086250,33.250,170.000,0,OK
27470226,0.330000,5.085000,33.000,167.500,0,OK
27480222,0.330000,5.085000,33.000,167.500,0,OK
27490226,0.332500,5.085000,33.500,167.500,0,OK
27500222,0.332500,5.086250,33.250,170.000,0,OK
27510226,0.332500,5.085000,33.250,167.500,0,OK
27520222,0.330000,5.086250,33.000,167.500,0,OK
27530226,0.337500,5.081250,33.750,172.500,0,OK
27540218,0.332500,5.085000,33.000,167.500,0,OK
27550230,0.332500,5.087500,33.250,170.000,0,OK
27560218,0.330000,5.086250,33.250,170.000,0,OK
27570230,0.327500,5.085000,32.750,166.250,0,OK
27580218,0.335000,5.085000,33.000,170.000,0,OK
27590230,0.330000,5.087500,33.000,167.500,0,OK
27600218,0.335000,5.085000,33.500,170.000,0,OK
27610230,0.332500,5.085000,33.250,170.000,0,OK
27620218,0.332500,5.086250,33.250,170.000,0,OK
27630230,0.332500,5.086250,33.250,170.000,0,OK
27640218,0.332500,5.086250,33.250,170.000,0,OK
27650230,0.330000,5.086250,33.250,170.000,0,OK
27660218,0.332500,5.085000,33.250,170.000,0,OK
27670230,0.330000,5.086250,33.500,167.500,0,OK
27680218,0.330000,5.085000,33.000,167.500,0,OK
27690230,0.332500,5.080000,33.250,167.500,0,OK
27700218,0.330000,5.086250,33.000,167.500,0,OK
27710230,0.330000,5.086250,33.000,167.500,0,OK
27720218,0.332500,5.083750,32.750,166.250,0,OK
27730226,0.335000,5.086250,33.500,170.000,0,OK
27740222,0.332500,5.086250,32.750,166.250,0,OK
27750226,0.332500,5.083750,33.250,170.000,0,OK
27760222,0.332500,5.086250,33.250,167.500,0,OK
27770226,0.327500,5.085000,32.750,166.250,0,OK
27780222,0.332500,5.080000,33.250,167.500,0,OK
27790226,0.327500,5.086250,32.750,166.250,0,OK
27800222,0.332500,5.085000,33.250,170.000,0,OK
27810226,0.327500,5.085000,33.000,167.500,0,OK
27820222,0.332500,5.085000,33.250,170.000,0,OK
27830226,0.330000,5.085000,33.250,170.000,0,OK
27840222,0.332500,5.085000,33.250,170.000,0,OK
27850226,0.332500,5.085000,33.000,167.500,0,OK
27860222,0.332500,5.085000,33.250,170.000,0,OK
27870226,0.332500,5.081250,33.250,167.500,0,OK
27880222,0.345000,5.083750,33.500,170.000,0,OK
27890226,0.332500,5.086250,33.250,170.000,0,OK
27900222,0.330000,5.086250,33.250,170.000,0,OK
27910226,0.330000,5.086250,33.000,167.500,0,OK
27920222,0.335000,5.087500,33.000,167.500,0,OK
27930226,0.330000,5.083750,33.000,167.500,0,OK
27940222,0.332500,5.086250,33.250,167.500,0,OK
27950226,0.330000,5.085000,33.000,167.500,0,OK
27960222,0.335000,5.082500,33.500,170.000,0,OK
27970226,0.340000,5.086250,33.250,170.000,0,OK
27980222,0.332500,5.086250,33.250,170.000,0,OK
27990226,0.330000,5.086250,33.250,170.000,0,OK
28000222,0.330000,5.085000,33.000,167.500,0,OK
28010226,0.332500,5.085000,33.000,167.500,0,OK
28020222,0.332500,5.086250,33.250,170.000,0,OK
28030226,0.330000,5.085000,33.000,167.500,0,OK
28040222,0.332500,5.085000,33.250,170.000,0,OK
28050226,0.332500,5.082500,33.250,170.000,0,OK
28060222,0.335000,5.086250,33.250,170.000,0,OK
28070226,0.332500,5.086250,33.250,170.000,0,OK
28080222,0.330000,5.085000,33.250,170.000,0,OK
28090226,0.332500,5.086250,33.250,170.000,0,OK
28100222,0.337500,5.086250,32.750,172.500,0,OK
28110226,0.332500,5.085000,33.250,170.000,0,OK
28120222,0.332500,5.086250,33.250,167.500,0,OK
28130226,0.330000,5.086250,33.000,167.500,0,OK
28140222,0.332500,5.083750,33.250,170.000,0,OK
28150226,0.332500,5.085000,33.000,167.500,0,OK
28160222,0.332500,5.087500,33.250,170.000,0,OK
28170226,0.330000,5.085000,33.000,167.500,0,OK
28180222,0.332500,5.085000,33.250,170.000,0,OK
28190226,0.330000,5.086250,33.250,167.500,0,OK
28200222,0.327500,5.085000,32.750,166.250,0,OK
28210226,0.330000,5.086250,33.000,167.500,0,OK
28220222,0.330000,5.086250,33.000,167.500,0,OK
28230226,0.332500,5.083750,33.250,170.000,0,OK
28240218,0.332500,5.086250,32.750,166.250,0,OK
28250230,0.332500,5.086250,33.250,170.000,0,OK
28260218,0.330000,5.085000,33.250,170.000,0,OK
28270230,0.330000,5.085000,33.000,167.500,0,OK
28280218,0.332500,5.083750,33.250,167.500,0,OK
28290230,0.330000,5.085000,33.000,167.500,0,OK
28300218,0.332500,5.080000,33.250,167.500,0,OK
28310230,0.332500,5.086250,33.250,170.000,0,OK
28320218,0.332500,5.086250,33.250,170.000,0,OK
28330230,0.330000,5.083750,33.250,170.000,0,OK
28340218,0.332500,5.086250,33.250,170.000,0,OK
28350230,0.330000,5.086250,33.000,167.500,0,OK
28360218,0.332500,5.085000,33.250,170.000,0,OK
28370226,0.335000,5.086250,33.250,170.000,0,OK
28380222,0.330000,5.083750,33.000,167.500,0,OK
28390226,0.335000,5.081250,33.500,170.000,0,OK
28400218,0.330000,5.085000,33.000,167.500,0,OK
28410230,0.332500,5.085000,33.250,170.000,0,OK
28420218,0.330000,5.085000,33.250,170.000,0,OK
28430230,0.335000,5.085000,33.500,170.000,0,OK
28440218,0.332500,5.086250,33.250,170.000,0,OK
28450230,0.332500,5.085000,33.250,170.000,0,OK
28460218,0.335000,5.086250,33.000,170.000,0,OK
28470230,0.332500,5.085000,33.250,170.000,0,OK
28480218,0.332500,5.080000,33.250,167.500,0,OK
28490230,0.347500,5.087500,33.250,170.000,0,OK
28500218,0.332500,5.086250,33.250,170.000,0,OK
28510230,0.332500,5.085000,33.250,170.000,0,OK
28520218,0.332500,5.086250,33.250,170.000,0,OK
28530230,0.335000,5.083750,33.250,170.000,0,OK
28540218,0.332500,5.086250,33.250,170.000,0,OK
28550230,0.332500,5.086250,33.250,167.500,0,OK
28560218,0.332500,5.086250,33.250,170.000,0,OK
28570230,0.335000,5.081250,33.500,170.000,0,OK
28580218,0.342500,5.083750,33.250,170.000,0,OK
28590230,0.337500,5.087500,33.750,172.500,0,OK
28600218,0.330000,5.086250,33.000,167.500,0,OK
28610230,0.332500,5.087500,33.250,170.000,0,OK
28620218,0.335000,5.085000,33.000,170.000,0,OK
28630230,0.332500,5.085000,33.250,170.000,0,OK
28640218,0.332500,5.085000,33.250,167.500,0,OK
28650230,0.332500,5.087500,33.250,170.000,0,OK
28660218,0.335000,5.083750,33.500,170.000,0,OK
28670230,0.337500,5.085000,33.000,167.500,0,OK
28680218,0.335000,5.085000,33.500,170.000,0,OK
28690230,0.330000,5.086250,33.250,170.000,0,OK
28700218,0.327500,5.085000,32.750,166.250,0,OK
28710230,0.332500,5.086250,33.250,167.500,0,OK
28720218,0.332500,5.085000,33.250,170.000,0,OK
28730230,0.330000,5.085000,33.000,167.500,0,OK
28740218,0.330000,5.086250,33.000,167.500,0,OK
28750230,0.335000,5.083750,33.500,170.000,0,OK
28760218,0.335000,5.083750,33.250,170.000,0,OK
28770230,0.335000,5.085000,33.500,170.000,0,OK
28780218,0.330000,5.085000,33.000,167.500,0,OK
28790230,0.330000,5.085000,33.000,167.500,0,OK
28800218,0.332500,5.086250,33.250,167.500,0,OK
28810230,0.335000,5.086250,33.500,170.000,0,OK
28820218,0.335000,5.086250,33.500,170.000,0,OK
28830230,0.330000,5.085000,33.000,167.500,0,OK
28840218,0.335000,5.085000,33.500,170.000,0,OK
28850230,0.332500,5.086250,33.000,167.500,0,OK
28860218,0.335000,5.085000,33.500,170.000,0,OK
28870230,0.330000,5.085000,33.250,170.000,0,OK
28880218,0.332500,5.086250,33.250,170.000,0,OK
28890230,0.332500,5.086250,32.750,167.500,0,OK
28900218,0.330000,5.086250,33.000,167.500,0,OK
28910230,0.335000,5.080000,33.500,170.000,0,OK
28920218,0.330000,5.083750,33.000,167.500,0,OK
28930230,0.335000,5.085000,33.500,170.000,0,OK
28940218,0.332500,5.086250,33.000,167.500,0,OK
28950230,0.332500,5.086250,33.250,170.000,0,OK
28960218,0.330000,5.085000,33.250,170.000,0,OK
28970230,0.330000,5.085000,33.000,167.500,0,OK
28980218,0.330000,5.085000,33.250,167.500,0,OK
28990230,0.332500,5.085000,33.250,170.000,0,OK
29000218,0.332500,5.081250,33.250,167.500,0,OK
29010230,0.330000,5.086250,33.000,167.500,0,OK
29020218,0.335000,5.083750,33.500,170.000,0,OK
29030226,0.330000,5.083750,33.000,167.500,0,OK
29040222,0.332500,5.085000,33.250,170.000,0,OK
29050226,0.332500,5.086250,33.250,170.000,0,OK
29060222,0.332500,5.085000,33.250,170.000,0,OK
29070226,0.335000,5.086250,33.250,170.000,0,OK
29080222,0.332500,5.085000,33.250,170.000,0,OK
29090226,0.330000,5.081250,33.000,167.500,0,OK
29100222,0.347500,5.086250,33.000,167.500,0,OK
29110226,0.335000,5.085000,33.500,170.000,0,OK
29120218,0.332500,5.085000,33.250,170.000,0,OK
29130230,0.335000,5.086250,33.500,170.000,0,OK
29140218,0.335000,5.086250,33.000,167.500,0,OK
29150230,0.330000,5.083750,33.000,167.500,0,OK
29160218,0.332500,5.086250,33.250,167.500,0,OK
29170226,0.330000,5.087500,33.000,167.500,0,OK
29180222,0.332500,5.080000,33.250,167.500,0,OK
29190226,0.340000,5.083750,33.000,167.500,0,OK
29200222,0.335000,5.086250,33.500,170.000,0,OK
29210226,0.332500,5.085000,33.250,170.000,0,OK
29220222,0.330000,5.085000,33.000,167.500,0,OK
29230226,0.332500,5.085000,33.000,167.500,0,OK
29240222,0.332500,5.085000,33.250,170.000,0,OK
29250226,0.332500,5.086250,33.250,167.500,0,OK
29260222,0.335000,5.085000,33.500,170.000,0,OK
29270226,0.335000,5.083750,33.500,170.000,0,OK
29280222,0.340000,5.085000,33.000,167.500,0,OK
29290226,0.332500,5.087500,33.250,170.000,0,OK
29300222,0.332500,5.085000,33.250,170.000,0,OK
29310226,0.330000,5.086250,33.000,167.500,0,OK
29320222,0.332500,5.086250,33.250,167.500,0,OK
29330226,0.332500,5.085000,33.250,170.000,0,OK
29340222,0.332500,5.086250,33.250,167.500,0,OK
29350226,0.332500,5.085000,33.250,170.000,0,OK
29360222,0.335000,5.082500,33.500,170.000,0,OK
29370226,0.337500,5.085000,33.250,170.000,0,OK
29380222,0.335000,5.085000,33.500,170.000,0,OK
29390226,0.332500,5.086250,33.250,170.000,0,OK
29400222,0.332500,5.086250,33.250,170.000,0,OK
29410226,0.332500,5.086250,33.250,167.500,0,OK
29420222,0.330000,5.086250,33.000,167.500,0,OK
29430226,0.337500,5.086250,33.750,172.500,0,OK
29440218,0.330000,5.085000,33.000,167.500,0,OK
29450230,0.335000,5.085000,33.500,170.000,0,OK
29460218,0.330000,5.086250,33.250,170.000,0,OK
29470230,0.330000,5.088750,33.000,167.500,0,OK
29480218,0.330000,5.085000,33.250,170.000,0,OK
29490226,0.332500,5.086250,33.250,170.000,0,OK
29500222,0.335000,5.086250,33.250,170.000,0,OK
29510226,0.332500,5.085000,33.250,170.000,0,OK
29520222,0.335000,5.081250,33.500,170.000,0,OK
29530226,0.330000,5.085000,33.000,167.500,0,OK
29540222,0.335000,5.085000,33.500,170.000,0,OK
29550226,0.332500,5.087500,33.250,170.000,0,OK
29560222,0.332500,5.086250,33.250,170.000,0,OK
29570226,0.330000,5.086250,33.000,167.500,0,OK
29580222,0.330000,5.086250,33.000,167.500,0,OK
29590226,0.332500,5.085000,33.000,167.500,0,OK
29600218,0.332500,5.085000,33.250,170.000,0,OK
29610230,0.335000,5.081250,33.500,170.000,0,OK
29620218,0.332500,5.085000,33.250,170.000,0,OK
29630230,0.330000,5.083750,33.000,167.500,0,OK
29640218,0.332500,5.086250,33.250,170.000,0,OK
29650226,0.332500,5.086250,33.250,170.000,0,OK
29660222,0.332500,5.087500,33.250,170.000,0,OK
29670226,0.330000,5.085000,33.000,167.500,0,OK
29680222,0.335000,5.085000,33.000,170.000,0,OK
29690226,0.332500,5.085000,33.250,170.000,0,OK
29700222,0.330000,5.080000,33.000,167.500,0,OK
29710226,0.330000,5.085000,33.000,167.500,0,OK
29720218,0.332500,5.085000,33.250,170.000,0,OK
29730230,0.330000,5.086250,33.000,167.500,0,OK
29740218,0.332500,5.086250,33.250,170.000,0,OK
29750226,0.332500,5.086250,33.250,170.000,0,OK
29760222,0.332500,5.085000,33.250,170.000,0,OK
29770226,0.332500,5.086250,33.250,167.500,0,OK
29780222,0.332500,5.083750,33.250,170.000,0,OK
29790226,0.332500,5.080000,33.250,167.500,0,OK
29800222,0.345000,5.086250,33.000,167.500,0,OK
29810226,0.335000,5.086250,33.500,170.000,0,OK
29820218,0.332500,5.086250,33.500,170.000,0,OK
29830230,0.332500,5.086250,33.250,170.000,0,OK
29840218,0.332500,5.086250,33.250,170.000,0,OK
29850230,0.332500,5.086250,33.250,170.000,0,OK
29860218,0.332500,5.086250,33.250,167.500,0,OK
29870230,0.330000,5.086250,33.000,167.500,0,OK
29880218,0.332500,5.080000,33.250,167.500,0,OK
29890226,0.337500,5.086250,33.250,170.000,0,OK
29900222,0.332500,5.086250,33.250,170.000,0,OK
29910226,0.332500,5.086250,33.250,170.000,0,OK
29920222,0.335000,5.086250,33.500,170.000,0,OK
29930226,0.335000,5.083750,33.250,170.000,0,OK
29940222,0.335000,5.085000,33.500,170.000,0,OK
29950226,0.335000,5.086250,33.500,170.000,0,OK
29960222,0.332500,5.083750,33.250,170.000,0,OK
29970226,0.330000,5.082500,33.000,167.500,0,OK
29980222,0.335000,5.083750,33.250,170.000,0,OK
29990226,0.332500,5.086250,33.250,170.000,0,OK
30000222,0.335000,5.086250,33.000,167.500,0,OK
30010226,0.330000,5.086250,33.000,167.500,0,OK
30020218,0.332500,5.085000,33.250,167.500,0,OK
30030226,0.330000,5.086250,33.000,167.500,0,OK
30040222,0.332500,5.086250,33.250,167.500,0,OK
30050226,0.330000,5.086250,33.000,167.500,0,OK
30060222,0.332500,5.083750,33.250,170.000,0,OK
30070226,0.332500,5.085000,33.000,167.500,0,OK
30080222,0.332500,5.086250,33.250,170.000,0,OK
30090226,0.330000,5.085000,33.250,170.000,0,OK
30100222,0.335000,5.085000,33.500,170.000,0,OK
30110226,0.335000,5.085000,33.250,170.000,0,OK
30120222,0.327500,5.085000,32.750,166.250,0,OK
30130226,0.332500,5.085000,33.250,167.500,0,OK
30140222,0.332500,5.086250,33.250,170.000,0,OK
30150226,0.332500,5.085000,33.250,170.000,0,OK
30160222,0.332500,5.086250,33.250,170.000,0,OK
30170226,0.332500,5.086250,33.250,170.000,0,OK
30180222,0.327500,5.085000,33.250,170.000,0,OK
30190226,0.327500,5.086250,32.750,166.250,0,OK
30200222,0.335000,5.085000,33.250,170.000,0,OK
30210226,0.332500,5.086250,33.250,170.000,0,OK
30220222,0.332500,5.080000,33.250,167.500,0,OK
30230226,0.332500,5.083750,33.250,170.000,0,OK
30240222,0.332500,5.086250,33.250,170.000,0,OK
30250226,0.332500,5.086250,33.000,167.500,0,OK
30260222,0.335000,5.087500,33.500,170.000,0,OK
30270226,0.335000,5.086250,32.750,166.250,0,OK
30280222,0.330000,5.083750,33.000,167.500,0,OK
30290226,0.335000,5.086250,32.750,170.000,0,OK
30300218,0.332500,5.086250,33.250,170.000,0,OK
30310230,0.332500,5.081250,33.250,167.500,0,OK
30320218,0.332500,5.085000,33.250,170.000,0,OK
30330230,0.337500,5.085000,33.750,172.500,0,OK
30340218,0.330000,5.086250,33.250,170.000,0,OK
30350230,0.332500,5.085000,33.250,170.000,0,OK
30360218,0.332500,5.087500,33.500,170.000,0,OK
30370230,0.332500,5.086250,33.250,170.000,0,OK
30380218,0.332500,5.083750,33.000,167.500,0,OK
30390230,0.330000,5.086250,33.000,167.500,0,OK
30400218,0.332500,5.081250,33.250,167.500,0,OK
30410226,0.345000,5.085000,33.250,170.000,0,OK
30420222,0.337500,5.086250,33.750,172.500,0,OK
30430226,0.330000,5.083750,33.250,170.000,0,OK
30440222,0.332500,5.085000,33.250,170.000,0,OK
30450226,0.335000,5.085000,33.250,170.000,0,OK
30460222,0.332500,5.086250,33.250,170.000,0,OK
30470226,0.335000,5.086250,33.500,170.000,0,OK
30480222,0.332500,5.085000,33.250,170.000,0,OK
30490226,0.337500,5.083750,33.750,172.500,0,OK
30500222,0.345000,5.085000,33.250,170.000,0,OK
30510226,0.332500,5.085000,33.250,170.000,0,OK
30520222,0.335000,5.085000,33.250,170.000,0,OK
30530226,0.332500,5.085000,33.250,170.000,0,OK
30540222,0.335000,5.085000,32.750,170.000,0,OK
30550226,0.332500,5.086250,33.250,170.000,0,OK
30560222,0.332500,5.085000,33.250,167.500,0,OK
30570226,0.330000,5.086250,33.000,167.500,0,OK
30580222,0.332500,5.081250,33.250,167.500,0,OK
30590226,0.335000,5.085000,32.750,166.250,0,OK
30600222,0.337500,5.086250,33.750,172.500,0,OK
30610226,0.330000,5.085000,33.000,167.500,0,OK
30620222,0.330000,5.085000,33.000,167.500,0,OK
30630226,0.337500,5.085000,32.750,172.500,0,OK
30640222,0.332500,5.083750,33.250,170.000,0,OK
30650226,0.335000,5.086250,33.500,170.000,0,OK
30660222,0.332500,5.086250,33.250,170.000,0,OK
30670226,0.332500,5.085000,33.250,170.000,0,OK
30680222,0.337500,5.085000,33.250,170.000,0,OK
30690226,0.330000,5.086250,33.000,167.500,0,OK
30700222,0.332500,5.086250,33.250,170.000,0,OK
30710226,0.332500,5.086250,33.250,170.000,0,OK
30720222,0.332500,5.086250,33.250,167.500,0,OK
30730226,0.332500,5.085000,33.250,170.000,0,OK
30740222,0.335000,5.086250,33.500,170.000,0,OK
30750226,0.330000,5.086250,33.000,167.500,0,OK
30760222,0.332500,5.086250,33.250,170.000,0,OK
30770226,0.332500,5.085000,33.250,170.000,0,OK
30780222,0.332500,5.086250,33.250,170.000,0,OK
30790226,0.335000,5.086250,33.250,170.000,0,OK
30800222,0.332500,5.085000,33.250,170.000,0,OK
30810226,0.327500,5.086250,33.000,166.250,0,OK
30820222,0.332500,5.086250,33.250,170.000,0,OK
30830226,0.332500,5.078750,33.250,167.500,0,OK
30840222,0.332500,5.085000,33.250,170.000,0,OK
30850226,0.335000,5.085000,33.500,170.000,0,OK
30860222,0.327500,5.085000,33.250,170.000,0,OK
30870226,0.332500,5.086250,33.250,170.000,0,OK
30880222,0.332500,5.086250,33.250,170.000,0,OK
30890226,0.330000,5.086250,33.000,167.500,0,OK
30900222,0.335000,5.086250,33.500,170.000,0,OK
30910226,0.330000,5.085000,33.000,167.500,0,OK
30920222,0.332500,5.080000,33.250,167.500,0,OK
30930226,0.332500,5.086250,33.250,170.000,0,OK
30940222,0.332500,5.086250,33.250,170.000,0,OK
30950226,0.332500,5.086250,33.000,167.500,0,OK
30960222,0.335000,5.086250,33.500,170.000,0,OK
30970226,0.335000,5.086250,33.000,167.500,0,OK
30980222,0.330000,5.086250,33.000,167.500,0,OK
30990226,0.335000,5.086250,33.250,170.000,0,OK
31000218,0.332500,5.085000,33.250,170.000,0,OK
31010230,0.332500,5.083750,33.250,170.000,0,OK
31020218,0.345000,5.086250,33.000,167.500,0,OK
31030230,0.335000,5.085000,33.500,170.000,0,OK
31040218,0.332500,5.085000,33.250,170.000,0,OK
31050230,0.332500,5.087500,33.250,170.000,0,OK
31060218,0.332500,5.085000,33.000,167.500,0,OK
31070230,0.332500,5.087500,33.250,170.000,0,OK
31080218,0.335000,5.085000,33.500,170.000,0,OK
31090230,0.332500,5.085000,33.250,170.000,0,OK
31100218,0.332500,5.082500,33.250,170.000,0,OK
31110230,0.337500,5.086250,33.000,167.500,0,OK
31120218,0.335000,5.086250,33.500,170.000,0,OK
31130226,0.332500,5.083750,33.000,167.500,0,OK
31140222,0.332500,5.086250,33.250,170.000,0,OK
31150226,0.335000,5.086250,33.250,170.000,0,OK
31160222,0.332500,5.086250,33.250,170.000,0,OK
31170226,0.332500,5.086250,33.250,167.500,0,OK
31180222,0.332500,5.085000,33.250,170.000,0,OK
31190226,0.337500,5.082500,33.750,172.500,0,OK
31200222,0.337500,5.086250,33.500,170.000,0,OK
31210226,0.332500,5.086250,33.250,170.000,0,OK
31220222,0.332500,5.085000,33.250,170.000,0,OK
31230226,0.330000,5.085000,33.000,167.500,0,OK
31240222,0.335000,5.087500,33.000,170.000,0,OK
31250226,0.330000,5.085000,33.000,167.500,0,OK
31260222,0.332500,5.086250,33.250,167.500,0,OK
31270226,0.330000,5.086250,33.000,167.500,0,OK
31280222,0.332500,5.082500,33.250,170.000,0,OK
31290226,0.332500,5.086250,33.250,170.000,0,OK
31300222,0.332500,5.087500,33.250,170.000,0,OK
31310226,0.332500,5.086250,33.000,167.500,0,OK
31320222,0.330000,5.086250,33.000,167.500,0,OK
31330226,0.332500,5.085000,32.750,167.500,0,OK
31340218,0.330000,5.086250,33.000,167.500,0,OK
31350230,0.332500,5.085000,33.250,167.500,0,OK
31360218,0.332500,5.086250,33.250,170.000,0,OK
31370230,0.332500,5.083750,33.250,170.000,0,OK
31380218,0.330000,5.085000,33.250,170.000,0,OK
31390230,0.335000,5.087500,33.500,170.000,0,OK
31400218,0.330000,5.086250,33.250,170.000,0,OK
31410230,0.332500,5.086250,33.250,170.000,0,OK
31420218,0.335000,5.086250,33.250,170.000,0,OK
31430230,0.330000,5.086250,33.000,167.500,0,OK
31440218,0.330000,5.081250,33.000,167.500,0,OK
31450226,0.330000,5.086250,33.000,167.500,0,OK
31460218,0.335000,5.086250,33.500,170.000,0,OK
31470226,0.332500,5.085000,33.250,170.000,0,OK
31480222,0.335000,5.086250,33.500,170.000,0,OK
31490226,0.332500,5.086250,33.000,167.500,0,OK
31500222,0.332500,5.083750,33.250,170.000,0,OK
31510226,0.332500,5.086250,33.000,167.500,0,OK
31520222,0.332500,5.086250,33.250,170.000,0,OK
31530226,0.332500,5.078750,33.250,167.500,0,OK
31540222,0.330000,5.086250,33.000,167.500,0,OK
31550226,0.332500,5.085000,33.250,170.000,0,OK
31560218,0.332500,5.086250,32.750,166.250,0,OK
31570230,0.335000,5.086250,33.500,170.000,0,OK
31580218,0.335000,5.086250,33.000,167.500,0,OK
31590230,0.330000,5.085000,33.000,167.500,0,OK
31600218,0.332500,5.086250,33.250,167.500,0,OK
31610230,0.330000,5.086250,33.000,167.500,0,OK
31620218,0.330000,5.081250,33.000,167.500,0,OK
31630226,0.345000,5.086250,32.750,166.250,0,OK
31640218,0.337500,5.086250,33.750,172.500,0,OK
31650226,0.332500,5.085000,33.250,170.000,0,OK
31660222,0.337500,5.086250,33.750,172.500,0,OK
31670226,0.330000,5.086250,33.000,167.500,0,OK
31680222,0.332500,5.086250,33.250,170.000,0,OK
31690226,0.335000,5.087500,33.500,170.000,0,OK
31700222,0.330000,5.085000,33.000,167.500,0,OK
31710226,0.332500,5.082500,33.250,170.000,0,OK
31720222,0.340000,5.086250,33.000,167.500,0,OK
31730226,0.332500,5.086250,33.250,170.000,0,OK
31740222,0.332500,5.086250,33.500,170.000,0,OK
31750226,0.332500,5.086250,33.250,170.000,0,OK
31760222,0.332500,5.086250,33.250,167.500,0,OK
31770226,0.332500,5.085000,33.250,170.000,0,OK
31780222,0.332500,5.085000,33.250,167.500,0,OK
31790226,0.332500,5.085000,33.250,170.000,0,OK
31800222,0.335000,5.082500,33.500,170.000,0,OK
31810226,0.337500,5.085000,33.250,170.000,0,OK
31820222,0.335000,5.086250,33.500,170.000,0,OK
31830226,0.330000,5.085000,33.000,167.500,0,OK
31840222,0.332500,5.086250,33.250,170.000,0,OK
31850226,0.337500,5.085000,32.750,172.500,0,OK
31860222,0.335000,5.086250,33.500,170.000,0,OK
31870226,0.332500,5.086250,33.250,167.500,0,OK
31880222,0.332500,5.085000,33.250,170.000,0,OK
31890226,0.332500,5.082500,33.250,170.000,0,OK
31900222,0.332500,5.086250,33.000,167.500,0,OK
31910226,0.335000,5.086250,33.500,170.000,0,OK
31920222,0.332500,5.085000,33.000,167.500,0,OK
31930226,0.330000,5.085000,33.000,167.500,0,OK
31940222,0.337500,5.083750,33.000,172.500,0,OK
31950226,0.332500,5.086250,33.250,170.000,0,OK
31960222,0.335000,5.086250,33.500,170.000,0,OK
31970226,0.330000,5.085000,33.000,167.500,0,OK
31980222,0.335000,5.082500,33.500,170.000,0,OK
31990226,0.332500,5.083750,33.000,167.500,0,OK
32000222,0.335000,5.086250,33.500,170.000,0,OK
32010226,0.330000,5.086250,33.250,170.000,0,OK
32020222,0.332500,5.086250,33.250,170.000,0,OK
32030226,0.335000,5.085000,33.000,170.000,0,OK
32040222,0.332500,5.083750,33.250,170.000,0,OK
32050226,0.332500,5.081250,33.250,167.500,0,OK
32060222,0.330000,5.087500,33.000,167.500,0,OK
32070226,0.330000,5.086250,33.000,167.500,0,OK
32080222,0.332500,5.083750,33.250,170.000,0,OK
32090226,0.332500,5.087500,33.250,170.000,0,OK
32100222,0.335000,5.085000,33.000,167.500,0,OK
32110226,0.330000,5.085000,33.000,167.500,0,OK
32120222,0.332500,5.085000,33.250,167.500,0,OK
32130226,0.330000,5.085000,33.000,167.500,0,OK
32140222,0.332500,5.081250,33.250,167.500,0,OK
32150226,0.330000,5.085000,33.000,167.500,0,OK
32160222,0.330000,5.085000,33.000,167.500,0,OK
32170226,0.330000,5.085000,33.250,170.000,0,OK
32180222,0.332500,5.086250,33.250,170.000,0,OK
32190226,0.332500,5.086250,33.000,167.500,0,OK
32200222,0.330000,5.085000,33.000,167.500,0,OK
32210226,0.332500,5.086250,33.500,167.500,0,OK
32220222,0.330000,5.085000,33.000,167.500,0,OK
32230226,0.330000,5.078750,33.000,167.500,0,OK
32240222,0.345000,5.085000,33.250,170.000,0,OK
32250226,0.335000,5.086250,33.500,170.000,0,OK
32260222,0.327500,5.086250,33.250,170.000,0,OK
32270226,0.332500,5.087500,33.250,170.000,0,OK
32280222,0.335000,5.085000,33.000,167.500,0,OK
32290226,0.330000,5.086250,33.000,167.500,0,OK
32300222,0.332500,5.086250,33.250,167.500,0,OK
32310226,0.332500,5.085000,33.250,170.000,0,OK
32320222,0.332500,5.081250,33.250,167.500,0,OK
32330226,0.340000,5.085000,33.500,170.000,0,OK
32340222,0.335000,5.085000,33.500,170.000,0,OK
32350226,0.330000,5.085000,33.250,170.000,0,OK
32360222,0.332500,5.086250,33.250,170.000,0,OK
32370226,0.330000,5.086250,33.000,167.500,0,OK
32380222,0.332500,5.083750,33.250,170.000,0,OK
32390226,0.330000,5.086250,33.000,167.500,0,OK
32400222,0.330000,5.086250,33.000,167.500,0,OK
32410226,0.335000,5.083750,33.500,170.000,0,OK
32420218,0.342500,5.085000,33.000,167.500,0,OK
32430230,0.332500,5.086250,33.250,170.000,0,OK
32440218,0.330000,5.085000,33.000,167.500,0,OK
32450230,0.332500,5.086250,33.250,170.000,0,OK
32460218,0.332500,5.086250,33.250,167.500,0,OK
32470230,0.330000,5.085000,33.000,167.500,0,OK
32480218,0.335000,5.085000,33.500,170.000,0,OK
32490230,0.332500,5.087500,33.250,170.000,0,OK
32500218,0.332500,5.083750,33.250,170.000,0,OK
32510230,0.332500,5.085000,33.250,170.000,0,OK
32520218,0.332500,5.085000,33.250,170.000,0,OK
32530230,0.332500,5.083750,33.250,170.000,0,OK
32540218,0.332500,5.085000,33.250,170.000,0,OK
32550230,0.335000,5.086250,33.250,170.000,0,OK
32560218,0.330000,5.085000,33.000,167.500,0,OK
32570230,0.335000,5.086250,33.500,170.000,0,OK
32580218,0.332500,5.086250,33.250,170.000,0,OK
32590230,0.332500,5.082500,33.250,170.000,0,OK
32600218,0.332500,5.085000,33.250,170.000,0,OK
32610230,0.332500,5.085000,33.250,170.000,0,OK
32620218,0.332500,5.087500,33.000,167.500,0,OK
32630230,0.332500,5.083750,33.250,170.000,0,OK
32640218,0.332500,5.086250,33.000,167.500,0,OK
32650230,0.335000,5.083750,33.500,170.000,0,OK
32660218,0.337500,5.086250,33.750,172.500,0,OK
32670230,0.332500,5.085000,33.250,170.000,0,OK
32680218,0.332500,5.083750,33.250,170.000,0,OK
32690230,0.330000,5.086250,33.000,167.500,0,OK
32700218,0.335000,5.086250,33.500,170.000,0,OK
32710226,0.330000,5.086250,33.000,167.500,0,OK
32720222,0.335000,5.085000,33.500,170.000,0,OK
32730226,0.332500,5.085000,33.000,167.500,0,OK
32740222,0.332500,5.085000,33.250,170.000,0,OK
32750226,0.335000,5.081250,33.500,170.000,0,OK
32760222,0.335000,5.085000,33.500,170.000,0,OK
32770226,0.332500,5.085000,33.250,170.000,0,OK
32780222,0.330000,5.086250,33.250,170.000,0,OK
32790226,0.330000,5.085000,33.000,167.500,0,OK
32800222,0.332500,5.085000,33.250,170.000,0,OK
32810226,0.330000,5.086250,33.000,167.500,0,OK
32820222,0.332500,5.086250,33.000,167.500,0,OK
32830226,0.332500,5.085000,33.250,170.000,0,OK
32840222,0.332500,5.081250,33.250,167.500,0,OK
32850226,0.345000,5.086250,33.000,167.500,0,OK
32860222,0.332500,5.085000,33.250,170.000,0,OK
32870226,0.332500,5.086250,33.000,167.500,0,OK
32880222,0.335000,5.085000,33.500,170.000,0,OK
32890226,0.332500,5.086250,33.000,167.500,0,OK
32900222,0.332500,5.085000,33.250,170.000,0,OK
32910226,0.335000,5.086250,33.500,170.000,0,OK
32920222,0.330000,5.085000,33.000,167.500,0,OK
32930226,0.335000,5.080000,33.500,170.000,0,OK
32940222,0.342500,5.085000,33.500,170.000,0,OK
32950226,0.332500,5.086250,33.250,170.000,0,OK
32960222,0.332500,5.085000,33.000,167.500,0,OK
32970226,0.330000,5.086250,33.000,167.500,0,OK
32980222,0.332500,5.085000,33.000,167.500,0,OK
32990226,0.332500,5.085000,33.250,170.000,0,OK
33000222,0.337500,5.087500,33.750,172.500,0,OK
33010226,0.330000,5.086250,33.000,167.500,0,OK
33020222,0.332500,5.082500,33.250,170.000,0,OK
33030226,0.337500,5.086250,33.250,170.000,0,OK
33040222,0.332500,5.087500,33.250,170.000,0,OK
33050226,0.332500,5.086250,33.000,167.500,0,OK
33060222,0.330000,5.086250,33.000,167.500,0,OK
33070226,0.332500,5.087500,33.250,167.500,0,OK
33080218,0.330000,5.086250,33.000,167.500,0,OK
33090230,0.335000,5.086250,33.500,170.000,0,OK
33100218,0.332500,5.086250,33.250,170.000,0,OK
33110230,0.332500,5.082500,33.250,170.000,0,OK
33120218,0.332500,5.085000,33.000,167.500,0,OK
33130230,0.332500,5.085000,33.250,170.000,0,OK
33140218,0.332500,5.086250,33.250,170.000,0,OK
33150230,0.332500,5.085000,33.250,170.000,0,OK
33160218,0.332500,5.085000,33.000,167.500,0,OK
33170230,0.330000,5.085000,33.000,167.500,0,OK
33180218,0.332500,5.085000,33.250,167.500,0,OK
33190230,0.330000,5.085000,33.000,167.500,0,OK
33200218,0.335000,5.083750,33.500,170.000,0,OK
33210230,0.335000,5.085000,33.000,167.500,0,OK
33220218,0.335000,5.086250,33.500,170.000,0,OK
33230230,0.332500,5.085000,32.500,166.250,0,OK
33240218,0.332500,5.086250,33.250,170.000,0,OK
33250230,0.335000,5.085000,33.000,170.000,0,OK
33260218,0.330000,5.087500,33.000,167.500,0,OK
33270230,0.332500,5.085000,33.250,167.500,0,OK
33280218,0.327500,5.085000,32.750,166.250,0,OK
33290230,0.330000,5.083750,33.000,167.500,0,OK
33300218,0.330000,5.086250,33.250,170.000,0,OK
33310226,0.330000,5.086250,33.000,167.500,0,OK
33320222,0.330000,5.085000,32.750,166.250,0,OK
33330226,0.330000,5.085000,33.000,167.500,0,OK
33340222,0.330000,5.086250,33.250,167.500,0,OK
33350226,0.332500,5.085000,33.250,170.000,0,OK
33360222,0.332500,5.080000,33.250,167.500,0,OK
33370226,0.330000,5.086250,33.000,167.500,0,OK
33380222,0.335000,5.083750,33.500,170.000,0,OK
33390226,0.330000,5.087500,33.250,170.000,0,OK
33400222,0.335000,5.085000,33.500,170.000,0,OK
33410226,0.330000,5.086250,33.250,170.000,0,OK
33420222,0.330000,5.085000,33.000,167.500,0,OK
33430226,0.332500,5.085000,33.000,167.500,0,OK
33440222,0.332500,5.086250,33.250,170.000,0,OK
33450226,0.330000,5.080000,33.000,167.500,0,OK
33460222,0.330000,5.083750,33.000,167.500,0,OK
33470226,0.335000,5.086250,33.500,170.000,0,OK
33480218,0.327500,5.083750,33.250,170.000,0,OK
33490230,0.332500,5.086250,33.250,170.000,0,OK
33500218,0.330000,5.085000,33.000,167.500,0,OK
33510230,0.332500,5.086250,33.250,170.000,0,OK
33520218,0.330000,5.086250,33.250,167.500,0,OK
33530230,0.330000,5.085000,33.000,167.500,0,OK
33540218,0.335000,5.082500,33.500,170.000,0,OK
33550230,0.345000,5.086250,33.000,167.500,0,OK
33560218,0.335000,5.086250,33.500,170.000,0,OK
33570226,0.332500,5.085000,33.000,167.500,0,OK
33580222,0.332500,5.085000,33.250,170.000,0,OK
33590226,0.332500,5.085000,33.250,170.000,0,OK
33600222,0.332500,5.083750,33.250,170.000,0,OK
33610226,0.335000,5.086250,33.500,170.000,0,OK
33620222,0.335000,5.086250,33.500,170.000,0,OK
33630226,0.332500,5.081250,33.250,167.500,0,OK
33640222,0.337500,5.086250,33.500,170.000,0,OK
33650226,0.330000,5.087500,33.000,167.500,0,OK
33660222,0.332500,5.085000,33.250,170.000,0,OK
33670226,0.330000,5.085000,33.000,167.500,0,OK
33680222,0.335000,5.086250,33.000,170.000,0,OK
33690226,0.332500,5.086250,33.250,170.000,0,OK
33700222,0.332500,5.086250,33.250,167.500,0,OK
33710226,0.335000,5.086250,33.500,170.000,0,OK
33720222,0.332500,5.082500,33.250,170.000,0,OK
33730226,0.337500,5.086250,33.250,170.000,0,OK
33740222,0.335000,5.085000,33.500,170.000,0,OK
33750226,0.330000,5.086250,33.000,167.500,0,OK
33760222,0.330000,5.086250,33.000,167.500,0,OK
33770226,0.332500,5.085000,33.250,167.500,0,OK
33780218,0.330000,5.086250,33.000,167.500,0,OK
33790230,0.335000,5.086250,33.500,170.000,0,OK
33800218,0.332500,5.083750,33.250,170.000,0,OK
33810230,0.332500,5.085000,33.250,170.000,0,OK
33820218,0.332500,5.085000,33.250,170.000,0,OK
33830230,0.332500,5.085000,33.250,170.000,0,OK
33840218,0.332500,5.086250,33.000,167.500,0,OK
33850230,0.330000,5.085000,33.000,167.500,0,OK
33860218,0.335000,5.086250,33.500,170.000,0,OK
33870230,0.330000,5.083750,33.000,167.500,0,OK
33880218,0.332500,5.083750,33.250,167.500,0,OK
33890226,0.330000,5.085000,33.000,167.500,0,OK
33900222,0.332500,5.082500,33.250,170.000,0,OK
33910226,0.330000,5.086250,33.000,167.500,0,OK
33920222,0.332500,5.086250,33.250,170.000,0,OK
33930226,0.332500,5.083750,33.250,170.000,0,OK
33940222,0.335000,5.083750,33.500,170.000,0,OK
33950226,0.335000,5.086250,33.000,170.000,0,OK
33960222,0.332500,5.086250,33.250,170.000,0,OK
33970226,0.332500,5.081250,33.250,167.500,0,OK
33980222,0.332500,5.085000,33.250,170.000,0,OK
33990226,0.330000,5.085000,33.000,167.500,0,OK
34000222,0.330000,5.085000,33.000,167.500,0,OK
34010226,0.332500,5.086250,33.250,170.000,0,OK
34020222,0.332500,5.085000,33.250,170.000,0,OK
34030226,0.330000,5.085000,33.000,167.500,0,OK
34040222,0.332500,5.086250,33.250,167.500,0,OK
34050226,0.332500,5.085000,33.250,170.000,0,OK
34060222,0.332500,5.081250,33.250,167.500,0,OK
34070226,0.332500,5.086250,33.250,170.000,0,OK
34080222,0.335000,5.085000,33.500,170.000,0,OK
34090226,0.330000,5.086250,33.000,167.500,0,OK
34100222,0.332500,5.085000,33.250,170.000,0,OK
34110226,0.335000,5.085000,33.250,170.000,0,OK
34120222,0.332500,5.086250,33.250,170.000,0,OK
34130226,0.330000,5.083750,33.000,167.500,0,OK
34140222,0.332500,5.085000,33.250,170.000,0,OK
34150226,0.332500,5.078750,33.250,167.500,0,OK
34160222,0.342500,5.086250,33.250,170.000,0,OK
34170226,0.337500,5.085000,33.750,172.500,0,OK
34180222,0.330000,5.085000,33.250,170.000,0,OK
34190226,0.332500,5.087500,33.250,170.000,0,OK
34200222,0.335000,5.086250,33.000,167.500,0,OK
34210226,0.332500,5.085000,33.250,170.000,0,OK
34220218,0.332500,5.085000,33.250,167.500,0,OK
34230230,0.330000,5.083750,33.000,167.500,0,OK
34240218,0.335000,5.082500,33.500,170.000,0,OK
34250226,0.340000,5.086250,33.250,170.000,0,OK
34260222,0.335000,5.086250,33.500,170.000,0,OK
34270226,0.332500,5.085000,33.000,167.500,0,OK
34280222,0.332500,5.085000,33.250,170.000,0,OK
34290226,0.330000,5.086250,33.250,167.500,0,OK
34300222,0.335000,5.086250,33.500,170.000,0,OK
34310226,0.332500,5.086250,33.250,167.500,0,OK
34320222,0.327500,5.085000,32.750,166.250,0,OK
34330226,0.332500,5.081250,33.250,167.500,0,OK
34340222,0.337500,5.086250,32.750,166.250,0,OK
34350226,0.330000,5.086250,33.000,167.500,0,OK
34360218,0.335000,5.086250,33.000,167.500,0,OK
34370226,0.327500,5.086250,32.750,166.250,0,OK
34380218,0.332500,5.085000,33.500,167.500,0,OK
34390226,0.327500,5.086250,32.750,166.250,0,OK
34400222,0.332500,5.087500,33.250,167.500,0,OK
34410226,0.330000,5.085000,33.000,167.500,0,OK
34420222,0.335000,5.083750,33.500,170.000,0,OK
34430226,0.335000,5.085000,33.250,170.000,0,OK
34440222,0.335000,5.087500,33.500,170.000,0,OK
34450226,0.327500,5.085000,33.250,170.000,0,OK
34460222,0.330000,5.086250,33.000,167.500,0,OK
34470226,0.332500,5.086250,33.000,167.500,0,OK
34480218,0.330000,5.085000,33.000,167.500,0,OK
34490230,0.332500,5.086250,33.250,167.500,0,OK
34500218,0.335000,5.083750,33.500,170.000,0,OK
34510230,0.332500,5.086250,33.250,170.000,0,OK
34520218,0.332500,5.086250,33.000,167.500,0,OK
34530230,0.332500,5.085000,33.250,170.000,0,OK
34540218,0.335000,5.086250,33.000,167.500,0,OK
34550230,0.332500,5.085000,33.250,170.000,0,OK
34560218,0.335000,5.086250,33.000,170.000,0,OK
34570230,0.327500,5.086250,32.750,166.250,0,OK
34580218,0.335000,5.077500,33.500,170.000,0,OK
34590226,0.330000,5.085000,33.000,167.500,0,OK
34600222,0.337500,5.083750,33.750,172.500,0,OK
34610226,0.332500,5.086250,33.250,170.000,0,OK
34620222,0.332500,5.086250,33.250,170.000,0,OK
34630226,0.335000,5.085000,32.750,166.250,0,OK
34640222,0.330000,5.083750,33.000,167.500,0,OK
34650226,0.332500,5.086250,33.250,167.500,0,OK
34660218,0.332500,5.086250,33.250,170.000,0,OK
34670230,0.332500,5.078750,33.250,167.500,0,OK
34680218,0.335000,5.085000,33.500,170.000,0,OK
34690230,0.332500,5.085000,33.250,170.000,0,OK
34700218,0.330000,5.086250,33.250,170.000,0,OK
34710230,0.335000,5.086250,33.500,170.000,0,OK
34720218,0.332500,5.085000,33.500,170.000,0,OK
34730230,0.330000,5.085000,33.000,167.500,0,OK
34740218,0.332500,5.085000,33.250,167.500,0,OK
34750230,0.330000,5.086250,33.000,167.500,0,OK
34760218,0.332500,5.081250,33.250,167.500,0,OK
34770226,0.345000,5.086250,33.250,170.000,0,OK
34780222,0.332500,5.085000,33.250,170.000,0,OK
34790226,0.330000,5.085000,33.000,167.500,0,OK
34800222,0.332500,5.087500,33.250,170.000,0,OK
34810226,0.335000,5.085000,33.250,170.000,0,OK
34820222,0.332500,5.085000,33.250,170.000,0,OK
34830226,0.332500,5.085000,33.250,167.500,0,OK
34840222,0.330000,5.086250,33.000,167.500,0,OK
34850226,0.332500,5.082500,33.250,170.000,0,OK
34860218,0.340000,5.086250,33.250,170.000,0,OK
34870230,0.332500,5.086250,33.250,170.000,0,OK
34880218,0.330000,5.083750,33.000,167.500,0,OK
34890230,0.332500,5.087500,33.250,170.000,0,OK
34900218,0.332500,5.087500,33.250,167.500,0,OK
34910230,0.330000,5.085000,33.000,167.500,0,OK
34920218,0.337500,5.086250,33.750,172.500,0,OK
34930230,0.330000,5.085000,33.000,167.500,0,OK
34940218,0.332500,5.082500,33.250,170.000,0,OK
34950230,0.337500,5.086250,33.250,170.000,0,OK
34960218,0.332500,5.086250,33.250,170.000,0,OK
34970230,0.332500,5.083750,33.000,167.500,0,OK
34980218,0.330000,5.085000,33.000,167.500,0,OK
34990230,0.332500,5.086250,33.000,167.500,0,OK
35000218,0.332500,5.085000,33.250,170.000,0,OK
35010230,0.332500,5.086250,33.250,167.500,0,OK
35020218,0.330000,5.086250,33.000,167.500,0,OK
35030230,0.332500,5.082500,33.250,170.000,0,OK
35040218,0.335000,5.085000,33.000,167.500,0,OK
35050230,0.335000,5.085000,33.500,170.000,0,OK
35060218,0.330000,5.085000,33.250,170.000,0,OK
35070230,0.330000,5.085000,33.000,167.500,0,OK
35080218,0.335000,5.083750,33.250,170.000,0,OK
35090230,0.330000,5.085000,33.000,167.500,0,OK
35100218,0.330000,5.086250,33.000,167.500,0,OK
35110230,0.330000,5.085000,33.000,167.500,0,OK
35120218,0.335000,5.083750,33.500,170.000,0,OK
35130230,0.332500,5.085000,33.000,167.500,0,OK
35140218,0.332500,5.087500,33.250,170.000,0,OK
35150230,0.332500,5.085000,33.000,167.500,0,OK
35160218,0.330000,5.086250,33.000,167.500,0,OK
35170230,0.335000,5.087500,33.250,170.000,0,OK
35180218,0.330000,5.086250,33.000,167.500,0,OK
35190230,0.335000,5.078750,33.500,170.000,0,OK
35200218,0.332500,5.085000,33.250,170.000,0,OK
35210230,0.332500,5.086250,33.250,170.000,0,OK
35220218,0.330000,5.086250,33.250,170.000,0,OK
35230230,0.332500,5.086250,33.250,170.000,0,OK
35240218,0.332500,5.086250,33.250,170.000,0,OK
35250230,0.330000,5.083750,33.000,167.500,0,OK
35260218,0.332500,5.086250,33.250,167.500,0,OK
35270226,0.332500,5.086250,33.250,170.000,0,OK
35280222,0.332500,5.077500,33.250,167.500,0,OK
35290226,0.332500,5.085000,33.250,170.000,0,OK
35300222,0.332500,5.085000,33.250,170.000,0,OK
35310226,0.330000,5.087500,33.250,170.000,0,OK
35320222,0.330000,5.086250,33.000,167.500,0,OK
35330226,0.332500,5.085000,33.000,167.500,0,OK
35340218,0.332500,5.086250,33.250,170.000,0,OK
35350230,0.332500,5.086250,33.250,167.500,0,OK
35360218,0.332500,5.087500,33.250,170.000,0,OK
35370230,0.330000,5.080000,33.000,167.500,0,OK
35380218,0.345000,5.086250,33.250,170.000,0,OK
35390226,0.332500,5.086250,33.250,170.000,0,OK
35400222,0.330000,5.085000,33.000,167.500,0,OK
35410226,0.335000,5.086250,33.500,170.000,0,OK
35420222,0.332500,5.086250,33.250,170.000,0,OK
35430226,0.330000,5.083750,33.000,167.500,0,OK
35440222,0.332500,5.086250,33.250,167.500,0,OK
35450226,0.332500,5.085000,33.250,170.000,0,OK
35460222,0.332500,5.083750,33.250,170.000,0,OK
35470226,0.345000,5.086250,32.750,166.250,0,OK
35480222,0.335000,5.085000,33.500,170.000,0,OK
35490226,0.332500,5.086250,33.000,167.500,0,OK
35500222,0.330000,5.087500,33.000,167.500,0,OK
35510226,0.332500,5.085000,33.000,167.500,0,OK
35520222,0.332500,5.083750,33.250,170.000,0,OK
35530226,0.335000,5.085000,33.500,170.000,0,OK
35540222,0.327500,5.086250,32.750,166.250,0,OK
35550226,0.332500,5.082500,33.250,170.000,0,OK
35560218,0.337500,5.085000,33.250,170.000,0,OK
35570230,0.332500,5.086250,33.250,170.000,0,OK
35580218,0.330000,5.083750,33.500,170.000,0,OK
35590230,0.330000,5.085000,33.000,167.500,0,OK
35600218,0.335000,5.085000,33.000,170.000,0,OK
35610230,0.327500,5.086250,32.750,166.250,0,OK
35620218,0.335000,5.085000,33.500,170.000,0,OK
35630226,0.332500,5.085000,33.250,170.000,0,OK
35640222,0.332500,5.085000,33.250,170.000,0,OK
35650226,0.335000,5.085000,33.250,170.000,0,OK
35660222,0.335000,5.086250,33.500,170.000,0,OK
35670226,0.330000,5.086250,33.000,167.500,0,OK
35680222,0.332500,5.085000,33.250,170.000,0,OK
35690226,0.330000,5.083750,33.000,167.500,0,OK
35700222,0.332500,5.086250,33.250,170.000,0,OK
35710226,0.330000,5.086250,33.000,167.500,0,OK
35720222,0.335000,5.086250,33.500,170.000,0,OK
35730226,0.332500,5.081250,33.250,167.500,0,OK
35740222,0.335000,5.086250,33.250,170.000,0,OK
35750226,0.332500,5.085000,33.250,170.000,0,OK
35760222,0.330000,5.086250,33.250,170.000,0,OK
35770226,0.332500,5.085000,33.250,170.000,0,OK
35780222,0.332500,5.083750,33.000,167.500,0,OK
35790226,0.332500,5.085000,33.250,170.000,0,OK
35800222,0.335000,5.080000,33.500,170.000,0,OK
35810226,0.332500,5.085000,33.250,170.000,0,OK
35820222,0.335000,5.085000,33.500,170.000,0,OK
35830226,0.330000,5.083750,33.250,170.000,0,OK
35840222,0.335000,5.085000,33.500,170.000,0,OK
35850226,0.332500,5.086250,32.750,166.250,0,OK
35860222,0.330000,5.086250,33.000,167.500,0,OK
35870226,0.332500,5.086250,33.000,167.500,0,OK
35880218,0.332500,5.085000,33.250,170.000,0,OK
35890230,0.332500,5.080000,33.250,167.500,0,OK
35900218,0.330000,5.085000,33.000,167.500,0,OK
35910230,0.330000,5.085000,33.000,167.500,0,OK
35920218,0.332500,5.085000,33.250,170.000,0,OK
35930230,0.332500,5.086250,33.250,170.000,0,OK
35940218,0.335000,5.085000,33.000,167.500,0,OK
35950230,0.332500,5.086250,33.250,170.000,0,OK
35960218,0.337500,5.085000,33.000,172.500,0,OK
35970230,0.332500,5.085000,33.250,170.000,0,OK
35980218,0.332500,5.080000,33.250,167.500,0,OK
35990230,0.342500,5.085000,32.750,166.250,0,OK
36000218,0.337500,5.085000,33.750,172.500,0,OK
36010230,0.332500,5.085000,33.000,167.500,0,OK
36020218,0.332500,5.085000,33.250,170.000,0,OK
36030230,0.335000,5.083750,33.500,170.000,0,OK
36040218,0.332500,5.085000,33.250,170.000,0,OK
36050230,0.332500,5.086250,33.250,167.500,0,OK
36060218,0.330000,5.083750,33.000,167.500,0,OK
36070230,0.335000,5.081250,33.500,170.000,0,OK
36080218,0.342500,5.085000,33.250,170.000,0,OK
36090230,0.332500,5.086250,33.250,170.000,0,OK
36100218,0.330000,5.085000,33.000,167.500,0,OK
36110230,0.330000,5.086250,33.000,167.500,0,OK
36120218,0.332500,5.086250,33.000,167.500,0,OK
36130226,0.330000,5.085000,33.000,167.500,0,OK
36140222,0.332500,5.083750,33.250,167.500,0,OK
36150226,0.330000,5.085000,33.000,167.500,0,OK
36160222,0.335000,5.085000,33.500,170.000,0,OK
36170226,0.337500,5.083750,32.750,166.250,0,OK
36180222,0.335000,5.086250,33.500,170.000,0,OK
36190226,0.330000,5.085000,32.750,166.250,0,OK
36200222,0.332500,5.086250,33.250,170.000,0,OK
36210226,0.332500,5.087500,33.250,167.500,0,OK
36220222,0.332500,5.085000,33.250,170.000,0,OK
36230226,0.332500,5.085000,33.250,167.500,0,OK
36240222,0.330000,5.086250,33.000,167.500,0,OK
36250226,0.330000,5.081250,33.000,167.500,0,OK
36260218,0.335000,5.086250,33.500,170.000,0,OK
36270226,0.332500,5.087500,33.250,170.000,0,OK
36280222,0.332500,5.085000,33.250,170.000,0,OK
36290226,0.332500,5.087500,33.250,170.000,0,OK
36300222,0.332500,5.086250,33.250,167.500,0,OK
36310226,0.332500,5.087500,33.250,170.000,0,OK
36320222,0.332500,5.086250,33.250,167.500,0,OK
36330226,0.330000,5.083750,33.000,167.500,0,OK
36340222,0.332500,5.082500,33.250,170.000,0,OK
36350226,0.332500,5.085000,33.250,170.000,0,OK
36360222,0.330000,5.086250,33.000,167.500,0,OK
36370226,0.335000,5.086250,33.250,170.000,0,OK
36380218,0.332500,5.085000,33.250,170.000,0,OK
36390230,0.335000,5.085000,33.250,170.000,0,OK
36400218,0.332500,5.085000,33.250,170.000,0,OK
36410230,0.335000,5.080000,33.500,170.000,0,OK
36420218,0.330000,5.086250,33.000,167.500,0,OK
36430230,0.332500,5.083750,33.250,170.000,0,OK
36440218,0.330000,5.085000,33.250,170.000,0,OK
36450230,0.332500,5.086250,33.250,170.000,0,OK
36460218,0.335000,5.087500,33.000,167.500,0,OK
36470230,0.330000,5.085000,33.000,167.500,0,OK
36480218,0.332500,5.085000,33.250,167.500,0,OK
36490230,0.332500,5.085000,33.250,170.000,0,OK
36500218,0.332500,5.078750,33.250,167.500,0,OK
36510230,0.330000,5.086250,33.000,167.500,0,OK
36520218,0.332500,5.083750,33.250,170.000,0,OK
36530226,0.330000,5.085000,33.250,170.000,0,OK
36540222,0.335000,5.086250,33.500,170.000,0,OK
36550226,0.332500,5.086250,33.250,170.000,0,OK
36560222,0.330000,5.087500,33.000,167.500,0,OK
36570226,0.332500,5.086250,33.000,167.500,0,OK
36580222,0.332500,5.085000,33.250,170.000,0,OK
36590226,0.330000,5.081250,33.000,167.500,0,OK
36600222,0.332500,5.086250,33.250,170.000,0,OK
36610226,0.330000,5.087500,33.000,167.500,0,OK
36620222,0.330000,5.085000,33.000,167.500,0,OK
36630226,0.332500,5.085000,33.250,170.000,0,OK
36640222,0.332500,5.086250,33.000,167.500,0,OK
36650226,0.332500,5.085000,33.250,170.000,0,OK
36660222,0.332500,5.086250,33.500,167.500,0,OK
36670226,0.330000,5.083750,33.000,167.500,0,OK
36680222,0.332500,5.081250,33.250,167.500,0,OK
36690226,0.342500,5.085000,33.250,170.000,0,OK
36700222,0.337500,5.085000,33.750,172.500,0,OK
36710226,0.332500,5.085000,32.750,166.250,0,OK
36720222,0.332500,5.085000,33.250,170.000,0,OK
36730226,0.330000,5.083750,33.250,167.500,0,OK
36740222,0.332500,5.086250,33.250,170.000,0,OK
36750226,0.330000,5.086250,33.000,167.500,0,OK
36760222,0.332500,5.085000,33.250,170.000,0,OK
36770226,0.330000,5.082500,33.000,167.500,0,OK
36780222,0.342500,5.083750,33.250,170.000,0,OK
36790226,0.332500,5.086250,33.250,170.000,0,OK
36800222,0.332500,5.086250,33.250,170.000,0,OK
36810226,0.330000,5.086250,33.000,167.500,0,OK
36820222,0.335000,5.086250,33.000,170.000,0,OK
36830226,0.330000,5.083750,33.000,167.500,0,OK
36840222,0.330000,5.086250,33.000,167.500,0,OK
36850226,0.330000,5.085000,33.000,167.500,0,OK
36860218,0.335000,5.083750,33.500,170.000,0,OK
36870230,0.337500,5.085000,33.250,170.000,0,OK
36880218,0.332500,5.085000,33.250,170.000,0,OK
36890230,0.335000,5.086250,32.750,166.250,0,OK
36900218,0.332500,5.086250,33.250,170.000,0,OK
36910226,0.332500,5.085000,33.000,167.500,0,OK
36920222,0.330000,5.086250,33.000,167.500,0,OK
36930226,0.332500,5.085000,33.250,167.500,0,OK
36940218,0.330000,5.085000,33.000,167.500,0,OK
36950230,0.332500,5.082500,33.250,170.000,0,OK
36960218,0.330000,5.085000,33.250,170.000,0,OK
36970230,0.330000,5.086250,33.000,167.500,0,OK
36980218,0.335000,5.085000,33.500,170.000,0,OK
36990226,0.330000,5.086250,33.000,167.500,0,OK
37000222,0.330000,5.086250,33.000,167.500,0,OK
37010226,0.332500,5.086250,33.250,170.000,0,OK
37020218,0.332500,5.086250,33.250,167.500,0,OK
37030230,0.332500,5.085000,33.250,170.000,0,OK
37040218,0.332500,5.083750,33.250,170.000,0,OK
37050230,0.330000,5.085000,33.500,170.000,0,OK
37060218,0.330000,5.085000,33.000,167.500,0,OK
37070230,0.330000,5.086250,33.000,167.500,0,OK
37080218,0.330000,5.085000,33.000,167.500,0,OK
37090226,0.332500,5.085000,33.250,167.500,0,OK
37100222,0.332500,5.086250,33.250,170.000,0,OK
37110226,0.332500,5.080000,33.250,167.500,0,OK
37120222,0.330000,5.085000,33.000,167.500,0,OK
37130226,0.332500,5.085000,33.250,170.000,0,OK
37140222,0.327500,5.085000,33.500,170.000,0,OK
37150226,0.335000,5.086250,33.500,170.000,0,OK
37160222,0.332500,5.085000,33.250,170.000,0,OK
37170226,0.330000,5.086250,33.000,167.500,0,OK
37180222,0.332500,5.083750,33.000,167.500,0,OK
37190226,0.330000,5.085000,33.000,167.500,0,OK
37200222,0.332500,5.081250,33.250,167.500,0,OK
37210226,0.330000,5.085000,33.000,167.500,0,OK
37220222,0.330000,5.087500,33.000,167.500,0,OK
37230226,0.330000,5.085000,33.250,170.000,0,OK
37240222,0.332500,5.086250,33.250,170.000,0,OK
37250226,0.335000,5.085000,33.000,167.500,0,OK
37260222,0.330000,5.086250,33.000,167.500,0,OK
37270226,0.332500,5.086250,33.250,167.500,0,OK
37280218,0.332500,5.085000,33.250,170.000,0,OK
37290230,0.332500,5.081250,33.250,167.500,0,OK
37300218,0.345000,5.083750,33.250,170.000,0,OK
37310230,0.335000,5.086250,33.500,170.000,0,OK
37320218,0.330000,5.085000,33.250,170.000,0,OK
37330230,0.332500,5.086250,33.250,170.000,0,OK
37340218,0.335000,5.086250,33.250,170.000,0,OK
37350230,0.330000,5.085000,33.000,167.500,0,OK
37360218,0.335000,5.086250,33.500,170.000,0,OK
37370230,0.332500,5.085000,33.250,170.000,0,OK
37380218,0.332500,5.081250,33.250,167.500,0,OK
37390230,0.340000,5.086250,33.250,170.000,0,OK
37400218,0.335000,5.086250,33.500,170.000,0,OK
37410230,0.332500,5.085000,33.000,167.500,0,OK
37420218,0.330000,5.085000,33.000,167.500,0,OK
37430230,0.335000,5.085000,33.250,170.000,0,OK
37440218,0.332500,5.085000,33.250,170.000,0,OK
37450230,0.332500,5.086250,33.250,167.500,0,OK
37460218,0.335000,5.085000,33.500,170.000,0,OK
37470230,0.332500,5.082500,33.250,170.000,0,OK
37480218,0.340000,5.085000,33.250,170.000,0,OK
37490230,0.332500,5.086250,33.250,170.000,0,OK
37500218,0.332500,5.085000,33.000,167.500,0,OK
37510230,0.330000,5.086250,33.000,167.500,0,OK
37520218,0.332500,5.085000,33.500,167.500,0,OK
37530226,0.332500,5.086250,33.250,170.000,0,OK
37540222,0.332500,5.086250,33.250,167.500,0,OK
37550226,0.330000,5.085000,33.000,167.500,0,OK
37560222,0.332500,5.083750,33.250,170.000,0,OK
37570226,0.332500,5.086250,33.250,170.000,0,OK
37580222,0.335000,5.085000,33.500,170.000,0,OK
37590226,0.332500,5.085000,33.250,170.000,0,OK
37600222,0.330000,5.086250,33.000,167.500,0,OK
37610226,0.335000,5.085000,33.250,170.000,0,OK
37620218,0.332500,5.085000,33.250,170.000,0,OK
37630230,0.332500,5.083750,33.250,167.500,0,OK
37640218,0.330000,5.085000,33.000,167.500,0,OK
37650230,0.335000,5.085000,33.500,170.000,0,OK
37660218,0.330000,5.085000,33.000,167.500,0,OK
37670230,0.337500,5.087500,33.750,172.500,0,OK
37680218,0.330000,5.085000,33.000,167.500,0,OK
37690230,0.332500,5.085000,33.250,170.000,0,OK
37700218,0.332500,5.087500,33.000,167.500,0,OK
37710230,0.332500,5.085000,33.250,170.000,0,OK
37720218,0.332500,5.081250,33.250,167.500,0,OK
37730230,0.332500,5.085000,33.250,170.000,0,OK
37740218,0.335000,5.083750,33.500,170.000,0,OK
37750230,0.330000,5.085000,33.000,167.500,0,OK
37760218,0.330000,5.087500,33.000,167.500,0,OK
37770230,0.335000,5.085000,33.000,167.500,0,OK
37780218,0.330000,5.085000,33.000,167.500,0,OK
37790230,0.332500,5.086250,33.250,167.500,0,OK
37800218,0.330000,5.083750,33.000,167.500,0,OK
37810230,0.330000,5.081250,33.000,167.500,0,OK
37820218,0.332500,5.086250,33.250,170.000,0,OK
37830226,0.332500,5.085000,33.250,170.000,0,OK
37840222,0.330000,5.085000,33.250,170.000,0,OK
37850226,0.332500,5.085000,33.250,170.000,0,OK
37860222,0.335000,5.085000,33.000,167.500,0,OK
37870226,0.330000,5.083750,33.000,167.500,0,OK
37880222,0.332500,5.085000,33.250,167.500,0,OK
37890226,0.327500,5.086250,32.750,166.250,0,OK
37900222,0.335000,5.082500,33.500,170.000,0,OK
37910226,0.345000,5.085000,33.500,170.000,0,OK
37920222,0.332500,5.085000,33.250,170.000,0,OK
37930226,0.330000,5.085000,33.250,170.000,0,OK
37940222,0.332500,5.085000,33.250,170.000,0,OK
37950226,0.332500,5.086250,33.000,167.500,0,OK
37960222,0.330000,5.083750,33.000,167.500,0,OK
37970226,0.335000,5.087500,33.500,170.000,0,OK
37980218,0.330000,5.083750,33.000,167.500,0,OK
37990230,0.330000,5.081250,33.000,167.500,0,OK
38000218,0.342500,5.086250,33.000,167.500,0,OK
38010226,0.335000,5.087500,33.500,170.000,0,OK
38020222,0.330000,5.086250,33.250,170.000,0,OK
38030226,0.332500,5.086250,33.250,170.000,0,OK
38040222,0.335000,5.083750,33.250,170.000,0,OK
38050226,0.335000,5.085000,33.500,170.000,0,OK
38060222,0.335000,5.085000,33.500,170.000,0,OK
38070226,0.332500,5.087500,33.250,170.000,0,OK
38080222,0.332500,5.082500,33.250,170.000,0,OK
38090226,0.337500,5.085000,33.250,170.000,0,OK
38100222,0.335000,5.085000,33.500,170.000,0,OK
38110226,0.330000,5.083750,33.000,167.500,0,OK
38120222,0.332500,5.085000,33.250,170.000,0,OK
38130226,0.332500,5.085000,33.000,167.500,0,OK
38140222,0.332500,5.086250,33.250,170.000,0,OK
38150226,0.332500,5.086250,33.250,167.500,0,OK
38160222,0.332500,5.086250,33.250,170.000,0,OK
38170226,0.330000,5.083750,33.000,167.500,0,OK
38180222,0.330000,5.085000,33.000,167.500,0,OK
38190226,0.332500,5.086250,33.250,170.000,0,OK
38200222,0.330000,5.085000,33.250,170.000,0,OK
38210226,0.330000,5.086250,33.000,167.500,0,OK
38220222,0.332500,5.086250,33.250,167.500,0,OK
38230226,0.330000,5.086250,33.000,167.500,0,OK
38240222,0.332500,5.086250,33.250,167.500,0,OK
38250226,0.332500,5.086250,33.250,170.000,0,OK
38260222,0.335000,5.085000,33.500,170.000,0,OK
38270226,0.330000,5.085000,33.250,170.000,0,OK
38280222,0.332500,5.085000,33.250,170.000,0,OK
38290226,0.332500,5.086250,33.500,170.000,0,OK
38300222,0.330000,5.086250,33.000,167.500,0,OK
38310226,0.335000,5.085000,32.750,170.000,0,OK
38320218,0.330000,5.086250,33.000,167.500,0,OK
38330230,0.332500,5.078750,33.250,167.500,0,OK
38340218,0.330000,5.085000,33.000,167.500,0,OK
38350230,0.337500,5.085000,33.750,172.500,0,OK
38360218,0.332500,5.086250,33.000,167.500,0,OK
38370230,0.332500,5.086250,33.250,170.000,0,OK
38380218,0.330000,5.085000,33.250,170.000,0,OK
38390230,0.332500,5.086250,33.250,170.000,0,OK
38400218,0.332500,5.086250,33.000,167.500,0,OK
38410230,0.332500,5.086250,33.250,170.000,0,OK
38420218,0.332500,5.080000,33.250,167.500,0,OK
38430230,0.330000,5.085000,33.000,167.500,0,OK
38440218,0.335000,5.086250,33.500,170.000,0,OK
38450230,0.332500,5.085000,33.000,167.500,0,OK
38460218,0.335000,5.086250,33.500,170.000,0,OK
38470230,0.335000,5.086250,33.000,167.500,0,OK
38480218,0.330000,5.085000,33.000,167.500,0,OK
38490226,0.332500,5.085000,33.250,167.500,0,OK
38500222,0.330000,5.086250,33.000,167.500,0,OK
38510226,0.332500,5.081250,33.250,167.500,0,OK
38520218,0.342500,5.085000,33.250,170.000,0,OK
38530230,0.332500,5.085000,33.250,170.000,0,OK
38540218,0.330000,5.085000,33.250,170.000,0,OK
38550230,0.335000,5.086250,33.500,170.000,0,OK
38560218,0.332500,5.086250,33.000,167.500,0,OK
38570230,0.332500,5.086250,33.250,170.000,0,OK
38580218,0.335000,5.086250,33.500,170.000,0,OK
38590230,0.332500,5.085000,33.250,170.000,0,OK
38600218,0.335000,5.081250,33.500,170.000,0,OK
38610230,0.342500,5.085000,33.250,170.000,0,OK
38620218,0.330000,5.085000,33.000,167.500,0,OK
38630230,0.332500,5.085000,33.000,167.500,0,OK
38640218,0.330000,5.086250,33.000,167.500,0,OK
38650230,0.332500,5.086250,33.250,167.500,0,OK
38660218,0.332500,5.085000,33.250,170.000,0,OK
38670230,0.332500,5.086250,33.250,167.500,0,OK
38680218,0.335000,5.085000,33.500,170.000,0,OK
38690230,0.332500,5.081250,33.250,167.500,0,OK
38700218,0.337500,5.085000,33.250,170.000,0,OK
38710230,0.332500,5.087500,33.250,170.000,0,OK
38720218,0.332500,5.086250,33.000,167.500,0,OK
38730230,0.330000,5.086250,33.000,167.500,0,OK
38740218,0.332500,5.085000,33.000,167.500,0,OK
38750226,0.330000,5.085000,33.000,167.500,0,OK
38760222,0.337500,5.086250,33.750,172.500,0,OK
38770226,0.332500,5.086250,33.250,170.000,0,OK
38780222,0.332500,5.083750,33.250,170.000,0,OK
38790226,0.332500,5.086250,33.250,170.000,0,OK
38800222,0.332500,5.087500,33.250,170.000,0,OK
38810226,0.332500,5.085000,33.250,170.000,0,OK
38820222,0.332500,5.085000,33.250,170.000,0,OK
38830226,0.335000,5.085000,33.000,170.000,0,OK
38840222,0.332500,5.086250,33.250,170.000,0,OK
38850226,0.332500,5.087500,33.250,167.500,0,OK
38860222,0.332500,5.086250,33.250,170.000,0,OK
38870226,0.330000,5.085000,33.000,167.500,0,OK
38880222,0.330000,5.086250,33.250,170.000,0,OK
38890226,0.332500,5.086250,33.250,170.000,0,OK
38900222,0.327500,5.086250,33.000,167.500,0,OK
38910226,0.330000,5.086250,33.000,167.500,0,OK
38920218,0.332500,5.086250,33.250,167.500,0,OK
38930226,0.332500,5.085000,33.250,170.000,0,OK
38940222,0.332500,5.078750,33.250,167.500,0,OK
38950226,0.330000,5.086250,33.000,167.500,0,OK
38960222,0.332500,5.086250,33.250,170.000,0,OK
38970226,0.330000,5.086250,33.250,170.000,0,OK
38980222,0.332500,5.085000,33.250,170.000,0,OK
38990226,0.332500,5.086250,33.000,167.500,0,OK
39000222,0.332500,5.086250,33.250,170.000,0,OK
39010226,0.335000,5.087500,32.750,170.000,0,OK
39020222,0.330000,5.085000,33.000,167.500,0,OK
39030226,0.332500,5.080000,33.250,167.500,0,OK
39040222,0.330000,5.085000,33.000,167.500,0,OK
39050226,0.335000,5.086250,33.500,170.000,0,OK
39060222,0.332500,5.085000,33.500,170.000,0,OK
39070226,0.330000,5.085000,33.000,167.500,0,OK
39080222,0.332500,5.083750,33.250,170.000,0,OK
39090226,0.330000,5.085000,33.000,167.500,0,OK
39100222,0.337500,5.086250,33.500,172.500,0,OK
39110226,0.332500,5.086250,33.250,170.000,0,OK
39120222,0.330000,5.082500,33.000,167.500,0,OK
39130226,0.347500,5.083750,33.250,170.000,0,OK
39140218,0.332500,5.085000,33.250,170.000,0,OK
39150230,0.332500,5.085000,33.000,167.500,0,OK
39160218,0.332500,5.086250,33.250,170.000,0,OK
39170230,0.332500,5.085000,33.250,170.000,0,OK
39180218,0.332500,5.085000,33.250,170.000,0,OK
39190230,0.335000,5.085000,33.500,170.000,0,OK
39200218,0.330000,5.086250,33.000,167.500,0,OK
39210230,0.332500,5.085000,33.250,170.000,0,OK
39220218,0.340000,5.085000,33.250,170.000,0,OK
39230230,0.332500,5.085000,33.250,170.000,0,OK
39240218,0.332500,5.086250,33.500,170.000,0,OK
39250230,0.332500,5.085000,33.250,170.000,0,OK
39260218,0.335000,5.086250,33.250,170.000,0,OK
39270230,0.330000,5.086250,33.000,167.500,0,OK
39280218,0.335000,5.085000,33.500,170.000,0,OK
39290226,0.332500,5.086250,33.250,170.000,0,OK
39300222,0.332500,5.082500,33.250,170.000,0,OK
39310226,0.340000,5.087500,33.250,170.000,0,OK
39320222,0.332500,5.086250,33.250,170.000,0,OK
39330226,0.332500,5.086250,33.000,167.500,0,OK
39340222,0.332500,5.086250,33.250,170.000,0,OK
39350226,0.335000,5.087500,32.750,170.000,0,OK
39360222,0.330000,5.086250,33.000,167.500,0,OK
39370226,0.332500,5.085000,33.250,167.500,0,OK
39380218,0.332500,5.086250,33.250,170.000,0,OK
39390230,0.332500,5.085000,33.250,170.000,0,OK
39400218,0.337500,5.086250,33.500,170.000,0,OK
39410230,0.332500,5.086250,33.250,170.000,0,OK
39420218,0.330000,5.086250,33.500,170.000,0,OK
39430230,0.330000,5.082500,33.000,167.500,0,OK
39440218,0.330000,5.085000,33.000,167.500,0,OK
39450226,0.332500,5.087500,33.250,170.000,0,OK
39460222,0.335000,5.086250,33.500,170.000,0,OK
39470226,0.332500,5.085000,33.250,170.000,0,OK
39480222,0.330000,5.082500,33.000,167.500,0,OK
39490226,0.330000,5.085000,33.000,167.500,0,OK
39500218,0.332500,5.086250,33.250,170.000,0,OK
39510230,0.332500,5.086250,33.000,167.500,0,OK
39520218,0.330000,5.085000,33.000,167.500,0,OK
39530230,0.332500,5.086250,33.250,167.500,0,OK
39540218,0.332500,5.086250,33.250,170.000,0,OK
39550230,0.332500,5.078750,33.250,167.500,0,OK
39560218,0.327500,5.085000,32.750,166.250,0,OK
39570230,0.332500,5.083750,33.250,170.000,0,OK
39580218,0.332500,5.085000,33.000,167.500,0,OK
39590230,0.330000,5.085000,33.000,167.500,0,OK
39600218,0.332500,5.086250,33.500,170.000,0,OK
39610230,0.330000,5.086250,33.000,167.500,0,OK
39620218,0.332500,5.086250,33.000,167.500,0,OK
39630226,0.332500,5.086250,33.250,170.000,0,OK
39640222,0.335000,5.082500,33.500,170.000,0,OK
39650226,0.330000,5.085000,33.000,167.500,0,OK
39660222,0.335000,5.086250,33.500,170.000,0,OK
39670226,0.335000,5.085000,33.000,167.500,0,OK
39680222,0.332500,5.085000,33.250,170.000,0,OK
39690226,0.332500,5.086250,33.250,170.000,0,OK
39700222,0.332500,5.086250,33.250,170.000,0,OK
39710226,0.330000,5.086250,33.000,167.500,0,OK
39720222,0.330000,5.086250,33.000,167.500,0,OK
39730226,0.332500,5.080000,33.250,167.500,0,OK
39740218,0.345000,5.086250,33.250,170.000,0,OK
39750230,0.332500,5.086250,33.250,170.000,0,OK
39760218,0.330000,5.085000,33.000,167.500,0,OK
39770230,0.332500,5.083750,33.250,170.000,0,OK
39780218,0.330000,5.085000,33.250,170.000,0,OK
39790230,0.330000,5.085000,33.000,167.500,0,OK
39800218,0.330000,5.087500,33.000,167.500,0,OK
39810230,0.330000,5.085000,33.000,167.500,0,OK
39820218,0.335000,5.082500,33.500,170.000,0,OK
39830230,0.340000,5.083750,33.250,170.000,0,OK
39840218,0.335000,5.086250,33.500,170.000,0,OK
39850230,0.330000,5.086250,33.000,167.500,0,OK
39860218,0.332500,5.085000,33.250,170.000,0,OK
39870226,0.332500,5.085000,33.000,167.500,0,OK
39880222,0.332500,5.083750,33.250,170.000,0,OK
39890226,0.332500,5.086250,33.250,167.500,0,OK
39900222,0.332500,5.085000,33.250,170.000,0,OK
39910226,0.335000,5.083750,33.500,170.000,0,OK
39920222,0.335000,5.085000,33.250,170.000,0,OK
39930226,0.337500,5.085000,33.750,172.500,0,OK
39940222,0.327500,5.086250,33.250,170.000,0,OK
39950226,0.330000,5.085000,33.000,167.500,0,OK
39960222,0.332500,5.086250,33.000,167.500,0,OK
39970226,0.330000,5.085000,33.000,167.500,0,OK
39980222,0.332500,5.085000,33.250,167.500,0,OK
39990226,0.330000,5.085000,33.000,167.500,0,OK
40000222,0.335000,5.083750,33.500,170.000,0,OK
40010226,0.335000,5.086250,33.250,170.000,0,OK
40020222,0.330000,5.085000,33.000,167.500,0,OK
40030226,0.330000,5.085000,33.250,170.000,0,OK
40040222,0.330000,5.086250,33.000,167.500,0,OK
40050226,0.335000,5.086250,32.750,170.000,0,OK
40060218,0.332500,5.085000,33.250,170.000,0,OK
40070230,0.332500,5.086250,33.250,167.500,0,OK
40080218,0.332500,5.086250,33.250,170.000,0,OK
40090230,0.332500,5.083750,33.250,170.000,0,OK
40100218,0.332500,5.086250,33.000,167.500,0,OK
40110230,0.335000,5.087500,33.500,170.000,0,OK
40120218,0.332500,5.085000,33.000,167.500,0,OK
40130230,0.330000,5.085000,33.000,167.500,0,OK
40140218,0.327500,5.086250,33.250,166.250,0,OK
40150230,0.332500,5.087500,33.250,170.000,0,OK
40160218,0.332500,5.081250,33.250,167.500,0,OK
40170230,0.335000,5.085000,33.500,170.000,0,OK
40180218,0.332500,5.085000,33.250,170.000,0,OK
40190230,0.332500,5.085000,33.250,170.000,0,OK
40200218,0.332500,5.086250,33.250,170.000,0,OK
40210230,0.330000,5.086250,33.000,167.500,0,OK
40220218,0.332500,5.085000,33.250,170.000,0,OK
40230226,0.335000,5.086250,32.750,170.000,0,OK
40240222,0.335000,5.085000,33.500,170.000,0,OK
40250226,0.330000,5.080000,33.000,167.500,0,OK
40260222,0.332500,5.085000,33.250,170.000,0,OK
40270226,0.332500,5.085000,33.250,170.000,0,OK
40280222,0.327500,5.085000,33.250,170.000,0,OK
40290226,0.335000,5.088750,33.500,170.000,0,OK
40300222,0.335000,5.086250,32.750,166.250,0,OK
40310226,0.330000,5.085000,33.000,167.500,0,OK
40320218,0.332500,5.086250,33.250,167.500,0,OK
40330230,0.330000,5.083750,33.000,167.500,0,OK
40340218,0.330000,5.080000,33.000,167.500,0,OK
40350226,0.330000,5.083750,33.000,167.500,0,OK
40360218,0.332500,5.087500,33.250,170.000,0,OK
40370226,0.332500,5.086250,33.500,170.000,0,OK
40380222,0.332500,5.085000,33.250,170.000,0,OK
40390226,0.332500,5.085000,33.000,167.500,0,OK
40400222,0.330000,5.083750,33.000,167.500,0,OK
40410226,0.330000,5.086250,33.250,167.500,0,OK
40420218,0.330000,5.085000,33.000,167.500,0,OK
40430230,0.335000,5.081250,33.500,170.000,0,OK
40440218,0.340000,5.086250,33.000,167.500,0,OK
40450230,0.332500,5.085000,33.250,170.000,0,OK
40460218,0.330000,5.086250,32.750,166.250,0,OK
40470230,0.330000,5.087500,33.000,167.500,0,OK
40480218,0.335000,5.085000,33.000,170.000,0,OK
40490230,0.332500,5.086250,33.250,170.000,0,OK
40500218,0.330000,5.085000,33.000,167.500,0,OK
40510230,0.332500,5.083750,33.250,170.000,0,OK
40520218,0.332500,5.082500,33.250,170.000,0,OK
40530230,0.340000,5.086250,33.250,170.000,0,OK
40540218,0.332500,5.086250,33.250,170.000,0,OK
40550230,0.332500,5.086250,33.000,167.500,0,OK
40560218,0.330000,5.085000,33.000,167.500,0,OK
40570230,0.335000,5.086250,33.250,170.000,0,OK
40580218,0.330000,5.083750,33.000,167.500,0,OK
40590230,0.332500,5.086250,33.250,167.500,0,OK
40600218,0.327500,5.085000,32.750,166.250,0,OK
40610230,0.332500,5.082500,33.250,170.000,0,OK
40620218,0.337500,5.086250,33.250,170.000,0,OK
40630230,0.335000,5.085000,33.500,170.000,0,OK
40640218,0.332500,5.085000,33.250,170.000,0,OK
40650230,0.332500,5.083750,33.250,170.000,0,OK
40660218,0.332500,5.086250,33.000,167.500,0,OK
40670230,0.332500,5.085000,33.250,170.000,0,OK
40680218,0.332500,5.086250,33.250,167.500,0,OK
40690230,0.332500,5.085000,33.250,170.000,0,OK
40700218,0.332500,5.083750,33.250,170.000,0,OK
40710230,0.330000,5.085000,33.250,170.000,0,OK
40720218,0.332500,5.087500,33.250,170.000,0,OK
40730230,0.330000,5.083750,33.000,167.500,0,OK
40740218,0.330000,5.086250,33.000,167.500,0,OK
40750226,0.332500,5.087500,33.000,167.500,0,OK
40760218,0.332500,5.085000,33.250,170.000,0,OK
40770230,0.332500,5.078750,33.250,167.500,0,OK
40780218,0.335000,5.085000,33.500,170.000,0,OK
40790230,0.335000,5.085000,33.500,170.000,0,OK
40800218,0.332500,5.085000,33.250,170.000,0,OK
40810230,0.332500,5.086250,33.250,170.000,0,OK
40820218,0.332500,5.086250,33.000,167.500,0,OK
40830230,0.335000,5.085000,33.500,170.000,0,OK
40840218,0.332500,5.086250,33.000,167.500,0,OK
40850230,0.332500,5.086250,33.250,170.000,0,OK
40860218,0.330000,5.081250,33.000,167.500,0,OK
40870230,0.332500,5.086250,33.250,170.000,0,OK
40880218,0.332500,5.083750,33.250,170.000,0,OK
40890230,0.330000,5.085000,33.250,170.000,0,OK
40900218,0.330000,5.086250,33.000,167.500,0,OK
40910230,0.332500,5.085000,33.000,167.500,0,OK
40920218,0.332500,5.086250,33.250,170.000,0,OK
40930230,0.332500,5.086250,33.000,167.500,0,OK
40940218,0.332500,5.086250,33.250,170.000,0,OK
40950230,0.332500,5.080000,33.250,167.500,0,OK
40960218,0.332500,5.085000,33.250,170.000,0,OK
40970230,0.335000,5.085000,33.500,170.000,0,OK
40980218,0.332500,5.085000,33.250,170.000,0,OK
40990230,0.332500,5.086250,33.250,170.000,0,OK
41000218,0.335000,5.086250,33.000,167.500,0,OK
41010230,0.332500,5.086250,33.250,170.000,0,OK
41020218,0.332500,5.086250,33.250,167.500,0,OK
41030230,0.332500,5.085000,33.250,170.000,0,OK
41040218,0.332500,5.081250,33.250,167.500,0,OK
41050230,0.345000,5.085000,33.000,167.500,0,OK
41060218,0.330000,5.086250,33.000,167.500,0,OK
41070230,0.327500,5.085000,33.000,167.500,0,OK
41080218,0.332500,5.085000,33.250,170.000,0,OK
41090230,0.335000,5.086250,33.250,170.000,0,OK
41100218,0.330000,5.085000,33.000,167.500,0,OK
41110230,0.332500,5.085000,33.250,167.500,0,OK
41120218,0.332500,5.085000,33.250,170.000,0,OK
41130230,0.332500,5.080000,33.250,167.500,0,OK
41140218,0.342500,5.085000,32.750,166.250,0,OK
41150230,0.335000,5.086250,33.500,170.000,0,OK
41160218,0.330000,5.085000,33.000,167.500,0,OK
41170230,0.335000,5.085000,33.500,170.000,0,OK
41180218,0.335000,5.085000,33.250,170.000,0,OK
41190230,0.330000,5.085000,33.000,167.500,0,OK
41200218,0.335000,5.087500,33.500,170.000,0,OK
41210230,0.332500,5.085000,33.250,170.000,0,OK
41220218,0.332500,5.083750,33.250,170.000,0,OK
41230230,0.335000,5.085000,33.250,170.000,0,OK
41240218,0.330000,5.086250,33.000,167.500,0,OK
41250230,0.330000,5.086250,33.250,170.000,0,OK
41260218,0.330000,5.086250,33.000,167.500,0,OK
41270230,0.332500,5.085000,33.250,167.500,0,OK
41280218,0.330000,5.085000,33.000,167.500,0,OK
41290230,0.332500,5.085000,33.250,167.500,0,OK
41300218,0.330000,5.085000,33.000,167.500,0,OK
41310230,0.332500,5.085000,33.250,170.000,0,OK
41320218,0.332500,5.085000,33.000,167.500,0,OK
41330230,0.332500,5.085000,33.250,170.000,0,OK
41340218,0.332500,5.085000,33.250,170.000,0,OK
41350230,0.330000,5.085000,33.000,167.500,0,OK
41360218,0.330000,5.085000,33.000,167.500,0,OK
41370230,0.330000,5.086250,33.000,167.500,0,OK
41380218,0.335000,5.086250,33.500,170.000,0,OK
41390226,0.332500,5.086250,33.250,170.000,0,OK
41400222,0.335000,5.085000,33.500,170.000,0,OK
41410226,0.332500,5.085000,33.250,170.000,0,OK
41420222,0.332500,5.086250,33.250,170.000,0,OK
41430226,0.332500,5.086250,33.250,170.000,0,OK
41440222,0.330000,5.085000,33.000,167.500,0,OK
41450226,0.330000,5.086250,33.250,167.500,0,OK
41460222,0.330000,5.085000,33.000,167.500,0,OK
41470226,0.330000,5.080000,33.000,167.500,0,OK
41480222,0.332500,5.086250,33.250,170.000,0,OK
41490226,0.335000,5.085000,33.500,170.000,0,OK
41500222,0.330000,5.085000,33.000,167.500,0,OK
41510226,0.335000,5.085000,33.500,170.000,0,OK
41520222,0.332500,5.086250,33.000,167.500,0,OK
41530226,0.332500,5.085000,33.250,170.000,0,OK
41540222,0.335000,5.085000,33.000,170.000,0,OK
41550226,0.332500,5.086250,33.250,170.000,0,OK
41560222,0.332500,5.081250,33.250,167.500,0,OK
41570226,0.332500,5.086250,33.250,170.000,0,OK
41580222,0.332500,5.083750,33.250,170.000,0,OK
41590226,0.332500,5.085000,33.000,167.500,0,OK
41600222,0.335000,5.085000,33.500,170.000,0,OK
41610226,0.332500,5.086250,33.250,170.000,0,OK
41620222,0.332500,5.086250,33.250,170.000,0,OK
41630226,0.330000,5.085000,33.000,167.500,0,OK
41640222,0.327500,5.086250,32.750,166.250,0,OK
41650226,0.332500,5.081250,33.250,167.500,0,OK
41660218,0.345000,5.085000,33.250,170.000,0,OK
41670230,0.335000,5.087500,33.500,170.000,0,OK
41680218,0.332500,5.085000,33.000,167.500,0,OK
41690230,0.330000,5.086250,33.000,167.500,0,OK
41700218,0.332500,5.087500,33.000,167.500,0,OK
41710226,0.330000,5.085000,33.000,167.500,0,OK
41720222,0.332500,5.085000,33.250,167.500,0,OK
41730226,0.332500,5.083750,33.250,170.000,0,OK
41740222,0.335000,5.081250,33.500,170.000,0,OK
41750226,0.342500,5.085000,32.750,166.250,0,OK
41760222,0.332500,5.087500,33.250,170.000,0,OK
41770226,0.332500,5.085000,33.250,170.000,0,OK
41780222,0.330000,5.085000,33.000,167.500,0,OK
41790226,0.332500,5.087500,32.750,167.500,0,OK
41800222,0.327500,5.086250,32.750,166.250,0,OK
41810226,0.335000,5.086250,33.500,170.000,0,OK
41820218,0.332500,5.086250,33.250,170.000,0,OK
41830230,0.335000,5.081250,33.500,170.000,0,OK
41840218,0.332500,5.085000,33.000,167.500,0,OK
41850230,0.332500,5.086250,33.250,170.000,0,OK
41860218,0.332500,5.085000,33.000,167.500,0,OK
41870230,0.330000,5.087500,33.000,167.500,0,OK
41880218,0.337500,5.085000,33.000,172.500,0,OK
41890230,0.327500,5.085000,32.750,166.250,0,OK
41900218,0.335000,5.086250,33.500,170.000,0,OK
41910230,0.330000,5.086250,33.000,167.500,0,OK
41920218,0.332500,5.082500,33.250,170.000,0,OK
41930226,0.332500,5.085000,33.000,167.500,0,OK
41940222,0.335000,5.087500,33.500,170.000,0,OK
41950226,0.335000,5.085000,33.000,167.500,0,OK
41960222,0.330000,5.086250,33.000,167.500,0,OK
41970226,0.335000,5.086250,33.000,170.000,0,OK
41980218,0.330000,5.083750,33.000,167.500,0,OK
41990230,0.332500,5.086250,33.250,167.500,0,OK
42000218,0.330000,5.085000,33.000,167.500,0,OK
42010230,0.332500,5.082500,33.250,170.000,0,OK
42020218,0.332500,5.086250,33.500,170.000,0,OK
42030230,0.332500,5.085000,33.250,170.000,0,OK
42040218,0.330000,5.086250,33.250,170.000,0,OK
42050230,0.330000,5.083750,33.000,167.500,0,OK
42060218,0.335000,5.086250,33.250,170.000,0,OK
42070226,0.332500,5.086250,33.250,170.000,0,OK
42080222,0.327500,5.078750,32.750,166.250,0,OK
42090226,0.332500,5.085000,33.250,170.000,0,OK
42100218,0.332500,5.083750,33.250,170.000,0,OK
42110230,0.332500,5.086250,33.000,167.500,0,OK
42120218,0.332500,5.086250,33.250,170.000,0,OK
42130230,0.330000,5.086250,33.000,167.500,0,OK
42140218,0.335000,5.087500,33.500,170.000,0,OK
42150226,0.335000,5.086250,33.250,170.000,0,OK
42160222,0.330000,5.085000,33.000,167.500,0,OK
42170226,0.330000,5.081250,33.000,167.500,0,OK
42180222,0.330000,5.085000,33.000,167.500,0,OK
42190226,0.335000,5.086250,33.500,170.000,0,OK
42200222,0.330000,5.086250,33.000,167.500,0,OK
42210226,0.332500,5.086250,33.250,170.000,0,OK
42220218,0.327500,5.085000,33.250,170.000,0,OK
42230230,0.332500,5.083750,33.250,170.000,0,OK
42240218,0.332500,5.086250,33.250,167.500,0,OK
42250230,0.332500,5.085000,33.250,170.000,0,OK
42260218,0.332500,5.081250,33.250,167.500,0,OK
42270230,0.347500,5.086250,33.000,167.500,0,OK
42280218,0.332500,5.086250,33.250,170.000,0,OK
42290226,0.330000,5.085000,33.000,167.500,0,OK
42300222,0.332500,5.085000,33.250,170.000,0,OK
42310226,0.332500,5.085000,33.000,167.500,0,OK
42320222,0.332500,5.086250,33.250,170.000,0,OK
42330226,0.332500,5.083750,33.250,167.500,0,OK
42340222,0.330000,5.086250,33.000,167.500,0,OK
42350226,0.335000,5.083750,33.500,170.000,0,OK
42360218,0.342500,5.086250,33.250,170.000,0,OK
42370230,0.332500,5.086250,33.250,170.000,0,OK
42380218,0.330000,5.085000,33.250,170.000,0,OK
42390230,0.330000,5.086250,33.000,167.500,0,OK
42400218,0.335000,5.085000,33.000,170.000,0,OK
42410226,0.337500,5.086250,33.750,172.500,0,OK
42420222,0.335000,5.086250,33.500,170.000,0,OK
42430226,0.330000,5.085000,33.000,167.500,0,OK
42440222,0.335000,5.083750,33.500,170.000,0,OK
42450226,0.335000,5.085000,33.250,170.000,0,OK
42460222,0.330000,5.087500,33.000,167.500,0,OK
42470226,0.330000,5.085000,33.250,170.000,0,OK
42480222,0.332500,5.085000,33.250,170.000,0,OK
42490226,0.332500,5.085000,33.000,167.500,0,OK
42500222,0.330000,5.085000,33.000,167.500,0,OK
42510226,0.332500,5.086250,33.250,167.500,0,OK
42520222,0.330000,5.085000,33.000,167.500,0,OK
42530226,0.335000,5.082500,33.500,170.000,0,OK
42540222,0.335000,5.085000,33.250,170.000,0,OK
42550226,0.332500,5.086250,33.250,170.000,0,OK
42560222,0.330000,5.086250,33.000,167.500,0,OK
42570226,0.327500,5.085000,32.750,166.250,0,OK
42580218,0.332500,5.083750,33.000,167.500,0,OK
42590230,0.330000,5.086250,33.000,167.500,0,OK
42600218,0.332500,5.086250,33.250,167.500,0,OK
42610226,0.330000,5.085000,33.000,167.500,0,OK
42620222,0.332500,5.083750,33.250,170.000,0,OK
42630226,0.332500,5.085000,33.250,170.000,0,OK
42640222,0.332500,5.087500,33.250,170.000,0,OK
42650226,0.332500,5.086250,33.250,170.000,0,OK
42660222,0.332500,5.085000,33.250,170.000,0,OK
42670226,0.332500,5.085000,33.250,167.500,0,OK
42680222,0.332500,5.086250,33.250,170.000,0,OK
42690226,0.335000,5.080000,33.500,170.000,0,OK
42700222,0.330000,5.085000,33.000,167.500,0,OK
42710226,0.330000,5.085000,33.000,167.500,0,OK
42720222,0.332500,5.085000,33.250,170.000,0,OK
42730226,0.332500,5.085000,33.250,170.000,0,OK
42740222,0.330000,5.085000,33.000,167.500,0,OK
42750226,0.332500,5.086250,33.250,170.000,0,OK
42760222,0.335000,5.085000,33.000,170.000,0,OK
42770226,0.330000,5.086250,33.000,167.500,0,OK
42780222,0.332500,5.080000,33.250,167.500,0,OK
42790226,0.330000,5.085000,33.000,167.500,0,OK
42800222,0.332500,5.086250,33.250,170.000,0,OK
42810226,0.330000,5.085000,33.000,167.500,0,OK
42820222,0.332500,5.086250,33.250,170.000,0,OK
42830226,0.332500,5.085000,33.250,170.000,0,OK
42840222,0.330000,5.085000,33.000,167.500,0,OK
42850226,0.335000,5.086250,33.000,170.000,0,OK
42860222,0.330000,5.085000,33.000,167.500,0,OK
42870226,0.330000,5.081250,33.000,167.500,0,OK
42880222,0.345000,5.086250,33.250,170.000,0,OK
42890226,0.335000,5.085000,33.500,170.000,0,OK
42900222,0.332500,5.085000,33.250,170.000,0,OK
42910226,0.332500,5.086250,33.250,170.000,0,OK
42920222,0.332500,5.085000,33.250,170.000,0,OK
42930226,0.330000,5.083750,33.000,167.500,0,OK
42940222,0.332500,5.086250,33.250,167.500,0,OK
42950226,0.332500,5.086250,33.250,170.000,0,OK
42960222,0.332500,5.082500,33.250,170.000,0,OK
42970226,0.340000,5.085000,33.250,170.000,0,OK
42980222,0.332500,5.085000,33.250,170.000,0,OK
42990226,0.332500,5.085000,33.000,167.500,0,OK
43000222,0.332500,5.086250,33.250,170.000,0,OK
43010226,0.335000,5.086250,33.250,170.000,0,OK
43020222,0.330000,5.087500,33.000,167.500,0,OK
43030226,0.332500,5.085000,33.250,167.500,0,OK
43040222,0.332500,5.086250,33.250,170.000,0,OK
43050226,0.330000,5.081250,33.000,167.500,0,OK
43060222,0.337500,5.086250,33.250,170.000,0,OK
43070226,0.332500,5.086250,33.250,170.000,0,OK
43080222,0.332500,5.086250,33.000,167.500,0,OK
43090226,0.332500,5.085000,33.250,170.000,0,OK
43100222,0.332500,5.086250,33.500,167.500,0,OK
43110226,0.332500,5.086250,33.250,170.000,0,OK
43120222,0.332500,5.085000,33.250,167.500,0,OK
43130226,0.332500,5.085000,33.250,170.000,0,OK
43140222,0.335000,5.082500,33.500,170.000,0,OK
43150226,0.335000,5.085000,33.250,170.000,0,OK
43160222,0.332500,5.085000,33.250,170.000,0,OK
43170226,0.330000,5.085000,33.250,170.000,0,OK
43180222,0.332500,5.085000,33.250,170.000,0,OK
43190226,0.335000,5.085000,33.250,170.000,0,OK
43200222,0.332500,5.086250,33.250,170.000,0,OK
43210226,0.332500,5.086250,33.250,167.500,0,OK
43220222,0.332500,5.085000,33.250,170.000,0,OK
43230226,0.335000,5.082500,33.500,170.000,0,OK
43240222,0.332500,5.085000,33.000,167.500,0,OK
43250226,0.332500,5.086250,33.250,170.000,0,OK
43260222,0.332500,5.085000,33.250,170.000,0,OK
43270226,0.332500,5.086250,33.250,170.000,0,OK
43280222,0.332500,5.085000,33.250,167.500,0,OK
43290226,0.335000,5.085000,33.500,170.000,0,OK
43300222,0.332500,5.078750,33.250,167.500,0,OK
43310226,0.330000,5.086250,33.000,167.500,0,OK
43320222,0.332500,5.083750,33.250,170.000,0,OK
43330226,0.332500,5.085000,33.000,167.500,0,OK
43340222,0.335000,5.087500,33.500,170.000,0,OK
43350226,0.330000,5.085000,33.250,170.000,0,OK
43360222,0.332500,5.087500,33.250,170.000,0,OK
43370226,0.335000,5.086250,32.750,170.000,0,OK
43380222,0.327500,5.085000,32.750,166.250,0,OK
43390226,0.335000,5.081250,33.500,170.000,0,OK
43400222,0.332500,5.085000,33.250,170.000,0,OK
43410226,0.332500,5.086250,33.250,170.000,0,OK
43420222,0.335000,5.085000,33.250,170.000,0,OK
43430226,0.335000,5.086250,33.500,170.000,0,OK
43440222,0.332500,5.086250,33.000,167.500,0,OK
43450226,0.330000,5.086250,33.000,167.500,0,OK
43460222,0.332500,5.087500,33.250,167.500,0,OK
43470226,0.332500,5.085000,33.250,170.000,0,OK
43480222,0.330000,5.078750,33.000,167.500,0,OK
43490226,0.345000,5.086250,33.500,170.000,0,OK
43500218,0.335000,5.086250,33.500,170.000,0,OK
43510230,0.332500,5.085000,33.250,170.000,0,OK
43520218,0.337500,5.085000,33.750,172.500,0,OK
43530230,0.335000,5.085000,33.250,170.000,0,OK
43540218,0.330000,5.086250,33.000,167.500,0,OK
43550230,0.335000,5.086250,33.500,170.000,0,OK
43560218,0.332500,5.085000,33.250,170.000,0,OK
43570230,0.335000,5.082500,33.500,170.000,0,OK
43580218,0.340000,5.085000,33.000,167.500,0,OK
43590230,0.330000,5.086250,33.000,167.500,0,OK
43600218,0.330000,5.087500,33.500,170.000,0,OK
43610226,0.332500,5.087500,33.250,170.000,0,OK
43620222,0.332500,5.086250,33.000,167.500,0,OK
43630226,0.332500,5.085000,33.250,170.000,0,OK
43640222,0.330000,5.086250,33.000,167.500,0,OK
43650226,0.332500,5.086250,33.250,170.000,0,OK
43660218,0.337500,5.082500,33.750,172.500,0,OK
43670230,0.337500,5.083750,33.250,170.000,0,OK
43680218,0.335000,5.085000,33.500,170.000,0,OK
43690230,0.330000,5.085000,33.250,170.000,0,OK
43700218,0.332500,5.086250,33.250,170.000,0,OK
43710230,0.335000,5.086250,32.750,170.000,0,OK
43720218,0.330000,5.086250,33.000,167.500,0,OK
43730230,0.335000,5.086250,33.500,170.000,0,OK
43740218,0.327500,5.086250,32.750,166.250,0,OK
43750230,0.332500,5.083750,33.250,170.000,0,OK
43760218,0.335000,5.085000,33.000,167.500,0,OK
43770230,0.332500,5.087500,33.250,170.000,0,OK
43780218,0.332500,5.085000,33.000,167.500,0,OK
43790230,0.330000,5.085000,33.000,167.500,0,OK
43800218,0.337500,5.086250,33.250,172.500,0,OK
43810230,0.332500,5.086250,33.250,170.000,0,OK
43820218,0.332500,5.086250,33.250,167.500,0,OK
43830230,0.327500,5.085000,32.750,166.250,0,OK
43840218,0.335000,5.085000,33.500,170.000,0,OK
43850230,0.332500,5.086250,33.000,167.500,0,OK
43860218,0.335000,5.086250,33.500,170.000,0,OK
43870230,0.330000,5.085000,33.250,170.000,0,OK
43880218,0.335000,5.085000,33.500,170.000,0,OK
43890230,0.332500,5.086250,33.250,167.500,0,OK
43900218,0.332500,5.086250,33.250,170.000,0,OK
43910230,0.332500,5.087500,33.250,167.500,0,OK
43920218,0.332500,5.086250,33.250,170.000,0,OK
43930230,0.332500,5.082500,33.250,170.000,0,OK
43940218,0.332500,5.085000,33.250,170.000,0,OK
43950230,0.332500,5.086250,33.250,170.000,0,OK
43960218,0.332500,5.086250,33.000,167.500,0,OK
43970230,0.332500,5.086250,33.250,170.000,0,OK
43980218,0.330000,5.083750,33.000,167.500,0,OK
43990230,0.332500,5.086250,33.250,170.000,0,OK
44000218,0.332500,5.080000,33.250,167.500,0,OK
44010230,0.332500,5.086250,33.250,170.000,0,OK
44020218,0.332500,5.086250,33.250,170.000,0,OK
44030230,0.330000,5.083750,33.000,167.500,0,OK
44040218,0.332500,5.086250,33.250,170.000,0,OK
44050226,0.332500,5.086250,33.000,167.500,0,OK
44060222,0.330000,5.086250,33.000,167.500,0,OK
44070226,0.332500,5.086250,33.000,167.500,0,OK
44080218,0.330000,5.085000,33.000,167.500,0,OK
44090230,0.330000,5.081250,33.000,167.500,0,OK
44100218,0.332500,5.086250,33.250,170.000,0,OK
44110226,0.332500,5.086250,33.250,170.000,0,OK
44120222,0.332500,5.085000,33.000,167.500,0,OK
44130226,0.332500,5.085000,33.250,170.000,0,OK
44140222,0.332500,5.086250,33.250,170.000,0,OK
44150226,0.332500,5.085000,33.250,170.000,0,OK
44160222,0.332500,5.085000,33.250,167.500,0,OK
44170226,0.330000,5.085000,33.000,167.500,0,OK
44180222,0.332500,5.080000,33.250,167.500,0,OK
44190226,0.342500,5.085000,33.250,170.000,0,OK
44200222,0.332500,5.086250,33.250,170.000,0,OK
44210226,0.332500,5.086250,33.250,170.000,0,OK
44220222,0.332500,5.087500,33.250,170.000,0,OK
44230226,0.332500,5.083750,32.750,167.500,0,OK
44240222,0.330000,5.086250,33.000,167.500,0,OK
44250226,0.335000,5.086250,33.500,170.000,0,OK
44260218,0.332500,5.086250,33.250,170.000,0,OK
44270230,0.332500,5.083750,33.250,170.000,0,OK
44280218,0.340000,5.085000,32.750,166.250,0,OK
44290230,0.335000,5.087500,33.500,170.000,0,OK
44300218,0.332500,5.085000,33.250,170.000,0,OK
44310230,0.330000,5.085000,33.000,167.500,0,OK
44320218,0.335000,5.085000,33.000,170.000,0,OK
44330230,0.332500,5.085000,33.250,170.000,0,OK
44340218,0.332500,5.083750,33.250,167.500,0,OK
44350230,0.332500,5.086250,33.250,170.000,0,OK
44360218,0.335000,5.083750,33.500,170.000,0,OK
44370230,0.337500,5.085000,33.000,167.500,0,OK
44380218,0.335000,5.086250,33.500,170.000,0,OK
44390230,0.330000,5.085000,33.250,170.000,0,OK
44400218,0.332500,5.083750,33.250,170.000,0,OK
44410230,0.332500,5.086250,32.750,167.500,0,OK
44420218,0.332500,5.087500,33.250,170.000,0,OK
44430230,0.332500,5.086250,33.250,167.500,0,OK
44440218,0.332500,5.086250,33.250,170.000,0,OK
44450230,0.335000,5.083750,33.500,170.000,0,OK
44460218,0.335000,5.083750,33.250,170.000,0,OK
44470230,0.330000,5.086250,33.000,167.500,0,OK
44480218,0.332500,5.085000,33.000,167.500,0,OK
44490226,0.332500,5.087500,33.250,170.000,0,OK
44500222,0.335000,5.086250,33.250,170.000,0,OK
44510226,0.332500,5.087500,33.250,170.000,0,OK
44520222,0.335000,5.086250,33.500,170.000,0,OK
44530226,0.332500,5.083750,33.250,170.000,0,OK
44540222,0.332500,5.086250,33.250,170.000,0,OK
44550226,0.330000,5.085000,33.250,170.000,0,OK
44560222,0.335000,5.086250,33.500,170.000,0,OK
44570226,0.332500,5.085000,33.000,167.500,0,OK
44580222,0.330000,5.085000,33.000,167.500,0,OK
44590226,0.332500,5.086250,33.000,167.500,0,OK
44600222,0.332500,5.085000,33.250,170.000,0,OK
44610226,0.332500,5.081250,33.250,167.500,0,OK
44620222,0.330000,5.086250,33.000,167.500,0,OK
44630226,0.332500,5.083750,33.250,170.000,0,OK
44640218,0.332500,5.086250,33.250,170.000,0,OK
44650230,0.335000,5.086250,33.500,170.000,0,OK
44660218,0.332500,5.086250,33.250,170.000,0,OK
44670230,0.332500,5.086250,33.250,170.000,0,OK
44680218,0.332500,5.085000,33.500,167.500,0,OK
44690230,0.332500,5.086250,33.250,170.000,0,OK
44700218,0.332500,5.081250,33.250,167.500,0,OK
44710230,0.330000,5.085000,33.000,167.500,0,OK
44720218,0.330000,5.086250,33.000,167.500,0,OK
44730230,0.330000,5.083750,33.250,170.000,0,OK
44740218,0.332500,5.087500,33.250,170.000,0,OK
44750230,0.335000,5.086250,33.000,167.500,0,OK
44760218,0.327500,5.086250,32.750,166.250,0,OK
44770226,0.332500,5.086250,32.750,167.500,0,OK
44780218,0.330000,5.085000,33.000,167.500,0,OK
44790230,0.335000,5.080000,33.500,170.000,0,OK
44800218,0.345000,5.085000,33.000,167.500,0,OK
44810230,0.335000,5.086250,33.500,170.000,0,OK
44820218,0.330000,5.085000,33.250,170.000,0,OK
44830230,0.332500,5.085000,33.250,170.000,0,OK
44840218,0.332500,5.086250,33.250,170.000,0,OK
44850230,0.332500,5.085000,33.250,170.000,0,OK
44860218,0.332500,5.086250,33.250,167.500,0,OK
44870230,0.330000,5.085000,33.000,167.500,0,OK
44880218,0.332500,5.082500,33.250,170.000,0,OK
44890230,0.342500,5.085000,33.000,167.500,0,OK
44900218,0.332500,5.086250,33.250,170.000,0,OK
44910230,0.332500,5.085000,33.250,170.000,0,OK
44920218,0.332500,5.086250,33.250,170.000,0,OK
44930230,0.335000,5.085000,33.250,170.000,0,OK
44940218,0.332500,5.086250,33.250,170.000,0,OK
44950230,0.332500,5.086250,33.250,167.500,0,OK
44960218,0.330000,5.085000,33.000,167.500,0,OK
44970230,0.335000,5.082500,33.500,170.000,0,OK
44980218,0.337500,5.085000,33.000,167.500,0,OK
44990230,0.335000,5.086250,33.500,170.000,0,OK
45000218,0.332500,5.086250,33.000,167.500,0,OK
45010230,0.330000,5.086250,33.000,167.500,0,OK
45020218,0.335000,5.085000,33.000,170.000,0,OK
45030226,0.332500,5.085000,33.250,170.000,0,OK
45040222,0.332500,5.086250,33.250,167.500,0,OK
45050226,0.330000,5.086250,33.000,167.500,0,OK
45060222,0.332500,5.085000,33.250,170.000,0,OK
45070226,0.337500,5.085000,33.250,170.000,0,OK
45080222,0.332500,5.085000,33.250,170.000,0,OK
45090226,0.332500,5.085000,33.000,167.500,0,OK
45100222,0.332500,5.086250,33.250,170.000,0,OK
45110226,0.337500,5.086250,33.000,172.500,0,OK
45120222,0.330000,5.085000,33.000,167.500,0,OK
45130226,0.332500,5.085000,33.250,167.500,0,OK
45140222,0.332500,5.085000,33.250,170.000,0,OK
45150226,0.335000,5.085000,33.500,170.000,0,OK
45160222,0.332500,5.086250,33.250,170.000,0,OK
45170226,0.332500,5.086250,33.250,170.000,0,OK
45180222,0.332500,5.085000,33.000,167.500,0,OK
45190226,0.330000,5.085000,33.000,167.500,0,OK
45200222,0.332500,5.085000,33.250,167.500,0,OK
45210226,0.330000,5.085000,33.000,167.500,0,OK
45220222,0.330000,5.080000,33.000,167.500,0,OK
45230226,0.332500,5.085000,33.250,170.000,0,OK
45240218,0.335000,5.085000,33.500,170.000,0,OK
45250230,0.330000,5.086250,33.000,167.500,0,OK
45260218,0.332500,5.086250,33.250,170.000,0,OK
45270226,0.332500,5.083750,33.250,170.000,0,OK
45280222,0.327500,5.085000,32.750,166.250,0,OK
45290226,0.332500,5.086250,33.250,167.500,0,OK
45300222,0.335000,5.085000,33.500,170.000,0,OK
45310226,0.332500,5.081250,33.250,167.500,0,OK
45320222,0.332500,5.086250,33.250,170.000,0,OK
45330226,0.332500,5.085000,33.250,170.000,0,OK
45340222,0.330000,5.085000,33.000,167.500,0,OK
45350226,0.332500,5.083750,33.250,170.000,0,OK
45360222,0.332500,5.086250,33.000,167.500,0,OK
45370226,0.330000,5.085000,33.000,167.500,0,OK
45380222,0.332500,5.085000,32.750,167.500,0,OK
45390226,0.330000,5.086250,33.000,167.500,0,OK
45400222,0.332500,5.080000,33.250,167.500,0,OK
45410226,0.345000,5.085000,33.250,170.000,0,OK
45420222,0.330000,5.086250,33.000,167.500,0,OK
45430226,0.330000,5.085000,33.250,170.000,0,OK
45440218,0.332500,5.086250,33.250,170.000,0,OK
45450230,0.332500,5.087500,33.250,170.000,0,OK
45460218,0.330000,5.085000,33.000,167.500,0,OK
45470230,0.335000,5.086250,33.500,170.000,0,OK
45480218,0.332500,5.083750,33.250,170.000,0,OK
45490230,0.335000,5.082500,33.500,170.000,0,OK
45500218,0.340000,5.085000,33.000,167.500,0,OK
45510230,0.335000,5.086250,33.500,170.000,0,OK
45520218,0.332500,5.085000,33.000,167.500,0,OK
45530230,0.335000,5.086250,33.500,170.000,0,OK
45540218,0.335000,5.086250,33.000,170.000,0,OK
45550230,0.332500,5.086250,33.250,170.000,0,OK
45560218,0.332500,5.085000,33.250,167.500,0,OK
45570230,0.332500,5.085000,33.250,170.000,0,OK
45580218,0.335000,5.081250,33.500,170.000,0,OK
45590230,0.337500,5.086250,33.000,167.500,0,OK
45600218,0.335000,5.086250,33.500,170.000,0,OK
45610226,0.330000,5.085000,33.250,170.000,0,OK
45620222,0.335000,5.086250,33.500,170.000,0,OK
45630226,0.335000,5.085000,33.000,170.000,0,OK
45640222,0.330000,5.087500,33.000,167.500,0,OK
45650226,0.335000,5.086250,33.500,170.000,0,OK
45660222,0.332500,5.086250,33.250,170.000,0,OK
45670226,0.330000,5.085000,33.000,167.500,0,OK
45680222,0.330000,5.086250,33.000,167.500,0,OK
45690226,0.335000,5.085000,33.500,170.000,0,OK
45700218,0.330000,5.085000,33.250,170.000,0,OK
45710230,0.332500,5.086250,33.250,170.000,0,OK
45720218,0.332500,5.086250,33.250,167.500,0,OK
45730230,0.332500,5.085000,33.250,170.000,0,OK
45740218,0.335000,5.086250,33.500,170.000,0,OK
45750230,0.330000,5.085000,33.000,167.500,0,OK
45760218,0.330000,5.085000,33.000,167.500,0,OK
45770230,0.332500,5.085000,33.000,167.500,0,OK
45780218,0.332500,5.087500,33.250,170.000,0,OK
45790230,0.332500,5.085000,33.250,170.000,0,OK
45800218,0.332500,5.085000,33.250,170.000,0,OK
45810230,0.332500,5.085000,33.250,167.500,0,OK
45820218,0.332500,5.086250,33.250,170.000,0,OK
45830230,0.335000,5.080000,33.500,170.000,0,OK
45840218,0.332500,5.086250,33.250,170.000,0,OK
45850230,0.335000,5.083750,33.500,170.000,0,OK
45860218,0.330000,5.085000,33.250,170.000,0,OK
45870230,0.330000,5.086250,33.000,167.500,0,OK
45880218,0.335000,5.085000,33.000,167.500,0,OK
45890226,0.330000,5.086250,33.000,167.500,0,OK
45900222,0.332500,5.086250,33.250,167.500,0,OK
45910226,0.330000,5.086250,33.000,167.500,0,OK
45920222,0.332500,5.081250,33.250,167.500,0,OK
45930226,0.332500,5.085000,33.250,170.000,0,OK
45940222,0.332500,5.085000,33.250,170.000,0,OK
45950226,0.332500,5.083750,33.250,170.000,0,OK
45960222,0.332500,5.088750,33.250,170.000,0,OK
45970226,0.332500,5.085000,33.250,170.000,0,OK
45980222,0.330000,5.085000,33.000,167.500,0,OK
45990226,0.335000,5.086250,33.250,170.000,0,OK
46000222,0.330000,5.085000,33.000,167.500,0,OK
46010226,0.327500,5.082500,32.750,166.250,0,OK
46020222,0.345000,5.085000,33.000,167.500,0,OK
46030226,0.335000,5.083750,33.500,170.000,0,OK
46040222,0.332500,5.085000,33.500,170.000,0,OK
46050226,0.332500,5.087500,33.250,170.000,0,OK
46060222,0.332500,5.086250,32.750,166.250,0,OK
46070226,0.332500,5.086250,33.250,170.000,0,OK
46080222,0.337500,5.086250,33.750,172.500,0,OK
46090226,0.332500,5.085000,33.250,170.000,0,OK
46100222,0.332500,5.082500,33.250,170.000,0,OK
46110226,0.337500,5.086250,33.000,167.500,0,OK
46120222,0.332500,5.086250,33.250,170.000,0,OK
46130226,0.332500,5.085000,33.000,167.500,0,OK
46140222,0.330000,5.083750,33.000,167.500,0,OK
46150226,0.332500,5.085000,33.250,167.500,0,OK
46160218,0.330000,5.086250,33.000,167.500,0,OK
46170230,0.332500,5.085000,33.250,167.500,0,OK
46180218,0.327500,5.085000,32.750,166.250,0,OK
46190230,0.335000,5.083750,33.500,170.000,0,OK
46200218,0.337500,5.085000,33.000,167.500,0,OK
46210230,0.332500,5.086250,33.250,170.000,0,OK
46220218,0.332500,5.085000,33.250,170.000,0,OK
46230230,0.335000,5.085000,33.500,170.000,0,OK
46240218,0.332500,5.085000,33.000,167.500,0,OK
46250230,0.330000,5.085000,33.000,167.500,0,OK
46260218,0.332500,5.086250,33.250,167.500,0,OK
46270230,0.330000,5.085000,33.000,167.500,0,OK
46280218,0.332500,5.081250,33.250,167.500,0,OK
46290230,0.332500,5.086250,33.000,167.500,0,OK
46300218,0.330000,5.085000,33.000,167.500,0,OK
46310230,0.332500,5.083750,33.250,170.000,0,OK
46320218,0.327500,5.086250,32.750,166.250,0,OK
46330230,0.335000,5.082500,33.250,170.000,0,OK
46340218,0.332500,5.087500,33.250,170.000,0,OK
46350230,0.332500,5.086250,33.250,167.500,0,OK
46360218,0.332500,5.087500,33.250,170.000,0,OK
46370230,0.332500,5.085000,33.250,170.000,0,OK
46380218,0.332500,5.083750,33.250,170.000,0,OK
46390230,0.335000,5.085000,33.500,170.000,0,OK
46400218,0.330000,5.085000,33.250,170.000,0,OK
46410230,0.335000,5.085000,33.500,170.000,0,OK
46420218,0.332500,5.086250,33.000,167.500,0,OK
46430230,0.330000,5.085000,33.000,167.500,0,OK
46440218,0.332500,5.081250,33.250,167.500,0,OK
46450230,0.330000,5.085000,33.000,167.500,0,OK
46460218,0.332500,5.086250,33.250,170.000,0,OK
46470230,0.330000,5.085000,33.250,170.000,0,OK
46480218,0.335000,5.083750,33.500,170.000,0,OK
46490230,0.330000,5.085000,33.250,170.000,0,OK
46500218,0.332500,5.083750,33.250,170.000,0,OK
46510230,0.332500,5.086250,32.750,167.500,0,OK
46520218,0.330000,5.085000,33.000,167.500,0,OK
46530230,0.332500,5.078750,33.250,167.500,0,OK
46540218,0.330000,5.085000,33.000,167.500,0,OK
46550230,0.335000,5.083750,33.500,170.000,0,OK
46560218,0.335000,5.086250,33.000,167.500,0,OK
46570230,0.335000,5.085000,33.500,170.000,0,OK
46580218,0.337500,5.086250,32.750,166.250,0,OK
46590230,0.330000,5.085000,33.000,167.500,0,OK
46600218,0.332500,5.086250,33.250,167.500,0,OK
46610230,0.330000,5.085000,33.000,167.500,0,OK
46620218,0.327500,5.081250,32.750,166.250,0,OK
46630230,0.345000,5.085000,33.250,170.000,0,OK
46640218,0.335000,5.083750,33.500,170.000,0,OK
46650230,0.332500,5.086250,33.000,167.500,0,OK
46660218,0.335000,5.086250,33.500,170.000,0,OK
46670230,0.335000,5.085000,33.250,170.000,0,OK
46680218,0.330000,5.085000,33.000,167.500,0,OK
46690230,0.337500,5.086250,33.750,172.500,0,OK
46700218,0.330000,5.086250,33.000,167.500,0,OK
46710230,0.335000,5.082500,33.500,170.000,0,OK
46720218,0.340000,5.085000,33.250,170.000,0,OK
46730230,0.332500,5.085000,33.250,170.000,0,OK
46740218,0.330000,5.085000,33.500,170.000,0,OK
46750230,0.330000,5.085000,33.000,167.500,0,OK
46760218,0.330000,5.086250,33.000,167.500,0,OK
46770230,0.332500,5.086250,33.250,170.000,0,OK
46780218,0.335000,5.083750,33.500,170.000,0,OK
46790230,0.332500,5.085000,33.250,170.000,0,OK
46800218,0.332500,5.081250,33.250,167.500,0,OK
46810230,0.337500,5.085000,33.250,170.000,0,OK
46820218,0.332500,5.086250,33.250,170.000,0,OK
46830230,0.332500,5.085000,33.000,167.500,0,OK
46840218,0.332500,5.085000,33.250,170.000,0,OK
46850230,0.332500,5.086250,33.250,167.500,0,OK
46860218,0.332500,5.086250,33.250,170.000,0,OK
46870230,0.335000,5.085000,33.500,170.000,0,OK
46880218,0.330000,5.085000,33.000,167.500,0,OK
46890230,0.335000,5.082500,33.500,170.000,0,OK
46900218,0.332500,5.085000,33.000,167.500,0,OK
46910230,0.332500,5.085000,33.250,170.000,0,OK
46920218,0.330000,5.086250,33.000,167.500,0,OK
46930230,0.332500,5.085000,33.250,170.000,0,OK
46940218,0.332500,5.086250,33.250,167.500,0,OK
46950230,0.330000,5.085000,33.000,167.500,0,OK
46960218,0.332500,5.086250,33.250,167.500,0,OK
46970230,0.330000,5.085000,33.000,167.500,0,OK
46980218,0.332500,5.083750,33.250,170.000,0,OK
46990230,0.330000,5.083750,33.000,167.500,0,OK
47000218,0.332500,5.086250,33.250,170.000,0,OK
47010226,0.330000,5.087500,33.250,170.000,0,OK
47020222,0.327500,5.086250,32.750,166.250,0,OK
47030226,0.335000,5.085000,33.500,170.000,0,OK
47040218,0.332500,5.086250,33.250,170.000,0,OK
47050230,0.335000,5.080000,33.500,170.000,0,OK
47060218,0.327500,5.086250,32.750,166.250,0,OK
47070230,0.330000,5.083750,33.000,167.500,0,OK
47080218,0.332500,5.085000,33.000,167.500,0,OK
47090226,0.335000,5.086250,33.500,170.000,0,OK
47100222,0.330000,5.086250,33.000,167.500,0,OK
47110226,0.335000,5.087500,33.500,170.000,0,OK
47120218,0.335000,5.085000,33.000,170.000,0,OK
47130230,0.330000,5.085000,33.000,167.500,0,OK
47140218,0.335000,5.080000,33.500,170.000,0,OK
47150230,0.332500,5.085000,33.250,170.000,0,OK
47160218,0.332500,5.085000,33.250,170.000,0,OK
47170230,0.332500,5.086250,33.000,167.500,0,OK
47180218,0.332500,5.085000,33.250,170.000,0,OK
47190230,0.332500,5.085000,33.000,167.500,0,OK
47200218,0.330000,5.085000,33.000,167.500,0,OK
47210230,0.332500,5.086250,33.250,167.500,0,OK
47220218,0.330000,5.085000,33.000,167.500,0,OK
47230230,0.335000,5.078750,33.500,170.000,0,OK
47240218,0.332500,5.085000,33.250,170.000,0,OK
47250230,0.335000,5.086250,33.500,170.000,0,OK
47260218,0.332500,5.086250,33.250,170.000,0,OK
47270230,0.332500,5.086250,33.250,170.000,0,OK
47280218,0.332500,5.083750,33.250,170.000,0,OK
47290230,0.330000,5.087500,33.000,167.500,0,OK
47300218,0.332500,5.085000,33.250,167.500,0,OK
47310230,0.330000,5.086250,33.000,167.500,0,OK
47320218,0.330000,5.082500,33.000,167.500,0,OK
47330226,0.342500,5.085000,32.750,166.250,0,OK
47340218,0.332500,5.086250,33.250,170.000,0,OK
47350230,0.330000,5.086250,33.250,170.000,0,OK
47360218,0.332500,5.086250,33.250,170.000,0,OK
47370230,0.332500,5.085000,33.250,167.500,0,OK
47380218,0.330000,5.085000,33.000,167.500,0,OK
47390230,0.332500,5.086250,33.250,167.500,0,OK
47400218,0.330000,5.086250,33.000,167.500,0,OK
47410230,0.332500,5.083750,33.250,170.000,0,OK
47420218,0.337500,5.086250,33.000,167.500,0,OK
47430230,0.332500,5.085000,33.250,170.000,0,OK
47440218,0.330000,5.086250,33.250,170.000,0,OK
47450230,0.332500,5.085000,33.250,170.000,0,OK
47460218,0.332500,5.087500,33.250,167.500,0,OK
47470230,0.332500,5.083750,33.250,170.000,0,OK
47480218,0.335000,5.085000,33.500,170.000,0,OK
47490230,0.332500,5.086250,33.250,170.000,0,OK
47500218,0.335000,5.083750,33.500,170.000,0,OK
47510230,0.332500,5.085000,33.250,170.000,0,OK
47520218,0.330000,5.085000,33.000,167.500,0,OK
47530230,0.332500,5.085000,33.250,170.000,0,OK
47540218,0.335000,5.085000,33.500,170.000,0,OK
47550230,0.332500,5.085000,33.250,167.500,0,OK
47560218,0.330000,5.086250,33.000,167.500,0,OK
47570230,0.332500,5.086250,33.250,167.500,0,OK
47580218,0.330000,5.085000,33.000,167.500,0,OK
47590230,0.332500,5.085000,33.250,170.000,0,OK
47600218,0.335000,5.085000,33.500,170.000,0,OK
47610230,0.335000,5.083750,33.500,170.000,0,OK
47620218,0.330000,5.086250,33.250,170.000,0,OK
47630230,0.335000,5.083750,33.500,170.000,0,OK
47640218,0.332500,5.085000,33.250,167.500,0,OK
47650230,0.332500,5.083750,33.250,170.000,0,OK
47660218,0.330000,5.078750,33.000,167.500,0,OK
47670230,0.332500,5.086250,33.250,170.000,0,OK
47680218,0.330000,5.082500,33.000,167.500,0,OK
47690230,0.332500,5.085000,33.000,167.500,0,OK
47700218,0.332500,5.086250,33.250,170.000,0,OK
47710230,0.332500,5.085000,32.750,166.250,0,OK
47720218,0.330000,5.085000,33.000,167.500,0,OK
47730230,0.337500,5.086250,33.000,172.500,0,OK
47740218,0.332500,5.085000,33.250,170.000,0,OK
47750230,0.332500,5.080000,33.250,167.500,0,OK
47760218,0.332500,5.085000,33.250,170.000,0,OK
47770230,0.332500,5.086250,33.250,170.000,0,OK
47780218,0.330000,5.085000,32.750,166.250,0,OK
47790230,0.335000,5.085000,33.500,170.000,0,OK
47800218,0.335000,5.086250,33.250,170.000,0,OK
47810230,0.330000,5.085000,33.000,167.500,0,OK
47820218,0.332500,5.085000,33.000,167.500,0,OK
47830230,0.330000,5.083750,33.000,167.500,0,OK
47840218,0.330000,5.081250,33.000,167.500,0,OK
47850226,0.332500,5.083750,33.250,170.000,0,OK
47860218,0.330000,5.086250,33.000,167.500,0,OK
47870230,0.330000,5.085000,33.250,170.000,0,OK
47880218,0.332500,5.085000,33.250,170.000,0,OK
47890230,0.332500,5.086250,33.250,170.000,0,OK
47900218,0.332500,5.085000,33.250,170.000,0,OK
47910230,0.335000,5.086250,33.250,170.000,0,OK
47920218,0.330000,5.085000,33.000,167.500,0,OK
47930230,0.332500,5.081250,33.250,167.500,0,OK
47940218,0.340000,5.085000,32.750,166.250,0,OK
47950230,0.335000,5.085000,33.500,170.000,0,OK
47960218,0.332500,5.085000,33.000,167.500,0,OK
47970230,0.330000,5.085000,33.000,167.500,0,OK
47980218,0.335000,5.085000,33.250,170.000,0,OK
47990230,0.332500,5.085000,33.250,170.000,0,OK
48000218,0.335000,5.085000,33.500,170.000,0,OK
48010230,0.330000,5.086250,33.000,167.500,0,OK
48020218,0.335000,5.082500,33.500,170.000,0,OK
48030226,0.342500,5.085000,33.250,170.000,0,OK
48040222,0.332500,5.086250,33.250,170.000,0,OK
48050226,0.332500,5.085000,33.250,170.000,0,OK
48060222,0.330000,5.085000,33.000,167.500,0,OK
48070226,0.335000,5.086250,33.250,170.000,0,OK
48080222,0.332500,5.085000,33.250,170.000,0,OK
48090226,0.332500,5.086250,33.250,167.500,0,OK
48100222,0.330000,5.083750,33.000,167.500,0,OK
48110226,0.335000,5.083750,33.500,170.000,0,OK
48120218,0.337500,5.083750,33.000,167.500,0,OK
48130230,0.332500,5.085000,33.250,170.000,0,OK
48140218,0.330000,5.086250,33.250,170.000,0,OK
48150230,0.332500,5.083750,33.250,170.000,0,OK
48160218,0.332500,5.086250,33.000,167.500,0,OK
48170230,0.332500,5.083750,33.250,170.000,0,OK
48180218,0.332500,5.083750,33.250,167.500,0,OK
48190230,0.335000,5.083750,33.500,170.000,0,OK
48200218,0.332500,5.085000,33.250,170.000,0,OK
48210230,0.335000,5.085000,33.000,167.500,0,OK
48220218,0.335000,5.085000,33.500,170.000,0,OK
48230230,0.332500,5.083750,33.250,170.000,0,OK
48240218,0.330000,5.086250,33.000,167.500,0,OK
48250230,0.335000,5.086250,33.000,170.000,0,OK
48260218,0.332500,5.083750,33.250,170.000,0,OK
48270230,0.332500,5.086250,33.250,167.500,0,OK
48280218,0.330000,5.086250,33.000,167.500,0,OK
48290230,0.332500,5.085000,33.250,170.000,0,OK
48300218,0.330000,5.086250,33.000,167.500,0,OK
48310230,0.332500,5.085000,33.250,170.000,0,OK
48320218,0.332500,5.085000,33.250,170.000,0,OK
48330230,0.332500,5.083750,33.250,170.000,0,OK
48340218,0.332500,5.087500,33.000,167.500,0,OK
48350230,0.327500,5.087500,32.750,166.250,0,OK
48360218,0.332500,5.081250,33.250,167.500,0,OK
48370230,0.332500,5.086250,33.250,170.000,0,OK
48380218,0.335000,5.083750,33.500,170.000,0,OK
48390230,0.332500,5.086250,33.250,170.000,0,OK
48400218,0.330000,5.085000,33.000,167.500,0,OK
48410230,0.332500,5.086250,33.250,170.000,0,OK
48420218,0.330000,5.085000,33.000,167.500,0,OK
48430230,0.335000,5.083750,33.250,170.000,0,OK
48440218,0.332500,5.085000,33.250,170.000,0,OK
48450230,0.332500,5.080000,33.250,167.500,0,OK
48460218,0.330000,5.085000,33.000,167.500,0,OK
48470230,0.332500,5.086250,33.250,170.000,0,OK
48480218,0.327500,5.085000,33.250,170.000,0,OK
48490230,0.332500,5.086250,33.250,170.000,0,OK
48500218,0.332500,5.087500,33.000,167.500,0,OK
48510230,0.332500,5.085000,33.250,170.000,0,OK
48520218,0.335000,5.086250,33.000,170.000,0,OK
48530230,0.332500,5.085000,33.250,170.000,0,OK
48540218,0.332500,5.082500,33.250,170.000,0,OK
48550230,0.345000,5.085000,33.000,167.500,0,OK
48560218,0.332500,5.085000,33.250,170.000,0,OK
48570230,0.335000,5.083750,33.250,170.000,0,OK
48580218,0.332500,5.083750,33.250,170.000,0,OK
48590230,0.335000,5.086250,33.250,170.000,0,OK
48600218,0.330000,5.085000,33.000,167.500,0,OK
48610230,0.330000,5.086250,33.000,167.500,0,OK
48620218,0.330000,5.085000,33.000,167.500,0,OK
48630226,0.335000,5.082500,33.500,170.000,0,OK
48640222,0.340000,5.086250,33.000,167.500,0,OK
48650226,0.332500,5.085000,33.250,170.000,0,OK
48660222,0.330000,5.085000,33.250,170.000,0,OK
48670226,0.332500,5.086250,33.250,170.000,0,OK
48680222,0.332500,5.083750,33.000,167.500,0,OK
48690226,0.332500,5.086250,33.250,170.000,0,OK
48700222,0.332500,5.086250,33.250,167.500,0,OK
48710226,0.332500,5.085000,33.250,170.000,0,OK
48720222,0.332500,5.083750,33.250,170.000,0,OK
48730226,0.337500,5.085000,33.000,167.500,0,OK
48740222,0.332500,5.087500,33.250,170.000,0,OK
48750226,0.332500,5.085000,33.250,170.000,0,OK
48760222,0.332500,5.087500,33.250,170.000,0,OK
48770226,0.332500,5.083750,33.250,167.500,0,OK
48780222,0.332500,5.086250,33.250,170.000,0,OK
48790226,0.335000,5.086250,33.500,170.000,0,OK
48800222,0.330000,5.086250,33.000,167.500,0,OK
48810226,0.332500,5.085000,33.250,170.000,0,OK
48820218,0.330000,5.086250,33.000,167.500,0,OK
48830230,0.335000,5.085000,33.500,170.000,0,OK
48840218,0.332500,5.085000,33.250,170.000,0,OK
48850230,0.332500,5.085000,33.250,170.000,0,OK
48860218,0.330000,5.086250,33.250,167.500,0,OK
48870230,0.332500,5.087500,33.250,170.000,0,OK
48880218,0.335000,5.085000,33.500,170.000,0,OK
48890230,0.332500,5.085000,33.250,170.000,0,OK
48900218,0.332500,5.085000,33.250,170.000,0,OK
48910230,0.330000,5.086250,33.250,170.000,0,OK
48920218,0.332500,5.086250,33.250,170.000,0,OK
48930230,0.330000,5.085000,33.500,170.000,0,OK
48940218,0.330000,5.085000,33.000,167.500,0,OK
48950230,0.335000,5.086250,33.000,170.000,0,OK
48960218,0.330000,5.085000,33.000,167.500,0,OK
48970230,0.337500,5.081250,33.750,172.500,0,OK
48980218,0.332500,5.083750,33.250,170.000,0,OK
48990230,0.335000,5.085000,33.500,170.000,0,OK
49000218,0.332500,5.085000,33.250,170.000,0,OK
49010230,0.332500,5.087500,33.250,170.000,0,OK
49020218,0.332500,5.086250,33.000,167.500,0,OK
49030230,0.332500,5.085000,33.250,170.000,0,OK
49040218,0.337500,5.085000,33.000,172.500,0,OK
49050230,0.332500,5.085000,33.250,170.000,0,OK
49060218,0.332500,5.082500,33.250,170.000,0,OK
49070230,0.332500,5.085000,33.250,170.000,0,OK
49080218,0.332500,5.085000,33.250,170.000,0,OK
49090230,0.332500,5.086250,33.000,167.500,0,OK
49100218,0.332500,5.086250,33.250,170.000,0,OK
49110230,0.335000,5.086250,33.500,170.000,0,OK
49120218,0.332500,5.085000,33.250,170.000,0,OK
49130230,0.332500,5.085000,33.250,167.500,0,OK
49140218,0.330000,5.085000,33.000,167.500,0,OK
49150230,0.335000,5.081250,33.500,170.000,0,OK
49160218,0.342500,5.086250,33.000,167.500,0,OK
49170230,0.332500,5.085000,33.250,170.000,0,OK
49180218,0.330000,5.085000,33.000,167.500,0,OK
49190230,0.332500,5.087500,33.250,170.000,0,OK
49200218,0.332500,5.086250,32.750,167.500,0,OK
49210230,0.330000,5.086250,33.000,167.500,0,OK
49220218,0.335000,5.086250,33.500,170.000,0,OK
49230226,0.332500,5.085000,33.250,170.000,0,OK
49240222,0.332500,5.081250,33.250,167.500,0,OK
49250226,0.340000,5.085000,33.250,170.000,0,OK
49260222,0.335000,5.087500,33.500,170.000,0,OK
49270226,0.332500,5.085000,33.250,170.000,0,OK
49280222,0.332500,5.085000,33.250,170.000,0,OK
49290226,0.335000,5.086250,33.000,170.000,0,OK
49300222,0.332500,5.085000,33.250,170.000,0,OK
49310226,0.335000,5.087500,33.500,170.000,0,OK
49320222,0.332500,5.085000,33.250,170.000,0,OK
49330226,0.332500,5.082500,33.250,170.000,0,OK
49340222,0.335000,5.085000,33.000,167.500,0,OK
49350226,0.332500,5.086250,33.250,170.000,0,OK
49360222,0.330000,5.085000,33.500,170.000,0,OK
49370226,0.332500,5.085000,33.250,170.000,0,OK
49380222,0.332500,5.085000,33.250,167.500,0,OK
49390226,0.332500,5.086250,33.250,170.000,0,OK
49400222,0.332500,5.085000,33.250,167.500,0,OK
49410226,0.332500,5.086250,33.250,170.000,0,OK
49420222,0.335000,5.085000,33.500,170.000,0,OK
49430226,0.335000,5.085000,33.500,170.000,0,OK
49440222,0.332500,5.086250,33.250,170.000,0,OK
49450226,0.332500,5.086250,33.000,167.500,0,OK
49460222,0.330000,5.086250,33.000,167.500,0,OK
49470226,0.330000,5.085000,33.250,167.500,0,OK
49480218,0.330000,5.085000,33.000,167.500,0,OK
49490230,0.332500,5.083750,33.250,167.500,0,OK
49500218,0.330000,5.085000,33.000,167.500,0,OK
49510230,0.332500,5.083750,33.250,170.000,0,OK
49520218,0.330000,5.085000,33.250,170.000,0,OK
49530230,0.335000,5.085000,33.500,170.000,0,OK
49540218,0.330000,5.085000,33.000,167.500,0,OK
49550230,0.332500,5.085000,33.250,170.000,0,OK
49560218,0.335000,5.086250,33.000,170.000,0,OK
49570230,0.332500,5.085000,33.250,170.000,0,OK
49580218,0.335000,5.078750,33.500,170.000,0,OK
49590230,0.332500,5.085000,33.250,170.000,0,OK
49600218,0.330000,5.083750,33.000,167.500,0,OK
49610230,0.335000,5.085000,33.250,170.000,0,OK
49620218,0.332500,5.086250,33.250,170.000,0,OK
49630230,0.337500,5.086250,33.000,167.500,0,OK
49640218,0.332500,5.085000,33.250,170.000,0,OK
49650226,0.327500,5.085000,32.750,166.250,0,OK
49660222,0.330000,5.086250,33.000,167.500,0,OK
49670226,0.332500,5.080000,33.250,167.500,0,OK
49680218,0.330000,5.083750,33.000,167.500,0,OK
49690230,0.332500,5.086250,33.250,170.000,0,OK
49700218,0.330000,5.086250,33.250,170.000,0,OK
49710230,0.335000,5.087500,33.500,170.000,0,OK
49720218,0.332500,5.085000,33.000,167.500,0,OK
49730230,0.332500,5.083750,33.250,170.000,0,OK
49740218,0.335000,5.086250,33.000,170.000,0,OK
49750230,0.335000,5.085000,33.500,170.000,0,OK
49760218,0.332500,5.081250,33.250,167.500,0,OK
49770230,0.345000,5.085000,33.250,170.000,0,OK
49780218,0.335000,5.085000,33.500,170.000,0,OK
49790230,0.332500,5.083750,33.250,170.000,0,OK
49800218,0.332500,5.086250,33.250,170.000,0,OK
49810230,0.335000,5.083750,32.750,166.250,0,OK
49820218,0.330000,5.085000,33.000,167.500,0,OK
49830226,0.332500,5.085000,33.250,167.500,0,OK
49840222,0.332500,5.088750,33.250,170.000,0,OK
49850226,0.332500,5.081250,33.250,167.500,0,OK
49860222,0.340000,5.085000,33.000,167.500,0,OK
49870226,0.335000,5.086250,33.500,170.000,0,OK
49880222,0.330000,5.085000,33.000,167.500,0,OK
49890226,0.332500,5.086250,33.250,170.000,0,OK
49900222,0.332500,5.086250,32.750,167.500,0,OK
49910226,0.332500,5.086250,33.250,170.000,0,OK
49920222,0.335000,5.086250,33.500,170.000,0,OK
49930226,0.330000,5.085000,33.000,167.500,0,OK
49940222,0.330000,5.083750,33.000,167.500,0,OK
49950226,0.337500,5.085000,33.250,170.000,0,OK
49960218,0.332500,5.086250,33.250,170.000,0,OK
49970230,0.332500,5.083750,33.250,170.000,0,OK
49980218,0.330000,5.083750,33.000,167.500,0,OK
49990230,0.335000,5.085000,33.000,170.000,0,OK
50000218,0.332500,5.086250,33.250,170.000,0,OK
50010230,0.332500,5.085000,33.250,167.500,0,OK
50020218,0.335000,5.085000,33.500,170.000,0,OK
50030230,0.332500,5.082500,33.250,170.000,0,OK
50040218,0.335000,5.085000,33.000,167.500,0,OK
50050230,0.335000,5.083750,33.500,170.000,0,OK
50060218,0.332500,5.085000,33.000,167.500,0,OK
50070230,0.332500,5.085000,33.250,170.000,0,OK
50080218,0.330000,5.085000,33.000,167.500,0,OK
50090230,0.332500,5.085000,33.250,170.000,0,OK
50100218,0.332500,5.086250,33.250,167.500,0,OK
50110230,0.330000,5.085000,33.000,167.500,0,OK
50120218,0.332500,5.085000,33.250,170.000,0,OK
50130230,0.330000,5.085000,33.250,170.000,0,OK
50140218,0.330000,5.086250,33.000,167.500,0,OK
50150230,0.330000,5.085000,32.750,166.250,0,OK
50160218,0.330000,5.086250,33.000,167.500,0,OK
50170230,0.332500,5.086250,33.250,167.500,0,OK
50180218,0.332500,5.085000,33.250,170.000,0,OK
50190230,0.332500,5.081250,33.250,167.500,0,OK
50200218,0.330000,5.085000,33.000,167.500,0,OK
50210230,0.337500,5.085000,33.750,172.500,0,OK
50220218,0.330000,5.085000,33.250,170.000,0,OK
50230230,0.332500,5.085000,33.250,170.000,0,OK
50240218,0.332500,5.086250,33.000,167.500,0,OK
50250230,0.335000,5.085000,33.500,170.000,0,OK
50260218,0.332500,5.086250,32.750,167.500,0,OK
50270230,0.335000,5.085000,33.500,170.000,0,OK
50280218,0.332500,5.080000,33.250,167.500,0,OK
50290230,0.332500,5.086250,33.250,170.000,0,OK
50300218,0.332500,5.086250,33.250,170.000,0,OK
50310230,0.330000,5.085000,33.250,170.000,0,OK
50320218,0.332500,5.087500,33.250,170.000,0,OK
50330230,0.335000,5.085000,33.000,167.500,0,OK
50340218,0.332500,5.086250,33.250,170.000,0,OK
50350230,0.332500,5.085000,33.250,167.500,0,OK
50360218,0.332500,5.085000,33.250,170.000,0,OK
50370230,0.335000,5.080000,33.500,170.000,0,OK
50380218,0.347500,5.086250,33.000,167.500,0,OK
50390230,0.337500,5.086250,33.750,172.500,0,OK
50400218,0.332500,5.085000,33.250,170.000,0,OK
50410230,0.332500,5.086250,33.250,170.000,0,OK
50420218,0.335000,5.085000,33.250,170.000,0,OK
50430230,0.332500,5.085000,33.250,170.000,0,OK
50440218,0.332500,5.086250,33.250,167.500,0,OK
50450230,0.330000,5.086250,33.000,167.500,0,OK
50460218,0.330000,5.083750,33.000,167.500,0,OK
50470226,0.342500,5.083750,33.250,170.000,0,OK
50480218,0.332500,5.085000,33.250,170.000,0,OK
50490230,0.330000,5.085000,33.000,167.500,0,OK
50500218,0.332500,5.086250,33.250,170.000,0,OK
50510230,0.332500,5.085000,33.000,167.500,0,OK
50520218,0.330000,5.086250,33.000,167.500,0,OK
50530230,0.332500,5.085000,33.250,167.500,0,OK
50540218,0.332500,5.085000,33.250,170.000,0,OK
50550230,0.335000,5.081250,33.500,170.000,0,OK
50560218,0.337500,5.083750,33.000,167.500,0,OK
50570230,0.332500,5.083750,33.250,170.000,0,OK
50580218,0.330000,5.085000,32.750,166.250,0,OK
50590230,0.330000,5.086250,33.000,167.500,0,OK
50600218,0.330000,5.086250,33.250,167.500,0,OK
50610226,0.332500,5.086250,33.250,170.000,0,OK
50620222,0.332500,5.086250,33.250,167.500,0,OK
50630226,0.332500,5.085000,33.250,170.000,0,OK
50640222,0.330000,5.083750,33.000,167.500,0,OK
50650226,0.335000,5.085000,33.250,170.000,0,OK
50660218,0.332500,5.086250,33.250,170.000,0,OK
50670230,0.330000,5.085000,33.000,167.500,0,OK
50680218,0.330000,5.085000,33.000,167.500,0,OK
50690230,0.332500,5.087500,33.250,167.500,0,OK
50700218,0.327500,5.086250,32.750,166.250,0,OK
50710230,0.330000,5.086250,33.000,167.500,0,OK
50720218,0.327500,5.085000,32.750,166.250,0,OK
50730226,0.335000,5.085000,33.500,170.000,0,OK
50740222,0.332500,5.086250,33.250,170.000,0,OK
50750226,0.332500,5.085000,33.250,170.000,0,OK
50760222,0.330000,5.085000,33.000,167.500,0,OK
50770226,0.332500,5.085000,33.250,170.000,0,OK
50780222,0.335000,5.085000,33.500,170.000,0,OK
50790226,0.332500,5.086250,33.250,170.000,0,OK
50800222,0.332500,5.078750,33.250,167.500,0,OK
50810226,0.332500,5.086250,33.250,170.000,0,OK
50820222,0.335000,5.085000,33.500,170.000,0,OK
50830226,0.332500,5.083750,33.000,167.500,0,OK
50840222,0.332500,5.087500,33.250,170.000,0,OK
50850226,0.332500,5.086250,33.250,170.000,0,OK
50860222,0.330000,5.086250,33.000,167.500,0,OK
50870226,0.332500,5.086250,32.750,167.500,0,OK
50880218,0.332500,5.086250,33.250,170.000,0,OK
50890230,0.335000,5.080000,33.500,170.000,0,OK
50900218,0.332500,5.085000,33.250,170.000,0,OK
50910230,0.335000,5.087500,33.500,170.000,0,OK
50920218,0.330000,5.087500,33.000,167.500,0,OK
50930230,0.332500,5.085000,33.250,170.000,0,OK
50940218,0.330000,5.086250,33.000,167.500,0,OK
50950230,0.330000,5.086250,33.000,167.500,0,OK
50960218,0.335000,5.086250,33.250,170.000,0,OK
50970226,0.332500,5.086250,33.250,170.000,0,OK
50980222,0.332500,5.080000,33.250,167.500,0,OK
50990226,0.347500,5.085000,33.000,167.500,0,OK
51000222,0.335000,5.086250,33.500,170.000,0,OK
51010226,0.330000,5.086250,33.250,170.000,0,OK
51020222,0.332500,5.086250,33.250,170.000,0,OK
51030226,0.332500,5.083750,33.000,167.500,0,OK
51040222,0.330000,5.087500,33.000,167.500,0,OK
51050226,0.335000,5.086250,33.500,170.000,0,OK
51060222,0.327500,5.086250,32.750,166.250,0,OK
51070226,0.335000,5.081250,33.500,170.000,0,OK
51080218,0.337500,5.086250,33.250,170.000,0,OK
51090230,0.335000,5.086250,33.500,170.000,0,OK
51100218,0.327500,5.086250,33.250,170.000,0,OK
51110230,0.332500,5.087500,33.250,170.000,0,OK
51120218,0.332500,5.085000,33.250,167.500,0,OK
51130230,0.332500,5.085000,33.250,170.000,0,OK
51140218,0.335000,5.086250,33.500,170.000,0,OK
51150230,0.330000,5.085000,33.000,167.500,0,OK
51160218,0.332500,5.083750,33.250,170.000,0,OK
51170230,0.342500,5.087500,33.250,170.000,0,OK
51180218,0.335000,5.086250,33.500,170.000,0,OK
51190230,0.330000,5.085000,33.000,167.500,0,OK
51200218,0.330000,5.086250,33.000,167.500,0,OK
51210230,0.335000,5.086250,33.000,170.000,0,OK
51220218,0.332500,5.085000,33.250,170.000,0,OK
51230230,0.330000,5.083750,33.000,167.500,0,OK
51240218,0.330000,5.085000,33.000,167.500,0,OK
51250226,0.335000,5.082500,33.500,170.000,0,OK
51260222,0.332500,5.085000,33.250,170.000,0,OK
51270226,0.335000,5.086250,33.500,170.000,0,OK
51280222,0.330000,5.085000,33.250,170.000,0,OK
51290226,0.332500,5.085000,33.250,170.000,0,OK
51300222,0.332500,5.085000,33.000,167.500,0,OK
51310226,0.330000,5.087500,33.000,167.500,0,OK
51320222,0.335000,5.086250,33.500,170.000,0,OK
51330226,0.332500,5.085000,33.250,170.000,0,OK
51340222,0.332500,5.085000,33.250,170.000,0,OK
51350226,0.332500,5.086250,33.250,170.000,0,OK
51360222,0.330000,5.088750,33.000,167.500,0,OK
51370226,0.335000,5.086250,33.250,170.000,0,OK
51380218,0.332500,5.085000,33.250,170.000,0,OK
51390230,0.332500,5.086250,33.250,167.500,0,OK
51400218,0.330000,5.085000,33.000,167.500,0,OK
51410230,0.332500,5.078750,33.250,167.500,0,OK
51420218,0.330000,5.086250,33.000,167.500,0,OK
51430230,0.327500,5.085000,32.750,166.250,0,OK
51440218,0.332500,5.086250,33.250,170.000,0,OK
51450230,0.330000,5.087500,33.000,167.500,0,OK
51460218,0.332500,5.085000,33.250,170.000,0,OK
51470230,0.330000,5.086250,33.000,167.500,0,OK
51480218,0.332500,5.083750,33.000,167.500,0,OK
51490226,0.332500,5.086250,33.250,170.000,0,OK
51500222,0.335000,5.078750,33.500,170.000,0,OK
51510226,0.332500,5.085000,33.250,170.000,0,OK
51520222,0.332500,5.085000,33.250,170.000,0,OK
51530226,0.330000,5.085000,33.250,170.000,0,OK
51540222,0.335000,5.087500,33.500,170.000,0,OK
51550226,0.332500,5.086250,33.250,170.000,0,OK
51560222,0.330000,5.085000,33.000,167.500,0,OK
51570226,0.332500,5.086250,32.750,167.500,0,OK
51580222,0.335000,5.083750,33.500,170.000,0,OK
51590226,0.332500,5.082500,33.250,170.000,0,OK
51600222,0.347500,5.085000,33.000,167.500,0,OK
51610226,0.332500,5.086250,33.250,170.000,0,OK
51620222,0.330000,5.086250,32.750,166.250,0,OK
51630226,0.332500,5.085000,33.250,170.000,0,OK
51640218,0.332500,5.086250,33.000,167.500,0,OK
51650230,0.332500,5.085000,33.250,170.000,0,OK
51660218,0.332500,5.086250,33.250,167.500,0,OK
51670230,0.330000,5.085000,33.000,167.500,0,OK
51680218,0.332500,5.081250,33.250,167.500,0,OK
51690230,0.342500,5.086250,32.750,166.250,0,OK
51700218,0.332500,5.086250,33.250,170.000,0,OK
51710230,0.330000,5.085000,33.000,167.500,0,OK
51720218,0.332500,5.086250,33.250,170.000,0,OK
51730230,0.335000,5.085000,33.250,170.000,0,OK
51740218,0.332500,5.086250,33.250,170.000,0,OK
51750230,0.335000,5.085000,33.500,170.000,0,OK
51760218,0.332500,5.085000,33.250,170.000,0,OK
51770230,0.332500,5.082500,33.250,170.000,0,OK
51780218,0.335000,5.085000,32.750,166.250,0,OK
51790230,0.332500,5.086250,33.250,170.000,0,OK
51800218,0.332500,5.086250,33.250,170.000,0,OK
51810230,0.332500,5.086250,33.250,170.000,0,OK
51820218,0.335000,5.083750,33.000,170.000,0,OK
51830230,0.332500,5.085000,33.250,170.000,0,OK
51840218,0.330000,5.086250,33.000,167.500,0,OK
51850230,0.327500,5.085000,32.750,166.250,0,OK
51860218,0.330000,5.083750,33.000,167.500,0,OK
51870230,0.340000,5.085000,33.500,170.000,0,OK
51880218,0.332500,5.086250,33.250,170.000,0,OK
51890230,0.330000,5.085000,33.250,170.000,0,OK
51900218,0.330000,5.085000,33.000,167.500,0,OK
51910230,0.335000,5.086250,33.000,170.000,0,OK
51920218,0.330000,5.085000,33.000,167.500,0,OK
51930230,0.332500,5.085000,33.250,167.500,0,OK
51940218,0.330000,5.086250,33.000,167.500,0,OK
51950230,0.332500,5.083750,33.250,170.000,0,OK
51960218,0.332500,5.086250,33.000,167.500,0,OK
51970230,0.332500,5.086250,33.250,170.000,0,OK
51980218,0.330000,5.085000,33.000,167.500,0,OK
51990230,0.332500,5.086250,33.250,170.000,0,OK
52000218,0.337500,5.085000,33.000,172.500,0,OK
52010230,0.335000,5.086250,33.500,170.000,0,OK
52020218,0.332500,5.085000,33.250,167.500,0,OK
52030230,0.332500,5.086250,33.250,170.000,0,OK
52040218,0.332500,5.086250,33.250,170.000,0,OK
52050230,0.332500,5.085000,33.250,170.000,0,OK
52060218,0.332500,5.086250,33.250,170.000,0,OK
52070230,0.332500,5.085000,33.000,167.500,0,OK
52080218,0.330000,5.085000,33.000,167.500,0,OK
52090230,0.332500,5.083750,33.500,167.500,0,OK
52100218,0.330000,5.086250,33.000,167.500,0,OK
52110230,0.332500,5.080000,33.250,167.500,0,OK
52120218,0.332500,5.086250,33.250,170.000,0,OK
52130230,0.332500,5.085000,33.250,170.000,0,OK
52140218,0.332500,5.086250,33.000,167.500,0,OK
52150230,0.330000,5.085000,33.000,167.500,0,OK
52160218,0.335000,5.085000,33.250,170.000,0,OK
52170230,0.332500,5.086250,33.250,170.000,0,OK
52180218,0.332500,5.083750,33.000,167.500,0,OK
52190230,0.332500,5.085000,33.250,170.000,0,OK
52200218,0.332500,5.081250,33.250,167.500,0,OK
52210230,0.332500,5.085000,33.250,170.000,0,OK
52220218,0.332500,5.085000,33.250,170.000,0,OK
52230230,0.330000,5.085000,33.000,167.500,0,OK
52240218,0.332500,5.087500,33.250,170.000,0,OK
52250230,0.335000,5.086250,33.250,170.000,0,OK
52260218,0.332500,5.085000,33.250,170.000,0,OK
52270230,0.335000,5.085000,33.500,170.000,0,OK
52280218,0.330000,5.083750,33.000,167.500,0,OK
52290230,0.332500,5.081250,33.250,167.500,0,OK
52300218,0.345000,5.085000,33.000,167.500,0,OK
52310230,0.332500,5.086250,33.250,170.000,0,OK
52320218,0.332500,5.086250,33.000,167.500,0,OK
52330230,0.335000,5.085000,33.500,170.000,0,OK
52340218,0.332500,5.085000,32.750,166.250,0,OK
52350230,0.330000,5.085000,33.000,167.500,0,OK
52360218,0.332500,5.085000,33.250,167.500,0,OK
52370230,0.332500,5.086250,33.250,170.000,0,OK
52380218,0.332500,5.081250,33.250,167.500,0,OK
52390230,0.342500,5.085000,33.000,167.500,0,OK
52400218,0.330000,5.085000,33.000,167.500,0,OK
52410230,0.332500,5.086250,33.250,170.000,0,OK
52420218,0.332500,5.085000,33.250,170.000,0,OK
52430230,0.332500,5.083750,33.250,167.500,0,OK
52440218,0.330000,5.085000,33.000,167.500,0,OK
52450230,0.335000,5.085000,33.500,170.000,0,OK
52460218,0.332500,5.085000,33.250,170.000,0,OK
52470230,0.330000,5.082500,33.000,167.500,0,OK
52480218,0.335000,5.085000,33.250,170.000,0,OK
52490226,0.335000,5.086250,33.500,170.000,0,OK
52500222,0.330000,5.086250,33.000,167.500,0,OK
52510226,0.330000,5.086250,33.000,167.500,0,OK
52520218,0.332500,5.087500,33.250,167.500,0,OK
52530226,0.330000,5.086250,33.000,167.500,0,OK
52540222,0.330000,5.086250,33.000,167.500,0,OK
52550226,0.332500,5.086250,33.250,170.000,0,OK
52560218,0.335000,5.085000,33.500,170.000,0,OK
52570230,0.330000,5.085000,33.250,170.000,0,OK
52580218,0.332500,5.085000,33.250,170.000,0,OK
52590230,0.332500,5.087500,33.250,170.000,0,OK
52600218,0.332500,5.085000,33.250,170.000,0,OK
52610230,0.330000,5.086250,33.000,167.500,0,OK
52620218,0.332500,5.086250,33.250,170.000,0,OK
52630226,0.332500,5.083750,33.250,167.500,0,OK
52640222,0.332500,5.083750,33.250,170.000,0,OK
52650226,0.332500,5.081250,33.250,167.500,0,OK
52660222,0.332500,5.085000,33.250,170.000,0,OK
52670226,0.335000,5.086250,33.500,170.000,0,OK
52680222,0.330000,5.085000,33.000,167.500,0,OK
52690226,0.335000,5.086250,33.500,170.000,0,OK
52700222,0.335000,5.086250,33.000,170.000,0,OK
52710226,0.332500,5.085000,33.250,170.000,0,OK
52720222,0.332500,5.082500,33.250,170.000,0,OK
52730226,0.330000,5.085000,33.000,167.500,0,OK
52740222,0.332500,5.086250,33.250,170.000,0,OK
52750226,0.332500,5.083750,33.250,170.000,0,OK
52760222,0.330000,5.086250,33.000,167.500,0,OK
52770226,0.330000,5.083750,33.000,167.500,0,OK
52780218,0.332500,5.085000,33.250,170.000,0,OK
52790226,0.332500,5.086250,33.250,167.500,0,OK
52800222,0.330000,5.087500,33.000,167.500,0,OK
52810226,0.332500,5.081250,33.250,167.500,0,OK
52820222,0.330000,5.083750,33.000,167.500,0,OK
52830226,0.332500,5.083750,33.250,170.000,0,OK
52840218,0.330000,5.085000,33.250,170.000,0,OK
52850230,0.335000,5.086250,33.500,170.000,0,OK
52860218,0.335000,5.087500,33.250,170.000,0,OK
52870230,0.332500,5.087500,33.250,170.000,0,OK
52880218,0.332500,5.086250,32.750,167.500,0,OK
52890230,0.332500,5.085000,33.250,170.000,0,OK
52900218,0.330000,5.082500,33.000,167.500,0,OK
52910230,0.345000,5.085000,33.250,170.000,0,OK
52920218,0.330000,5.087500,33.000,167.500,0,OK
52930230,0.330000,5.085000,33.000,167.500,0,OK
52940218,0.335000,5.086250,33.500,170.000,0,OK
52950230,0.330000,5.086250,33.000,167.500,0,OK
52960218,0.332500,5.086250,33.250,170.000,0,OK
52970226,0.335000,5.086250,33.500,170.000,0,OK
52980222,0.332500,5.083750,33.250,170.000,0,OK
52990226,0.335000,5.082500,33.500,170.000,0,OK
53000222,0.340000,5.085000,33.000,167.500,0,OK
53010226,0.330000,5.086250,33.000,167.500,0,OK
53020222,0.332500,5.086250,32.750,166.250,0,OK
53030226,0.330000,5.085000,33.000,167.500,0,OK
53040222,0.335000,5.085000,33.250,170.000,0,OK
53050226,0.330000,5.086250,33.000,167.500,0,OK
53060222,0.332500,5.085000,33.250,167.500,0,OK
53070226,0.332500,5.086250,33.250,170.000,0,OK
53080222,0.332500,5.082500,33.250,170.000,0,OK
53090226,0.335000,5.086250,33.250,170.000,0,OK
53100222,0.332500,5.086250,33.250,170.000,0,OK
53110226,0.330000,5.085000,33.000,167.500,0,OK
53120222,0.332500,5.086250,33.250,170.000,0,OK
53130226,0.332500,5.083750,33.000,167.500,0,OK
53140222,0.330000,5.086250,33.000,167.500,0,OK
53150226,0.335000,5.087500,33.500,170.000,0,OK
53160218,0.330000,5.087500,33.000,167.500,0,OK
53170230,0.332500,5.083750,33.250,170.000,0,OK
53180218,0.332500,5.085000,33.250,170.000,0,OK
53190230,0.335000,5.087500,33.500,170.000,0,OK
53200218,0.335000,5.085000,33.000,167.500,0,OK
53210230,0.330000,5.087500,33.000,167.500,0,OK
53220218,0.335000,5.086250,33.500,170.000,0,OK
53230230,0.332500,5.086250,33.250,170.000,0,OK
53240218,0.330000,5.086250,33.000,167.500,0,OK
53250230,0.332500,5.085000,33.250,170.000,0,OK
53260218,0.332500,5.086250,33.250,170.000,0,OK
53270230,0.327500,5.085000,33.000,167.500,0,OK
53280218,0.332500,5.083750,33.250,170.000,0,OK
53290230,0.330000,5.083750,33.250,170.000,0,OK
53300218,0.330000,5.085000,33.000,167.500,0,OK
53310230,0.332500,5.086250,33.000,167.500,0,OK
53320218,0.332500,5.086250,33.250,170.000,0,OK
53330230,0.332500,5.078750,33.250,167.500,0,OK
53340218,0.332500,5.086250,33.250,170.000,0,OK
53350230,0.332500,5.083750,33.250,170.000,0,OK
53360218,0.330000,5.085000,33.250,170.000,0,OK
53370230,0.332500,5.086250,33.250,170.000,0,OK
53380218,0.332500,5.085000,33.000,167.500,0,OK
53390230,0.332500,5.085000,33.250,170.000,0,OK
53400218,0.335000,5.086250,33.250,170.000,0,OK
53410230,0.335000,5.086250,33.500,170.000,0,OK
53420218,0.332500,5.081250,33.250,167.500,0,OK
53430230,0.327500,5.085000,32.750,166.250,0,OK
53440218,0.332500,5.085000,33.250,170.000,0,OK
53450230,0.330000,5.085000,33.000,167.500,0,OK
53460218,0.332500,5.085000,33.250,170.000,0,OK
53470230,0.332500,5.083750,33.250,170.000,0,OK
53480218,0.332500,5.085000,33.250,170.000,0,OK
53490230,0.332500,5.085000,33.250,167.500,0,OK
53500218,0.330000,5.083750,33.000,167.500,0,OK
53510230,0.332500,5.080000,33.250,167.500,0,OK
53520218,0.347500,5.085000,33.250,170.000,0,OK
53530230,0.332500,5.085000,33.250,170.000,0,OK
53540218,0.330000,5.085000,32.750,166.250,0,OK
53550230,0.335000,5.085000,33.500,170.000,0,OK
53560218,0.332500,5.086250,32.750,166.250,0,OK
53570230,0.330000,5.086250,33.000,167.500,0,OK
53580218,0.332500,5.086250,33.250,167.500,0,OK
53590226,0.330000,5.085000,33.000,167.500,0,OK
53600222,0.330000,5.081250,33.000,167.500,0,OK
53610226,0.340000,5.085000,33.250,170.000,0,OK
53620218,0.335000,5.086250,33.500,170.000,0,OK
53630230,0.330000,5.083750,33.250,170.000,0,OK
53640218,0.332500,5.086250,33.250,170.000,0,OK
53650230,0.332500,5.085000,33.000,167.500,0,OK
53660218,0.330000,5.083750,33.000,167.500,0,OK
53670230,0.335000,5.085000,33.500,170.000,0,OK
53680218,0.330000,5.083750,33.000,167.500,0,OK
53690230,0.332500,5.082500,33.250,170.000,0,OK
53700218,0.337500,5.085000,33.250,170.000,0,OK
53710230,0.332500,5.085000,33.250,170.000,0,OK
53720218,0.330000,5.085000,33.250,170.000,0,OK
53730230,0.330000,5.085000,33.000,167.500,0,OK
53740218,0.335000,5.086250,33.000,170.000,0,OK
53750230,0.330000,5.085000,33.000,167.500,0,OK
53760218,0.335000,5.086250,33.500,170.000,0,OK
53770230,0.330000,5.085000,33.000,167.500,0,OK
53780218,0.332500,5.081250,33.250,167.500,0,OK
53790230,0.332500,5.083750,32.750,166.250,0,OK
53800218,0.335000,5.083750,33.500,170.000,0,OK
53810230,0.332500,5.083750,33.250,170.000,0,OK
53820218,0.330000,5.086250,33.000,167.500,0,OK
53830230,0.332500,5.086250,33.250,167.500,0,OK
53840218,0.330000,5.083750,33.000,167.500,0,OK
53850230,0.332500,5.086250,33.250,167.500,0,OK
53860218,0.327500,5.086250,32.750,166.250,0,OK
53870230,0.335000,5.086250,33.500,170.000,0,OK
53880218,0.330000,5.085000,33.250,170.000,0,OK
53890230,0.335000,5.087500,33.500,170.000,0,OK
53900218,0.330000,5.085000,33.000,167.500,0,OK
53910230,0.332500,5.086250,33.250,170.000,0,OK
53920218,0.332500,5.086250,32.750,167.500,0,OK
53930230,0.332500,5.085000,33.250,170.000,0,OK
53940218,0.330000,5.080000,33.000,167.500,0,OK
53950230,0.332500,5.083750,33.250,170.000,0,OK
53960218,0.332500,5.083750,33.250,170.000,0,OK
53970230,0.330000,5.085000,33.000,167.500,0,OK
53980218,0.332500,5.085000,33.250,170.000,0,OK
53990230,0.330000,5.085000,33.250,170.000,0,OK
54000218,0.330000,5.085000,33.000,167.500,0,OK
54010230,0.332500,5.083750,33.250,167.500,0,OK
54020218,0.327500,5.086250,32.750,166.250,0,OK
54030230,0.332500,5.078750,33.250,167.500,0,OK
54040218,0.327500,5.086250,32.750,166.250,0,OK
54050230,0.332500,5.085000,33.250,170.000,0,OK
54060218,0.335000,5.085000,33.250,170.000,0,OK
54070230,0.332500,5.086250,33.250,170.000,0,OK
54080218,0.332500,5.083750,33.000,167.500,0,OK
54090230,0.335000,5.085000,33.500,170.000,0,OK
54100218,0.332500,5.086250,33.000,167.500,0,OK
54110230,0.332500,5.086250,33.250,170.000,0,OK
54120218,0.332500,5.081250,33.250,167.500,0,OK
54130230,0.345000,5.085000,33.250,170.000,0,OK
54140218,0.330000,5.086250,33.000,167.500,0,OK
54150230,0.330000,5.085000,33.250,170.000,0,OK
54160218,0.335000,5.086250,33.500,170.000,0,OK
54170230,0.337500,5.085000,33.250,170.000,0,OK
54180218,0.332500,5.083750,33.250,170.000,0,OK
54190230,0.332500,5.085000,33.250,167.500,0,OK
54200218,0.332500,5.086250,33.250,170.000,0,OK
54210230,0.332500,5.081250,33.250,167.500,0,OK
54220218,0.340000,5.086250,33.000,167.500,0,OK
54230230,0.332500,5.085000,33.250,170.000,0,OK
54240218,0.332500,5.085000,33.000,167.500,0,OK
54250230,0.332500,5.085000,33.250,170.000,0,OK
54260218,0.335000,5.086250,33.000,170.000,0,OK
54270230,0.332500,5.086250,33.250,170.000,0,OK
54280218,0.335000,5.085000,33.500,170.000,0,OK
54290230,0.332500,5.085000,33.250,170.000,0,OK
54300218,0.330000,5.082500,33.000,167.500,0,OK
54310230,0.337500,5.086250,33.500,170.000,0,OK
54320218,0.332500,5.083750,33.250,170.000,0,OK
54330230,0.332500,5.085000,33.000,167.500,0,OK
54340218,0.327500,5.083750,32.750,166.250,0,OK
54350230,0.332500,5.083750,33.250,167.500,0,OK
54360218,0.330000,5.086250,33.000,167.500,0,OK
54370230,0.335000,5.085000,33.500,170.000,0,OK
54380218,0.332500,5.085000,33.250,170.000,0,OK
54390230,0.335000,5.083750,33.500,170.000,0,OK
54400218,0.335000,5.085000,33.500,170.000,0,OK
54410230,0.332500,5.087500,33.250,170.000,0,OK
54420218,0.330000,5.085000,33.000,167.500,0,OK
54430230,0.332500,5.086250,33.250,170.000,0,OK
54440218,0.335000,5.085000,32.750,170.000,0,OK
54450230,0.332500,5.086250,33.250,170.000,0,OK
54460218,0.332500,5.085000,33.250,167.500,0,OK
54470230,0.330000,5.086250,33.000,167.500,0,OK
54480218,0.330000,5.083750,33.000,167.500,0,OK
54490226,0.330000,5.085000,33.250,170.000,0,OK
54500218,0.335000,5.086250,33.500,170.000,0,OK
54510230,0.332500,5.083750,33.000,167.500,0,OK
54520218,0.330000,5.085000,33.000,167.500,0,OK
54530230,0.332500,5.086250,33.500,167.500,0,OK
54540218,0.330000,5.083750,33.000,167.500,0,OK
54550230,0.332500,5.077500,33.250,167.500,0,OK
54560218,0.332500,5.086250,33.250,170.000,0,OK
54570230,0.332500,5.083750,33.250,170.000,0,OK
54580218,0.330000,5.085000,33.250,170.000,0,OK
54590230,0.332500,5.085000,33.250,170.000,0,OK
54600218,0.330000,5.083750,33.000,167.500,0,OK
54610230,0.332500,5.085000,33.250,170.000,0,OK
54620218,0.332500,5.085000,33.250,167.500,0,OK
54630230,0.327500,5.085000,32.750,166.250,0,OK
54640218,0.332500,5.080000,33.250,167.500,0,OK
54650230,0.335000,5.085000,33.500,170.000,0,OK
54660218,0.332500,5.085000,33.250,170.000,0,OK
54670230,0.327500,5.085000,32.750,166.250,0,OK
54680218,0.332500,5.083750,33.250,170.000,0,OK
54690230,0.332500,5.085000,33.500,170.000,0,OK
54700218,0.332500,5.083750,33.250,170.000,0,OK
54710230,0.332500,5.083750,33.000,167.500,0,OK
54720218,0.332500,5.085000,33.250,170.000,0,OK
54730230,0.330000,5.080000,33.000,167.500,0,OK
54740218,0.347500,5.085000,33.250,170.000,0,OK
54750226,0.332500,5.085000,33.250,170.000,0,OK
54760222,0.332500,5.086250,33.000,167.500,0,OK
54770226,0.330000,5.085000,33.000,167.500,0,OK
54780222,0.332500,5.085000,33.000,167.500,0,OK
54790226,0.330000,5.086250,33.000,167.500,0,OK
54800222,0.332500,5.086250,33.250,167.500,0,OK
54810226,0.330000,5.086250,33.000,167.500,0,OK
54820222,0.332500,5.082500,33.250,170.000,0,OK
54830226,0.342500,5.085000,33.500,170.000,0,OK
54840222,0.335000,5.087500,33.500,170.000,0,OK
54850226,0.332500,5.086250,33.250,170.000,0,OK
54860222,0.330000,5.086250,33.000,167.500,0,OK
54870226,0.332500,5.086250,33.250,167.500,0,OK
54880218,0.330000,5.083750,33.000,167.500,0,OK
54890230,0.332500,5.085000,33.250,167.500,0,OK
54900218,0.332500,5.085000,33.250,170.000,0,OK
54910230,0.332500,5.081250,33.250,167.500,0,OK
54920218,0.342500,5.085000,33.250,170.000,0,OK
54930230,0.335000,5.085000,33.500,170.000,0,OK
54940218,0.332500,5.086250,33.250,170.000,0,OK
54950230,0.330000,5.085000,33.000,167.500,0,OK
54960218,0.335000,5.085000,32.750,170.000,0,OK
54970230,0.332500,5.085000,33.250,170.000,0,OK
54980218,0.332500,5.085000,33.250,167.500,0,OK
54990230,0.330000,5.085000,33.000,167.500,0,OK
55000218,0.335000,5.081250,33.500,170.000,0,OK
55010230,0.335000,5.085000,33.000,167.500,0,OK
55020218,0.335000,5.085000,33.500,170.000,0,OK
55030230,0.330000,5.085000,33.000,167.500,0,OK
55040218,0.332500,5.086250,33.250,170.000,0,OK
55050230,0.332500,5.086250,33.000,167.500,0,OK
55060218,0.335000,5.086250,33.500,170.000,0,OK
55070230,0.332500,5.086250,33.250,167.500,0,OK
55080218,0.332500,5.086250,33.250,170.000,0,OK
55090230,0.332500,5.085000,33.250,170.000,0,OK
55100218,0.330000,5.085000,33.250,170.000,0,OK
55110230,0.335000,5.087500,33.500,170.000,0,OK
55120218,0.330000,5.086250,33.000,167.500,0,OK
55130230,0.332500,5.086250,33.250,170.000,0,OK
55140218,0.335000,5.086250,33.250,170.000,0,OK
55150230,0.330000,5.086250,33.000,167.500,0,OK
55160218,0.332500,5.086250,33.250,167.500,0,OK
55170226,0.332500,5.085000,33.250,170.000,0,OK
55180222,0.335000,5.085000,33.500,170.000,0,OK
55190226,0.332500,5.086250,33.250,170.000,0,OK
55200222,0.332500,5.086250,33.250,170.000,0,OK
55210226,0.330000,5.085000,33.250,170.000,0,OK
55220222,0.332500,5.086250,33.250,170.000,0,OK
55230226,0.335000,5.085000,33.250,170.000,0,OK
55240222,0.332500,5.085000,33.250,170.000,0,OK
55250226,0.332500,5.080000,33.250,167.500,0,OK
55260222,0.332500,5.086250,33.250,170.000,0,OK
55270226,0.332500,5.085000,33.250,170.000,0,OK
55280222,0.330000,5.085000,33.000,167.500,0,OK
55290226,0.332500,5.085000,33.250,170.000,0,OK
55300222,0.332500,5.085000,33.000,167.500,0,OK
55310226,0.330000,5.085000,33.000,167.500,0,OK
55320222,0.330000,5.086250,33.000,167.500,0,OK
55330226,0.330000,5.083750,33.000,167.500,0,OK
55340218,0.327500,5.081250,32.750,166.250,0,OK
55350226,0.345000,5.083750,33.500,170.000,0,OK
55360218,0.335000,5.085000,33.500,170.000,0,OK
55370230,0.332500,5.085000,33.000,167.500,0,OK
55380218,0.335000,5.083750,33.500,170.000,0,OK
55390230,0.332500,5.085000,33.250,170.000,0,OK
55400218,0.332500,5.085000,33.250,170.000,0,OK
55410230,0.330000,5.085000,33.250,167.500,0,OK
55420218,0.330000,5.085000,33.000,167.500,0,OK
55430230,0.332500,5.081250,33.250,167.500,0,OK
55440218,0.345000,5.085000,33.000,167.500,0,OK
55450230,0.332500,5.085000,33.250,170.000,0,OK
55460218,0.332500,5.087500,33.500,170.000,0,OK
55470230,0.327500,5.086250,32.750,166.250,0,OK
55480218,0.332500,5.083750,32.750,167.500,0,OK
55490226,0.330000,5.085000,33.000,167.500,0,OK
55500222,0.332500,5.086250,33.250,167.500,0,OK
55510226,0.332500,5.086250,33.250,170.000,0,OK
55520222,0.335000,5.082500,33.500,170.000,0,OK
55530226,0.340000,5.085000,33.000,167.500,0,OK
55540222,0.335000,5.086250,33.500,170.000,0,OK
55550226,0.332500,5.083750,33.250,170.000,0,OK
55560222,0.330000,5.087500,33.000,167.500,0,OK
55570226,0.332500,5.085000,33.250,167.500,0,OK
55580222,0.330000,5.085000,33.000,167.500,0,OK
55590226,0.332500,5.085000,33.250,167.500,0,OK
55600222,0.330000,5.085000,33.000,167.500,0,OK
55610226,0.335000,5.082500,33.500,170.000,0,OK
55620222,0.335000,5.086250,33.250,170.000,0,OK
55630226,0.332500,5.085000,33.250,170.000,0,OK
55640222,0.330000,5.085000,33.000,167.500,0,OK
55650226,0.332500,5.086250,33.250,170.000,0,OK
55660222,0.332500,5.087500,33.000,167.500,0,OK
55670226,0.332500,5.087500,33.250,170.000,0,OK
55680222,0.332500,5.083750,33.250,167.500,0,OK
55690226,0.332500,5.087500,33.250,170.000,0,OK
55700222,0.335000,5.085000,33.500,170.000,0,OK
55710226,0.332500,5.085000,33.000,167.500,0,OK
55720222,0.332500,5.085000,33.250,170.000,0,OK
55730226,0.332500,5.085000,32.750,166.250,0,OK
55740222,0.332500,5.085000,33.250,170.000,0,OK
55750226,0.332500,5.085000,33.250,167.500,0,OK
55760222,0.330000,5.085000,33.000,167.500,0,OK
55770226,0.335000,5.085000,33.500,170.000,0,OK
55780222,0.332500,5.085000,33.250,170.000,0,OK
55790226,0.335000,5.083750,33.500,170.000,0,OK
55800222,0.330000,5.083750,33.250,170.000,0,OK
55810226,0.335000,5.085000,33.500,170.000,0,OK
55820222,0.332500,5.085000,33.250,170.000,0,OK
55830226,0.332500,5.085000,33.250,170.000,0,OK
55840222,0.332500,5.086250,33.000,167.500,0,OK
55850226,0.332500,5.085000,33.250,170.000,0,OK
55860222,0.330000,5.078750,33.000,167.500,0,OK
55870226,0.332500,5.087500,33.250,170.000,0,OK
55880218,0.332500,5.083750,33.250,170.000,0,OK
55890230,0.330000,5.085000,33.000,167.500,0,OK
55900218,0.332500,5.085000,33.250,170.000,0,OK
55910230,0.335000,5.085000,33.000,167.500,0,OK
55920218,0.330000,5.087500,33.000,167.500,0,OK
55930230,0.335000,5.083750,33.250,170.000,0,OK
55940218,0.332500,5.086250,33.250,170.000,0,OK
55950230,0.330000,5.082500,33.000,167.500,0,OK
55960218,0.332500,5.087500,33.250,170.000,0,OK
55970226,0.330000,5.086250,33.000,167.500,0,OK
55980222,0.332500,5.086250,33.000,167.500,0,OK
55990226,0.332500,5.087500,33.250,170.000,0,OK
56000222,0.332500,5.085000,33.250,170.000,0,OK
56010226,0.332500,5.086250,33.250,170.000,0,OK
56020222,0.335000,5.086250,33.250,170.000,0,OK
56030226,0.332500,5.085000,33.250,170.000,0,OK
56040222,0.332500,5.081250,33.250,167.500,0,OK
56050226,0.345000,5.086250,33.000,167.500,0,OK
56060222,0.337500,5.086250,33.750,172.500,0,OK
56070226,0.330000,5.085000,33.500,170.000,0,OK
56080222,0.330000,5.085000,33.000,167.500,0,OK
56090226,0.332500,5.086250,33.000,167.500,0,OK
56100222,0.330000,5.085000,33.000,167.500,0,OK
56110226,0.332500,5.086250,33.250,167.500,0,OK
56120222,0.332500,5.085000,33.250,170.000,0,OK
56130226,0.332500,5.081250,33.250,167.500,0,OK
56140222,0.337500,5.083750,33.250,170.000,0,OK
56150226,0.330000,5.086250,33.000,167.500,0,OK
56160222,0.330000,5.086250,33.000,167.500,0,OK
56170226,0.332500,5.086250,33.250,170.000,0,OK
56180218,0.332500,5.083750,33.000,167.500,0,OK
56190230,0.335000,5.087500,33.500,170.000,0,OK
56200218,0.330000,5.086250,33.000,167.500,0,OK
56210230,0.330000,5.083750,33.000,167.500,0,OK
56220218,0.332500,5.082500,33.250,170.000,0,OK
56230226,0.335000,5.085000,33.000,167.500,0,OK
56240222,0.332500,5.085000,33.250,170.000,0,OK
56250226,0.332500,5.083750,33.000,167.500,0,OK
56260222,0.332500,5.086250,33.250,170.000,0,OK
56270226,0.332500,5.085000,33.000,167.500,0,OK
56280222,0.332500,5.083750,33.250,170.000,0,OK
56290226,0.335000,5.085000,33.500,170.000,0,OK
56300222,0.330000,5.085000,33.000,167.500,0,OK
56310226,0.332500,5.082500,33.250,170.000,0,OK
56320222,0.335000,5.083750,32.750,166.250,0,OK
56330226,0.335000,5.083750,33.500,170.000,0,OK
56340218,0.332500,5.083750,33.250,170.000,0,OK
56350230,0.330000,5.085000,33.000,167.500,0,OK
56360218,0.335000,5.085000,33.000,170.000,0,OK
56370230,0.327500,5.083750,32.750,166.250,0,OK
56380218,0.332500,5.083750,33.250,167.500,0,OK
56390226,0.330000,5.085000,33.000,167.500,0,OK
56400222,0.332500,5.086250,33.250,170.000,0,OK
56410226,0.332500,5.085000,33.000,167.500,0,OK
56420222,0.332500,5.086250,33.250,170.000,0,OK
56430226,0.327500,5.085000,33.250,170.000,0,OK
56440222,0.332500,5.086250,33.250,170.000,0,OK
56450226,0.332500,5.086250,33.000,167.500,0,OK
56460222,0.332500,5.086250,33.250,170.000,0,OK
56470226,0.337500,5.081250,33.750,172.500,0,OK
56480222,0.332500,5.083750,33.250,170.000,0,OK
56490226,0.332500,5.085000,33.250,170.000,0,OK
56500222,0.332500,5.085000,32.750,166.250,0,OK
56510226,0.335000,5.087500,33.500,170.000,0,OK
56520222,0.335000,5.086250,32.750,166.250,0,OK
56530226,0.330000,5.086250,33.000,167.500,0,OK
56540218,0.330000,5.085000,33.250,167.500,0,OK
56550226,0.330000,5.086250,33.000,167.500,0,OK
56560222,0.332500,5.081250,33.250,167.500,0,OK
56570226,0.327500,5.085000,32.750,166.250,0,OK
56580222,0.332500,5.085000,33.250,170.000,0,OK
56590226,0.327500,5.086250,33.000,167.500,0,OK
56600222,0.332500,5.086250,33.250,170.000,0,OK
56610226,0.332500,5.086250,33.250,170.000,0,OK
56620222,0.332500,5.085000,33.250,170.000,0,OK
56630226,0.332500,5.085000,33.250,167.500,0,OK
56640222,0.332500,5.085000,33.250,170.000,0,OK
56650226,0.330000,5.081250,33.000,167.500,0,OK
56660222,0.342500,5.085000,33.250,170.000,0,OK
56670226,0.335000,5.086250,33.500,170.000,0,OK
56680222,0.330000,5.085000,33.000,167.500,0,OK
56690226,0.330000,5.087500,33.000,167.500,0,OK
56700222,0.332500,5.086250,32.750,166.250,0,OK
56710226,0.332500,5.085000,33.250,170.000,0,OK
56720222,0.335000,5.085000,33.500,170.000,0,OK
56730226,0.332500,5.083750,33.250,170.000,0,OK
56740222,0.332500,5.081250,33.250,167.500,0,OK
56750226,0.340000,5.085000,33.000,167.500,0,OK
56760222,0.332500,5.085000,33.250,170.000,0,OK
56770226,0.335000,5.083750,33.500,170.000,0,OK
56780222,0.330000,5.085000,33.000,167.500,0,OK
56790226,0.335000,5.083750,33.250,170.000,0,OK
56800222,0.330000,5.086250,33.000,167.500,0,OK
56810226,0.332500,5.085000,33.250,167.500,0,OK
56820218,0.330000,5.083750,33.000,167.500,0,OK
56830230,0.335000,5.081250,33.500,170.000,0,OK
56840218,0.337500,5.083750,32.750,166.250,0,OK
56850230,0.332500,5.085000,33.250,170.000,0,OK
56860218,0.327500,5.085000,33.000,167.500,0,OK
56870230,0.330000,5.083750,33.000,167.500,0,OK
56880218,0.332500,5.086250,33.000,167.500,0,OK
56890226,0.332500,5.086250,33.250,170.000,0,OK
56900222,0.332500,5.086250,33.250,167.500,0,OK
56910226,0.330000,5.085000,33.000,167.500,0,OK
56920222,0.332500,5.083750,33.250,170.000,0,OK
56930226,0.332500,5.083750,33.000,167.500,0,OK
56940222,0.332500,5.086250,33.250,170.000,0,OK
56950226,0.330000,5.086250,33.000,167.500,0,OK
56960222,0.332500,5.086250,33.250,170.000,0,OK
56970226,0.335000,5.085000,33.250,170.000,0,OK
56980222,0.330000,5.085000,33.000,167.500,0,OK
56990226,0.332500,5.086250,33.250,167.500,0,OK
57000222,0.332500,5.083750,33.250,170.000,0,OK
57010226,0.332500,5.085000,33.250,170.000,0,OK
57020222,0.330000,5.085000,33.250,170.000,0,OK
57030226,0.332500,5.085000,33.250,170.000,0,OK
57040222,0.330000,5.087500,32.750,166.250,0,OK
57050226,0.332500,5.086250,33.250,170.000,0,OK
57060222,0.332500,5.086250,33.000,167.500,0,OK
57070226,0.332500,5.086250,33.250,170.000,0,OK
57080222,0.335000,5.078750,33.500,170.000,0,OK
57090226,0.332500,5.086250,33.250,170.000,0,OK
57100222,0.332500,5.086250,33.250,170.000,0,OK
57110226,0.330000,5.085000,33.000,167.500,0,OK
57120222,0.332500,5.086250,33.250,170.000,0,OK
57130226,0.332500,5.086250,33.000,167.500,0,OK
57140222,0.335000,5.086250,33.500,170.000,0,OK
57150226,0.332500,5.085000,33.250,167.500,0,OK
57160222,0.332500,5.086250,33.250,170.000,0,OK
57170226,0.330000,5.080000,33.000,167.500,0,OK
57180222,0.330000,5.083750,33.000,167.500,0,OK
57190226,0.337500,5.086250,33.750,172.500,0,OK
57200218,0.332500,5.085000,33.250,170.000,0,OK
57210230,0.332500,5.087500,33.250,170.000,0,OK
57220218,0.335000,5.086250,33.000,167.500,0,OK
57230230,0.332500,5.085000,33.250,170.000,0,OK
57240218,0.332500,5.086250,33.000,167.500,0,OK
57250230,0.332500,5.087500,33.250,170.000,0,OK
57260218,0.335000,5.081250,33.500,170.000,0,OK
57270230,0.342500,5.086250,33.250,170.000,0,OK
57280218,0.335000,5.083750,33.500,170.000,0,OK
57290230,0.332500,5.085000,32.500,166.250,0,OK
57300218,0.335000,5.086250,33.500,170.000,0,OK
57310230,0.330000,5.085000,33.250,170.000,0,OK
57320218,0.327500,5.085000,32.750,166.250,0,OK
57330230,0.332500,5.083750,33.250,167.500,0,OK
57340218,0.332500,5.083750,33.250,170.000,0,OK
57350230,0.332500,5.082500,33.250,170.000,0,OK
57360218,0.340000,5.085000,33.000,167.500,0,OK
57370230,0.332500,5.086250,33.250,170.000,0,OK
57380218,0.330000,5.085000,33.250,170.000,0,OK
57390230,0.332500,5.085000,33.250,170.000,0,OK
57400218,0.335000,5.085000,33.250,170.000,0,OK
57410230,0.330000,5.085000,33.000,167.500,0,OK
57420218,0.332500,5.085000,33.250,167.500,0,OK
57430230,0.330000,5.085000,33.000,167.500,0,OK
57440218,0.332500,5.082500,33.250,170.000,0,OK
57450230,0.337500,5.083750,33.000,167.500,0,OK
57460218,0.332500,5.085000,33.250,170.000,0,OK
57470226,0.332500,5.086250,33.250,170.000,0,OK
57480222,0.332500,5.086250,33.250,170.000,0,OK
57490226,0.335000,5.086250,33.250,170.000,0,OK
57500222,0.330000,5.086250,33.000,167.500,0,OK
57510226,0.335000,5.086250,33.500,170.000,0,OK
57520218,0.332500,5.085000,33.250,170.000,0,OK
57530230,0.332500,5.083750,33.250,170.000,0,OK
57540218,0.335000,5.085000,33.500,170.000,0,OK
57550230,0.332500,5.085000,33.250,170.000,0,OK
57560218,0.332500,5.085000,33.000,167.500,0,OK
57570230,0.332500,5.083750,33.250,170.000,0,OK
57580218,0.332500,5.085000,33.000,167.500,0,OK
57590230,0.330000,5.086250,33.000,167.500,0,OK
57600218,0.337500,5.086250,33.750,172.500,0,OK
57610226,0.332500,5.086250,33.250,170.000,0,OK
57620222,0.335000,5.085000,33.500,170.000,0,OK
57630226,0.330000,5.086250,33.000,167.500,0,OK
57640222,0.332500,5.087500,33.250,170.000,0,OK
57650226,0.332500,5.086250,33.000,167.500,0,OK
57660222,0.330000,5.086250,33.000,167.500,0,OK
57670226,0.330000,5.085000,33.250,167.500,0,OK
57680218,0.330000,5.085000,33.000,167.500,0,OK
57690230,0.330000,5.081250,33.000,167.500,0,OK
57700218,0.332500,5.086250,33.250,170.000,0,OK
57710226,0.335000,5.085000,33.500,170.000,0,OK
57720222,0.330000,5.086250,33.250,170.000,0,OK
57730226,0.330000,5.085000,33.000,167.500,0,OK
57740222,0.332500,5.086250,33.000,167.500,0,OK
57750226,0.330000,5.086250,33.000,167.500,0,OK
57760222,0.332500,5.086250,33.000,167.500,0,OK
57770226,0.332500,5.086250,33.250,170.000,0,OK
57780222,0.327500,5.078750,32.750,166.250,0,OK
57790226,0.330000,5.085000,33.000,167.500,0,OK
57800218,0.332500,5.086250,33.250,170.000,0,OK
57810230,0.327500,5.086250,33.250,170.000,0,OK
57820218,0.335000,5.087500,33.500,170.000,0,OK
57830230,0.330000,5.086250,33.250,170.000,0,OK
57840218,0.332500,5.086250,33.250,170.000,0,OK
57850230,0.332500,5.086250,33.250,167.500,0,OK
57860218,0.332500,5.085000,33.250,170.000,0,OK
57870230,0.335000,5.082500,33.500,170.000,0,OK
57880218,0.347500,5.083750,33.250,170.000,0,OK
57890230,0.332500,5.085000,33.250,170.000,0,OK
57900218,0.330000,5.085000,32.750,166.250,0,OK
57910230,0.332500,5.086250,33.250,170.000,0,OK
57920218,0.335000,5.086250,33.000,167.500,0,OK
57930230,0.330000,5.085000,33.000,167.500,0,OK
57940218,0.335000,5.083750,33.500,170.000,0,OK
57950230,0.330000,5.086250,33.000,167.500,0,OK
57960218,0.332500,5.081250,33.250,167.500,0,OK
57970226,0.342500,5.085000,33.250,170.000,0,OK
57980222,0.332500,5.086250,33.250,170.000,0,OK
57990226,0.335000,5.085000,33.000,167.500,0,OK
58000222,0.332500,5.085000,33.250,170.000,0,OK
58010226,0.332500,5.086250,33.000,167.500,0,OK
58020222,0.332500,5.085000,33.250,170.000,0,OK
58030226,0.332500,5.083750,33.250,167.500,0,OK
58040222,0.330000,5.085000,33.000,167.500,0,OK
58050226,0.332500,5.081250,33.250,167.500,0,OK
58060222,0.337500,5.085000,33.000,167.500,0,OK
58070226,0.335000,5.086250,33.500,170.000,0,OK
58080222,0.332500,5.085000,33.250,170.000,0,OK
58090226,0.332500,5.085000,33.250,170.000,0,OK
58100222,0.335000,5.086250,33.000,170.000,0,OK
58110226,0.332500,5.085000,33.250,170.000,0,OK
58120222,0.337500,5.086250,33.750,172.500,0,OK
58130226,0.332500,5.085000,33.250,170.000,0,OK
58140222,0.332500,5.082500,33.250,170.000,0,OK
58150226,0.337500,5.083750,33.250,170.000,0,OK
58160222,0.332500,5.087500,33.250,170.000,0,OK
58170226,0.330000,5.085000,33.000,167.500,0,OK
58180222,0.332500,5.086250,33.250,170.000,0,OK
58190226,0.335000,5.085000,33.000,170.000,0,OK
58200222,0.330000,5.083750,33.000,167.500,0,OK
58210226,0.330000,5.085000,33.000,167.500,0,OK
58220218,0.330000,5.085000,33.000,167.500,0,OK
58230230,0.332500,5.083750,33.250,170.000,0,OK
58240218,0.335000,5.085000,33.250,170.000,0,OK
58250230,0.335000,5.086250,33.500,170.000,0,OK
58260218,0.332500,5.086250,33.250,170.000,0,OK
58270230,0.330000,5.086250,33.000,167.500,0,OK
58280218,0.335000,5.086250,32.750,170.000,0,OK
58290226,0.330000,5.086250,33.000,167.500,0,OK
58300222,0.332500,5.081250,33.250,167.500,0,OK
58310226,0.330000,5.085000,33.000,167.500,0,OK
58320222,0.335000,5.085000,33.500,170.000,0,OK
58330226,0.330000,5.086250,33.250,170.000,0,OK
58340222,0.332500,5.086250,33.250,170.000,0,OK
58350226,0.332500,5.086250,33.250,170.000,0,OK
58360222,0.330000,5.087500,33.000,167.500,0,OK
58370226,0.332500,5.086250,33.250,167.500,0,OK
58380222,0.332500,5.083750,33.250,170.000,0,OK
58390226,0.335000,5.081250,33.500,170.000,0,OK
58400222,0.330000,5.085000,33.000,167.500,0,OK
58410226,0.332500,5.086250,33.250,170.000,0,OK
58420222,0.330000,5.085000,33.250,170.000,0,OK
58430226,0.335000,5.085000,33.500,170.000,0,OK
58440222,0.335000,5.086250,32.750,166.250,0,OK
58450226,0.332500,5.086250,33.250,170.000,0,OK
58460218,0.332500,5.086250,33.250,167.500,0,OK
58470230,0.332500,5.085000,33.250,170.000,0,OK
58480218,0.330000,5.081250,33.000,167.500,0,OK
58490230,0.347500,5.086250,33.250,170.000,0,OK
58500218,0.332500,5.086250,33.250,170.000,0,OK
58510230,0.330000,5.085000,33.250,170.000,0,OK
58520218,0.332500,5.086250,33.250,170.000,0,OK
58530230,0.332500,5.086250,32.750,166.250,0,OK
58540218,0.330000,5.085000,33.000,167.500,0,OK
58550230,0.335000,5.086250,33.500,170.000,0,OK
58560218,0.332500,5.085000,33.250,170.000,0,OK
58570230,0.335000,5.081250,33.500,170.000,0,OK
58580218,0.340000,5.085000,33.000,167.500,0,OK
58590230,0.332500,5.086250,33.250,170.000,0,OK
58600218,0.332500,5.086250,33.250,170.000,0,OK
58610230,0.332500,5.086250,33.250,170.000,0,OK
58620218,0.332500,5.085000,33.250,167.500,0,OK
58630230,0.327500,5.085000,32.750,166.250,0,OK
58640218,0.332500,5.085000,33.250,167.500,0,OK
58650230,0.332500,5.085000,33.250,170.000,0,OK
58660218,0.332500,5.083750,33.250,170.000,0,OK
58670230,0.337500,5.085000,33.500,170.000,0,OK
58680218,0.332500,5.085000,33.250,170.000,0,OK
58690230,0.330000,5.085000,32.750,166.250,0,OK
58700218,0.332500,5.085000,33.250,170.000,0,OK
58710230,0.335000,5.086250,33.500,170.000,0,OK
58720218,0.332500,5.086250,33.250,170.000,0,OK
58730230,0.335000,5.085000,33.500,170.000,0,OK
58740218,0.330000,5.085000,33.000,167.500,0,OK
58750230,0.332500,5.083750,33.250,170.000,0,OK
58760218,0.335000,5.085000,33.250,170.000,0,OK
58770230,0.332500,5.087500,33.250,170.000,0,OK
58780218,0.327500,5.085000,33.250,170.000,0,OK
58790230,0.332500,5.086250,33.250,170.000,0,OK
58800218,0.335000,5.086250,33.000,170.000,0,OK
58810230,0.330000,5.086250,33.000,167.500,0,OK
58820218,0.330000,5.085000,33.000,167.500,0,OK
58830226,0.332500,5.086250,33.250,170.000,0,OK
58840222,0.332500,5.083750,33.250,170.000,0,OK
58850226,0.335000,5.086250,33.250,170.000,0,OK
58860222,0.332500,5.085000,33.250,170.000,0,OK
58870226,0.332500,5.085000,32.750,166.250,0,OK
58880222,0.332500,5.083750,33.250,170.000,0,OK
58890226,0.332500,5.086250,33.250,167.500,0,OK
58900222,0.332500,5.085000,33.250,170.000,0,OK
58910226,0.332500,5.078750,33.250,167.500,0,OK
58920222,0.327500,5.086250,32.750,166.250,0,OK
58930226,0.335000,5.083750,33.500,170.000,0,OK
58940218,0.330000,5.086250,33.250,170.000,0,OK
58950230,0.335000,5.086250,33.500,170.000,0,OK
58960218,0.330000,5.086250,33.250,170.000,0,OK
58970230,0.332500,5.086250,33.250,170.000,0,OK
58980218,0.335000,5.083750,33.250,170.000,0,OK
58990230,0.332500,5.087500,33.250,170.000,0,OK
59000218,0.330000,5.080000,33.000,167.500,0,OK
59010230,0.330000,5.086250,33.000,167.500,0,OK
59020218,0.332500,5.085000,33.250,170.000,0,OK
59030226,0.332500,5.083750,33.250,170.000,0,OK
59040222,0.335000,5.087500,33.500,170.000,0,OK
59050226,0.335000,5.085000,33.250,170.000,0,OK
59060222,0.330000,5.086250,33.000,167.500,0,OK
59070226,0.332500,5.086250,33.000,167.500,0,OK
59080218,0.332500,5.086250,33.250,170.000,0,OK
59090230,0.330000,5.080000,33.000,167.500,0,OK
59100218,0.332500,5.085000,33.250,170.000,0,OK
59110226,0.332500,5.086250,33.250,170.000,0,OK
59120222,0.332500,5.086250,33.250,170.000,0,OK
59130226,0.332500,5.086250,33.250,170.000,0,OK
59140222,0.332500,5.086250,33.000,167.500,0,OK
59150226,0.332500,5.085000,33.250,170.000,0,OK
59160222,0.330000,5.085000,33.000,167.500,0,OK
59170226,0.330000,5.086250,33.000,167.500,0,OK
59180222,0.332500,5.081250,33.250,167.500,0,OK
59190226,0.342500,5.085000,33.250,170.000,0,OK
59200222,0.335000,5.087500,33.500,170.000,0,OK
59210226,0.332500,5.085000,33.000,167.500,0,OK
59220222,0.332500,5.085000,33.250,170.000,0,OK
59230226,0.335000,5.086250,33.250,170.000,0,OK
59240222,0.327500,5.086250,32.750,166.250,0,OK
59250226,0.337500,5.086250,33.750,172.500,0,OK
59260218,0.330000,5.086250,33.000,167.500,0,OK
59270230,0.335000,5.083750,33.500,170.000,0,OK
59280218,0.337500,5.086250,33.500,170.000,0,OK
59290230,0.332500,5.086250,33.250,170.000,0,OK
59300218,0.332500,5.086250,33.250,170.000,0,OK
59310230,0.330000,5.086250,33.000,167.500,0,OK
59320218,0.332500,5.085000,33.000,167.500,0,OK
59330226,0.332500,5.085000,33.250,170.000,0,OK
59340222,0.332500,5.086250,33.250,167.500,0,OK
59350226,0.330000,5.086250,33.000,167.500,0,OK
59360222,0.332500,5.083750,33.250,170.000,0,OK
59370226,0.335000,5.085000,33.250,170.000,0,OK
59380222,0.335000,5.086250,33.500,170.000,0,OK
59390226,0.332500,5.085000,33.250,170.000,0,OK
59400222,0.332500,5.086250,33.250,170.000,0,OK
59410226,0.335000,5.085000,33.250,170.000,0,OK
59420222,0.330000,5.085000,33.000,167.500,0,OK
59430226,0.332500,5.085000,33.250,167.500,0,OK
59440222,0.330000,5.086250,33.000,167.500,0,OK
59450226,0.332500,5.085000,33.250,170.000,0,OK
59460218,0.332500,5.086250,33.000,167.500,0,OK
59470230,0.332500,5.086250,33.250,170.000,0,OK
59480218,0.330000,5.086250,33.000,167.500,0,OK
59490230,0.332500,5.086250,33.250,170.000,0,OK
59500218,0.332500,5.085000,33.500,167.500,0,OK
59510230,0.332500,5.085000,33.250,170.000,0,OK
59520218,0.332500,5.078750,33.250,167.500,0,OK
59530230,0.330000,5.086250,33.000,167.500,0,OK
59540218,0.332500,5.083750,33.250,170.000,0,OK
59550226,0.330000,5.085000,33.000,167.500,0,OK
59560222,0.335000,5.086250,33.500,170.000,0,OK
59570226,0.330000,5.087500,33.500,170.000,0,OK
59580222,0.330000,5.086250,33.000,167.500,0,OK
59590226,0.332500,5.086250,33.250,167.500,0,OK
59600218,0.335000,5.085000,33.500,170.000,0,OK
59610230,0.332500,5.080000,33.250,167.500,0,OK
59620218,0.327500,5.083750,32.750,166.250,0,OK
59630230,0.332500,5.083750,33.250,170.000,0,OK
59640218,0.327500,5.083750,33.250,170.000,0,OK
59650230,0.332500,5.086250,33.250,170.000,0,OK
59660218,0.335000,5.086250,33.250,170.000,0,OK
59670230,0.330000,5.086250,33.000,167.500,0,OK
59680218,0.335000,5.083750,33.250,170.000,0,OK
59690226,0.332500,5.085000,33.250,170.000,0,OK
59700222,0.332500,5.080000,33.250,167.500,0,OK
59710226,0.332500,5.086250,33.250,170.000,0,OK
59720222,0.332500,5.085000,33.250,170.000,0,OK
59730226,0.332500,5.085000,33.250,170.000,0,OK
59740222,0.330000,5.085000,33.000,167.500,0,OK
59750226,0.332500,5.086250,33.250,170.000,0,OK
59760222,0.332500,5.085000,33.250,170.000,0,OK
59770226,0.337500,5.085000,33.000,172.500,0,OK
59780222,0.327500,5.085000,32.750,166.250,0,OK
59790226,0.332500,5.083750,33.250,170.000,0,OK
59800222,0.342500,5.085000,32.750,166.250,0,OK
59810226,0.332500,5.086250,33.250,170.000,0,OK
59820222,0.330000,5.086250,33.000,167.500,0,OK
59830226,0.330000,5.085000,33.000,167.500,0,OK
59840218,0.332500,5.086250,33.000,167.500,0,OK
59850230,0.330000,5.085000,33.000,167.500,0,OK
59860218,0.332500,5.085000,33.250,167.500,0,OK
59870230,0.330000,5.085000,33.000,167.500,0,OK
59880218,0.332500,5.081250,33.250,167.500,0,OK
59890230,0.340000,5.083750,33.000,167.500,0,OK
59900218,0.332500,5.086250,33.250,170.000,0,OK
59910230,0.330000,5.086250,33.000,167.500,0,OK
59920218,0.332500,5.086250,33.250,170.000,0,OK
59930226,0.332500,5.085000,33.000,167.500,0,OK
59940222,0.330000,5.086250,33.000,167.500,0,OK
59950226,0.332500,5.086250,33.250,167.500,0,OK
59960218,0.332500,5.085000,33.250,170.000,0,OK
59970230,0.332500,5.082500,33.250,170.000,0,OK
59980218,0.337500,5.083750,33.000,167.500,0,OK
59990230,0.335000,5.087500,33.500,170.000,0,OK
