timestamp_us,shunt_voltage_mV,bus_voltage_V,current_mA,power_mW,workload_state,status
10242,0.332500,5.083750,33.250,170.000,0,OK
20218,0.332500,5.083750,33.000,167.500,0,OK
30230,0.335000,5.081250,33.500,170.000,0,OK
40218,0.332500,5.083750,33.250,167.500,0,OK
50230,0.332500,5.083750,33.250,170.000,0,OK
60218,0.335000,5.081250,33.500,170.000,0,OK
70230,0.335000,5.083750,33.500,170.000,0,OK
80218,0.332500,5.085000,33.250,170.000,0,OK
90230,0.330000,5.083750,33.500,170.000,0,OK
100218,0.330000,5.083750,33.000,167.500,0,OK
110230,0.337500,5.082500,33.500,172.500,0,OK
120218,0.332500,5.083750,33.250,170.000,0,OK
130230,0.337500,5.078750,33.750,172.500,0,OK
140218,0.332500,5.083750,33.250,170.000,0,OK
150230,0.332500,5.083750,33.250,170.000,0,OK
160218,0.332500,5.083750,33.250,170.000,0,OK
170230,0.337500,5.083750,33.750,172.500,0,OK
180218,0.332500,5.083750,33.250,170.000,0,OK
190230,0.335000,5.083750,33.500,170.000,0,OK
200218,0.335000,5.083750,33.000,170.000,0,OK
210230,0.332500,5.083750,33.250,170.000,0,OK
220218,0.332500,5.077500,33.250,167.500,0,OK
230230,0.335000,5.083750,33.500,170.000,0,OK
240218,0.327500,5.082500,32.750,166.250,0,OK
250230,0.332500,5.083750,33.500,170.000,0,OK
260218,0.332500,5.083750,33.250,170.000,0,OK
270230,0.337500,5.083750,33.500,170.000,0,OK
280218,0.335000,5.083750,33.500,170.000,0,OK
290230,0.337500,5.083750,33.250,172.500,0,OK
300218,0.330000,5.083750,33.000,167.500,0,OK
310230,0.335000,5.078750,33.500,170.000,0,OK
320218,0.347500,5.082500,33.250,170.000,0,OK
330230,0.335000,5.082500,33.500,170.000,0,OK
340218,0.332500,5.083750,33.250,170.000,0,OK
350230,0.335000,5.083750,33.500,170.000,0,OK
360218,0.335000,5.083750,33.250,170.000,0,OK
370230,0.332500,5.083750,33.250,170.000,0,OK
380218,0.332500,5.085000,33.000,167.500,0,OK
390230,0.337500,5.082500,33.750,172.500,0,OK
400218,0.332500,5.080000,33.250,167.500,0,OK
410230,0.342500,5.085000,33.000,167.500,0,OK
420218,0.335000,5.083750,33.500,170.000,0,OK
430230,0.330000,5.083750,33.500,170.000,0,OK
440218,0.332500,5.085000,33.250,170.000,0,OK
450230,0.335000,5.085000,33.250,170.000,0,OK
460218,0.332500,5.083750,33.250,170.000,0,OK
470230,0.340000,5.083750,34.000,172.500,0,OK
480218,0.330000,5.082500,33.000,167.500,0,OK
490230,0.332500,5.081250,33.250,167.500,0,OK
500218,0.337500,5.082500,33.000,167.500,0,OK
510230,0.337500,5.085000,33.750,172.500,0,OK
520218,0.330000,5.083750,33.000,167.500,0,OK
530230,0.332500,5.083750,33.250,170.000,0,OK
540218,0.337500,5.085000,33.250,172.500,0,OK
550230,0.330000,5.082500,33.000,167.500,0,OK
560218,0.332500,5.083750,33.250,167.500,0,OK
570226,0.332500,5.083750,33.250,170.000,0,OK
580222,0.332500,5.080000,33.250,167.500,0,OK
590226,0.335000,5.082500,33.250,170.000,0,OK
600222,0.332500,5.083750,33.250,170.000,0,OK
610226,0.332500,5.082500,33.750,172.500,0,OK
620222,0.327500,5.082500,32.750,166.250,0,OK
630226,0.337500,5.083750,33.500,172.500,0,OK
640218,0.335000,5.083750,33.500,170.000,0,OK
650230,0.337500,5.083750,33.750,172.500,0,OK
660218,0.332500,5.083750,33.250,170.000,0,OK
670230,0.337500,5.081250,33.750,172.500,0,OK
680218,0.332500,5.085000,33.250,170.000,0,OK
690230,0.335000,5.083750,33.500,170.000,0,OK
700218,0.332500,5.082500,33.250,170.000,0,OK
710230,0.335000,5.083750,33.500,170.000,0,OK
720218,0.332500,5.082500,33.250,167.500,0,OK
730230,0.332500,5.083750,33.250,170.000,0,OK
740218,0.332500,5.083750,33.250,167.500,0,OK
750230,0.332500,5.083750,33.250,170.000,0,OK
760218,0.335000,5.082500,33.500,170.000,0,OK
770230,0.332500,5.083750,33.500,170.000,0,OK
780218,0.335000,5.083750,33.500,170.000,0,OK
790230,0.332500,5.083750,33.250,170.000,0,OK
800218,0.335000,5.082500,33.500,170.000,0,OK
810230,0.340000,5.085000,33.250,172.500,0,OK
820218,0.332500,5.083750,33.250,170.000,0,OK
830230,0.340000,5.076250,34.000,172.500,0,OK
840218,0.332500,5.082500,33.250,170.000,0,OK
850230,0.340000,5.081250,34.000,172.500,0,OK
860218,0.330000,5.083750,33.250,170.000,0,OK
870230,0.340000,5.082500,34.000,172.500,0,OK
880218,0.330000,5.083750,33.500,170.000,0,OK
890230,0.337500,5.081250,33.750,172.500,0,OK
900218,0.335000,5.085000,33.000,170.000,0,OK
910230,0.337500,5.082500,33.750,172.500,0,OK
920218,0.330000,5.078750,33.000,167.500,0,OK
930230,0.340000,5.083750,34.000,172.500,0,OK
940218,0.330000,5.082500,33.000,167.500,0,OK
950230,0.332500,5.083750,33.750,172.500,0,OK
960218,0.335000,5.082500,33.500,170.000,0,OK
970230,0.337500,5.082500,33.750,172.500,0,OK
980218,0.332500,5.083750,33.250,170.000,0,OK
990230,0.337500,5.083750,33.750,172.500,0,OK
1000218,0.332500,5.082500,33.250,170.000,0,OK
1010230,0.340000,5.078750,34.000,172.500,0,OK
1020218,0.342500,5.083750,33.250,170.000,0,OK
1030230,0.337500,5.083750,33.750,172.500,0,OK
1040218,0.330000,5.083750,33.250,170.000,0,OK
1050230,0.332500,5.082500,33.250,170.000,0,OK
1060218,0.335000,5.085000,33.000,170.000,0,OK
1070230,0.335000,5.083750,33.500,170.000,0,OK
1080218,0.332500,5.083750,33.250,167.500,0,OK
1090230,0.335000,5.082500,33.500,170.000,0,OK
1100218,0.332500,5.081250,33.250,167.500,0,OK
1110230,0.342500,5.083750,33.250,170.000,0,OK
1120218,0.335000,5.083750,33.500,170.000,0,OK
1130230,0.337500,5.083750,33.500,170.000,0,OK
1140218,0.332500,5.083750,33.250,170.000,0,OK
1150230,0.332500,5.083750,33.250,167.500,0,OK
1160218,0.330000,5.082500,33.000,167.500,0,OK
1170230,0.337500,5.083750,33.750,172.500,0,OK
1180218,0.330000,5.083750,33.000,167.500,0,OK
1190230,0.335000,5.078750,33.500,170.000,0,OK
1200218,0.337500,5.085000,33.000,167.500,0,OK
1210230,0.335000,5.083750,33.500,170.000,0,OK
1220218,0.332500,5.083750,33.000,167.500,0,OK
1230230,0.332500,5.083750,33.250,170.000,0,OK
1240218,0.330000,5.083750,33.000,167.500,0,OK
1250230,0.335000,5.082500,33.500,170.000,0,OK
1260218,0.335000,5.083750,33.500,170.000,0,OK
1270230,0.332500,5.083750,33.250,170.000,0,OK
1280218,0.332500,5.081250,33.250,167.500,0,OK
1290230,0.332500,5.082500,33.250,170.000,0,OK
1300218,0.332500,5.085000,33.250,170.000,0,OK
1310230,0.335000,5.082500,33.000,167.500,0,OK
1320218,0.332500,5.085000,33.250,170.000,0,OK
1330226,0.332500,5.083750,33.250,167.500,0,OK
1340222,0.330000,5.083750,33.000,167.500,0,OK
1350226,0.335000,5.083750,33.500,170.000,0,OK
1360218,0.332500,5.083750,33.250,170.000,0,OK
1370230,0.337500,5.083750,33.750,172.500,0,OK
1380218,0.330000,5.082500,33.250,170.000,0,OK
1390230,0.335000,5.083750,33.500,170.000,0,OK
1400218,0.332500,5.085000,33.000,167.500,0,OK
1410230,0.332500,5.085000,33.250,170.000,0,OK
1420218,0.335000,5.083750,33.250,170.000,0,OK
1430230,0.335000,5.083750,33.500,170.000,0,OK
1440218,0.335000,5.078750,33.500,170.000,0,OK
1450230,0.335000,5.083750,33.500,170.000,0,OK
1460218,0.332500,5.082500,33.250,170.000,0,OK
1470230,0.335000,5.082500,33.250,170.000,0,OK
1480218,0.332500,5.085000,33.250,170.000,0,OK
1490230,0.335000,5.082500,33.250,170.000,0,OK
1500218,0.332500,5.083750,33.250,170.000,0,OK
1510230,0.335000,5.083750,33.250,170.000,0,OK
1520218,0.330000,5.083750,33.000,167.500,0,OK
1530230,0.335000,5.078750,33.500,170.000,0,OK
1540218,0.332500,5.083750,33.250,170.000,0,OK
1550230,0.337500,5.083750,33.750,172.500,0,OK
1560218,0.332500,5.083750,33.000,167.500,0,OK
1570230,0.332500,5.083750,33.250,170.000,0,OK
1580218,0.335000,5.083750,33.250,170.000,0,OK
1590230,0.337500,5.083750,33.750,172.500,0,OK
1600218,0.330000,5.083750,33.250,167.500,0,OK
1610230,0.330000,5.082500,33.000,167.500,0,OK
1620218,0.332500,5.080000,33.250,167.500,0,OK
1630226,0.345000,5.083750,33.250,170.000,0,OK
1640222,0.335000,5.083750,33.500,170.000,0,OK
1650226,0.332500,5.083750,33.250,170.000,0,OK
1660222,0.332500,5.083750,33.250,170.000,0,OK
1670226,0.335000,5.083750,32.750,166.250,0,OK
1680222,0.327500,5.083750,32.750,166.250,0,OK
1690226,0.332500,5.083750,33.250,167.500,0,OK
1700218,0.330000,5.083750,33.000,167.500,0,OK
1710230,0.337500,5.080000,33.750,172.500,0,OK
1720218,0.337500,5.083750,33.000,167.500,0,OK
1730230,0.335000,5.083750,33.500,170.000,0,OK
1740218,0.330000,5.083750,33.250,170.000,0,OK
1750230,0.332500,5.082500,33.250,170.000,0,OK
1760218,0.332500,5.085000,33.250,167.500,0,OK
1770230,0.332500,5.083750,33.250,170.000,0,OK
1780218,0.332500,5.083750,33.250,167.500,0,OK
1790230,0.332500,5.082500,33.250,170.000,0,OK
1800218,0.332500,5.081250,33.250,167.500,0,OK
1810230,0.337500,5.083750,33.250,170.000,0,OK
1820218,0.335000,5.083750,33.500,170.000,0,OK
1830230,0.332500,5.083750,33.000,167.500,0,OK
1840218,0.332500,5.085000,33.250,170.000,0,OK
1850230,0.337500,5.083750,33.250,172.500,0,OK
1860218,0.330000,5.083750,33.000,167.500,0,OK
1870230,0.337500,5.083750,33.750,172.500,0,OK
1880218,0.327500,5.085000,32.750,166.250,0,OK
1890230,0.335000,5.080000,33.500,170.000,0,OK
1900218,0.332500,5.083750,33.250,170.000,0,OK
1910230,0.335000,5.083750,33.500,170.000,0,OK
1920218,0.332500,5.082500,33.250,170.000,0,OK
1930230,0.332500,5.083750,33.250,170.000,0,OK
1940218,0.335000,5.083750,33.250,170.000,0,OK
1950230,0.332500,5.083750,33.250,170.000,0,OK
1960218,0.332500,5.085000,33.250,167.500,0,OK
1970230,0.332500,5.083750,33.250,170.000,0,OK
1980218,0.335000,5.082500,33.500,170.000,0,OK
1990230,0.332500,5.082500,33.250,170.000,0,OK
2000218,0.332500,5.083750,33.250,170.000,0,OK
2010230,0.332500,5.083750,33.500,170.000,0,OK
2020218,0.332500,5.083750,33.250,170.000,0,OK
2030230,0.335000,5.083750,33.000,170.000,0,OK
2040218,0.332500,5.083750,33.250,170.000,0,OK
2050230,0.335000,5.076250,33.500,170.000,0,OK
2060218,0.335000,5.082500,33.500,170.000,0,OK
2070230,0.335000,5.082500,33.500,170.000,0,OK
2080218,0.330000,5.083750,33.250,170.000,0,OK
2090230,0.337500,5.083750,33.750,172.500,0,OK
2100218,0.332500,5.083750,33.250,170.000,0,OK
2110230,0.332500,5.083750,33.250,170.000,0,OK
2120218,0.337500,5.085000,33.250,172.500,0,OK
2130230,0.335000,5.083750,33.500,170.000,0,OK
2140218,0.332500,5.078750,33.250,167.500,0,OK
2150230,0.332500,5.083750,33.250,170.000,0,OK
2160218,0.332500,5.083750,33.250,170.000,0,OK
2170230,0.335000,5.083750,33.750,172.500,0,OK
2180218,0.332500,5.083750,33.250,170.000,0,OK
2190230,0.335000,5.083750,33.250,170.000,0,OK
2200218,0.332500,5.083750,33.250,170.000,0,OK
2210230,0.337500,5.083750,33.250,172.500,0,OK
2220218,0.330000,5.083750,33.000,167.500,0,OK
2230230,0.335000,5.080000,33.500,170.000,0,OK
2240218,0.345000,5.082500,33.250,170.000,0,OK
2250230,0.335000,5.083750,33.500,170.000,0,OK
2260218,0.332500,5.083750,33.000,167.500,0,OK
2270230,0.337500,5.083750,33.750,172.500,0,OK
2280218,0.335000,5.085000,33.250,170.000,0,OK
2290230,0.335000,5.082500,33.500,170.000,0,OK
2300218,0.332500,5.083750,33.250,167.500,0,OK
2310230,0.335000,5.083750,33.500,170.000,0,OK
2320218,0.330000,5.080000,33.000,167.500,0,OK
2330230,0.345000,5.082500,33.500,170.000,0,OK
2340218,0.332500,5.085000,33.250,170.000,0,OK
2350230,0.332500,5.083750,33.250,170.000,0,OK
2360218,0.332500,5.083750,33.250,170.000,0,OK
2370230,0.337500,5.083750,33.250,172.500,0,OK
2380218,0.332500,5.082500,33.250,170.000,0,OK
2390230,0.337500,5.082500,33.750,172.500,0,OK
2400218,0.332500,5.083750,33.250,170.000,0,OK
2410230,0.335000,5.081250,33.500,170.000,0,OK
2420218,0.335000,5.085000,33.500,170.000,0,OK
2430230,0.335000,5.085000,33.500,170.000,0,OK
2440218,0.332500,5.083750,33.000,167.500,0,OK
2450230,0.330000,5.083750,33.000,167.500,0,OK
2460218,0.335000,5.083750,33.000,170.000,0,OK
2470226,0.332500,5.083750,33.250,170.000,0,OK
2480222,0.332500,5.083750,33.250,167.500,0,OK
2490226,0.332500,5.082500,33.250,170.000,0,OK
2500222,0.332500,5.081250,33.250,167.500,0,OK
2510226,0.335000,5.083750,33.000,167.500,0,OK
2520222,0.330000,5.085000,33.000,167.500,0,OK
2530226,0.330000,5.082500,33.000,167.500,0,OK
2540222,0.335000,5.082500,33.500,170.000,0,OK
2550226,0.335000,5.085000,33.000,170.000,0,OK
2560222,0.332500,5.083750,33.250,170.000,0,OK
2570226,0.335000,5.086250,33.500,170.000,0,OK
2580222,0.332500,5.085000,33.250,170.000,0,OK
2590226,0.332500,5.082500,33.250,170.000,0,OK
2600222,0.330000,5.085000,33.250,170.000,0,OK
2610226,0.335000,5.085000,33.500,170.000,0,OK
2620222,0.330000,5.083750,33.250,170.000,0,OK
2630226,0.330000,5.082500,33.000,167.500,0,OK
2640222,0.337500,5.083750,33.250,172.500,0,OK
2650226,0.332500,5.083750,33.250,170.000,0,OK
2660222,0.332500,5.077500,33.250,167.500,0,OK
2670226,0.332500,5.083750,33.250,170.000,0,OK
2680222,0.332500,5.083750,33.250,170.000,0,OK
2690226,0.332500,5.083750,33.250,170.000,0,OK
2700222,0.332500,5.083750,33.250,170.000,0,OK
2710226,0.332500,5.083750,33.250,170.000,0,OK
2720222,0.330000,5.085000,33.000,167.500,0,OK
2730226,0.335000,5.085000,33.250,170.000,0,OK
2740222,0.332500,5.082500,33.250,170.000,0,OK
2750226,0.332500,5.080000,33.250,167.500,0,OK
2760222,0.332500,5.083750,33.250,170.000,0,OK
2770226,0.335000,5.083750,33.500,170.000,0,OK
2780222,0.332500,5.083750,33.500,170.000,0,OK
2790226,0.335000,5.083750,33.500,170.000,0,OK
2800222,0.332500,5.085000,33.250,170.000,0,OK
2810226,0.332500,5.083750,33.250,170.000,0,OK
2820222,0.335000,5.083750,33.250,170.000,0,OK
2830226,0.335000,5.083750,33.500,170.000,0,OK
2840222,0.332500,5.080000,33.250,167.500,0,OK
2850226,0.347500,5.083750,33.250,170.000,0,OK
2860222,0.337500,5.083750,33.750,172.500,0,OK
2870226,0.330000,5.083750,33.250,170.000,0,OK
2880222,0.332500,5.085000,33.250,170.000,0,OK
2890226,0.335000,5.083750,33.000,167.500,0,OK
2900222,0.330000,5.082500,33.000,167.500,0,OK
2910226,0.335000,5.085000,33.500,170.000,0,OK
2920218,0.330000,5.083750,33.000,167.500,0,OK
2930230,0.332500,5.081250,33.250,167.500,0,OK
2940218,0.342500,5.083750,33.000,167.500,0,OK
2950230,0.332500,5.085000,33.250,170.000,0,OK
2960218,0.335000,5.083750,33.250,170.000,0,OK
2970230,0.335000,5.083750,33.500,170.000,0,OK
2980218,0.335000,5.085000,33.250,170.000,0,OK
2990230,0.332500,5.083750,33.250,170.000,0,OK
3000218,0.335000,5.085000,33.500,170.000,0,OK
3010230,0.332500,5.083750,33.250,170.000,0,OK
3020218,0.332500,5.080000,33.250,167.500,0,OK
3030230,0.337500,5.083750,33.500,170.000,0,OK
3040218,0.332500,5.083750,33.250,170.000,0,OK
3050230,0.330000,5.082500,33.000,167.500,0,OK
3060218,0.332500,5.083750,33.250,170.000,0,OK
3070226,0.337500,5.083750,33.500,172.500,0,OK
3080222,0.330000,5.083750,33.000,167.500,0,OK
3090226,0.332500,5.082500,33.250,167.500,0,OK
3100218,0.332500,5.083750,33.250,170.000,0,OK
3110230,0.332500,5.081250,33.250,167.500,0,OK
3120218,0.332500,5.083750,33.000,167.500,0,OK
3130230,0.335000,5.083750,33.500,170.000,0,OK
3140218,0.332500,5.083750,33.000,167.500,0,OK
3150230,0.332500,5.083750,33.250,170.000,0,OK
3160218,0.332500,5.085000,33.250,167.500,0,OK
3170230,0.332500,5.083750,33.250,170.000,0,OK
3180218,0.332500,5.082500,33.250,167.500,0,OK
3190230,0.332500,5.083750,33.250,170.000,0,OK
3200218,0.332500,5.082500,33.250,170.000,0,OK
3210230,0.332500,5.085000,33.000,167.500,0,OK
3220218,0.335000,5.083750,33.500,170.000,0,OK
3230230,0.332500,5.083750,32.750,166.250,0,OK
3240218,0.332500,5.083750,33.250,170.000,0,OK
3250230,0.332500,5.083750,33.000,167.500,0,OK
3260218,0.332500,5.085000,33.250,170.000,0,OK
3270230,0.335000,5.076250,33.500,170.000,0,OK
3280218,0.332500,5.083750,33.250,170.000,0,OK
3290230,0.335000,5.081250,33.500,170.000,0,OK
3300218,0.330000,5.082500,33.000,167.500,0,OK
3310230,0.335000,5.083750,33.500,170.000,0,OK
3320218,0.332500,5.083750,33.000,167.500,0,OK
3330230,0.332500,5.083750,33.250,170.000,0,OK
3340218,0.332500,5.083750,33.250,167.500,0,OK
3350230,0.332500,5.083750,33.250,170.000,0,OK
3360218,0.335000,5.080000,33.500,170.000,0,OK
3370230,0.332500,5.083750,33.250,170.000,0,OK
3380218,0.332500,5.083750,33.250,170.000,0,OK
3390230,0.335000,5.083750,33.000,167.500,0,OK
3400218,0.332500,5.083750,33.250,170.000,0,OK
3410226,0.335000,5.085000,33.000,167.500,0,OK
3420222,0.330000,5.082500,33.000,167.500,0,OK
3430226,0.335000,5.083750,33.500,170.000,0,OK
3440218,0.330000,5.083750,33.000,167.500,0,OK
3450230,0.332500,5.078750,33.250,167.500,0,OK
3460218,0.342500,5.083750,33.250,170.000,0,OK
3470230,0.335000,5.083750,33.500,170.000,0,OK
3480218,0.332500,5.082500,33.250,170.000,0,OK
3490230,0.330000,5.085000,33.000,167.500,0,OK
3500218,0.332500,5.083750,32.750,166.250,0,OK
3510230,0.332500,5.083750,33.250,170.000,0,OK
3520218,0.332500,5.083750,33.250,167.500,0,OK
3530230,0.330000,5.083750,33.000,167.500,0,OK
3540218,0.332500,5.078750,33.250,167.500,0,OK
3550226,0.342500,5.083750,33.000,167.500,0,OK
3560222,0.335000,5.083750,33.500,170.000,0,OK
3570226,0.332500,5.083750,33.250,170.000,0,OK
3580222,0.330000,5.083750,33.000,167.500,0,OK
3590226,0.332500,5.083750,33.000,167.500,0,OK
3600218,0.327500,5.083750,32.750,166.250,0,OK
3610230,0.335000,5.083750,33.500,170.000,0,OK
3620218,0.332500,5.083750,33.250,170.000,0,OK
3630230,0.335000,5.080000,33.500,170.000,0,OK
3640218,0.337500,5.083750,33.000,167.500,0,OK
3650230,0.330000,5.083750,33.000,167.500,0,OK
3660218,0.330000,5.083750,33.000,167.500,0,OK
3670226,0.332500,5.083750,33.250,170.000,0,OK
3680218,0.332500,5.083750,33.250,167.500,0,OK
3690230,0.332500,5.083750,33.250,170.000,0,OK
3700218,0.330000,5.085000,33.000,167.500,0,OK
3710230,0.335000,5.083750,33.500,170.000,0,OK
3720218,0.335000,5.080000,33.500,170.000,0,OK
3730230,0.332500,5.083750,33.000,167.500,0,OK
3740218,0.335000,5.083750,33.500,170.000,0,OK
3750230,0.330000,5.083750,33.250,170.000,0,OK
3760218,0.330000,5.083750,33.000,167.500,0,OK
3770230,0.332500,5.083750,33.250,167.500,0,OK
3780218,0.330000,5.083750,33.000,167.500,0,OK
3790230,0.335000,5.083750,33.500,170.000,0,OK
3800218,0.332500,5.083750,33.250,170.000,0,OK
3810230,0.332500,5.082500,33.250,170.000,0,OK
3820218,0.332500,5.083750,33.000,167.500,0,OK
3830230,0.332500,5.085000,33.250,170.000,0,OK
3840218,0.332500,5.083750,33.500,170.000,0,OK
3850230,0.330000,5.083750,33.000,167.500,0,OK
3860218,0.332500,5.083750,33.250,167.500,0,OK
3870226,0.330000,5.083750,33.000,167.500,0,OK
3880222,0.332500,5.077500,33.250,167.500,0,OK
3890226,0.332500,5.083750,33.250,170.000,0,OK
3900222,0.332500,5.082500,33.250,170.000,0,OK
3910226,0.330000,5.083750,33.000,167.500,0,OK
3920222,0.332500,5.083750,33.250,170.000,0,OK
3930226,0.332500,5.083750,33.000,167.500,0,OK
3940222,0.327500,5.083750,32.750,166.250,0,OK
3950226,0.337500,5.083750,33.000,172.500,0,OK
3960218,0.332500,5.083750,33.250,170.000,0,OK
3970230,0.332500,5.078750,33.250,167.500,0,OK
3980218,0.330000,5.082500,33.000,167.500,0,OK
3990230,0.335000,5.083750,33.500,170.000,0,OK
4000218,0.332500,5.085000,33.250,170.000,0,OK
4010230,0.335000,5.083750,33.500,170.000,0,OK
4020218,0.332500,5.085000,33.000,167.500,0,OK
4030230,0.332500,5.083750,33.250,170.000,0,OK
4040218,0.335000,5.083750,33.250,170.000,0,OK
4050230,0.332500,5.082500,33.250,170.000,0,OK
4060218,0.332500,5.078750,33.250,167.500,0,OK
4070230,0.332500,5.085000,33.250,170.000,0,OK
4080218,0.332500,5.085000,33.250,170.000,0,OK
4090230,0.330000,5.083750,32.750,166.250,0,OK
4100218,0.332500,5.085000,33.250,170.000,0,OK
4110226,0.335000,5.083750,33.250,170.000,0,OK
4120222,0.332500,5.083750,33.250,170.000,0,OK
4130226,0.332500,5.083750,33.250,167.500,0,OK
4140222,0.332500,5.083750,33.250,170.000,0,OK
4150226,0.335000,5.078750,33.500,170.000,0,OK
4160222,0.342500,5.083750,33.250,170.000,0,OK
4170226,0.332500,5.083750,33.250,170.000,0,OK
4180222,0.332500,5.083750,33.250,170.000,0,OK
4190226,0.332500,5.085000,33.250,170.000,0,OK
4200222,0.332500,5.083750,33.250,167.500,0,OK
4210226,0.332500,5.083750,33.250,170.000,0,OK
4220222,0.332500,5.083750,33.250,167.500,0,OK
4230226,0.332500,5.085000,33.250,170.000,0,OK
4240222,0.332500,5.080000,33.250,167.500,0,OK
4250226,0.337500,5.082500,33.000,167.500,0,OK
4260222,0.332500,5.083750,33.250,170.000,0,OK
4270226,0.330000,5.082500,33.000,167.500,0,OK
4280222,0.332500,5.083750,33.250,170.000,0,OK
4290226,0.335000,5.083750,33.250,170.000,0,OK
4300222,0.332500,5.083750,33.250,170.000,0,OK
4310226,0.335000,5.085000,33.500,170.000,0,OK
4320222,0.332500,5.085000,33.250,170.000,0,OK
4330226,0.335000,5.081250,33.500,170.000,0,OK
4340222,0.335000,5.083750,33.250,170.000,0,OK
4350226,0.335000,5.085000,33.500,170.000,0,OK
4360222,0.332500,5.083750,33.250,170.000,0,OK
4370226,0.330000,5.083750,33.000,167.500,0,OK
4380222,0.335000,5.083750,33.250,170.000,0,OK
4390226,0.332500,5.083750,33.250,170.000,0,OK
4400222,0.335000,5.085000,33.500,170.000,0,OK
4410226,0.330000,5.085000,33.000,167.500,0,OK
4420222,0.335000,5.081250,33.500,170.000,0,OK
4430226,0.335000,5.082500,33.000,167.500,0,OK
4440222,0.335000,5.085000,33.500,170.000,0,OK
4450226,0.335000,5.083750,33.500,170.000,0,OK
4460222,0.332500,5.083750,33.250,170.000,0,OK
4470226,0.335000,5.083750,33.500,170.000,0,OK
4480222,0.335000,5.083750,33.500,170.000,0,OK
4490226,0.335000,5.078750,33.500,170.000,0,OK
4500222,0.332500,5.085000,33.250,170.000,0,OK
4510226,0.332500,5.083750,33.250,170.000,0,OK
4520222,0.332500,5.085000,32.750,166.250,0,OK
4530226,0.335000,5.082500,33.500,170.000,0,OK
4540222,0.335000,5.085000,33.250,170.000,0,OK
4550226,0.330000,5.083750,33.000,167.500,0,OK
4560222,0.332500,5.083750,33.250,167.500,0,OK
4570226,0.335000,5.083750,33.500,170.000,0,OK
4580222,0.335000,5.078750,33.500,170.000,0,OK
4590226,0.335000,5.082500,33.500,170.000,0,OK
4600222,0.330000,5.082500,33.000,167.500,0,OK
4610226,0.332500,5.085000,33.000,167.500,0,OK
4620218,0.335000,5.085000,33.500,170.000,0,OK
4630230,0.335000,5.083750,33.000,167.500,0,OK
4640218,0.332500,5.083750,33.250,170.000,0,OK
4650226,0.332500,5.083750,33.250,167.500,0,OK
4660222,0.332500,5.085000,33.250,170.000,0,OK
4670226,0.330000,5.078750,33.000,167.500,0,OK
4680222,0.332500,5.083750,33.250,170.000,0,OK
4690226,0.332500,5.082500,33.250,170.000,0,OK
4700222,0.332500,5.085000,33.000,167.500,0,OK
4710226,0.330000,5.085000,33.000,167.500,0,OK
4720222,0.335000,5.083750,33.250,170.000,0,OK
4730226,0.332500,5.085000,33.250,170.000,0,OK
4740222,0.332500,5.083750,33.250,167.500,0,OK
4750226,0.335000,5.083750,33.500,170.000,0,OK
4760222,0.332500,5.080000,33.250,167.500,0,OK
4770226,0.345000,5.085000,33.250,170.000,0,OK
4780222,0.335000,5.083750,33.500,170.000,0,OK
4790226,0.332500,5.083750,33.000,167.500,0,OK
4800222,0.330000,5.083750,33.000,167.500,0,OK
4810226,0.335000,5.085000,33.000,170.000,0,OK
4820218,0.330000,5.082500,33.000,167.500,0,OK
4830230,0.337500,5.085000,33.750,172.500,0,OK
4840218,0.332500,5.083750,33.250,170.000,0,OK
4850230,0.335000,5.081250,33.500,170.000,0,OK
4860218,0.337500,5.083750,33.250,170.000,0,OK
4870230,0.335000,5.083750,33.500,170.000,0,OK
4880218,0.332500,5.083750,33.000,167.500,0,OK
4890230,0.330000,5.083750,33.000,167.500,0,OK
4900218,0.335000,5.083750,33.000,170.000,0,OK
4910226,0.330000,5.085000,33.000,167.500,0,OK
4920222,0.332500,5.085000,33.250,167.500,0,OK
4930226,0.335000,5.083750,33.500,170.000,0,OK
4940222,0.332500,5.081250,33.250,167.500,0,OK
4950226,0.337500,5.083750,33.250,170.000,0,OK
4960222,0.332500,5.083750,33.250,170.000,0,OK
4970226,0.332500,5.082500,33.000,167.500,0,OK
4980222,0.332500,5.082500,33.250,170.000,0,OK
4990226,0.335000,5.082500,33.250,170.000,0,OK
5000222,0.327500,5.083750,32.750,166.250,0,OK
5010226,0.337500,5.083750,33.750,172.500,0,OK
5020218,0.332500,5.083750,33.250,170.000,0,OK
5030230,0.332500,5.082500,33.250,170.000,0,OK
5040218,0.332500,5.083750,33.500,170.000,0,OK
5050230,0.332500,5.083750,33.250,170.000,0,OK
5060218,0.332500,5.083750,33.500,170.000,0,OK
5070230,0.330000,5.083750,33.000,167.500,0,OK
5080218,0.335000,5.085000,33.500,170.000,0,OK
5090226,0.332500,5.083750,33.250,170.000,0,OK
5100222,0.335000,5.078750,33.500,170.000,0,OK
5110226,0.335000,5.082500,33.500,170.000,0,OK
5120222,0.332500,5.082500,33.250,170.000,0,OK
5130226,0.335000,5.083750,33.250,170.000,0,OK
5140222,0.332500,5.083750,33.250,170.000,0,OK
5150226,0.335000,5.083750,33.250,170.000,0,OK
5160222,0.330000,5.083750,33.000,167.500,0,OK
5170226,0.335000,5.083750,33.250,170.000,0,OK
5180218,0.330000,5.083750,33.000,167.500,0,OK
5190230,0.335000,5.078750,33.500,170.000,0,OK
5200218,0.332500,5.083750,33.250,170.000,0,OK
5210230,0.332500,5.083750,33.250,170.000,0,OK
5220218,0.330000,5.083750,33.250,170.000,0,OK
5230230,0.332500,5.083750,33.250,170.000,0,OK
5240218,0.332500,5.083750,33.000,167.500,0,OK
5250230,0.332500,5.083750,33.250,170.000,0,OK
5260218,0.335000,5.083750,33.000,170.000,0,OK
5270230,0.330000,5.082500,33.000,167.500,0,OK
5280218,0.332500,5.078750,33.250,167.500,0,OK
5290226,0.335000,5.083750,33.500,170.000,0,OK
5300222,0.335000,5.083750,33.500,170.000,0,OK
5310226,0.327500,5.083750,33.250,170.000,0,OK
5320222,0.332500,5.083750,33.250,170.000,0,OK
5330226,0.335000,5.083750,33.500,170.000,0,OK
5340222,0.330000,5.083750,33.000,167.500,0,OK
5350226,0.335000,5.085000,33.000,170.000,0,OK
5360218,0.330000,5.083750,33.000,167.500,0,OK
5370230,0.332500,5.078750,33.250,167.500,0,OK
5380218,0.347500,5.085000,33.000,167.500,0,OK
5390230,0.332500,5.082500,33.250,170.000,0,OK
5400218,0.330000,5.083750,33.250,170.000,0,OK
5410230,0.335000,5.083750,33.500,170.000,0,OK
5420218,0.337500,5.085000,33.250,170.000,0,OK
5430230,0.332500,5.083750,33.250,170.000,0,OK
5440218,0.335000,5.083750,33.500,170.000,0,OK
5450230,0.332500,5.083750,33.250,170.000,0,OK
5460218,0.330000,5.081250,33.000,167.500,0,OK
5470230,0.342500,5.083750,32.750,166.250,0,OK
5480218,0.335000,5.083750,33.500,170.000,0,OK
5490230,0.332500,5.082500,33.250,170.000,0,OK
5500218,0.330000,5.085000,33.000,167.500,0,OK
5510230,0.335000,5.085000,33.000,170.000,0,OK
5520218,0.332500,5.083750,33.250,170.000,0,OK
5530230,0.332500,5.082500,33.250,167.500,0,OK
5540218,0.332500,5.083750,33.250,170.000,0,OK
5550230,0.332500,5.081250,33.250,167.500,0,OK
5560218,0.337500,5.083750,33.250,170.000,0,OK
5570230,0.332500,5.083750,33.250,170.000,0,OK
5580218,0.330000,5.083750,33.250,170.000,0,OK
5590230,0.332500,5.082500,33.250,170.000,0,OK
5600218,0.332500,5.083750,33.250,167.500,0,OK
5610230,0.330000,5.083750,33.000,167.500,0,OK
5620218,0.335000,5.083750,33.500,170.000,0,OK
5630226,0.332500,5.083750,33.250,170.000,0,OK
5640222,0.332500,5.081250,33.250,167.500,0,OK
5650226,0.337500,5.083750,33.250,170.000,0,OK
5660222,0.330000,5.083750,33.000,167.500,0,OK
5670226,0.330000,5.083750,33.250,170.000,0,OK
5680218,0.332500,5.082500,33.250,170.000,0,OK
5690230,0.332500,5.083750,33.000,167.500,0,OK
5700218,0.332500,5.083750,33.250,170.000,0,OK
5710230,0.332500,5.083750,33.250,167.500,0,OK
5720218,0.332500,5.083750,33.250,170.000,0,OK
5730230,0.335000,5.081250,33.500,170.000,0,OK
5740218,0.332500,5.083750,33.250,170.000,0,OK
5750230,0.337500,5.083750,33.750,172.500,0,OK
5760218,0.330000,5.083750,33.000,167.500,0,OK
5770230,0.330000,5.083750,33.000,167.500,0,OK
5780218,0.335000,5.083750,33.250,170.000,0,OK
5790226,0.332500,5.083750,33.250,170.000,0,OK
5800222,0.335000,5.078750,33.500,170.000,0,OK
5810226,0.330000,5.083750,33.000,167.500,0,OK
5820222,0.335000,5.083750,33.500,170.000,0,OK
5830226,0.335000,5.083750,33.250,170.000,0,OK
5840222,0.335000,5.082500,33.500,170.000,0,OK
5850226,0.335000,5.083750,33.250,170.000,0,OK
5860222,0.330000,5.085000,33.000,167.500,0,OK
5870226,0.332500,5.083750,33.250,167.500,0,OK
5880222,0.330000,5.083750,33.000,167.500,0,OK
5890226,0.332500,5.078750,33.250,167.500,0,OK
5900218,0.332500,5.083750,33.250,170.000,0,OK
5910230,0.337500,5.083750,33.750,172.500,0,OK
5920218,0.332500,5.085000,33.250,170.000,0,OK
5930230,0.332500,5.083750,33.250,170.000,0,OK
5940218,0.332500,5.083750,33.000,167.500,0,OK
5950230,0.332500,5.083750,33.250,170.000,0,OK
5960218,0.332500,5.083750,33.250,167.500,0,OK
5970230,0.330000,5.085000,33.000,167.500,0,OK
5980218,0.332500,5.078750,33.250,167.500,0,OK
5990230,0.345000,5.083750,33.250,170.000,0,OK
6000218,0.335000,5.083750,33.500,170.000,0,OK
6010230,0.335000,5.083750,33.250,170.000,0,OK
6020218,0.332500,5.083750,33.250,170.000,0,OK
6030230,0.335000,5.083750,33.000,167.500,0,OK
6040218,0.330000,5.083750,33.000,167.500,0,OK
6050226,0.337500,5.083750,33.750,172.500,0,OK
6060218,0.332500,5.085000,33.250,170.000,0,OK
6070230,0.332500,5.080000,33.250,167.500,0,OK
6080218,0.342500,5.083750,33.000,167.500,0,OK
6090230,0.332500,5.083750,33.250,170.000,0,OK
6100218,0.332500,5.085000,33.000,167.500,0,OK
6110230,0.327500,5.083750,32.750,166.250,0,OK
6120218,0.332500,5.083750,33.250,167.500,0,OK
6130226,0.330000,5.082500,33.000,167.500,0,OK
6140222,0.330000,5.083750,33.000,167.500,0,OK
6150226,0.335000,5.082500,33.500,170.000,0,OK
6160218,0.332500,5.080000,33.250,167.500,0,OK
6170230,0.337500,5.083750,33.250,170.000,0,OK
6180218,0.330000,5.085000,33.000,167.500,0,OK
6190230,0.332500,5.082500,33.500,170.000,0,OK
6200218,0.335000,5.083750,33.500,170.000,0,OK
6210230,0.332500,5.082500,33.250,167.500,0,OK
6220218,0.332500,5.083750,33.250,170.000,0,OK
6230230,0.332500,5.085000,33.250,167.500,0,OK
6240218,0.332500,5.083750,33.250,170.000,0,OK
6250230,0.335000,5.081250,33.500,170.000,0,OK
6260218,0.335000,5.083750,33.000,167.500,0,OK
6270230,0.335000,5.083750,33.500,170.000,0,OK
6280218,0.332500,5.083750,33.000,167.500,0,OK
6290230,0.332500,5.083750,33.250,170.000,0,OK
6300218,0.332500,5.083750,33.250,167.500,0,OK
6310230,0.332500,5.083750,33.250,170.000,0,OK
6320218,0.335000,5.083750,33.500,170.000,0,OK
6330230,0.332500,5.085000,33.250,170.000,0,OK
6340218,0.332500,5.081250,33.250,167.500,0,OK
6350230,0.332500,5.083750,33.250,170.000,0,OK
6360218,0.335000,5.083750,33.500,170.000,0,OK
6370230,0.332500,5.085000,33.250,170.000,0,OK
6380218,0.332500,5.085000,33.250,170.000,0,OK
6390230,0.332500,5.083750,33.250,167.500,0,OK
6400218,0.332500,5.083750,33.250,170.000,0,OK
6410230,0.335000,5.077500,33.500,170.000,0,OK
6420218,0.332500,5.083750,33.250,170.000,0,OK
6430230,0.332500,5.083750,33.250,170.000,0,OK
6440218,0.332500,5.083750,33.000,167.500,0,OK
6450230,0.332500,5.083750,33.250,170.000,0,OK
6460218,0.332500,5.083750,33.250,170.000,0,OK
6470230,0.332500,5.083750,33.250,170.000,0,OK
6480218,0.335000,5.083750,33.250,170.000,0,OK
6490230,0.330000,5.085000,33.000,167.500,0,OK
6500218,0.332500,5.078750,33.250,167.500,0,OK
6510230,0.330000,5.083750,33.000,167.500,0,OK
6520218,0.332500,5.083750,33.250,170.000,0,OK
6530226,0.330000,5.083750,33.250,170.000,0,OK
6540222,0.332500,5.083750,33.250,170.000,0,OK
6550226,0.335000,5.083750,33.000,167.500,0,OK
6560222,0.330000,5.083750,33.000,167.500,0,OK
6570226,0.332500,5.085000,33.500,167.500,0,OK
6580218,0.330000,5.085000,33.000,167.500,0,OK
6590230,0.332500,5.080000,33.250,167.500,0,OK
6600218,0.345000,5.085000,33.250,170.000,0,OK
6610230,0.340000,5.083750,34.000,172.500,0,OK
6620218,0.332500,5.085000,33.000,167.500,0,OK
6630230,0.332500,5.085000,33.250,170.000,0,OK
6640218,0.332500,5.085000,32.750,166.250,0,OK
6650230,0.332500,5.083750,33.250,170.000,0,OK
6660218,0.335000,5.083750,33.500,170.000,0,OK
6670230,0.332500,5.083750,33.250,170.000,0,OK
6680218,0.332500,5.081250,33.250,167.500,0,OK
6690230,0.342500,5.082500,33.000,167.500,0,OK
6700218,0.332500,5.083750,33.250,170.000,0,OK
6710230,0.332500,5.083750,33.000,167.500,0,OK
6720218,0.330000,5.083750,33.000,167.500,0,OK
6730230,0.332500,5.082500,33.000,167.500,0,OK
6740218,0.332500,5.083750,33.250,170.000,0,OK
6750230,0.332500,5.083750,33.250,167.500,0,OK
6760218,0.330000,5.083750,33.000,167.500,0,OK
6770230,0.335000,5.081250,33.500,170.000,0,OK
6780218,0.337500,5.085000,33.000,167.500,0,OK
6790230,0.332500,5.085000,33.250,170.000,0,OK
6800218,0.332500,5.082500,33.000,167.500,0,OK
6810230,0.332500,5.083750,33.250,170.000,0,OK
6820218,0.335000,5.085000,33.250,170.000,0,OK
6830230,0.335000,5.083750,33.500,170.000,0,OK
6840218,0.332500,5.083750,33.250,167.500,0,OK
6850230,0.330000,5.083750,33.000,167.500,0,OK
6860218,0.335000,5.081250,33.500,170.000,0,OK
6870226,0.332500,5.083750,33.250,170.000,0,OK
6880222,0.335000,5.083750,33.500,170.000,0,OK
6890226,0.332500,5.083750,33.250,170.000,0,OK
6900222,0.332500,5.086250,33.250,170.000,0,OK
6910226,0.332500,5.085000,33.250,167.500,0,OK
6920222,0.330000,5.085000,33.000,167.500,0,OK
6930226,0.335000,5.085000,33.500,170.000,0,OK
6940222,0.330000,5.083750,33.000,167.500,0,OK
6950226,0.332500,5.081250,33.250,167.500,0,OK
6960218,0.332500,5.083750,33.250,170.000,0,OK
6970230,0.330000,5.085000,33.000,167.500,0,OK
6980218,0.330000,5.083750,33.000,167.500,0,OK
6990230,0.332500,5.083750,33.250,170.000,0,OK
7000218,0.332500,5.085000,33.000,167.500,0,OK
7010230,0.335000,5.082500,33.500,170.000,0,OK
7020218,0.332500,5.078750,33.250,167.500,0,OK
7030230,0.332500,5.083750,33.250,170.000,0,OK
7040218,0.330000,5.082500,33.000,167.500,0,OK
7050230,0.332500,5.083750,33.500,170.000,0,OK
7060218,0.332500,5.083750,33.250,170.000,0,OK
7070230,0.332500,5.083750,33.000,167.500,0,OK
7080218,0.332500,5.085000,33.250,170.000,0,OK
7090230,0.332500,5.082500,33.000,167.500,0,OK
7100218,0.330000,5.083750,33.000,167.500,0,OK
7110230,0.335000,5.077500,33.500,170.000,0,OK
7120218,0.330000,5.083750,33.000,167.500,0,OK
7130230,0.332500,5.083750,33.250,170.000,0,OK
7140218,0.330000,5.082500,33.000,167.500,0,OK
7150230,0.332500,5.083750,33.250,170.000,0,OK
7160218,0.332500,5.083750,33.000,167.500,0,OK
7170230,0.332500,5.082500,33.250,170.000,0,OK
7180218,0.332500,5.082500,33.250,167.500,0,OK
7190230,0.335000,5.082500,33.500,170.000,0,OK
7200218,0.332500,5.078750,33.250,167.500,0,OK
7210230,0.350000,5.083750,33.250,170.000,0,OK
7220218,0.332500,5.083750,33.250,170.000,0,OK
7230230,0.330000,5.083750,33.000,167.500,0,OK
7240218,0.330000,5.083750,33.000,167.500,0,OK
7250226,0.332500,5.083750,33.250,170.000,0,OK
7260218,0.327500,5.083750,32.750,166.250,0,OK
7270230,0.337500,5.085000,33.750,172.500,0,OK
7280218,0.330000,5.082500,33.000,167.500,0,OK
7290230,0.332500,5.080000,33.250,167.500,0,OK
7300218,0.342500,5.083750,33.000,167.500,0,OK
7310230,0.337500,5.083750,33.750,172.500,0,OK
7320218,0.332500,5.085000,33.250,170.000,0,OK
7330230,0.330000,5.083750,33.000,167.500,0,OK
7340218,0.332500,5.083750,33.250,167.500,0,OK
7350226,0.332500,5.083750,33.250,170.000,0,OK
7360222,0.335000,5.083750,33.500,170.000,0,OK
7370226,0.332500,5.083750,33.250,170.000,0,OK
7380222,0.332500,5.082500,33.250,170.000,0,OK
7390226,0.340000,5.083750,33.250,170.000,0,OK
7400222,0.332500,5.082500,33.250,170.000,0,OK
7410226,0.330000,5.083750,33.250,170.000,0,OK
7420222,0.332500,5.083750,33.250,170.000,0,OK
7430226,0.332500,5.082500,33.250,167.500,0,OK
7440222,0.332500,5.083750,33.250,170.000,0,OK
7450226,0.337500,5.083750,33.750,172.500,0,OK
7460222,0.332500,5.083750,33.250,170.000,0,OK
7470226,0.335000,5.082500,33.500,170.000,0,OK
7480222,0.335000,5.083750,32.750,166.250,0,OK
7490226,0.335000,5.083750,33.500,170.000,0,OK
7500218,0.330000,5.085000,33.250,170.000,0,OK
7510230,0.327500,5.083750,32.750,166.250,0,OK
7520218,0.332500,5.085000,33.000,167.500,0,OK
7530226,0.330000,5.083750,33.000,167.500,0,OK
7540222,0.332500,5.083750,33.250,167.500,0,OK
7550226,0.335000,5.083750,33.500,170.000,0,OK
7560222,0.332500,5.082500,33.250,170.000,0,OK
7570226,0.332500,5.085000,33.250,170.000,0,OK
7580222,0.335000,5.085000,33.500,170.000,0,OK
7590226,0.335000,5.083750,33.000,167.500,0,OK
7600222,0.330000,5.085000,33.000,167.500,0,OK
7610226,0.337500,5.083750,33.250,172.500,0,OK
7620222,0.332500,5.083750,33.250,170.000,0,OK
7630226,0.335000,5.076250,33.500,170.000,0,OK
7640222,0.332500,5.083750,33.250,170.000,0,OK
7650226,0.332500,5.082500,33.250,170.000,0,OK
7660222,0.335000,5.083750,33.250,170.000,0,OK
7670226,0.335000,5.083750,33.500,170.000,0,OK
7680222,0.332500,5.085000,33.000,167.500,0,OK
7690226,0.332500,5.083750,33.250,170.000,0,OK
7700222,0.335000,5.083750,33.000,170.000,0,OK
7710226,0.330000,5.082500,33.000,167.500,0,OK
7720222,0.335000,5.080000,33.500,170.000,0,OK
7730226,0.330000,5.082500,33.000,167.500,0,OK
7740222,0.332500,5.081250,33.250,167.500,0,OK
7750226,0.332500,5.083750,33.000,167.500,0,OK
7760222,0.330000,5.083750,33.000,167.500,0,OK
7770226,0.335000,5.085000,33.250,170.000,0,OK
7780218,0.332500,5.083750,33.250,170.000,0,OK
7790230,0.332500,5.082500,33.000,167.500,0,OK
7800218,0.330000,5.085000,33.000,167.500,0,OK
7810230,0.335000,5.080000,33.500,170.000,0,OK
7820218,0.345000,5.083750,33.000,167.500,0,OK
7830230,0.335000,5.083750,33.500,170.000,0,OK
7840218,0.330000,5.083750,33.250,170.000,0,OK
7850230,0.335000,5.082500,33.500,170.000,0,OK
7860218,0.332500,5.083750,33.250,170.000,0,OK
7870230,0.332500,5.082500,33.250,170.000,0,OK
7880218,0.332500,5.083750,33.250,167.500,0,OK
7890230,0.330000,5.082500,33.000,167.500,0,OK
7900218,0.335000,5.078750,33.500,170.000,0,OK
7910226,0.345000,5.083750,33.000,167.500,0,OK
7920222,0.337500,5.083750,33.750,172.500,0,OK
7930226,0.330000,5.083750,33.250,170.000,0,OK
7940222,0.332500,5.082500,33.250,170.000,0,OK
7950226,0.337500,5.083750,33.250,172.500,0,OK
7960222,0.332500,5.083750,33.250,170.000,0,OK
7970226,0.335000,5.085000,33.500,170.000,0,OK
7980222,0.330000,5.083750,33.000,167.500,0,OK
7990226,0.332500,5.080000,33.250,167.500,0,OK
8000218,0.342500,5.083750,33.250,170.000,0,OK
8010230,0.332500,5.085000,33.250,170.000,0,OK
8020218,0.332500,5.083750,33.250,170.000,0,OK
8030230,0.335000,5.083750,33.500,170.000,0,OK
8040218,0.337500,5.083750,33.250,172.500,0,OK
8050230,0.332500,5.083750,33.250,170.000,0,OK
8060218,0.332500,5.083750,33.250,167.500,0,OK
8070230,0.332500,5.083750,33.250,170.000,0,OK
8080218,0.335000,5.081250,33.500,170.000,0,OK
8090230,0.335000,5.082500,32.750,166.250,0,OK
8100218,0.335000,5.085000,33.500,170.000,0,OK
8110226,0.330000,5.083750,33.250,170.000,0,OK
8120222,0.327500,5.083750,32.750,166.250,0,OK
8130226,0.332500,5.083750,33.250,167.500,0,OK
8140218,0.332500,5.083750,33.250,170.000,0,OK
8150230,0.332500,5.083750,33.250,167.500,0,OK
8160218,0.330000,5.083750,33.000,167.500,0,OK
8170230,0.335000,5.081250,33.500,170.000,0,OK
8180218,0.332500,5.082500,32.750,166.250,0,OK
8190230,0.332500,5.083750,33.250,170.000,0,OK
8200218,0.330000,5.083750,33.000,167.500,0,OK
8210230,0.332500,5.082500,33.250,170.000,0,OK
8220218,0.335000,5.083750,33.250,170.000,0,OK
8230230,0.332500,5.085000,33.250,170.000,0,OK
8240218,0.335000,5.085000,33.500,170.000,0,OK
8250230,0.330000,5.083750,33.000,167.500,0,OK
8260218,0.335000,5.082500,33.500,170.000,0,OK
8270226,0.330000,5.083750,33.000,167.500,0,OK
8280222,0.332500,5.085000,33.250,170.000,0,OK
8290226,0.332500,5.083750,33.250,170.000,0,OK
8300222,0.330000,5.083750,33.000,167.500,0,OK
8310226,0.332500,5.085000,33.250,167.500,0,OK
8320218,0.335000,5.083750,33.500,170.000,0,OK
8330230,0.332500,5.077500,33.250,167.500,0,OK
8340218,0.332500,5.082500,33.250,170.000,0,OK
8350230,0.330000,5.082500,33.000,167.500,0,OK
8360218,0.332500,5.083750,33.000,167.500,0,OK
8370226,0.335000,5.083750,33.500,170.000,0,OK
8380222,0.332500,5.083750,33.000,167.500,0,OK
8390226,0.335000,5.083750,33.500,170.000,0,OK
8400222,0.335000,5.083750,33.250,170.000,0,OK
8410226,0.330000,5.083750,33.000,167.500,0,OK
8420222,0.332500,5.078750,33.250,167.500,0,OK
8430226,0.350000,5.083750,33.000,167.500,0,OK
8440222,0.332500,5.083750,33.250,170.000,0,OK
8450226,0.330000,5.085000,33.500,170.000,0,OK
8460222,0.335000,5.083750,33.500,170.000,0,OK
8470226,0.337500,5.085000,33.250,170.000,0,OK
8480222,0.337500,5.083750,33.750,172.500,0,OK
8490226,0.332500,5.083750,33.000,167.500,0,OK
8500222,0.330000,5.083750,33.000,167.500,0,OK
8510226,0.332500,5.080000,33.250,167.500,0,OK
8520218,0.342500,5.083750,33.250,170.000,0,OK
8530230,0.332500,5.083750,33.250,170.000,0,OK
8540218,0.335000,5.083750,33.000,167.500,0,OK
8550230,0.330000,5.085000,33.000,167.500,0,OK
8560218,0.330000,5.083750,33.250,167.500,0,OK
8570230,0.330000,5.083750,33.000,167.500,0,OK
8580218,0.332500,5.085000,33.250,167.500,0,OK
8590226,0.330000,5.082500,33.000,167.500,0,OK
8600222,0.332500,5.081250,33.250,167.500,0,OK
8610226,0.340000,5.083750,33.500,170.000,0,OK
8620222,0.335000,5.085000,33.500,170.000,0,OK
8630226,0.332500,5.082500,33.250,170.000,0,OK
8640222,0.330000,5.083750,33.000,167.500,0,OK
8650226,0.332500,5.083750,33.000,167.500,0,OK
8660218,0.335000,5.083750,33.500,170.000,0,OK
8670230,0.337500,5.083750,33.750,172.500,0,OK
8680218,0.330000,5.085000,33.000,167.500,0,OK
8690230,0.332500,5.081250,33.250,167.500,0,OK
8700218,0.337500,5.083750,33.250,170.000,0,OK
8710230,0.335000,5.083750,33.500,170.000,0,OK
8720218,0.330000,5.083750,33.000,167.500,0,OK
8730230,0.330000,5.083750,33.000,167.500,0,OK
8740218,0.335000,5.083750,33.000,170.000,0,OK
8750226,0.330000,5.083750,33.000,167.500,0,OK
8760222,0.332500,5.083750,33.250,167.500,0,OK
8770226,0.335000,5.083750,33.500,170.000,0,OK
8780222,0.332500,5.082500,33.250,170.000,0,OK
8790226,0.332500,5.082500,33.250,170.000,0,OK
8800222,0.332500,5.085000,33.250,170.000,0,OK
8810226,0.330000,5.083750,33.500,170.000,0,OK
8820222,0.332500,5.083750,33.250,170.000,0,OK
8830226,0.337500,5.085000,32.750,172.500,0,OK
8840222,0.332500,5.083750,33.250,170.000,0,OK
8850226,0.332500,5.083750,33.250,167.500,0,OK
8860222,0.332500,5.082500,33.250,170.000,0,OK
8870226,0.335000,5.082500,33.500,170.000,0,OK
8880222,0.330000,5.082500,33.500,170.000,0,OK
8890226,0.332500,5.083750,33.250,170.000,0,OK
8900222,0.335000,5.083750,33.000,167.500,0,OK
8910226,0.332500,5.083750,33.250,170.000,0,OK
8920218,0.332500,5.085000,33.250,167.500,0,OK
8930230,0.332500,5.083750,33.250,170.000,0,OK
8940218,0.332500,5.078750,33.250,167.500,0,OK
8950230,0.330000,5.083750,33.000,167.500,0,OK
8960218,0.335000,5.082500,33.500,170.000,0,OK
8970226,0.332500,5.083750,33.000,167.500,0,OK
8980222,0.335000,5.083750,33.500,170.000,0,OK
8990226,0.335000,5.083750,33.250,170.000,0,OK
9000222,0.332500,5.083750,33.250,170.000,0,OK
9010226,0.332500,5.085000,33.250,167.500,0,OK
9020222,0.330000,5.083750,33.000,167.500,0,OK
9030226,0.332500,5.078750,33.250,167.500,0,OK
9040218,0.332500,5.083750,33.250,170.000,0,OK
9050230,0.332500,5.083750,33.250,170.000,0,OK
9060218,0.332500,5.083750,33.250,170.000,0,OK
9070230,0.332500,5.083750,33.250,170.000,0,OK
9080218,0.335000,5.085000,33.250,170.000,0,OK
9090230,0.332500,5.083750,33.250,170.000,0,OK
9100218,0.330000,5.085000,33.000,167.500,0,OK
9110230,0.330000,5.082500,33.000,167.500,0,OK
9120218,0.332500,5.078750,33.250,167.500,0,OK
9130226,0.342500,5.083750,33.250,170.000,0,OK
9140222,0.332500,5.083750,33.250,170.000,0,OK
9150226,0.332500,5.082500,33.250,170.000,0,OK
9160222,0.335000,5.083750,33.500,170.000,0,OK
9170226,0.332500,5.085000,33.000,167.500,0,OK
9180222,0.330000,5.083750,33.000,167.500,0,OK
9190226,0.335000,5.083750,33.500,170.000,0,OK
9200218,0.335000,5.082500,33.500,170.000,0,OK
9210230,0.330000,5.078750,33.000,167.500,0,OK
9220218,0.342500,5.083750,33.250,170.000,0,OK
9230226,0.332500,5.083750,33.250,170.000,0,OK
9240222,0.332500,5.083750,33.250,170.000,0,OK
9250226,0.330000,5.085000,33.000,167.500,0,OK
9260222,0.335000,5.082500,33.250,170.000,0,OK
9270226,0.330000,5.083750,33.000,167.500,0,OK
9280222,0.332500,5.085000,33.250,167.500,0,OK
9290226,0.330000,5.083750,33.000,167.500,0,OK
9300222,0.335000,5.081250,33.500,170.000,0,OK
9310226,0.335000,5.083750,33.250,170.000,0,OK
9320222,0.332500,5.085000,33.250,170.000,0,OK
9330226,0.330000,5.083750,33.250,170.000,0,OK
9340222,0.332500,5.083750,33.250,170.000,0,OK
9350226,0.335000,5.085000,33.000,170.000,0,OK
9360222,0.330000,5.083750,33.000,167.500,0,OK
9370226,0.335000,5.085000,33.500,170.000,0,OK
9380218,0.330000,5.083750,33.000,167.500,0,OK
9390230,0.335000,5.081250,33.500,170.000,0,OK
9400218,0.332500,5.082500,33.250,170.000,0,OK
9410230,0.332500,5.083750,33.250,170.000,0,OK
9420218,0.335000,5.085000,33.250,170.000,0,OK
9430230,0.332500,5.083750,33.250,170.000,0,OK
9440218,0.332500,5.083750,33.000,167.500,0,OK
9450230,0.330000,5.083750,33.000,167.500,0,OK
9460218,0.335000,5.083750,33.500,170.000,0,OK
9470226,0.332500,5.083750,33.250,170.000,0,OK
9480222,0.335000,5.081250,33.500,170.000,0,OK
9490226,0.332500,5.085000,33.250,170.000,0,OK
9500222,0.332500,5.083750,33.250,170.000,0,OK
9510226,0.332500,5.083750,33.000,167.500,0,OK
9520222,0.330000,5.083750,33.000,167.500,0,OK
9530226,0.335000,5.083750,33.500,170.000,0,OK
9540218,0.330000,5.083750,33.000,167.500,0,OK
9550230,0.332500,5.078750,33.250,167.500,0,OK
9560218,0.327500,5.083750,32.750,166.250,0,OK
9570230,0.335000,5.083750,33.500,170.000,0,OK
9580218,0.330000,5.083750,33.250,170.000,0,OK
9590230,0.332500,5.083750,33.250,170.000,0,OK
9600218,0.332500,5.085000,33.250,170.000,0,OK
9610230,0.332500,5.083750,33.250,170.000,0,OK
9620218,0.335000,5.085000,33.000,170.000,0,OK
9630230,0.332500,5.083750,33.250,170.000,0,OK
9640218,0.332500,5.077500,33.250,167.500,0,OK
9650230,0.332500,5.083750,33.250,170.000,0,OK
9660218,0.335000,5.082500,33.500,170.000,0,OK
9670230,0.335000,5.085000,33.000,167.500,0,OK
9680218,0.335000,5.083750,33.500,170.000,0,OK
9690230,0.330000,5.085000,33.000,167.500,0,OK
9700218,0.332500,5.085000,33.250,170.000,0,OK
9710230,0.332500,5.085000,33.250,167.500,0,OK
9720218,0.332500,5.083750,33.250,170.000,0,OK
9730230,0.332500,5.078750,33.250,167.500,0,OK
9740218,0.345000,5.083750,33.250,170.000,0,OK
9750230,0.332500,5.085000,33.250,170.000,0,OK
9760218,0.332500,5.085000,33.250,170.000,0,OK
9770230,0.332500,5.083750,33.250,170.000,0,OK
9780218,0.335000,5.083750,33.000,167.500,0,OK
9790230,0.332500,5.082500,33.250,170.000,0,OK
9800218,0.335000,5.085000,33.500,170.000,0,OK
9810230,0.332500,5.083750,33.250,170.000,0,OK
9820218,0.332500,5.080000,33.250,167.500,0,OK
9830230,0.337500,5.083750,33.250,170.000,0,OK
9840218,0.335000,5.083750,33.500,170.000,0,OK
9850230,0.335000,5.083750,33.000,167.500,0,OK
9860218,0.332500,5.082500,33.250,170.000,0,OK
9870226,0.335000,5.083750,33.250,170.000,0,OK
9880222,0.332500,5.082500,33.250,170.000,0,OK
9890226,0.337500,5.085000,33.750,172.500,0,OK
9900222,0.332500,5.083750,33.250,170.000,0,OK
9910226,0.335000,5.080000,33.500,170.000,0,OK
9920222,0.335000,5.083750,32.750,166.250,0,OK
9930226,0.332500,5.083750,33.250,170.000,0,OK
9940218,0.335000,5.083750,33.000,167.500,0,OK
9950230,0.332500,5.083750,33.250,170.000,0,OK
9960218,0.332500,5.082500,33.250,167.500,0,OK
9970230,0.332500,5.082500,33.250,170.000,0,OK
9980218,0.337500,5.083750,33.750,172.500,0,OK
9990230,0.332500,5.083750,33.250,170.000,0,OK
10000218,0.332500,5.081250,33.250,167.500,0,OK
10010230,0.330000,5.085000,33.250,170.000,0,OK
10020218,0.330000,5.083750,33.000,167.500,0,OK
10030230,0.327500,5.082500,33.250,170.000,0,OK
10040218,0.330000,5.082500,33.000,167.500,0,OK
10050230,0.332500,5.083750,33.500,167.500,0,OK
10060218,0.330000,5.085000,33.000,167.500,0,OK
10070230,0.330000,5.085000,33.000,167.500,0,OK
10080218,0.332500,5.082500,33.250,170.000,0,OK
10090230,0.332500,5.082500,33.250,170.000,0,OK
10100218,0.330000,5.083750,33.250,170.000,0,OK
10110230,0.335000,5.083750,33.500,170.000,0,OK
10120218,0.332500,5.083750,33.250,170.000,0,OK
10130230,0.332500,5.085000,33.250,170.000,0,OK
10140218,0.332500,5.083750,33.000,167.500,0,OK
10150230,0.330000,5.083750,33.000,167.500,0,OK
10160218,0.332500,5.078750,33.250,167.500,0,OK
10170226,0.330000,5.083750,33.000,167.500,0,OK
10180222,0.332500,5.082500,33.250,170.000,0,OK
10190226,0.332500,5.083750,33.000,167.500,0,OK
10200222,0.335000,5.083750,33.500,170.000,0,OK
10210226,0.332500,5.083750,33.500,170.000,0,OK
10220222,0.330000,5.083750,33.000,167.500,0,OK
10230226,0.332500,5.085000,33.250,167.500,0,OK
10240218,0.330000,5.083750,33.000,167.500,0,OK
10250230,0.332500,5.078750,33.250,167.500,0,OK
10260218,0.332500,5.083750,33.250,170.000,0,OK
10270230,0.335000,5.082500,33.500,170.000,0,OK
10280218,0.332500,5.082500,33.000,167.500,0,OK
10290230,0.332500,5.083750,33.250,170.000,0,OK
10300218,0.332500,5.083750,33.000,167.500,0,OK
10310230,0.332500,5.083750,33.250,170.000,0,OK
10320218,0.335000,5.085000,33.250,170.000,0,OK
10330230,0.330000,5.082500,33.000,167.500,0,OK
10340218,0.335000,5.078750,33.500,170.000,0,OK
10350226,0.345000,5.082500,33.000,167.500,0,OK
10360222,0.332500,5.083750,33.250,170.000,0,OK
10370226,0.330000,5.085000,32.750,166.250,0,OK
10380222,0.332500,5.085000,33.250,170.000,0,OK
10390226,0.337500,5.082500,33.250,170.000,0,OK
10400222,0.332500,5.083750,33.250,170.000,0,OK
10410226,0.335000,5.085000,33.500,170.000,0,OK
10420222,0.332500,5.085000,33.250,170.000,0,OK
10430226,0.332500,5.080000,33.250,167.500,0,OK
10440222,0.340000,5.082500,33.000,167.500,0,OK
10450226,0.332500,5.083750,33.250,170.000,0,OK
10460222,0.330000,5.082500,33.250,170.000,0,OK
10470226,0.332500,5.085000,33.250,170.000,0,OK
10480222,0.335000,5.083750,32.750,170.000,0,OK
10490226,0.327500,5.082500,32.750,166.250,0,OK
10500222,0.330000,5.083750,33.000,167.500,0,OK
10510226,0.332500,5.083750,33.250,170.000,0,OK
10520218,0.335000,5.081250,33.500,170.000,0,OK
10530230,0.335000,5.083750,33.000,167.500,0,OK
10540218,0.332500,5.082500,33.250,170.000,0,OK
10550226,0.335000,5.082500,33.000,167.500,0,OK
10560222,0.335000,5.083750,33.500,170.000,0,OK
10570226,0.332500,5.083750,33.250,167.500,0,OK
10580222,0.335000,5.083750,33.500,170.000,0,OK
10590226,0.332500,5.083750,33.250,167.500,0,OK
10600222,0.332500,5.083750,33.250,170.000,0,OK
10610226,0.335000,5.080000,33.500,170.000,0,OK
10620222,0.335000,5.085000,33.250,170.000,0,OK
10630226,0.332500,5.083750,33.250,170.000,0,OK
10640222,0.332500,5.082500,33.250,170.000,0,OK
10650226,0.332500,5.085000,33.250,170.000,0,OK
10660222,0.335000,5.083750,33.000,170.000,0,OK
10670226,0.335000,5.083750,33.500,170.000,0,OK
10680222,0.335000,5.083750,33.500,170.000,0,OK
10690226,0.335000,5.083750,33.500,170.000,0,OK
10700222,0.332500,5.082500,33.250,170.000,0,OK
10710226,0.332500,5.083750,33.250,170.000,0,OK
10720222,0.335000,5.083750,33.500,170.000,0,OK
10730226,0.332500,5.083750,33.250,170.000,0,OK
10740222,0.332500,5.085000,33.250,170.000,0,OK
10750226,0.332500,5.085000,33.250,167.500,0,OK
10760222,0.330000,5.082500,33.000,167.500,0,OK
10770226,0.337500,5.077500,33.750,172.500,0,OK
10780218,0.332500,5.085000,33.250,170.000,0,OK
10790230,0.337500,5.083750,33.750,172.500,0,OK
10800218,0.330000,5.083750,33.250,170.000,0,OK
10810230,0.337500,5.083750,33.750,172.500,0,OK
10820218,0.330000,5.085000,33.250,170.000,0,OK
10830230,0.330000,5.083750,33.000,167.500,0,OK
10840218,0.335000,5.083750,33.250,170.000,0,OK
10850226,0.330000,5.083750,33.000,167.500,0,OK
10860222,0.332500,5.077500,33.250,167.500,0,OK
10870226,0.330000,5.083750,33.000,167.500,0,OK
10880222,0.332500,5.083750,33.250,170.000,0,OK
10890226,0.332500,5.083750,33.250,170.000,0,OK
10900222,0.335000,5.085000,33.500,170.000,0,OK
10910226,0.335000,5.083750,33.250,170.000,0,OK
10920222,0.335000,5.083750,33.500,170.000,0,OK
10930226,0.335000,5.085000,33.250,170.000,0,OK
10940222,0.330000,5.083750,33.000,167.500,0,OK
10950226,0.332500,5.080000,33.250,167.500,0,OK
10960218,0.342500,5.083750,33.250,170.000,0,OK
10970230,0.335000,5.083750,33.500,170.000,0,OK
10980218,0.332500,5.083750,33.500,170.000,0,OK
10990230,0.335000,5.085000,33.500,170.000,0,OK
11000218,0.332500,5.085000,33.250,170.000,0,OK
11010230,0.330000,5.085000,33.000,167.500,0,OK
11020218,0.335000,5.085000,33.500,170.000,0,OK
11030230,0.330000,5.083750,33.000,167.500,0,OK
11040218,0.332500,5.081250,33.250,167.500,0,OK
11050226,0.342500,5.083750,33.250,170.000,0,OK
11060222,0.335000,5.083750,33.500,170.000,0,OK
11070226,0.330000,5.083750,33.250,170.000,0,OK
11080222,0.332500,5.083750,33.250,170.000,0,OK
11090226,0.335000,5.082500,33.000,170.000,0,OK
11100222,0.332500,5.083750,33.250,170.000,0,OK
11110226,0.335000,5.085000,33.500,170.000,0,OK
11120222,0.332500,5.083750,33.250,170.000,0,OK
11130226,0.330000,5.081250,33.000,167.500,0,OK
11140222,0.340000,5.083750,33.250,170.000,0,OK
11150226,0.332500,5.083750,33.250,170.000,0,OK
11160222,0.330000,5.085000,33.250,170.000,0,OK
11170226,0.330000,5.083750,33.000,167.500,0,OK
11180222,0.332500,5.085000,33.250,167.500,0,OK
11190226,0.332500,5.083750,33.250,170.000,0,OK
11200222,0.332500,5.083750,33.250,167.500,0,OK
11210226,0.332500,5.083750,33.250,170.000,0,OK
11220222,0.330000,5.081250,33.000,167.500,0,OK
11230226,0.337500,5.083750,33.000,167.500,0,OK
11240218,0.332500,5.085000,33.250,170.000,0,OK
11250226,0.332500,5.085000,33.250,170.000,0,OK
11260222,0.330000,5.083750,33.000,167.500,0,OK
11270226,0.335000,5.083750,33.250,170.000,0,OK
11280218,0.332500,5.083750,33.250,170.000,0,OK
11290230,0.337500,5.083750,33.750,172.500,0,OK
11300218,0.332500,5.085000,33.250,170.000,0,OK
11310230,0.332500,5.081250,33.250,167.500,0,OK
11320218,0.330000,5.083750,33.250,170.000,0,OK
11330230,0.332500,5.083750,33.250,170.000,0,OK
11340218,0.330000,5.083750,33.000,167.500,0,OK
11350230,0.332500,5.085000,33.250,170.000,0,OK
11360218,0.332500,5.083750,33.250,167.500,0,OK
11370230,0.330000,5.083750,33.000,167.500,0,OK
11380218,0.332500,5.077500,33.250,167.500,0,OK
11390226,0.332500,5.081250,33.250,167.500,0,OK
11400222,0.335000,5.083750,33.500,170.000,0,OK
11410226,0.335000,5.082500,33.250,170.000,0,OK
11420222,0.332500,5.082500,33.250,170.000,0,OK
11430226,0.332500,5.083750,33.500,170.000,0,OK
11440222,0.330000,5.085000,33.000,167.500,0,OK
11450226,0.335000,5.083750,33.250,170.000,0,OK
11460222,0.332500,5.083750,33.250,170.000,0,OK
11470226,0.332500,5.078750,33.250,167.500,0,OK
11480222,0.330000,5.083750,33.000,167.500,0,OK
11490226,0.335000,5.082500,33.500,170.000,0,OK
11500218,0.332500,5.085000,33.250,170.000,0,OK
11510230,0.335000,5.083750,33.500,170.000,0,OK
11520218,0.335000,5.083750,33.250,170.000,0,OK
11530230,0.332500,5.085000,33.250,170.000,0,OK
11540218,0.332500,5.083750,33.250,167.500,0,OK
11550230,0.332500,5.083750,33.250,170.000,0,OK
11560218,0.330000,5.078750,33.000,167.500,0,OK
11570230,0.332500,5.082500,33.250,170.000,0,OK
11580218,0.335000,5.083750,33.500,170.000,0,OK
11590230,0.332500,5.083750,33.000,167.500,0,OK
11600218,0.332500,5.082500,33.250,170.000,0,OK
11610230,0.335000,5.083750,33.250,170.000,0,OK
11620218,0.330000,5.085000,33.000,167.500,0,OK
11630230,0.332500,5.083750,33.250,167.500,0,OK
11640218,0.332500,5.083750,33.250,170.000,0,OK
11650230,0.337500,5.078750,33.750,172.500,0,OK
11660218,0.345000,5.083750,33.000,167.500,0,OK
11670230,0.332500,5.085000,33.250,170.000,0,OK
11680218,0.332500,5.083750,33.250,170.000,0,OK
11690230,0.332500,5.085000,33.250,170.000,0,OK
11700218,0.335000,5.085000,33.000,170.000,0,OK
11710230,0.332500,5.083750,33.250,170.000,0,OK
11720218,0.335000,5.085000,33.500,170.000,0,OK
11730230,0.332500,5.083750,33.250,170.000,0,OK
11740218,0.335000,5.080000,33.500,170.000,0,OK
11750230,0.340000,5.085000,33.000,167.500,0,OK
11760218,0.332500,5.085000,33.250,170.000,0,OK
11770230,0.332500,5.083750,33.250,170.000,0,OK
11780218,0.327500,5.083750,32.750,166.250,0,OK
11790230,0.332500,5.083750,33.250,167.500,0,OK
11800218,0.327500,5.083750,32.750,166.250,0,OK
11810230,0.337500,5.083750,33.750,172.500,0,OK
11820218,0.330000,5.083750,33.000,167.500,0,OK
11830230,0.335000,5.081250,33.500,170.000,0,OK
11840218,0.335000,5.083750,33.250,170.000,0,OK
11850230,0.335000,5.086250,33.500,170.000,0,OK
11860218,0.335000,5.082500,33.250,170.000,0,OK
11870230,0.335000,5.085000,33.500,170.000,0,OK
11880218,0.335000,5.085000,33.250,170.000,0,OK
11890230,0.332500,5.083750,33.250,170.000,0,OK
11900218,0.335000,5.085000,33.500,170.000,0,OK
11910230,0.330000,5.083750,33.000,167.500,0,OK
11920218,0.332500,5.082500,33.250,170.000,0,OK
11930226,0.332500,5.085000,33.250,170.000,0,OK
11940222,0.335000,5.082500,33.500,170.000,0,OK
11950226,0.332500,5.082500,33.250,170.000,0,OK
11960222,0.332500,5.085000,33.250,170.000,0,OK
11970226,0.330000,5.085000,33.500,167.500,0,OK
11980222,0.332500,5.083750,33.250,170.000,0,OK
11990226,0.337500,5.077500,33.750,172.500,0,OK
12000222,0.332500,5.083750,33.250,170.000,0,OK
12010226,0.337500,5.082500,33.750,172.500,0,OK
12020222,0.335000,5.085000,33.000,167.500,0,OK
12030226,0.337500,5.083750,33.750,172.500,0,OK
12040222,0.332500,5.083750,33.250,170.000,0,OK
12050226,0.330000,5.083750,33.000,167.500,0,OK
12060222,0.337500,5.085000,33.000,172.500,0,OK
12070226,0.332500,5.083750,33.250,170.000,0,OK
12080222,0.335000,5.078750,33.500,170.000,0,OK
12090226,0.330000,5.083750,33.000,167.500,0,OK
12100222,0.335000,5.082500,33.500,170.000,0,OK
12110226,0.335000,5.083750,33.000,167.500,0,OK
12120222,0.332500,5.083750,33.250,170.000,0,OK
12130226,0.332500,5.083750,33.250,170.000,0,OK
12140222,0.332500,5.085000,33.250,170.000,0,OK
12150226,0.335000,5.083750,33.000,170.000,0,OK
12160222,0.330000,5.083750,33.000,167.500,0,OK
12170226,0.330000,5.078750,33.000,167.500,0,OK
12180218,0.327500,5.083750,32.750,166.250,0,OK
12190226,0.332500,5.082500,33.250,170.000,0,OK
12200218,0.330000,5.083750,33.250,170.000,0,OK
12210230,0.330000,5.083750,33.000,167.500,0,OK
12220218,0.335000,5.083750,33.500,170.000,0,OK
12230226,0.327500,5.085000,32.750,166.250,0,OK
12240222,0.332500,5.085000,33.000,167.500,0,OK
12250226,0.332500,5.082500,33.250,170.000,0,OK
12260222,0.337500,5.078750,33.750,172.500,0,OK
12270226,0.345000,5.083750,33.250,170.000,0,OK
12280222,0.335000,5.085000,33.500,170.000,0,OK
12290226,0.335000,5.082500,33.000,167.500,0,OK
12300222,0.330000,5.085000,33.000,167.500,0,OK
12310226,0.332500,5.085000,33.000,167.500,0,OK
12320222,0.330000,5.083750,33.000,167.500,0,OK
12330226,0.332500,5.083750,33.250,167.500,0,OK
12340218,0.332500,5.083750,33.250,170.000,0,OK
12350230,0.337500,5.080000,33.750,172.500,0,OK
12360218,0.337500,5.083750,33.250,170.000,0,OK
12370230,0.335000,5.083750,33.500,170.000,0,OK
12380218,0.335000,5.083750,33.250,170.000,0,OK
12390230,0.330000,5.085000,33.000,167.500,0,OK
12400218,0.332500,5.083750,33.000,167.500,0,OK
12410230,0.335000,5.083750,33.500,170.000,0,OK
12420218,0.335000,5.083750,33.500,170.000,0,OK
12430230,0.330000,5.085000,33.000,167.500,0,OK
12440218,0.332500,5.080000,33.250,167.500,0,OK
12450230,0.335000,5.083750,33.250,170.000,0,OK
12460218,0.335000,5.083750,33.500,170.000,0,OK
12470230,0.332500,5.083750,33.000,167.500,0,OK
12480218,0.332500,5.083750,33.250,170.000,0,OK
12490230,0.335000,5.083750,33.000,170.000,0,OK
12500218,0.332500,5.083750,33.250,170.000,0,OK
12510230,0.332500,5.083750,33.250,167.500,0,OK
12520218,0.330000,5.082500,33.000,167.500,0,OK
12530230,0.335000,5.082500,33.500,170.000,0,OK
12540218,0.335000,5.083750,33.250,170.000,0,OK
12550230,0.332500,5.083750,33.250,170.000,0,OK
12560218,0.332500,5.082500,33.250,170.000,0,OK
12570230,0.330000,5.083750,33.000,167.500,0,OK
12580218,0.335000,5.083750,33.250,170.000,0,OK
12590226,0.330000,5.083750,33.000,167.500,0,OK
12600222,0.335000,5.077500,33.500,170.000,0,OK
12610226,0.332500,5.083750,33.250,170.000,0,OK
12620222,0.332500,5.082500,33.250,170.000,0,OK
12630226,0.337500,5.083750,33.250,170.000,0,OK
12640222,0.332500,5.083750,33.250,170.000,0,OK
12650226,0.335000,5.083750,33.500,170.000,0,OK
12660222,0.332500,5.082500,33.250,170.000,0,OK
12670226,0.332500,5.085000,33.250,167.500,0,OK
12680222,0.332500,5.083750,33.250,170.000,0,OK
12690226,0.335000,5.078750,33.500,170.000,0,OK
12700222,0.332500,5.083750,33.250,170.000,0,OK
12710226,0.332500,5.082500,33.250,170.000,0,OK
12720222,0.327500,5.083750,33.000,167.500,0,OK
12730226,0.332500,5.085000,33.250,170.000,0,OK
12740218,0.335000,5.083750,33.250,170.000,0,OK
12750230,0.335000,5.085000,33.500,170.000,0,OK
12760218,0.332500,5.085000,33.250,167.500,0,OK
12770230,0.332500,5.083750,33.250,170.000,0,OK
12780218,0.332500,5.078750,33.250,167.500,0,OK
12790230,0.330000,5.083750,33.000,167.500,0,OK
12800218,0.332500,5.083750,33.250,170.000,0,OK
12810226,0.332500,5.082500,33.000,167.500,0,OK
12820222,0.332500,5.083750,33.250,170.000,0,OK
12830226,0.335000,5.083750,33.250,170.000,0,OK
12840222,0.332500,5.083750,33.250,170.000,0,OK
12850226,0.332500,5.083750,33.250,167.500,0,OK
12860222,0.330000,5.083750,33.000,167.500,0,OK
12870226,0.335000,5.080000,33.500,170.000,0,OK
12880218,0.342500,5.082500,33.500,170.000,0,OK
12890230,0.335000,5.082500,33.500,170.000,0,OK
12900218,0.330000,5.083750,33.500,170.000,0,OK
12910230,0.332500,5.085000,33.250,170.000,0,OK
12920218,0.332500,5.083750,33.250,167.500,0,OK
12930230,0.330000,5.083750,33.000,167.500,0,OK
12940218,0.335000,5.083750,33.500,170.000,0,OK
12950226,0.332500,5.083750,33.250,170.000,0,OK
12960222,0.332500,5.081250,33.250,167.500,0,OK
12970226,0.340000,5.083750,33.250,170.000,0,OK
12980222,0.332500,5.085000,33.250,170.000,0,OK
12990226,0.332500,5.083750,33.000,167.500,0,OK
13000222,0.330000,5.083750,33.000,167.500,0,OK
13010226,0.335000,5.083750,33.250,170.000,0,OK
13020218,0.332500,5.083750,33.250,170.000,0,OK
13030230,0.330000,5.083750,33.000,167.500,0,OK
13040218,0.330000,5.083750,33.000,167.500,0,OK
13050226,0.332500,5.081250,33.250,167.500,0,OK
13060218,0.337500,5.083750,33.250,170.000,0,OK
13070230,0.335000,5.083750,33.500,170.000,0,OK
13080218,0.327500,5.083750,33.250,170.000,0,OK
13090230,0.332500,5.083750,33.250,170.000,0,OK
13100218,0.335000,5.085000,33.250,170.000,0,OK
13110230,0.332500,5.083750,33.250,170.000,0,OK
13120218,0.332500,5.083750,33.250,167.500,0,OK
13130230,0.332500,5.083750,33.250,170.000,0,OK
13140218,0.335000,5.081250,33.500,170.000,0,OK
13150230,0.332500,5.082500,33.250,170.000,0,OK
13160218,0.335000,5.083750,33.500,170.000,0,OK
13170230,0.332500,5.085000,33.250,170.000,0,OK
13180218,0.332500,5.083750,33.250,170.000,0,OK
13190230,0.335000,5.083750,33.250,170.000,0,OK
13200218,0.332500,5.083750,33.250,170.000,0,OK
13210230,0.335000,5.085000,33.500,170.000,0,OK
13220218,0.332500,5.085000,33.250,170.000,0,OK
13230230,0.335000,5.082500,33.500,170.000,0,OK
13240218,0.330000,5.082500,33.250,170.000,0,OK
13250230,0.335000,5.083750,33.500,170.000,0,OK
13260218,0.332500,5.083750,33.250,170.000,0,OK
13270230,0.332500,5.083750,33.250,170.000,0,OK
13280218,0.332500,5.085000,33.250,167.500,0,OK
13290230,0.335000,5.083750,33.500,170.000,0,OK
13300218,0.335000,5.076250,33.500,170.000,0,OK
13310230,0.330000,5.083750,33.000,167.500,0,OK
13320218,0.332500,5.083750,33.250,170.000,0,OK
13330226,0.332500,5.082500,33.250,170.000,0,OK
13340222,0.332500,5.083750,33.250,170.000,0,OK
13350226,0.335000,5.083750,33.500,170.000,0,OK
13360222,0.335000,5.083750,33.500,170.000,0,OK
13370226,0.335000,5.082500,33.250,170.000,0,OK
13380222,0.332500,5.083750,33.250,170.000,0,OK
13390226,0.335000,5.078750,33.500,170.000,0,OK
13400222,0.330000,5.083750,33.000,167.500,0,OK
13410226,0.335000,5.083750,33.500,170.000,0,OK
13420218,0.330000,5.083750,33.000,167.500,0,OK
13430230,0.335000,5.085000,33.500,170.000,0,OK
13440218,0.335000,5.083750,33.250,170.000,0,OK
13450230,0.330000,5.083750,33.000,167.500,0,OK
13460218,0.332500,5.085000,33.000,167.500,0,OK
13470226,0.332500,5.083750,33.250,170.000,0,OK
13480222,0.332500,5.081250,33.250,167.500,0,OK
13490226,0.345000,5.085000,33.250,170.000,0,OK
13500222,0.332500,5.083750,33.250,170.000,0,OK
13510226,0.332500,5.083750,33.250,170.000,0,OK
13520222,0.332500,5.082500,33.250,170.000,0,OK
13530226,0.332500,5.083750,33.000,167.500,0,OK
13540222,0.330000,5.083750,33.000,167.500,0,OK
13550226,0.332500,5.083750,33.250,167.500,0,OK
13560218,0.332500,5.083750,33.250,170.000,0,OK
13570230,0.332500,5.078750,33.250,167.500,0,OK
13580218,0.342500,5.083750,33.000,167.500,0,OK
13590230,0.332500,5.085000,33.250,170.000,0,OK
13600218,0.330000,5.083750,33.250,170.000,0,OK
13610230,0.335000,5.083750,33.500,170.000,0,OK
13620218,0.332500,5.085000,33.250,167.500,0,OK
13630230,0.327500,5.085000,32.750,166.250,0,OK
13640218,0.332500,5.083750,33.250,167.500,0,OK
13650230,0.332500,5.085000,33.250,170.000,0,OK
13660218,0.335000,5.081250,33.500,170.000,0,OK
13670230,0.340000,5.083750,33.250,170.000,0,OK
13680218,0.335000,5.083750,33.500,170.000,0,OK
13690230,0.332500,5.083750,33.500,170.000,0,OK
13700218,0.332500,5.083750,33.250,170.000,0,OK
13710230,0.335000,5.085000,33.500,170.000,0,OK
13720218,0.332500,5.083750,33.250,170.000,0,OK
13730230,0.332500,5.083750,33.250,167.500,0,OK
13740218,0.332500,5.083750,33.250,170.000,0,OK
13750230,0.335000,5.082500,33.500,170.000,0,OK
13760218,0.335000,5.083750,33.000,167.500,0,OK
13770230,0.335000,5.083750,33.500,170.000,0,OK
13780218,0.327500,5.082500,33.000,167.500,0,OK
13790230,0.332500,5.082500,33.250,170.000,0,OK
13800218,0.335000,5.085000,33.250,170.000,0,OK
13810230,0.335000,5.083750,33.500,170.000,0,OK
13820218,0.335000,5.085000,33.500,170.000,0,OK
13830230,0.335000,5.083750,33.500,170.000,0,OK
13840218,0.335000,5.081250,33.500,170.000,0,OK
13850230,0.332500,5.083750,33.250,170.000,0,OK
13860218,0.332500,5.083750,33.250,170.000,0,OK
13870230,0.332500,5.086250,33.000,167.500,0,OK
13880218,0.330000,5.083750,33.000,167.500,0,OK
13890230,0.337500,5.083750,33.500,172.500,0,OK
13900218,0.332500,5.083750,33.250,170.000,0,OK
13910230,0.335000,5.077500,33.500,170.000,0,OK
13920218,0.327500,5.083750,32.750,166.250,0,OK
13930230,0.332500,5.083750,33.250,170.000,0,OK
13940218,0.330000,5.083750,33.500,170.000,0,OK
13950230,0.335000,5.083750,33.500,170.000,0,OK
13960218,0.335000,5.085000,33.250,170.000,0,OK
13970230,0.332500,5.085000,33.250,170.000,0,OK
13980218,0.335000,5.083750,33.250,170.000,0,OK
13990230,0.332500,5.083750,33.250,170.000,0,OK
14000218,0.327500,5.078750,32.750,166.250,0,OK
14010230,0.330000,5.083750,33.000,167.500,0,OK
14020218,0.335000,5.082500,33.500,170.000,0,OK
14030226,0.332500,5.083750,33.500,170.000,0,OK
14040222,0.332500,5.083750,33.250,170.000,0,OK
14050226,0.332500,5.083750,33.250,170.000,0,OK
14060222,0.332500,5.083750,33.250,170.000,0,OK
14070226,0.332500,5.085000,33.250,167.500,0,OK
14080222,0.330000,5.083750,33.000,167.500,0,OK
14090226,0.335000,5.078750,33.500,170.000,0,OK
14100218,0.345000,5.083750,33.250,170.000,0,OK
14110230,0.335000,5.085000,33.500,170.000,0,OK
14120218,0.330000,5.083750,33.250,170.000,0,OK
14130230,0.332500,5.083750,33.250,170.000,0,OK
14140218,0.332500,5.083750,33.000,167.500,0,OK
14150230,0.330000,5.085000,33.000,167.500,0,OK
14160218,0.335000,5.083750,33.500,170.000,0,OK
14170230,0.332500,5.083750,33.250,170.000,0,OK
14180218,0.332500,5.080000,33.250,167.500,0,OK
14190230,0.340000,5.083750,33.250,170.000,0,OK
14200218,0.332500,5.083750,33.250,170.000,0,OK
14210230,0.332500,5.085000,33.750,172.500,0,OK
14220218,0.332500,5.085000,33.250,170.000,0,OK
14230230,0.335000,5.085000,33.250,170.000,0,OK
14240218,0.330000,5.083750,33.000,167.500,0,OK
14250230,0.335000,5.083750,33.500,170.000,0,OK
14260218,0.332500,5.083750,33.250,170.000,0,OK
14270230,0.335000,5.080000,33.500,170.000,0,OK
14280218,0.335000,5.082500,33.000,167.500,0,OK
14290230,0.332500,5.083750,33.250,170.000,0,OK
14300218,0.332500,5.083750,33.250,170.000,0,OK
14310230,0.332500,5.083750,33.250,170.000,0,OK
14320218,0.335000,5.083750,33.000,170.000,0,OK
14330230,0.332500,5.082500,33.250,170.000,0,OK
14340218,0.335000,5.083750,33.500,170.000,0,OK
14350230,0.332500,5.083750,33.250,170.000,0,OK
14360218,0.335000,5.083750,33.500,170.000,0,OK
14370230,0.332500,5.083750,33.500,170.000,0,OK
14380218,0.332500,5.083750,33.250,170.000,0,OK
14390230,0.332500,5.083750,33.000,167.500,0,OK
14400218,0.330000,5.083750,33.000,167.500,0,OK
14410230,0.335000,5.083750,33.250,170.000,0,OK
14420218,0.332500,5.083750,33.250,170.000,0,OK
14430230,0.335000,5.083750,33.500,170.000,0,OK
14440218,0.332500,5.083750,33.250,170.000,0,OK
14450230,0.332500,5.083750,33.250,170.000,0,OK
14460218,0.332500,5.083750,33.250,170.000,0,OK
14470230,0.335000,5.083750,33.500,170.000,0,OK
14480218,0.327500,5.085000,33.000,167.500,0,OK
14490230,0.330000,5.082500,33.000,167.500,0,OK
14500218,0.332500,5.083750,33.250,167.500,0,OK
14510226,0.332500,5.085000,33.250,170.000,0,OK
14520222,0.332500,5.077500,33.250,167.500,0,OK
14530226,0.330000,5.083750,33.000,167.500,0,OK
14540222,0.332500,5.082500,33.250,170.000,0,OK
14550226,0.332500,5.083750,33.000,167.500,0,OK
14560222,0.335000,5.085000,33.500,170.000,0,OK
14570226,0.335000,5.083750,33.500,170.000,0,OK
14580222,0.332500,5.083750,33.250,170.000,0,OK
14590226,0.335000,5.082500,33.250,170.000,0,OK
14600222,0.332500,5.083750,33.250,170.000,0,OK
14610226,0.332500,5.078750,33.250,167.500,0,OK
14620222,0.332500,5.082500,33.250,170.000,0,OK
14630226,0.332500,5.082500,33.250,170.000,0,OK
14640222,0.327500,5.083750,33.000,167.500,0,OK
14650226,0.335000,5.083750,33.500,170.000,0,OK
14660218,0.335000,5.083750,33.250,170.000,0,OK
14670230,0.332500,5.083750,33.250,170.000,0,OK
14680218,0.332500,5.082500,33.250,167.500,0,OK
14690230,0.332500,5.083750,33.250,170.000,0,OK
14700218,0.330000,5.077500,33.000,167.500,0,OK
14710230,0.347500,5.083750,33.250,170.000,0,OK
14720218,0.330000,5.083750,33.000,167.500,0,OK
14730230,0.332500,5.082500,32.750,166.250,0,OK
14740218,0.335000,5.083750,33.500,170.000,0,OK
14750230,0.332500,5.083750,32.750,166.250,0,OK
14760218,0.332500,5.082500,33.250,170.000,0,OK
14770230,0.332500,5.083750,33.250,167.500,0,OK
14780218,0.327500,5.085000,32.750,166.250,0,OK
14790230,0.332500,5.078750,33.250,167.500,0,OK
14800218,0.340000,5.083750,33.250,170.000,0,OK
14810230,0.330000,5.083750,33.000,167.500,0,OK
14820218,0.332500,5.082500,33.500,170.000,0,OK
14830226,0.332500,5.083750,33.250,170.000,0,OK
14840222,0.335000,5.082500,33.250,170.000,0,OK
14850226,0.335000,5.083750,33.500,170.000,0,OK
14860222,0.332500,5.083750,33.250,167.500,0,OK
14870226,0.330000,5.082500,33.000,167.500,0,OK
14880222,0.332500,5.081250,33.250,167.500,0,OK
14890226,0.340000,5.083750,33.000,167.500,0,OK
14900222,0.335000,5.082500,33.500,170.000,0,OK
14910226,0.330000,5.085000,33.000,167.500,0,OK
14920222,0.332500,5.083750,33.250,170.000,0,OK
14930226,0.335000,5.085000,33.250,170.000,0,OK
14940222,0.335000,5.083750,33.500,170.000,0,OK
14950226,0.332500,5.083750,33.250,167.500,0,OK
14960222,0.332500,5.083750,33.250,170.000,0,OK
14970226,0.332500,5.080000,33.250,167.500,0,OK
14980222,0.335000,5.083750,33.000,167.500,0,OK
14990226,0.335000,5.083750,33.500,170.000,0,OK
15000218,0.332500,5.082500,33.000,167.500,0,OK
15010230,0.332500,5.083750,33.250,170.000,0,OK
15020218,0.335000,5.083750,33.000,170.000,0,OK
15030230,0.332500,5.083750,33.250,170.000,0,OK
15040218,0.335000,5.083750,33.500,170.000,0,OK
15050230,0.330000,5.083750,33.000,167.500,0,OK
15060218,0.332500,5.082500,33.250,170.000,0,OK
15070226,0.332500,5.083750,33.000,167.500,0,OK
15080222,0.335000,5.083750,33.500,170.000,0,OK
15090226,0.332500,5.083750,33.500,170.000,0,OK
15100222,0.332500,5.083750,33.250,170.000,0,OK
15110226,0.335000,5.085000,33.250,170.000,0,OK
15120222,0.332500,5.083750,33.250,170.000,0,OK
15130226,0.332500,5.078750,33.250,167.500,0,OK
15140222,0.330000,5.082500,33.000,167.500,0,OK
15150226,0.335000,5.083750,33.500,170.000,0,OK
15160218,0.332500,5.083750,33.250,170.000,0,OK
15170230,0.337500,5.083750,33.750,172.500,0,OK
15180218,0.332500,5.083750,33.500,170.000,0,OK
15190230,0.330000,5.083750,33.000,167.500,0,OK
15200218,0.332500,5.083750,32.750,167.500,0,OK
15210226,0.332500,5.083750,33.250,170.000,0,OK
15220222,0.332500,5.077500,33.250,167.500,0,OK
15230226,0.332500,5.083750,33.250,170.000,0,OK
15240222,0.332500,5.082500,33.250,170.000,0,OK
15250226,0.332500,5.083750,33.250,170.000,0,OK
15260222,0.335000,5.085000,33.500,170.000,0,OK
15270226,0.335000,5.082500,33.250,170.000,0,OK
15280222,0.332500,5.083750,33.250,170.000,0,OK
15290226,0.332500,5.083750,33.250,167.500,0,OK
15300222,0.330000,5.083750,33.000,167.500,0,OK
15310226,0.330000,5.080000,33.000,167.500,0,OK
15320218,0.345000,5.083750,33.250,170.000,0,OK
15330226,0.332500,5.082500,33.250,170.000,0,OK
15340222,0.332500,5.083750,32.750,166.250,0,OK
15350226,0.340000,5.083750,34.000,172.500,0,OK
15360222,0.332500,5.083750,33.250,170.000,0,OK
15370226,0.332500,5.083750,33.250,170.000,0,OK
15380222,0.332500,5.082500,33.250,167.500,0,OK
15390226,0.330000,5.082500,33.000,167.500,0,OK
15400222,0.330000,5.080000,33.000,167.500,0,OK
15410226,0.340000,5.083750,33.250,170.000,0,OK
15420218,0.332500,5.085000,33.250,170.000,0,OK
15430230,0.335000,5.083750,33.500,170.000,0,OK
15440218,0.332500,5.083750,33.250,170.000,0,OK
15450230,0.335000,5.083750,33.250,170.000,0,OK
15460218,0.332500,5.083750,33.250,170.000,0,OK
15470230,0.335000,5.083750,33.500,170.000,0,OK
15480218,0.332500,5.083750,33.250,170.000,0,OK
15490230,0.335000,5.080000,33.500,170.000,0,OK
15500218,0.340000,5.083750,33.000,167.500,0,OK
15510230,0.335000,5.083750,33.500,170.000,0,OK
15520218,0.332500,5.083750,33.500,170.000,0,OK
15530230,0.332500,5.083750,33.250,170.000,0,OK
15540218,0.337500,5.083750,33.000,172.500,0,OK
15550230,0.332500,5.083750,33.250,170.000,0,OK
15560218,0.332500,5.082500,33.250,167.500,0,OK
15570230,0.332500,5.083750,33.250,170.000,0,OK
15580218,0.335000,5.081250,33.500,170.000,0,OK
15590230,0.335000,5.083750,33.250,170.000,0,OK
15600218,0.332500,5.085000,33.250,170.000,0,OK
15610230,0.332500,5.083750,33.000,167.500,0,OK
15620218,0.332500,5.085000,33.250,170.000,0,OK
15630230,0.332500,5.083750,33.250,167.500,0,OK
15640218,0.332500,5.083750,33.250,170.000,0,OK
15650230,0.337500,5.085000,33.750,172.500,0,OK
15660218,0.332500,5.083750,33.250,170.000,0,OK
15670230,0.332500,5.082500,33.250,170.000,0,OK
15680218,0.332500,5.083750,33.250,170.000,0,OK
15690230,0.335000,5.083750,33.500,170.000,0,OK
15700218,0.332500,5.083750,33.500,170.000,0,OK
15710230,0.332500,5.082500,33.250,170.000,0,OK
15720218,0.335000,5.083750,33.000,170.000,0,OK
15730230,0.332500,5.083750,33.250,170.000,0,OK
15740218,0.335000,5.076250,33.500,170.000,0,OK
15750230,0.335000,5.083750,33.500,170.000,0,OK
15760218,0.332500,5.083750,33.250,170.000,0,OK
15770230,0.332500,5.085000,32.750,166.250,0,OK
15780218,0.335000,5.083750,33.500,170.000,0,OK
15790230,0.332500,5.083750,33.500,170.000,0,OK
15800218,0.332500,5.083750,33.250,170.000,0,OK
15810230,0.335000,5.083750,33.250,170.000,0,OK
15820218,0.332500,5.083750,33.250,170.000,0,OK
15830230,0.332500,5.078750,33.250,167.500,0,OK
15840218,0.330000,5.082500,33.000,167.500,0,OK
15850230,0.335000,5.083750,33.500,170.000,0,OK
15860218,0.332500,5.083750,33.250,170.000,0,OK
15870230,0.330000,5.083750,33.000,167.500,0,OK
15880218,0.332500,5.083750,33.250,170.000,0,OK
15890226,0.335000,5.083750,33.500,170.000,0,OK
15900222,0.332500,5.083750,33.000,167.500,0,OK
15910226,0.330000,5.083750,33.000,167.500,0,OK
15920222,0.327500,5.078750,32.750,166.250,0,OK
15930226,0.335000,5.083750,33.500,170.000,0,OK
15940218,0.335000,5.082500,33.500,170.000,0,OK
15950230,0.332500,5.082500,33.250,170.000,0,OK
15960218,0.332500,5.083750,33.250,170.000,0,OK
15970230,0.332500,5.085000,33.250,170.000,0,OK
15980218,0.330000,5.083750,33.000,167.500,0,OK
15990230,0.332500,5.083750,33.250,167.500,0,OK
16000218,0.330000,5.083750,33.000,167.500,0,OK
16010230,0.332500,5.080000,33.250,167.500,0,OK
16020218,0.340000,5.083750,33.000,167.500,0,OK
16030230,0.335000,5.083750,33.500,170.000,0,OK
16040218,0.330000,5.081250,33.000,167.500,0,OK
16050230,0.332500,5.083750,33.250,170.000,0,OK
16060218,0.332500,5.083750,33.250,167.500,0,OK
16070230,0.332500,5.083750,33.250,170.000,0,OK
16080218,0.335000,5.083750,33.500,170.000,0,OK
16090230,0.332500,5.083750,33.250,170.000,0,OK
16100218,0.332500,5.081250,33.250,167.500,0,OK
16110230,0.342500,5.082500,33.250,170.000,0,OK
16120218,0.335000,5.082500,33.500,170.000,0,OK
16130230,0.330000,5.083750,33.250,170.000,0,OK
16140218,0.332500,5.082500,33.250,170.000,0,OK
16150230,0.332500,5.083750,33.250,167.500,0,OK
16160218,0.330000,5.083750,33.000,167.500,0,OK
16170230,0.332500,5.085000,33.250,167.500,0,OK
16180218,0.332500,5.083750,33.250,170.000,0,OK
16190230,0.337500,5.081250,33.750,172.500,0,OK
16200218,0.335000,5.083750,33.250,170.000,0,OK
16210230,0.335000,5.085000,33.500,170.000,0,OK
16220218,0.330000,5.082500,33.250,170.000,0,OK
16230230,0.332500,5.083750,33.250,170.000,0,OK
16240218,0.332500,5.083750,33.250,167.500,0,OK
16250230,0.332500,5.083750,33.250,170.000,0,OK
16260218,0.335000,5.085000,33.500,170.000,0,OK
16270230,0.332500,5.083750,33.250,170.000,0,OK
16280218,0.335000,5.082500,33.500,170.000,0,OK
16290230,0.332500,5.083750,33.250,170.000,0,OK
16300218,0.332500,5.085000,33.250,170.000,0,OK
16310230,0.332500,5.083750,33.250,170.000,0,OK
16320218,0.335000,5.083750,33.500,170.000,0,OK
16330230,0.332500,5.083750,33.000,167.500,0,OK
16340218,0.332500,5.083750,33.250,170.000,0,OK
16350230,0.335000,5.085000,33.500,170.000,0,OK
16360218,0.332500,5.082500,33.250,170.000,0,OK
16370230,0.332500,5.082500,33.250,170.000,0,OK
16380218,0.330000,5.083750,33.000,167.500,0,OK
16390230,0.332500,5.082500,33.250,170.000,0,OK
16400218,0.332500,5.085000,33.000,167.500,0,OK
16410230,0.335000,5.083750,33.500,170.000,0,OK
16420218,0.332500,5.083750,33.250,167.500,0,OK
16430230,0.332500,5.083750,33.250,170.000,0,OK
16440218,0.332500,5.077500,33.250,167.500,0,OK
16450230,0.335000,5.083750,33.500,170.000,0,OK
16460218,0.332500,5.082500,33.250,170.000,0,OK
16470230,0.330000,5.085000,33.250,170.000,0,OK
16480218,0.332500,5.083750,33.250,170.000,0,OK
16490230,0.335000,5.083750,33.250,170.000,0,OK
16500218,0.332500,5.083750,33.250,170.000,0,OK
16510230,0.332500,5.083750,33.250,167.500,0,OK
16520218,0.332500,5.083750,33.250,170.000,0,OK
16530230,0.330000,5.078750,33.000,167.500,0,OK
16540218,0.332500,5.083750,33.250,170.000,0,OK
16550226,0.337500,5.083750,33.750,172.500,0,OK
16560222,0.330000,5.083750,33.250,170.000,0,OK
16570226,0.335000,5.083750,33.500,170.000,0,OK
16580222,0.332500,5.083750,33.000,167.500,0,OK
16590226,0.332500,5.082500,33.250,170.000,0,OK
16600222,0.332500,5.083750,33.250,167.500,0,OK
16610226,0.332500,5.083750,33.250,170.000,0,OK
16620222,0.332500,5.078750,33.250,167.500,0,OK
16630226,0.347500,5.083750,33.250,170.000,0,OK
16640222,0.332500,5.085000,33.250,170.000,0,OK
16650226,0.332500,5.083750,33.250,170.000,0,OK
16660222,0.332500,5.083750,33.250,170.000,0,OK
16670226,0.335000,5.083750,33.250,170.000,0,OK
16680222,0.330000,5.083750,33.000,167.500,0,OK
16690226,0.337500,5.083750,33.750,172.500,0,OK
16700218,0.330000,5.082500,33.000,167.500,0,OK
16710230,0.335000,5.081250,33.500,170.000,0,OK
16720218,0.337500,5.083750,33.000,167.500,0,OK
16730230,0.332500,5.083750,33.250,170.000,0,OK
16740218,0.330000,5.083750,33.000,167.500,0,OK
16750230,0.332500,5.086250,33.250,170.000,0,OK
16760218,0.332500,5.083750,33.250,167.500,0,OK
16770230,0.332500,5.085000,33.250,170.000,0,OK
16780218,0.335000,5.082500,33.500,170.000,0,OK
16790230,0.332500,5.083750,33.250,170.000,0,OK
16800218,0.332500,5.080000,33.250,167.500,0,OK
16810230,0.335000,5.083750,33.000,167.500,0,OK
16820218,0.332500,5.083750,33.250,170.000,0,OK
16830226,0.332500,5.082500,33.250,170.000,0,OK
16840222,0.330000,5.082500,33.000,167.500,0,OK
16850226,0.332500,5.083750,33.250,167.500,0,OK
16860218,0.332500,5.083750,33.250,170.000,0,OK
16870230,0.332500,5.083750,33.250,167.500,0,OK
16880218,0.332500,5.085000,33.250,170.000,0,OK
16890230,0.335000,5.081250,33.500,170.000,0,OK
16900218,0.335000,5.082500,33.250,170.000,0,OK
16910230,0.337500,5.083750,33.750,172.500,0,OK
16920218,0.332500,5.082500,33.500,170.000,0,OK
16930230,0.335000,5.083750,33.500,170.000,0,OK
16940218,0.335000,5.083750,33.250,170.000,0,OK
16950230,0.332500,5.083750,33.250,170.000,0,OK
16960218,0.332500,5.085000,33.250,167.500,0,OK
16970230,0.332500,5.085000,33.250,170.000,0,OK
16980218,0.332500,5.082500,33.250,170.000,0,OK
16990230,0.332500,5.083750,33.250,170.000,0,OK
17000218,0.332500,5.083750,33.250,170.000,0,OK
17010230,0.332500,5.085000,33.250,170.000,0,OK
17020218,0.330000,5.085000,33.000,167.500,0,OK
17030230,0.332500,5.083750,33.500,167.500,0,OK
17040218,0.330000,5.082500,33.000,167.500,0,OK
17050230,0.335000,5.080000,33.500,170.000,0,OK
17060218,0.330000,5.083750,33.000,167.500,0,OK
17070230,0.337500,5.082500,33.750,172.500,0,OK
17080218,0.330000,5.085000,33.000,167.500,0,OK
17090230,0.337500,5.082500,33.750,172.500,0,OK
17100218,0.332500,5.085000,33.000,167.500,0,OK
17110230,0.332500,5.083750,33.250,170.000,0,OK
17120218,0.332500,5.083750,33.000,167.500,0,OK
17130230,0.332500,5.083750,33.250,170.000,0,OK
17140218,0.335000,5.078750,33.500,170.000,0,OK
17150230,0.332500,5.086250,33.250,170.000,0,OK
17160218,0.332500,5.083750,33.250,170.000,0,OK
17170230,0.330000,5.085000,33.250,170.000,0,OK
17180218,0.335000,5.082500,33.500,170.000,0,OK
17190230,0.330000,5.083750,33.250,170.000,0,OK
17200218,0.330000,5.085000,33.000,167.500,0,OK
17210230,0.332500,5.083750,33.250,167.500,0,OK
17220218,0.332500,5.085000,33.250,170.000,0,OK
17230230,0.332500,5.080000,33.250,167.500,0,OK
17240218,0.345000,5.083750,33.500,170.000,0,OK
17250230,0.332500,5.083750,33.250,170.000,0,OK
17260218,0.335000,5.082500,33.500,170.000,0,OK
17270230,0.335000,5.083750,33.500,170.000,0,OK
17280218,0.332500,5.085000,33.250,170.000,0,OK
17290230,0.332500,5.083750,33.250,170.000,0,OK
17300218,0.332500,5.083750,33.250,167.500,0,OK
17310230,0.332500,5.085000,33.250,170.000,0,OK
17320218,0.335000,5.080000,33.500,170.000,0,OK
17330230,0.342500,5.083750,33.500,170.000,0,OK
17340218,0.327500,5.083750,32.750,166.250,0,OK
17350230,0.330000,5.083750,33.250,170.000,0,OK
17360218,0.335000,5.083750,33.500,170.000,0,OK
17370230,0.332500,5.082500,33.000,167.500,0,OK
17380218,0.330000,5.082500,33.000,167.500,0,OK
17390230,0.337500,5.083750,33.750,172.500,0,OK
17400218,0.330000,5.083750,33.000,167.500,0,OK
17410230,0.335000,5.081250,33.500,170.000,0,OK
17420218,0.340000,5.085000,33.250,170.000,0,OK
17430230,0.335000,5.085000,33.500,170.000,0,OK
17440218,0.332500,5.083750,33.000,167.500,0,OK
17450230,0.332500,5.083750,33.250,170.000,0,OK
17460218,0.332500,5.085000,33.000,167.500,0,OK
17470230,0.332500,5.083750,33.250,170.000,0,OK
17480218,0.330000,5.085000,33.000,167.500,0,OK
17490230,0.332500,5.083750,33.250,170.000,0,OK
17500218,0.332500,5.081250,33.250,167.500,0,OK
17510230,0.335000,5.085000,33.500,170.000,0,OK
17520218,0.335000,5.085000,33.500,170.000,0,OK
17530230,0.335000,5.085000,33.250,170.000,0,OK
17540218,0.330000,5.082500,33.000,167.500,0,OK
17550230,0.332500,5.083750,33.250,167.500,0,OK
17560218,0.330000,5.082500,33.000,167.500,0,OK
17570230,0.335000,5.083750,33.500,170.000,0,OK
17580218,0.332500,5.083750,33.250,170.000,0,OK
17590230,0.332500,5.082500,33.250,170.000,0,OK
17600218,0.332500,5.083750,33.250,170.000,0,OK
17610230,0.335000,5.085000,33.500,170.000,0,OK
17620218,0.335000,5.085000,33.000,167.500,0,OK
17630230,0.332500,5.085000,33.250,170.000,0,OK
17640218,0.335000,5.085000,33.000,170.000,0,OK
17650230,0.332500,5.085000,33.250,170.000,0,OK
17660218,0.335000,5.078750,33.500,170.000,0,OK
17670230,0.330000,5.083750,33.000,167.500,0,OK
17680218,0.335000,5.083750,33.500,170.000,0,OK
17690226,0.332500,5.083750,33.500,170.000,0,OK
17700222,0.332500,5.083750,33.250,170.000,0,OK
17710226,0.335000,5.083750,33.250,170.000,0,OK
17720222,0.330000,5.083750,33.000,167.500,0,OK
17730226,0.335000,5.082500,33.250,170.000,0,OK
17740218,0.332500,5.082500,33.250,170.000,0,OK
17750230,0.330000,5.077500,33.000,167.500,0,OK
17760218,0.332500,5.085000,33.250,170.000,0,OK
17770226,0.335000,5.083750,33.500,170.000,0,OK
17780222,0.332500,5.083750,33.250,170.000,0,OK
17790226,0.332500,5.082500,33.250,170.000,0,OK
17800222,0.335000,5.085000,33.500,170.000,0,OK
17810226,0.330000,5.082500,33.000,167.500,0,OK
17820222,0.332500,5.083750,33.000,167.500,0,OK
17830226,0.330000,5.083750,33.000,167.500,0,OK
17840222,0.335000,5.078750,33.500,170.000,0,OK
17850226,0.345000,5.083750,33.250,170.000,0,OK
17860222,0.335000,5.085000,33.500,170.000,0,OK
17870226,0.335000,5.083750,33.000,167.500,0,OK
17880222,0.335000,5.085000,33.500,170.000,0,OK
17890226,0.335000,5.082500,33.500,170.000,0,OK
17900222,0.332500,5.083750,33.250,170.000,0,OK
17910226,0.332500,5.085000,33.250,167.500,0,OK
17920222,0.335000,5.083750,33.500,170.000,0,OK
17930226,0.335000,5.080000,33.500,170.000,0,OK
17940222,0.342500,5.083750,33.250,170.000,0,OK
17950226,0.337500,5.083750,33.750,172.500,0,OK
17960222,0.332500,5.083750,33.000,167.500,0,OK
17970226,0.335000,5.082500,33.500,170.000,0,OK
17980222,0.335000,5.083750,33.000,170.000,0,OK
17990226,0.332500,5.082500,33.250,170.000,0,OK
18000222,0.332500,5.085000,33.250,167.500,0,OK
18010226,0.332500,5.083750,33.250,170.000,0,OK
18020222,0.335000,5.078750,33.500,170.000,0,OK
18030226,0.337500,5.083750,33.500,170.000,0,OK
18040222,0.332500,5.083750,33.250,170.000,0,OK
18050226,0.330000,5.083750,33.250,170.000,0,OK
18060222,0.330000,5.083750,33.000,167.500,0,OK
18070226,0.335000,5.083750,33.250,170.000,0,OK
18080218,0.335000,5.083750,33.500,170.000,0,OK
18090230,0.332500,5.085000,33.250,167.500,0,OK
18100218,0.330000,5.083750,33.000,167.500,0,OK
18110230,0.335000,5.081250,33.500,170.000,0,OK
18120218,0.335000,5.083750,33.250,170.000,0,OK
18130230,0.335000,5.083750,33.500,170.000,0,OK
18140218,0.332500,5.083750,33.250,170.000,0,OK
18150230,0.332500,5.085000,33.250,170.000,0,OK
18160218,0.335000,5.085000,32.750,170.000,0,OK
18170230,0.330000,5.083750,33.000,167.500,0,OK
18180218,0.335000,5.083750,33.500,170.000,0,OK
18190226,0.332500,5.083750,33.250,170.000,0,OK
18200222,0.335000,5.081250,33.500,170.000,0,OK
18210226,0.332500,5.083750,33.500,170.000,0,OK
18220222,0.335000,5.083750,33.500,170.000,0,OK
18230226,0.332500,5.083750,33.250,170.000,0,OK
18240222,0.332500,5.083750,33.250,170.000,0,OK
18250226,0.332500,5.083750,33.250,167.500,0,OK
18260222,0.332500,5.085000,33.250,170.000,0,OK
18270226,0.332500,5.077500,33.250,167.500,0,OK
18280222,0.335000,5.083750,33.500,170.000,0,OK
18290226,0.335000,5.082500,33.500,170.000,0,OK
18300222,0.332500,5.083750,33.250,170.000,0,OK
18310226,0.332500,5.083750,33.250,170.000,0,OK
18320222,0.330000,5.085000,33.250,170.000,0,OK
18330226,0.332500,5.083750,33.250,170.000,0,OK
18340222,0.335000,5.085000,33.250,170.000,0,OK
18350226,0.330000,5.085000,33.000,167.500,0,OK
18360222,0.335000,5.078750,33.500,170.000,0,OK
18370226,0.330000,5.085000,33.000,167.500,0,OK
18380222,0.332500,5.083750,33.250,170.000,0,OK
18390226,0.335000,5.083750,33.250,170.000,0,OK
18400222,0.332500,5.085000,33.250,170.000,0,OK
18410226,0.335000,5.085000,33.250,170.000,0,OK
18420222,0.335000,5.083750,33.500,170.000,0,OK
18430226,0.335000,5.085000,33.000,170.000,0,OK
18440222,0.332500,5.083750,33.250,170.000,0,OK
18450226,0.332500,5.080000,33.250,167.500,0,OK
18460222,0.345000,5.083750,33.250,170.000,0,OK
18470226,0.335000,5.082500,33.500,170.000,0,OK
18480222,0.330000,5.085000,33.250,170.000,0,OK
18490226,0.332500,5.083750,33.250,170.000,0,OK
18500222,0.335000,5.085000,33.250,170.000,0,OK
18510226,0.332500,5.083750,33.250,170.000,0,OK
18520222,0.335000,5.083750,33.500,170.000,0,OK
18530226,0.332500,5.085000,33.250,170.000,0,OK
18540222,0.332500,5.080000,33.250,167.500,0,OK
18550226,0.342500,5.085000,33.750,172.500,0,OK
18560222,0.332500,5.083750,33.250,170.000,0,OK
18570226,0.332500,5.085000,33.500,170.000,0,OK
18580222,0.332500,5.083750,33.250,170.000,0,OK
18590226,0.335000,5.083750,33.500,170.000,0,OK
18600222,0.330000,5.083750,33.000,167.500,0,OK
18610226,0.335000,5.083750,33.500,170.000,0,OK
18620218,0.332500,5.085000,33.250,170.000,0,OK
18630230,0.335000,5.081250,33.500,170.000,0,OK
18640218,0.337500,5.083750,33.000,167.500,0,OK
18650230,0.332500,5.085000,33.250,170.000,0,OK
18660218,0.332500,5.083750,33.250,170.000,0,OK
18670230,0.332500,5.083750,33.250,170.000,0,OK
18680218,0.335000,5.083750,33.000,170.000,0,OK
18690230,0.332500,5.083750,33.250,170.000,0,OK
18700218,0.332500,5.083750,33.250,167.500,0,OK
18710230,0.332500,5.085000,33.250,170.000,0,OK
18720218,0.332500,5.082500,33.250,170.000,0,OK
18730230,0.337500,5.083750,33.500,170.000,0,OK
18740218,0.332500,5.083750,33.250,170.000,0,OK
18750230,0.332500,5.083750,33.250,170.000,0,OK
18760218,0.332500,5.083750,33.250,170.000,0,OK
18770230,0.332500,5.083750,33.500,167.500,0,OK
18780218,0.332500,5.082500,33.250,170.000,0,OK
18790230,0.332500,5.083750,33.250,167.500,0,OK
18800218,0.332500,5.083750,33.250,170.000,0,OK
18810230,0.332500,5.081250,33.250,167.500,0,OK
18820218,0.332500,5.083750,33.250,170.000,0,OK
18830230,0.335000,5.083750,33.500,170.000,0,OK
18840218,0.332500,5.083750,33.250,170.000,0,OK
18850230,0.330000,5.083750,33.000,167.500,0,OK
18860218,0.335000,5.085000,33.250,170.000,0,OK
18870226,0.335000,5.083750,33.500,170.000,0,OK
18880222,0.335000,5.077500,33.500,170.000,0,OK
18890226,0.332500,5.085000,33.250,170.000,0,OK
18900222,0.335000,5.082500,33.500,170.000,0,OK
18910226,0.335000,5.083750,33.500,170.000,0,OK
18920222,0.335000,5.083750,33.500,170.000,0,OK
18930226,0.330000,5.085000,33.250,170.000,0,OK
18940222,0.330000,5.083750,33.000,167.500,0,OK
18950226,0.332500,5.085000,33.250,167.500,0,OK
18960218,0.332500,5.083750,33.250,170.000,0,OK
18970230,0.332500,5.078750,33.250,167.500,0,OK
18980218,0.330000,5.083750,33.000,167.500,0,OK
18990230,0.335000,5.083750,33.500,170.000,0,OK
19000218,0.332500,5.083750,33.000,167.500,0,OK
19010230,0.337500,5.083750,33.750,172.500,0,OK
19020218,0.335000,5.083750,33.500,170.000,0,OK
19030230,0.335000,5.083750,33.500,170.000,0,OK
19040218,0.332500,5.083750,33.250,167.500,0,OK
19050230,0.330000,5.083750,33.000,167.500,0,OK
19060218,0.330000,5.080000,33.000,167.500,0,OK
19070226,0.342500,5.082500,33.250,170.000,0,OK
19080218,0.332500,5.085000,33.250,170.000,0,OK
19090230,0.332500,5.082500,33.250,170.000,0,OK
19100218,0.335000,5.083750,33.500,170.000,0,OK
19110230,0.332500,5.083750,33.000,167.500,0,OK
19120218,0.332500,5.083750,33.250,170.000,0,OK
19130230,0.335000,5.085000,33.500,170.000,0,OK
19140218,0.330000,5.085000,33.000,167.500,0,OK
19150230,0.330000,5.080000,33.000,167.500,0,OK
19160218,0.342500,5.083750,33.250,170.000,0,OK
19170226,0.332500,5.086250,33.250,170.000,0,OK
19180222,0.327500,5.083750,33.000,167.500,0,OK
19190226,0.332500,5.083750,33.250,170.000,0,OK
19200218,0.337500,5.083750,33.250,172.500,0,OK
19210230,0.330000,5.085000,33.000,167.500,0,OK
19220218,0.335000,5.083750,33.500,170.000,0,OK
19230230,0.335000,5.083750,33.500,170.000,0,OK
19240218,0.332500,5.078750,33.250,167.500,0,OK
19250230,0.340000,5.082500,33.250,170.000,0,OK
19260218,0.332500,5.083750,33.250,170.000,0,OK
19270230,0.332500,5.085000,33.250,170.000,0,OK
19280218,0.330000,5.082500,33.000,167.500,0,OK
19290230,0.332500,5.083750,33.250,167.500,0,OK
19300218,0.332500,5.085000,33.250,170.000,0,OK
19310230,0.335000,5.083750,33.500,170.000,0,OK
19320218,0.335000,5.083750,33.500,170.000,0,OK
19330230,0.335000,5.080000,33.500,170.000,0,OK
19340218,0.335000,5.082500,32.750,166.250,0,OK
19350230,0.335000,5.083750,33.500,170.000,0,OK
19360218,0.332500,5.085000,33.000,167.500,0,OK
19370230,0.332500,5.083750,33.250,170.000,0,OK
19380218,0.332500,5.085000,33.250,167.500,0,OK
19390230,0.332500,5.082500,33.250,170.000,0,OK
19400218,0.332500,5.083750,33.250,167.500,0,OK
19410230,0.332500,5.083750,33.250,170.000,0,OK
19420218,0.332500,5.082500,33.250,170.000,0,OK
19430230,0.332500,5.083750,33.250,170.000,0,OK
19440218,0.332500,5.085000,33.250,170.000,0,OK
19450230,0.332500,5.083750,33.000,167.500,0,OK
19460218,0.332500,5.083750,33.250,170.000,0,OK
19470230,0.337500,5.083750,33.250,172.500,0,OK
19480218,0.330000,5.083750,33.000,167.500,0,OK
19490230,0.335000,5.076250,33.500,170.000,0,OK
19500218,0.330000,5.083750,33.000,167.500,0,OK
19510230,0.335000,5.081250,33.500,170.000,0,OK
19520218,0.332500,5.083750,33.250,170.000,0,OK
19530230,0.335000,5.083750,33.500,170.000,0,OK
19540218,0.332500,5.082500,33.250,170.000,0,OK
19550230,0.330000,5.082500,33.000,167.500,0,OK
19560218,0.335000,5.083750,33.000,170.000,0,OK
19570226,0.332500,5.085000,33.250,170.000,0,OK
19580222,0.335000,5.077500,33.500,170.000,0,OK
19590226,0.332500,5.083750,33.250,170.000,0,OK
19600222,0.335000,5.083750,33.500,170.000,0,OK
19610226,0.332500,5.082500,33.000,167.500,0,OK
19620222,0.332500,5.085000,33.250,170.000,0,OK
19630226,0.332500,5.083750,33.250,170.000,0,OK
19640222,0.330000,5.083750,33.000,167.500,0,OK
19650226,0.332500,5.085000,33.250,167.500,0,OK
19660218,0.330000,5.085000,33.000,167.500,0,OK
19670230,0.332500,5.078750,33.250,167.500,0,OK
19680218,0.342500,5.085000,33.250,170.000,0,OK
19690230,0.335000,5.082500,33.500,170.000,0,OK
19700218,0.332500,5.083750,33.000,167.500,0,OK
19710230,0.332500,5.083750,33.250,170.000,0,OK
19720218,0.335000,5.083750,33.500,170.000,0,OK
19730230,0.332500,5.083750,33.250,170.000,0,OK
19740218,0.335000,5.083750,33.000,170.000,0,OK
19750230,0.330000,5.083750,33.000,167.500,0,OK
19760218,0.335000,5.080000,33.500,170.000,0,OK
19770226,0.342500,5.083750,33.000,167.500,0,OK
19780222,0.335000,5.083750,33.500,170.000,0,OK
19790226,0.332500,5.083750,33.250,170.000,0,OK
19800222,0.335000,5.082500,33.500,170.000,0,OK
19810226,0.332500,5.082500,32.750,167.500,0,OK
19820222,0.327500,5.083750,32.750,166.250,0,OK
19830226,0.335000,5.083750,33.500,170.000,0,OK
19840218,0.332500,5.083750,33.250,170.000,0,OK
19850230,0.332500,5.080000,33.250,167.500,0,OK
19860218,0.340000,5.082500,33.000,167.500,0,OK
19870230,0.332500,5.083750,33.250,170.000,0,OK
19880218,0.327500,5.083750,33.000,167.500,0,OK
19890230,0.330000,5.083750,33.000,167.500,0,OK
19900218,0.332500,5.083750,33.000,167.500,0,OK
19910226,0.330000,5.083750,33.000,167.500,0,OK
19920222,0.335000,5.082500,33.500,170.000,0,OK
19930226,0.330000,5.083750,33.000,167.500,0,OK
19940222,0.332500,5.082500,33.250,170.000,0,OK
19950226,0.335000,5.083750,33.250,170.000,0,OK
19960222,0.335000,5.085000,33.500,170.000,0,OK
19970226,0.332500,5.083750,33.000,167.500,0,OK
19980222,0.332500,5.083750,33.250,170.000,0,OK
19990226,0.335000,5.083750,33.250,170.000,0,OK
20000222,0.332500,5.083750,33.250,170.000,0,OK
20010226,0.335000,5.085000,33.500,170.000,0,OK
20020222,0.332500,5.085000,33.250,170.000,0,OK
20030226,0.337500,5.082500,33.750,172.500,0,OK
20040222,0.332500,5.083750,33.000,167.500,0,OK
20050226,0.332500,5.083750,33.250,170.000,0,OK
20060222,0.332500,5.085000,33.000,167.500,0,OK
20070226,0.332500,5.083750,33.250,170.000,0,OK
20080222,0.332500,5.085000,33.250,167.500,0,OK
20090226,0.330000,5.082500,33.000,167.500,0,OK
20100222,0.335000,5.083750,33.500,170.000,0,OK
20110226,0.332500,5.083750,33.250,170.000,0,OK
20120222,0.332500,5.082500,33.250,170.000,0,OK
20130226,0.332500,5.082500,33.250,170.000,0,OK
20140222,0.332500,5.083750,33.250,170.000,0,OK
20150226,0.332500,5.085000,33.250,170.000,0,OK
20160222,0.332500,5.083750,33.250,170.000,0,OK
20170226,0.332500,5.085000,33.000,167.500,0,OK
20180222,0.330000,5.085000,33.000,167.500,0,OK
20190226,0.332500,5.076250,33.250,167.500,0,OK
20200222,0.332500,5.082500,33.250,170.000,0,OK
20210226,0.335000,5.082500,33.500,170.000,0,OK
20220222,0.330000,5.085000,33.250,170.000,0,OK
20230226,0.332500,5.083750,33.250,170.000,0,OK
20240222,0.335000,5.082500,33.000,167.500,0,OK
20250226,0.332500,5.082500,33.250,170.000,0,OK
20260218,0.337500,5.085000,33.250,172.500,0,OK
20270230,0.335000,5.083750,33.500,170.000,0,OK
20280218,0.330000,5.078750,33.000,167.500,0,OK
20290230,0.332500,5.083750,33.250,170.000,0,OK
20300218,0.330000,5.083750,33.000,167.500,0,OK
20310230,0.327500,5.082500,33.000,167.500,0,OK
20320218,0.332500,5.083750,33.250,170.000,0,OK
20330226,0.332500,5.083750,33.250,170.000,0,OK
20340222,0.330000,5.083750,33.000,167.500,0,OK
20350226,0.332500,5.085000,33.250,167.500,0,OK
20360218,0.332500,5.082500,33.250,170.000,0,OK
20370230,0.335000,5.078750,33.500,170.000,0,OK
20380218,0.342500,5.083750,33.000,167.500,0,OK
20390230,0.332500,5.083750,33.250,170.000,0,OK
20400218,0.332500,5.083750,33.250,170.000,0,OK
20410230,0.332500,5.083750,33.250,170.000,0,OK
20420218,0.335000,5.083750,33.000,170.000,0,OK
20430230,0.332500,5.083750,33.250,170.000,0,OK
20440218,0.332500,5.085000,33.250,167.500,0,OK
20450230,0.335000,5.083750,33.500,170.000,0,OK
20460218,0.332500,5.080000,33.250,167.500,0,OK
20470230,0.340000,5.083750,33.250,170.000,0,OK
20480218,0.335000,5.083750,33.500,170.000,0,OK
20490230,0.330000,5.082500,33.250,170.000,0,OK
20500218,0.332500,5.083750,33.250,170.000,0,OK
20510230,0.335000,5.083750,33.250,170.000,0,OK
20520218,0.332500,5.085000,33.250,170.000,0,OK
20530230,0.335000,5.083750,33.500,170.000,0,OK
20540218,0.332500,5.083750,33.250,170.000,0,OK
20550230,0.332500,5.081250,33.250,167.500,0,OK
20560218,0.337500,5.083750,33.250,170.000,0,OK
20570230,0.337500,5.083750,33.750,172.500,0,OK
20580218,0.332500,5.083750,33.250,170.000,0,OK
20590230,0.330000,5.085000,33.000,167.500,0,OK
20600218,0.332500,5.083750,33.250,167.500,0,OK
20610230,0.330000,5.085000,33.000,167.500,0,OK
20620218,0.332500,5.083750,33.250,167.500,0,OK
20630230,0.330000,5.083750,33.000,167.500,0,OK
20640218,0.330000,5.080000,33.000,167.500,0,OK
20650226,0.332500,5.083750,33.500,170.000,0,OK
20660218,0.332500,5.085000,33.250,170.000,0,OK
20670230,0.332500,5.082500,33.250,170.000,0,OK
20680218,0.335000,5.083750,33.500,170.000,0,OK
20690230,0.335000,5.083750,33.000,170.000,0,OK
20700218,0.330000,5.083750,33.000,167.500,0,OK
20710230,0.332500,5.083750,33.250,167.500,0,OK
20720218,0.330000,5.083750,33.000,167.500,0,OK
20730230,0.332500,5.082500,33.250,170.000,0,OK
20740218,0.330000,5.083750,33.000,167.500,0,OK
20750230,0.337500,5.083750,33.750,172.500,0,OK
20760218,0.332500,5.085000,33.250,170.000,0,OK
20770230,0.330000,5.085000,33.000,167.500,0,OK
20780218,0.335000,5.085000,33.500,170.000,0,OK
20790230,0.327500,5.083750,32.750,166.250,0,OK
20800218,0.332500,5.077500,33.250,167.500,0,OK
20810226,0.335000,5.083750,33.500,170.000,0,OK
20820222,0.332500,5.083750,33.250,170.000,0,OK
20830226,0.332500,5.083750,33.000,167.500,0,OK
20840222,0.335000,5.083750,33.500,170.000,0,OK
20850226,0.337500,5.085000,33.000,167.500,0,OK
20860222,0.330000,5.083750,33.000,167.500,0,OK
20870226,0.335000,5.083750,33.000,170.000,0,OK
20880218,0.330000,5.085000,33.000,167.500,0,OK
20890230,0.332500,5.077500,33.250,167.500,0,OK
20900218,0.330000,5.083750,33.000,167.500,0,OK
20910230,0.335000,5.083750,33.500,170.000,0,OK
20920218,0.332500,5.083750,33.500,170.000,0,OK
20930230,0.332500,5.085000,33.250,170.000,0,OK
20940218,0.335000,5.083750,33.250,170.000,0,OK
20950230,0.332500,5.083750,33.250,170.000,0,OK
20960218,0.332500,5.083750,33.000,167.500,0,OK
20970230,0.330000,5.082500,33.000,167.500,0,OK
20980218,0.332500,5.078750,33.250,167.500,0,OK
20990226,0.345000,5.082500,33.000,167.500,0,OK
21000222,0.332500,5.085000,33.250,170.000,0,OK
21010226,0.332500,5.083750,33.250,170.000,0,OK
21020222,0.330000,5.083750,33.000,167.500,0,OK
21030226,0.337500,5.085000,33.000,167.500,0,OK
21040218,0.330000,5.083750,33.000,167.500,0,OK
21050230,0.335000,5.083750,33.500,170.000,0,OK
21060218,0.332500,5.083750,33.250,170.000,0,OK
21070230,0.332500,5.081250,33.250,167.500,0,OK
21080218,0.340000,5.082500,32.750,166.250,0,OK
21090230,0.332500,5.083750,33.250,170.000,0,OK
21100218,0.332500,5.085000,33.000,167.500,0,OK
21110230,0.332500,5.083750,33.250,170.000,0,OK
21120218,0.332500,5.083750,33.250,167.500,0,OK
21130230,0.332500,5.082500,33.250,170.000,0,OK
21140218,0.335000,5.085000,33.500,170.000,0,OK
21150230,0.332500,5.082500,33.250,170.000,0,OK
21160218,0.330000,5.082500,33.000,167.500,0,OK
21170230,0.337500,5.085000,33.000,167.500,0,OK
21180218,0.332500,5.085000,33.250,170.000,0,OK
21190230,0.330000,5.083750,33.250,170.000,0,OK
21200218,0.332500,5.085000,33.250,170.000,0,OK
21210230,0.335000,5.083750,33.250,170.000,0,OK
21220218,0.332500,5.083750,33.250,170.000,0,OK
21230230,0.332500,5.082500,33.250,167.500,0,OK
21240218,0.332500,5.083750,33.250,170.000,0,OK
21250230,0.332500,5.081250,33.250,167.500,0,OK
21260218,0.332500,5.083750,33.000,167.500,0,OK
21270230,0.332500,5.083750,33.250,170.000,0,OK
21280218,0.335000,5.083750,33.250,170.000,0,OK
21290230,0.332500,5.083750,33.250,170.000,0,OK
21300218,0.335000,5.083750,33.000,170.000,0,OK
21310230,0.330000,5.083750,33.000,167.500,0,OK
21320218,0.332500,5.083750,33.250,167.500,0,OK
21330226,0.330000,5.083750,33.000,167.500,0,OK
21340222,0.332500,5.081250,33.250,167.500,0,OK
21350226,0.330000,5.083750,33.000,167.500,0,OK
21360222,0.332500,5.085000,33.250,170.000,0,OK
21370226,0.332500,5.085000,33.250,170.000,0,OK
21380222,0.332500,5.083750,33.250,170.000,0,OK
21390226,0.335000,5.083750,33.250,170.000,0,OK
21400222,0.332500,5.085000,33.250,170.000,0,OK
21410226,0.337500,5.078750,33.750,172.500,0,OK
21420222,0.330000,5.083750,33.000,167.500,0,OK
21430226,0.337500,5.082500,33.750,172.500,0,OK
21440218,0.332500,5.083750,33.000,167.500,0,OK
21450230,0.332500,5.083750,33.250,170.000,0,OK
21460218,0.335000,5.085000,33.250,170.000,0,OK
21470230,0.332500,5.085000,33.250,170.000,0,OK
21480218,0.335000,5.085000,33.250,170.000,0,OK
21490230,0.330000,5.085000,33.000,167.500,0,OK
21500218,0.332500,5.078750,33.250,167.500,0,OK
21510230,0.330000,5.083750,33.000,167.500,0,OK
21520218,0.335000,5.082500,33.500,170.000,0,OK
21530226,0.332500,5.083750,33.500,170.000,0,OK
21540222,0.332500,5.083750,33.250,170.000,0,OK
21550226,0.335000,5.083750,33.250,170.000,0,OK
21560222,0.330000,5.082500,33.000,167.500,0,OK
21570226,0.332500,5.085000,33.250,167.500,0,OK
21580218,0.327500,5.083750,32.750,166.250,0,OK
21590230,0.332500,5.078750,33.250,167.500,0,OK
21600218,0.345000,5.083750,33.000,167.500,0,OK
21610230,0.332500,5.083750,33.250,170.000,0,OK
21620218,0.332500,5.082500,33.000,167.500,0,OK
21630230,0.335000,5.083750,33.500,170.000,0,OK
21640218,0.332500,5.083750,33.250,170.000,0,OK
21650230,0.330000,5.085000,33.000,167.500,0,OK
21660218,0.335000,5.085000,33.500,170.000,0,OK
21670230,0.330000,5.083750,33.000,167.500,0,OK
21680218,0.332500,5.080000,33.250,167.500,0,OK
21690226,0.345000,5.085000,33.000,167.500,0,OK
21700222,0.335000,5.083750,33.500,170.000,0,OK
21710226,0.332500,5.083750,33.250,170.000,0,OK
21720222,0.330000,5.083750,33.000,167.500,0,OK
21730226,0.337500,5.083750,33.000,172.500,0,OK
21740218,0.330000,5.082500,33.000,167.500,0,OK
21750230,0.335000,5.085000,33.500,170.000,0,OK
21760218,0.330000,5.083750,33.000,167.500,0,OK
21770230,0.335000,5.081250,33.500,170.000,0,OK
21780218,0.337500,5.083750,33.250,170.000,0,OK
21790230,0.335000,5.085000,33.500,170.000,0,OK
21800218,0.332500,5.083750,33.000,167.500,0,OK
21810230,0.332500,5.083750,33.250,170.000,0,OK
21820218,0.332500,5.083750,33.500,167.500,0,OK
21830230,0.332500,5.083750,33.250,170.000,0,OK
21840218,0.332500,5.083750,33.250,167.500,0,OK
21850230,0.332500,5.085000,33.250,170.000,0,OK
21860218,0.332500,5.082500,33.250,170.000,0,OK
21870230,0.335000,5.082500,33.250,170.000,0,OK
21880218,0.332500,5.085000,33.250,170.000,0,OK
21890230,0.332500,5.083750,33.250,170.000,0,OK
21900218,0.332500,5.082500,33.250,170.000,0,OK
21910230,0.335000,5.083750,32.750,170.000,0,OK
21920218,0.332500,5.083750,33.250,170.000,0,OK
21930230,0.335000,5.083750,33.500,170.000,0,OK
21940218,0.330000,5.083750,33.000,167.500,0,OK
21950230,0.332500,5.081250,33.250,167.500,0,OK
21960218,0.335000,5.083750,33.250,170.000,0,OK
21970230,0.335000,5.083750,33.500,170.000,0,OK
21980218,0.330000,5.083750,33.250,170.000,0,OK
21990230,0.330000,5.083750,33.000,167.500,0,OK
22000218,0.335000,5.085000,33.250,170.000,0,OK
22010226,0.332500,5.083750,33.250,170.000,0,OK
22020222,0.332500,5.077500,33.250,167.500,0,OK
22030226,0.330000,5.083750,33.000,167.500,0,OK
22040222,0.335000,5.082500,33.500,170.000,0,OK
22050226,0.332500,5.083750,33.250,170.000,0,OK
22060222,0.332500,5.083750,33.250,170.000,0,OK
22070226,0.332500,5.082500,33.250,170.000,0,OK
22080222,0.330000,5.082500,33.000,167.500,0,OK
22090226,0.335000,5.082500,33.250,170.000,0,OK
22100218,0.327500,5.083750,32.750,166.250,0,OK
22110230,0.332500,5.077500,33.250,167.500,0,OK
22120218,0.332500,5.083750,33.250,170.000,0,OK
22130230,0.335000,5.083750,33.500,170.000,0,OK
22140218,0.330000,5.082500,33.000,167.500,0,OK
22150230,0.335000,5.083750,33.500,170.000,0,OK
22160218,0.332500,5.085000,32.750,166.250,0,OK
22170230,0.332500,5.085000,33.250,170.000,0,OK
22180218,0.332500,5.083750,33.250,167.500,0,OK
22190230,0.332500,5.083750,33.250,170.000,0,OK
22200218,0.332500,5.080000,33.250,167.500,0,OK
22210230,0.347500,5.082500,33.750,172.500,0,OK
22220218,0.330000,5.083750,33.000,167.500,0,OK
22230230,0.332500,5.085000,33.500,170.000,0,OK
22240218,0.332500,5.083750,33.250,170.000,0,OK
22250230,0.335000,5.082500,33.000,167.500,0,OK
22260218,0.330000,5.085000,33.000,167.500,0,OK
22270226,0.335000,5.083750,33.500,170.000,0,OK
22280222,0.332500,5.085000,33.250,170.000,0,OK
22290226,0.332500,5.078750,33.250,167.500,0,OK
22300222,0.340000,5.085000,33.000,167.500,0,OK
22310226,0.337500,5.085000,33.750,172.500,0,OK
22320222,0.330000,5.085000,33.000,167.500,0,OK
22330226,0.332500,5.085000,33.250,170.000,0,OK
22340222,0.337500,5.083750,33.000,172.500,0,OK
22350226,0.332500,5.083750,33.250,170.000,0,OK
22360222,0.332500,5.083750,33.250,167.500,0,OK
22370226,0.332500,5.083750,33.250,170.000,0,OK
22380222,0.335000,5.080000,33.500,170.000,0,OK
22390226,0.335000,5.082500,33.250,170.000,0,OK
22400222,0.335000,5.085000,33.500,170.000,0,OK
22410226,0.332500,5.083750,33.250,170.000,0,OK
22420222,0.332500,5.082500,33.250,170.000,0,OK
22430226,0.335000,5.085000,33.250,170.000,0,OK
22440222,0.330000,5.083750,33.000,167.500,0,OK
22450226,0.335000,5.085000,33.500,170.000,0,OK
22460218,0.330000,5.083750,33.000,167.500,0,OK
22470230,0.335000,5.080000,33.500,170.000,0,OK
22480218,0.332500,5.081250,33.000,167.500,0,OK
22490230,0.335000,5.082500,33.500,170.000,0,OK
22500218,0.330000,5.083750,33.000,167.500,0,OK
22510230,0.332500,5.082500,33.250,170.000,0,OK
22520218,0.335000,5.083750,33.000,170.000,0,OK
22530230,0.332500,5.083750,33.250,170.000,0,OK
22540218,0.332500,5.083750,33.250,167.500,0,OK
22550230,0.327500,5.085000,32.750,166.250,0,OK
22560218,0.335000,5.083750,33.500,170.000,0,OK
22570230,0.332500,5.083750,33.250,170.000,0,OK
22580218,0.335000,5.085000,33.500,170.000,0,OK
22590230,0.332500,5.083750,33.250,170.000,0,OK
22600218,0.330000,5.083750,33.000,167.500,0,OK
22610230,0.335000,5.085000,33.000,170.000,0,OK
22620218,0.327500,5.083750,32.750,166.250,0,OK
22630230,0.337500,5.077500,33.750,172.500,0,OK
22640218,0.332500,5.083750,33.250,170.000,0,OK
22650230,0.335000,5.083750,33.500,170.000,0,OK
22660218,0.332500,5.082500,33.250,170.000,0,OK
22670230,0.337500,5.083750,33.750,172.500,0,OK
22680218,0.335000,5.083750,33.250,170.000,0,OK
22690230,0.332500,5.083750,33.250,170.000,0,OK
22700218,0.332500,5.085000,33.250,167.500,0,OK
22710230,0.332500,5.085000,33.250,170.000,0,OK
22720218,0.332500,5.078750,33.250,167.500,0,OK
22730230,0.330000,5.083750,33.000,167.500,0,OK
22740218,0.332500,5.082500,33.250,170.000,0,OK
22750226,0.332500,5.083750,33.250,170.000,0,OK
22760222,0.330000,5.083750,33.000,167.500,0,OK
22770226,0.335000,5.083750,33.000,167.500,0,OK
22780218,0.330000,5.083750,33.000,167.500,0,OK
22790226,0.335000,5.083750,33.250,170.000,0,OK
22800218,0.330000,5.083750,33.000,167.500,0,OK
22810230,0.330000,5.078750,33.000,167.500,0,OK
22820218,0.332500,5.083750,33.250,170.000,0,OK
22830226,0.335000,5.082500,33.500,170.000,0,OK
22840222,0.332500,5.082500,33.000,167.500,0,OK
22850226,0.332500,5.083750,33.250,170.000,0,OK
22860222,0.332500,5.085000,33.250,170.000,0,OK
22870226,0.335000,5.085000,33.500,170.000,0,OK
22880222,0.335000,5.085000,33.500,170.000,0,OK
22890226,0.332500,5.083750,33.250,170.000,0,OK
22900222,0.335000,5.080000,33.500,170.000,0,OK
22910226,0.342500,5.082500,33.250,170.000,0,OK
22920222,0.330000,5.085000,33.000,167.500,0,OK
22930226,0.332500,5.083750,33.250,170.000,0,OK
22940222,0.332500,5.083750,33.250,170.000,0,OK
22950226,0.332500,5.085000,33.250,167.500,0,OK
22960222,0.332500,5.083750,33.250,170.000,0,OK
22970226,0.335000,5.085000,33.500,170.000,0,OK
22980222,0.332500,5.085000,33.250,170.000,0,OK
22990226,0.332500,5.082500,33.250,170.000,0,OK
23000222,0.335000,5.083750,33.000,167.500,0,OK
23010226,0.335000,5.083750,33.500,170.000,0,OK
23020218,0.332500,5.085000,33.000,167.500,0,OK
23030230,0.332500,5.083750,33.250,170.000,0,OK
23040218,0.335000,5.083750,33.000,170.000,0,OK
23050230,0.332500,5.083750,33.250,170.000,0,OK
23060218,0.332500,5.083750,33.250,167.500,0,OK
23070230,0.332500,5.083750,33.250,170.000,0,OK
23080218,0.332500,5.081250,33.250,167.500,0,OK
23090230,0.337500,5.083750,33.500,170.000,0,OK
23100218,0.337500,5.085000,33.750,172.500,0,OK
23110230,0.332500,5.083750,33.250,170.000,0,OK
23120218,0.332500,5.082500,33.250,170.000,0,OK
23130230,0.335000,5.085000,33.000,170.000,0,OK
23140218,0.332500,5.083750,33.250,170.000,0,OK
23150230,0.335000,5.083750,33.500,170.000,0,OK
23160218,0.330000,5.083750,33.000,167.500,0,OK
23170230,0.332500,5.082500,33.250,170.000,0,OK
23180218,0.330000,5.083750,33.000,167.500,0,OK
23190230,0.337500,5.085000,33.750,172.500,0,OK
23200218,0.330000,5.085000,33.000,167.500,0,OK
23210230,0.330000,5.083750,33.000,167.500,0,OK
23220218,0.335000,5.085000,33.250,170.000,0,OK
23230226,0.332500,5.083750,33.250,170.000,0,OK
23240222,0.332500,5.076250,33.250,167.500,0,OK
23250226,0.330000,5.083750,33.000,167.500,0,OK
23260222,0.330000,5.083750,33.000,167.500,0,OK
23270226,0.332500,5.083750,33.250,170.000,0,OK
23280218,0.332500,5.085000,33.250,170.000,0,OK
23290230,0.335000,5.083750,33.250,170.000,0,OK
23300218,0.330000,5.083750,33.000,167.500,0,OK
23310230,0.335000,5.085000,33.250,170.000,0,OK
23320218,0.335000,5.083750,33.500,170.000,0,OK
23330230,0.332500,5.080000,33.250,167.500,0,OK
23340218,0.332500,5.085000,33.250,170.000,0,OK
23350230,0.337500,5.082500,33.750,172.500,0,OK
23360218,0.327500,5.083750,33.250,170.000,0,OK
23370230,0.335000,5.083750,33.500,170.000,0,OK
23380218,0.330000,5.083750,33.000,167.500,0,OK
23390230,0.335000,5.083750,33.500,170.000,0,OK
23400218,0.332500,5.085000,33.250,167.500,0,OK
23410230,0.332500,5.083750,33.250,170.000,0,OK
23420218,0.335000,5.078750,33.500,170.000,0,OK
23430230,0.332500,5.082500,33.250,170.000,0,OK
23440218,0.335000,5.083750,33.500,170.000,0,OK
23450230,0.332500,5.083750,33.000,167.500,0,OK
23460218,0.332500,5.083750,33.250,170.000,0,OK
23470230,0.337500,5.083750,33.000,167.500,0,OK
23480218,0.330000,5.083750,33.000,167.500,0,OK
23490226,0.332500,5.083750,33.250,167.500,0,OK
23500218,0.332500,5.083750,33.250,170.000,0,OK
23510230,0.335000,5.078750,33.500,170.000,0,OK
23520218,0.345000,5.085000,33.250,170.000,0,OK
23530230,0.332500,5.083750,33.250,170.000,0,OK
23540218,0.332500,5.082500,33.250,170.000,0,OK
23550230,0.332500,5.082500,33.250,170.000,0,OK
23560218,0.335000,5.083750,33.000,170.000,0,OK
23570230,0.335000,5.083750,33.500,170.000,0,OK
23580218,0.332500,5.085000,33.250,167.500,0,OK
23590230,0.330000,5.083750,33.000,167.500,0,OK
23600218,0.330000,5.080000,33.000,167.500,0,OK
23610226,0.340000,5.083750,33.500,170.000,0,OK
23620218,0.332500,5.085000,33.250,170.000,0,OK
23630230,0.335000,5.085000,33.000,167.500,0,OK
23640218,0.327500,5.083750,32.750,166.250,0,OK
23650230,0.337500,5.085000,33.000,172.500,0,OK
23660218,0.330000,5.082500,33.000,167.500,0,OK
23670230,0.337500,5.083750,33.750,172.500,0,OK
23680218,0.330000,5.082500,33.000,167.500,0,OK
23690230,0.332500,5.081250,33.250,167.500,0,OK
23700218,0.335000,5.083750,33.250,170.000,0,OK
23710230,0.337500,5.085000,33.750,172.500,0,OK
23720218,0.330000,5.085000,33.250,170.000,0,OK
23730230,0.332500,5.083750,33.250,170.000,0,OK
23740218,0.335000,5.083750,33.000,170.000,0,OK
23750230,0.332500,5.083750,33.250,170.000,0,OK
23760218,0.337500,5.083750,33.750,172.500,0,OK
23770230,0.332500,5.085000,33.250,170.000,0,OK
23780218,0.332500,5.082500,33.250,170.000,0,OK
23790230,0.332500,5.083750,33.250,170.000,0,OK
23800218,0.332500,5.083750,33.250,170.000,0,OK
23810230,0.335000,5.083750,33.250,170.000,0,OK
23820218,0.335000,5.083750,33.500,170.000,0,OK
23830230,0.335000,5.085000,33.250,170.000,0,OK
23840218,0.330000,5.083750,33.000,167.500,0,OK
23850230,0.332500,5.078750,33.250,167.500,0,OK
23860218,0.332500,5.083750,33.250,170.000,0,OK
23870230,0.335000,5.082500,33.500,170.000,0,OK
23880218,0.332500,5.083750,33.000,167.500,0,OK
23890230,0.335000,5.083750,33.500,170.000,0,OK
23900218,0.332500,5.083750,33.250,170.000,0,OK
23910230,0.332500,5.083750,33.250,170.000,0,OK
23920218,0.332500,5.083750,33.000,167.500,0,OK
23930230,0.332500,5.083750,33.250,170.000,0,OK
23940218,0.330000,5.077500,33.000,167.500,0,OK
23950230,0.332500,5.083750,33.250,170.000,0,OK
23960218,0.335000,5.083750,33.500,170.000,0,OK
23970230,0.332500,5.083750,33.000,167.500,0,OK
23980218,0.332500,5.085000,33.250,170.000,0,OK
23990230,0.337500,5.083750,33.250,170.000,0,OK
24000218,0.330000,5.083750,33.000,167.500,0,OK
24010230,0.332500,5.083750,33.250,167.500,0,OK
24020218,0.330000,5.083750,33.000,167.500,0,OK
24030230,0.332500,5.078750,33.250,167.500,0,OK
24040218,0.332500,5.083750,33.250,170.000,0,OK
24050230,0.332500,5.083750,33.250,170.000,0,OK
24060218,0.330000,5.083750,33.000,167.500,0,OK
24070230,0.335000,5.083750,33.500,170.000,0,OK
24080218,0.335000,5.083750,33.500,170.000,0,OK
24090230,0.332500,5.082500,33.250,170.000,0,OK
24100218,0.335000,5.083750,33.000,170.000,0,OK
24110230,0.332500,5.082500,33.250,170.000,0,OK
24120218,0.330000,5.080000,33.000,167.500,0,OK
24130230,0.342500,5.083750,33.250,170.000,0,OK
24140218,0.332500,5.085000,33.250,170.000,0,OK
24150230,0.332500,5.083750,33.000,167.500,0,OK
24160218,0.332500,5.083750,33.250,170.000,0,OK
24170230,0.332500,5.085000,33.250,167.500,0,OK
24180218,0.332500,5.083750,33.250,170.000,0,OK
24190230,0.332500,5.083750,33.250,167.500,0,OK
24200218,0.330000,5.082500,33.000,167.500,0,OK
24210230,0.335000,5.080000,33.500,170.000,0,OK
24220218,0.342500,5.083750,33.250,170.000,0,OK
24230230,0.335000,5.082500,33.500,170.000,0,OK
24240218,0.332500,5.083750,33.250,170.000,0,OK
24250230,0.330000,5.085000,33.000,167.500,0,OK
24260218,0.332500,5.083750,33.250,167.500,0,OK
24270230,0.332500,5.083750,33.250,170.000,0,OK
24280218,0.332500,5.083750,33.250,167.500,0,OK
24290230,0.330000,5.083750,33.000,167.500,0,OK
24300218,0.332500,5.082500,33.250,170.000,0,OK
24310226,0.337500,5.085000,33.000,167.500,0,OK
24320222,0.332500,5.085000,33.250,170.000,0,OK
24330226,0.335000,5.083750,33.000,167.500,0,OK
24340222,0.332500,5.083750,33.250,170.000,0,OK
24350226,0.335000,5.086250,33.500,170.000,0,OK
24360222,0.330000,5.083750,33.000,167.500,0,OK
24370226,0.332500,5.083750,33.250,167.500,0,OK
24380218,0.330000,5.083750,33.000,167.500,0,OK
24390230,0.335000,5.081250,33.500,170.000,0,OK
24400218,0.335000,5.083750,33.250,170.000,0,OK
24410230,0.337500,5.083750,33.750,172.500,0,OK
24420218,0.330000,5.083750,33.250,170.000,0,OK
24430230,0.332500,5.083750,33.250,170.000,0,OK
24440218,0.335000,5.083750,33.000,170.000,0,OK
24450230,0.332500,5.085000,33.250,170.000,0,OK
24460218,0.332500,5.077500,33.250,167.500,0,OK
24470230,0.332500,5.083750,33.250,170.000,0,OK
24480218,0.335000,5.082500,33.500,170.000,0,OK
24490230,0.335000,5.083750,33.250,170.000,0,OK
24500218,0.335000,5.083750,33.500,170.000,0,OK
24510230,0.332500,5.085000,33.000,167.500,0,OK
24520218,0.330000,5.083750,33.000,167.500,0,OK
24530230,0.335000,5.083750,33.250,170.000,0,OK
24540218,0.330000,5.085000,33.000,167.500,0,OK
24550230,0.335000,5.078750,33.500,170.000,0,OK
24560218,0.337500,5.083750,33.750,172.500,0,OK
24570230,0.335000,5.082500,33.500,170.000,0,OK
24580218,0.330000,5.085000,33.250,170.000,0,OK
24590230,0.335000,5.082500,33.500,170.000,0,OK
24600218,0.332500,5.085000,33.000,167.500,0,OK
24610230,0.330000,5.083750,33.000,167.500,0,OK
24620218,0.332500,5.083750,33.250,167.500,0,OK
24630226,0.337500,5.085000,33.750,172.500,0,OK
24640222,0.332500,5.078750,33.250,167.500,0,OK
24650226,0.330000,5.083750,33.000,167.500,0,OK
24660222,0.332500,5.082500,33.250,170.000,0,OK
24670226,0.332500,5.083750,33.250,170.000,0,OK
24680222,0.335000,5.083750,33.500,170.000,0,OK
24690226,0.332500,5.083750,33.250,170.000,0,OK
24700222,0.327500,5.083750,32.750,166.250,0,OK
24710226,0.335000,5.085000,33.000,170.000,0,OK
24720218,0.330000,5.083750,33.000,167.500,0,OK
24730230,0.335000,5.078750,33.500,170.000,0,OK
24740218,0.342500,5.083750,32.750,166.250,0,OK
24750230,0.335000,5.083750,33.500,170.000,0,OK
24760218,0.330000,5.083750,33.250,170.000,0,OK
24770230,0.335000,5.083750,33.500,170.000,0,OK
24780218,0.335000,5.082500,33.250,170.000,0,OK
24790230,0.332500,5.082500,33.250,170.000,0,OK
24800218,0.332500,5.083750,33.250,167.500,0,OK
24810230,0.330000,5.083750,33.000,167.500,0,OK
24820218,0.335000,5.080000,33.500,170.000,0,OK
24830226,0.340000,5.083750,33.000,167.500,0,OK
24840222,0.335000,5.085000,33.500,170.000,0,OK
24850226,0.332500,5.083750,33.750,172.500,0,OK
24860222,0.330000,5.083750,33.000,167.500,0,OK
24870226,0.332500,5.083750,33.000,167.500,0,OK
24880218,0.332500,5.083750,33.250,170.000,0,OK
24890230,0.332500,5.083750,33.250,167.500,0,OK
24900218,0.332500,5.083750,33.250,170.000,0,OK
24910230,0.335000,5.080000,33.500,170.000,0,OK
24920218,0.335000,5.083750,33.250,170.000,0,OK
24930230,0.332500,5.083750,33.250,170.000,0,OK
24940218,0.332500,5.082500,33.000,167.500,0,OK
24950230,0.330000,5.083750,33.000,167.500,0,OK
24960218,0.330000,5.083750,33.000,167.500,0,OK
24970226,0.330000,5.083750,33.000,167.500,0,OK
24980218,0.332500,5.083750,33.250,167.500,0,OK
24990226,0.332500,5.082500,33.250,170.000,0,OK
25000222,0.335000,5.082500,33.500,170.000,0,OK
25010226,0.335000,5.085000,33.500,170.000,0,OK
25020222,0.335000,5.085000,33.500,170.000,0,OK
25030226,0.332500,5.083750,33.250,170.000,0,OK
25040222,0.332500,5.083750,33.250,170.000,0,OK
25050226,0.335000,5.083750,33.000,170.000,0,OK
25060222,0.332500,5.085000,33.250,170.000,0,OK
25070226,0.335000,5.085000,33.500,170.000,0,OK
25080222,0.330000,5.083750,33.000,167.500,0,OK
25090226,0.335000,5.081250,33.500,170.000,0,OK
25100218,0.332500,5.083750,33.250,170.000,0,OK
25110230,0.332500,5.083750,33.250,170.000,0,OK
25120218,0.330000,5.085000,33.000,167.500,0,OK
25130230,0.330000,5.083750,33.000,167.500,0,OK
25140218,0.335000,5.083750,32.750,170.000,0,OK
25150226,0.332500,5.085000,33.250,170.000,0,OK
25160222,0.332500,5.077500,33.250,167.500,0,OK
25170226,0.332500,5.083750,33.250,170.000,0,OK
25180222,0.332500,5.082500,33.250,170.000,0,OK
25190226,0.332500,5.082500,33.250,170.000,0,OK
25200222,0.332500,5.085000,33.250,170.000,0,OK
25210226,0.332500,5.085000,33.250,170.000,0,OK
25220222,0.330000,5.083750,33.000,167.500,0,OK
25230226,0.337500,5.085000,33.250,172.500,0,OK
25240218,0.332500,5.083750,33.250,170.000,0,OK
25250230,0.330000,5.077500,33.000,167.500,0,OK
25260218,0.330000,5.083750,33.000,167.500,0,OK
25270226,0.332500,5.083750,33.250,170.000,0,OK
25280218,0.332500,5.083750,33.250,170.000,0,OK
25290230,0.335000,5.083750,33.500,170.000,0,OK
25300218,0.335000,5.085000,32.750,166.250,0,OK
25310230,0.335000,5.082500,33.500,170.000,0,OK
25320218,0.337500,5.085000,33.250,172.500,0,OK
25330230,0.332500,5.083750,33.250,170.000,0,OK
25340218,0.332500,5.078750,33.250,167.500,0,OK
25350230,0.345000,5.083750,33.250,170.000,0,OK
25360218,0.332500,5.083750,33.250,170.000,0,OK
25370230,0.332500,5.083750,33.250,170.000,0,OK
25380218,0.335000,5.085000,33.500,170.000,0,OK
25390230,0.335000,5.085000,33.000,167.500,0,OK
25400218,0.332500,5.083750,33.250,170.000,0,OK
25410230,0.335000,5.083750,33.500,170.000,0,OK
25420218,0.330000,5.083750,33.000,167.500,0,OK
25430230,0.332500,5.078750,33.250,167.500,0,OK
25440218,0.342500,5.082500,33.250,170.000,0,OK
25450230,0.332500,5.083750,33.250,170.000,0,OK
25460218,0.332500,5.085000,33.000,167.500,0,OK
25470230,0.332500,5.083750,33.250,170.000,0,OK
25480218,0.332500,5.085000,33.000,167.500,0,OK
25490230,0.335000,5.081250,33.500,170.000,0,OK
25500218,0.330000,5.083750,33.000,167.500,0,OK
25510230,0.332500,5.082500,33.250,170.000,0,OK
25520218,0.335000,5.080000,33.500,170.000,0,OK
25530230,0.335000,5.085000,33.250,170.000,0,OK
25540218,0.332500,5.085000,33.250,170.000,0,OK
25550230,0.332500,5.087500,33.000,167.500,0,OK
25560218,0.332500,5.083750,33.250,170.000,0,OK
25570230,0.332500,5.087500,33.000,167.500,0,OK
25580218,0.330000,5.083750,33.000,167.500,0,OK
25590230,0.332500,5.086250,33.250,167.500,0,OK
25600218,0.330000,5.083750,33.000,167.500,0,OK
25610230,0.332500,5.083750,33.250,170.000,0,OK
25620218,0.335000,5.083750,33.250,170.000,0,OK
25630230,0.332500,5.086250,33.250,170.000,0,OK
25640218,0.332500,5.081250,33.000,167.500,0,OK
25650230,0.332500,5.086250,33.250,170.000,0,OK
25660218,0.330000,5.082500,32.750,167.500,0,OK
25670230,0.337500,5.085000,33.750,172.500,0,OK
25680218,0.332500,5.086250,33.250,167.500,0,OK
25690230,0.332500,5.085000,33.250,170.000,0,OK
25700218,0.332500,5.081250,33.250,167.500,0,OK
25710230,0.332500,5.087500,33.000,167.500,0,OK
25720218,0.335000,5.081250,33.500,170.000,0,OK
25730230,0.332500,5.086250,33.250,170.000,0,OK
25740218,0.332500,5.082500,33.250,170.000,0,OK
25750230,0.337500,5.086250,33.000,172.500,0,OK
25760218,0.332500,5.085000,33.250,170.000,0,OK
25770230,0.332500,5.077500,33.250,167.500,0,OK
25780218,0.330000,5.085000,33.000,167.500,0,OK
25790230,0.332500,5.085000,33.250,170.000,0,OK
25800218,0.330000,5.085000,33.250,170.000,0,OK
25810230,0.335000,5.085000,33.500,170.000,0,OK
25820218,0.332500,5.086250,33.250,170.000,0,OK
25830230,0.332500,5.087500,33.250,170.000,0,OK
25840218,0.330000,5.085000,33.000,167.500,0,OK
25850230,0.332500,5.086250,33.250,170.000,0,OK
25860218,0.335000,5.080000,33.500,170.000,0,OK
25870230,0.332500,5.086250,33.250,170.000,0,OK
25880218,0.332500,5.085000,33.250,170.000,0,OK
25890230,0.335000,5.083750,33.250,170.000,0,OK
25900218,0.337500,5.085000,33.750,172.500,0,OK
25910230,0.332500,5.086250,33.000,167.500,0,OK
25920218,0.332500,5.085000,33.250,170.000,0,OK
25930230,0.335000,5.086250,33.500,170.000,0,OK
25940218,0.327500,5.083750,32.750,166.250,0,OK
25950230,0.330000,5.081250,33.000,167.500,0,OK
25960218,0.347500,5.085000,32.750,166.250,0,OK
25970226,0.337500,5.083750,33.750,172.500,0,OK
25980222,0.330000,5.085000,33.250,170.000,0,OK
25990226,0.335000,5.085000,33.500,170.000,0,OK
26000222,0.335000,5.085000,33.250,170.000,0,OK
26010226,0.335000,5.085000,33.500,170.000,0,OK
26020222,0.332500,5.085000,33.250,167.500,0,OK
26030226,0.332500,5.085000,33.250,170.000,0,OK
26040222,0.332500,5.081250,33.250,167.500,0,OK
26050226,0.345000,5.086250,33.250,170.000,0,OK
26060222,0.332500,5.085000,33.250,170.000,0,OK
26070226,0.335000,5.086250,33.250,170.000,0,OK
26080222,0.330000,5.087500,33.000,167.500,0,OK
26090226,0.335000,5.086250,32.750,170.000,0,OK
26100222,0.330000,5.085000,33.000,167.500,0,OK
26110226,0.335000,5.086250,33.500,170.000,0,OK
26120222,0.332500,5.085000,33.250,170.000,0,OK
26130226,0.332500,5.081250,33.250,167.500,0,OK
26140222,0.335000,5.085000,33.250,170.000,0,OK
26150226,0.332500,5.085000,33.250,170.000,0,OK
26160222,0.330000,5.085000,33.250,170.000,0,OK
26170226,0.327500,5.085000,32.750,166.250,0,OK
26180222,0.332500,5.085000,33.250,167.500,0,OK
26190226,0.332500,5.085000,33.250,170.000,0,OK
26200222,0.335000,5.086250,33.500,170.000,0,OK
26210226,0.332500,5.085000,33.250,170.000,0,OK
26220222,0.335000,5.082500,33.500,170.000,0,OK
26230226,0.335000,5.086250,33.250,170.000,0,OK
26240222,0.332500,5.085000,33.250,170.000,0,OK
26250226,0.332500,5.086250,33.500,170.000,0,OK
26260222,0.335000,5.086250,33.500,170.000,0,OK
26270226,0.332500,5.085000,33.250,167.500,0,OK
26280222,0.332500,5.085000,33.250,170.000,0,OK
26290226,0.337500,5.085000,33.750,172.500,0,OK
26300222,0.332500,5.085000,33.250,170.000,0,OK
26310226,0.335000,5.083750,33.500,170.000,0,OK
26320222,0.332500,5.085000,33.250,170.000,0,OK
26330226,0.332500,5.086250,33.250,170.000,0,OK
26340222,0.332500,5.083750,33.250,170.000,0,OK
26350226,0.332500,5.085000,33.250,170.000,0,OK
26360222,0.332500,5.085000,33.250,167.500,0,OK
26370226,0.332500,5.085000,33.250,170.000,0,OK
26380222,0.335000,5.077500,33.500,170.000,0,OK
26390226,0.330000,5.085000,33.000,167.500,0,OK
26400222,0.330000,5.086250,33.000,167.500,0,OK
26410226,0.332500,5.085000,33.250,170.000,0,OK
26420218,0.335000,5.085000,33.500,170.000,0,OK
26430230,0.332500,5.086250,33.250,170.000,0,OK
26440218,0.332500,5.085000,33.250,170.000,0,OK
26450230,0.332500,5.085000,33.250,167.500,0,OK
26460218,0.332500,5.083750,33.250,170.000,0,OK
26470230,0.335000,5.078750,33.500,170.000,0,OK
26480218,0.332500,5.085000,33.250,170.000,0,OK
26490230,0.332500,5.083750,33.250,170.000,0,OK
26500218,0.330000,5.086250,33.250,170.000,0,OK
26510230,0.332500,5.085000,33.250,170.000,0,OK
26520218,0.332500,5.086250,33.000,167.500,0,OK
26530230,0.332500,5.085000,33.250,170.000,0,OK
26540218,0.332500,5.085000,33.500,167.500,0,OK
26550230,0.330000,5.083750,33.000,167.500,0,OK
26560218,0.332500,5.081250,33.250,167.500,0,OK
26570226,0.347500,5.085000,33.250,170.000,0,OK
26580222,0.332500,5.085000,33.250,170.000,0,OK
26590226,0.335000,5.083750,33.250,170.000,0,OK
26600222,0.335000,5.085000,33.500,170.000,0,OK
26610226,0.335000,5.086250,33.500,170.000,0,OK
26620222,0.330000,5.083750,33.000,167.500,0,OK
26630226,0.332500,5.086250,33.250,167.500,0,OK
26640218,0.330000,5.083750,33.000,167.500,0,OK
26650230,0.332500,5.081250,33.250,167.500,0,OK
26660218,0.340000,5.085000,33.000,167.500,0,OK
26670230,0.335000,5.085000,33.500,170.000,0,OK
26680218,0.335000,5.085000,33.250,170.000,0,OK
26690230,0.330000,5.085000,33.000,167.500,0,OK
26700218,0.332500,5.086250,33.000,167.500,0,OK
26710230,0.332500,5.085000,33.250,170.000,0,OK
26720218,0.332500,5.086250,33.250,167.500,0,OK
26730230,0.332500,5.086250,33.250,170.000,0,OK
26740218,0.335000,5.081250,33.500,170.000,0,OK
26750230,0.342500,5.085000,33.250,170.000,0,OK
26760218,0.332500,5.085000,33.250,170.000,0,OK
26770230,0.332500,5.085000,33.250,170.000,0,OK
26780218,0.332500,5.085000,33.250,170.000,0,OK
26790230,0.335000,5.085000,33.250,170.000,0,OK
26800218,0.332500,5.086250,33.250,170.000,0,OK
26810230,0.335000,5.083750,33.500,170.000,0,OK
26820218,0.332500,5.085000,33.250,170.000,0,OK
26830230,0.337500,5.082500,33.750,172.500,0,OK
26840218,0.335000,5.083750,32.750,166.250,0,OK
26850230,0.330000,5.086250,33.000,167.500,0,OK
26860218,0.330000,5.086250,33.250,170.000,0,OK
26870226,0.332500,5.085000,33.250,170.000,0,OK
26880222,0.335000,5.086250,33.000,170.000,0,OK
26890226,0.330000,5.085000,33.000,167.500,0,OK
26900222,0.335000,5.086250,33.500,170.000,0,OK
26910226,0.332500,5.085000,33.250,170.000,0,OK
26920222,0.335000,5.082500,33.500,170.000,0,OK
26930226,0.335000,5.086250,33.250,170.000,0,OK
26940222,0.332500,5.085000,33.250,170.000,0,OK
26950226,0.330000,5.085000,33.000,167.500,0,OK
26960222,0.335000,5.085000,33.500,170.000,0,OK
26970226,0.335000,5.086250,33.000,170.000,0,OK
26980222,0.332500,5.083750,33.250,170.000,0,OK
26990226,0.337500,5.078750,33.750,172.500,0,OK
27000222,0.335000,5.085000,33.500,170.000,0,OK
27010226,0.335000,5.085000,33.500,170.000,0,OK
27020222,0.335000,5.085000,33.000,167.500,0,OK
27030226,0.337500,5.085000,33.750,172.500,0,OK
27040222,0.332500,5.083750,33.000,167.500,0,OK
27050226,0.332500,5.085000,33.250,170.000,0,OK
27060222,0.335000,5.085000,33.250,170.000,0,OK
27070226,0.332500,5.086250,33.250,170.000,0,OK
27080222,0.330000,5.078750,33.000,167.500,0,OK
27090226,0.332500,5.083750,33.250,170.000,0,OK
27100218,0.335000,5.085000,33.500,170.000,0,OK
27110230,0.332500,5.085000,33.000,167.500,0,OK
27120218,0.332500,5.085000,33.250,170.000,0,OK
27130230,0.337500,5.085000,33.250,170.000,0,OK
27140218,0.332500,5.085000,33.250,170.000,0,OK
27150230,0.335000,5.086250,33.000,170.000,0,OK
27160218,0.332500,5.085000,33.250,170.000,0,OK
27170230,0.330000,5.077500,33.000,167.500,0,OK
27180218,0.330000,5.085000,33.000,167.500,0,OK
27190226,0.335000,5.085000,33.500,170.000,0,OK
27200222,0.332500,5.085000,33.500,170.000,0,OK
27210226,0.335000,5.083750,33.500,170.000,0,OK
27220222,0.332500,5.085000,33.250,170.000,0,OK
27230226,0.332500,5.085000,33.250,170.000,0,OK
27240222,0.335000,5.085000,33.500,170.000,0,OK
27250226,0.335000,5.085000,33.500,170.000,0,OK
27260222,0.335000,5.081250,33.500,170.000,0,OK
27270226,0.345000,5.085000,33.500,170.000,0,OK
27280222,0.332500,5.086250,33.250,170.000,0,OK
27290226,0.332500,5.083750,33.250,170.000,0,OK
27300222,0.332500,5.085000,33.250,170.000,0,OK
27310226,0.335000,5.086250,33.250,170.000,0,OK
27320222,0.335000,5.086250,33.500,170.000,0,OK
27330226,0.337500,5.085000,33.750,172.500,0,OK
27340222,0.330000,5.085000,33.000,167.500,0,OK
27350226,0.332500,5.081250,33.250,167.500,0,OK
27360222,0.340000,5.086250,33.000,167.500,0,OK
27370226,0.337500,5.083750,33.750,172.500,0,OK
27380222,0.330000,5.086250,33.250,170.000,0,OK
27390226,0.332500,5.086250,33.250,170.000,0,OK
27400222,0.335000,5.087500,33.000,170.000,0,OK
27410226,0.332500,5.086250,33.250,170.000,0,OK
27420222,0.332500,5.086250,33.250,167.500,0,OK
27430226,0.335000,5.086250,33.500,170.000,0,OK
27440222,0.332500,5.083750,33.250,170.000,0,OK
27450226,0.337500,5.085000,33.250,170.000,0,OK
27460222,0.332500,5.086250,33.250,170.000,0,OK
27470226,0.332500,5.086250,33.250,170.000,0,OK
27480222,0.330000,5.085000,33.000,167.500,0,OK
27490226,0.335000,5.087500,33.250,170.000,0,OK
27500222,0.330000,5.086250,33.000,167.500,0,OK
27510226,0.332500,5.086250,33.250,167.500,0,OK
27520218,0.332500,5.085000,33.250,170.000,0,OK
27530230,0.335000,5.085000,33.500,170.000,0,OK
27540218,0.332500,5.085000,33.250,170.000,0,OK
27550230,0.332500,5.086250,33.250,170.000,0,OK
27560218,0.332500,5.086250,33.250,170.000,0,OK
27570230,0.332500,5.085000,33.250,170.000,0,OK
27580218,0.335000,5.085000,33.500,170.000,0,OK
27590230,0.330000,5.085000,33.000,167.500,0,OK
27600218,0.332500,5.086250,33.250,167.500,0,OK
27610230,0.332500,5.085000,33.250,170.000,0,OK
27620218,0.332500,5.085000,33.250,170.000,0,OK
27630230,0.332500,5.085000,33.250,170.000,0,OK
27640218,0.335000,5.086250,33.500,170.000,0,OK
27650230,0.332500,5.086250,33.250,170.000,0,OK
27660218,0.330000,5.083750,33.000,167.500,0,OK
27670230,0.335000,5.086250,33.250,170.000,0,OK
27680218,0.332500,5.085000,33.250,170.000,0,OK
27690230,0.332500,5.080000,33.250,167.500,0,OK
27700218,0.330000,5.083750,33.000,167.500,0,OK
27710230,0.332500,5.086250,33.250,170.000,0,OK
27720218,0.330000,5.085000,33.000,167.500,0,OK
27730230,0.335000,5.085000,33.500,170.000,0,OK
27740218,0.332500,5.085000,33.250,170.000,0,OK
27750230,0.332500,5.085000,33.250,170.000,0,OK
27760218,0.332500,5.087500,33.000,167.500,0,OK
27770230,0.335000,5.085000,33.500,170.000,0,OK
27780218,0.332500,5.082500,33.250,170.000,0,OK
27790230,0.332500,5.085000,33.250,170.000,0,OK
27800218,0.330000,5.086250,33.000,167.500,0,OK
27810230,0.330000,5.086250,33.250,170.000,0,OK
27820218,0.335000,5.083750,33.500,170.000,0,OK
27830230,0.337500,5.086250,33.250,170.000,0,OK
27840218,0.332500,5.085000,33.250,170.000,0,OK
27850230,0.335000,5.086250,33.500,170.000,0,OK
27860218,0.330000,5.085000,33.000,167.500,0,OK
27870230,0.332500,5.080000,33.250,167.500,0,OK
27880218,0.342500,5.085000,33.250,170.000,0,OK
27890230,0.332500,5.086250,33.250,170.000,0,OK
27900218,0.330000,5.086250,33.250,170.000,0,OK
27910230,0.335000,5.085000,33.500,170.000,0,OK
27920218,0.330000,5.086250,33.000,167.500,0,OK
27930230,0.332500,5.086250,33.250,170.000,0,OK
27940218,0.332500,5.085000,33.250,167.500,0,OK
27950230,0.332500,5.086250,33.250,170.000,0,OK
27960218,0.332500,5.082500,33.250,170.000,0,OK
27970230,0.340000,5.085000,33.250,170.000,0,OK
27980218,0.335000,5.085000,33.500,170.000,0,OK
27990230,0.332500,5.085000,33.250,170.000,0,OK
28000218,0.332500,5.086250,33.250,170.000,0,OK
28010230,0.335000,5.086250,33.250,170.000,0,OK
28020218,0.330000,5.086250,33.000,167.500,0,OK
28030230,0.335000,5.086250,33.500,170.000,0,OK
28040218,0.332500,5.083750,33.250,170.000,0,OK
28050230,0.335000,5.085000,33.500,170.000,0,OK
28060218,0.335000,5.085000,33.250,170.000,0,OK
28070230,0.332500,5.086250,33.250,170.000,0,OK
28080218,0.330000,5.086250,33.250,170.000,0,OK
28090230,0.332500,5.085000,33.250,170.000,0,OK
28100218,0.337500,5.086250,33.250,172.500,0,OK
28110230,0.332500,5.086250,33.250,170.000,0,OK
28120218,0.332500,5.087500,33.250,167.500,0,OK
28130230,0.332500,5.085000,33.250,170.000,0,OK
28140218,0.332500,5.083750,33.250,170.000,0,OK
28150230,0.335000,5.086250,33.000,167.500,0,OK
28160218,0.332500,5.086250,33.250,170.000,0,OK
28170226,0.332500,5.085000,33.250,170.000,0,OK
28180222,0.332500,5.087500,33.250,170.000,0,OK
28190226,0.335000,5.083750,33.250,170.000,0,OK
28200222,0.335000,5.086250,33.500,170.000,0,OK
28210226,0.335000,5.086250,33.500,170.000,0,OK
28220222,0.332500,5.086250,33.250,170.000,0,OK
28230226,0.335000,5.085000,33.500,170.000,0,OK
28240222,0.332500,5.083750,33.250,170.000,0,OK
28250226,0.335000,5.086250,33.500,170.000,0,OK
28260222,0.330000,5.086250,33.250,170.000,0,OK
28270226,0.332500,5.085000,33.250,170.000,0,OK
28280222,0.332500,5.087500,33.250,167.500,0,OK
28290226,0.332500,5.086250,33.250,170.000,0,OK
28300222,0.337500,5.080000,33.750,172.500,0,OK
28310226,0.332500,5.085000,33.250,170.000,0,OK
28320222,0.337500,5.085000,33.750,172.500,0,OK
28330226,0.332500,5.085000,33.250,170.000,0,OK
28340222,0.332500,5.085000,33.250,170.000,0,OK
28350226,0.335000,5.085000,33.250,170.000,0,OK
28360222,0.330000,5.085000,33.000,167.500,0,OK
28370226,0.332500,5.086250,33.000,167.500,0,OK
28380222,0.332500,5.086250,33.250,170.000,0,OK
28390226,0.332500,5.080000,33.250,167.500,0,OK
28400222,0.332500,5.086250,33.250,170.000,0,OK
28410226,0.335000,5.085000,33.500,170.000,0,OK
28420222,0.335000,5.085000,33.500,170.000,0,OK
28430226,0.335000,5.086250,33.500,170.000,0,OK
28440222,0.335000,5.086250,33.000,167.500,0,OK
28450226,0.332500,5.085000,33.250,170.000,0,OK
28460218,0.335000,5.086250,33.500,170.000,0,OK
28470230,0.332500,5.086250,33.250,170.000,0,OK
28480218,0.332500,5.082500,33.250,170.000,0,OK
28490230,0.345000,5.085000,33.250,170.000,0,OK
28500218,0.330000,5.086250,33.000,167.500,0,OK
28510230,0.332500,5.085000,33.250,170.000,0,OK
28520218,0.332500,5.085000,33.250,170.000,0,OK
28530230,0.335000,5.085000,33.000,167.500,0,OK
28540218,0.330000,5.085000,33.000,167.500,0,OK
28550230,0.335000,5.086250,33.500,170.000,0,OK
28560218,0.330000,5.085000,33.000,167.500,0,OK
28570230,0.335000,5.081250,33.500,170.000,0,OK
28580218,0.340000,5.085000,33.250,170.000,0,OK
28590230,0.332500,5.086250,33.250,170.000,0,OK
28600218,0.330000,5.085000,33.250,170.000,0,OK
28610230,0.332500,5.085000,33.250,170.000,0,OK
28620218,0.332500,5.085000,33.000,167.500,0,OK
28630230,0.332500,5.086250,33.250,170.000,0,OK
28640218,0.335000,5.085000,33.500,170.000,0,OK
28650230,0.330000,5.086250,33.000,167.500,0,OK
28660218,0.330000,5.082500,33.000,167.500,0,OK
28670226,0.337500,5.086250,33.000,167.500,0,OK
28680218,0.335000,5.086250,33.500,170.000,0,OK
28690226,0.330000,5.086250,33.250,170.000,0,OK
28700222,0.332500,5.085000,33.250,170.000,0,OK
28710226,0.332500,5.086250,33.250,167.500,0,OK
28720222,0.330000,5.085000,33.000,167.500,0,OK
28730226,0.335000,5.086250,33.500,170.000,0,OK
28740222,0.335000,5.083750,33.500,170.000,0,OK
28750226,0.332500,5.085000,33.250,170.000,0,OK
28760222,0.335000,5.083750,33.250,170.000,0,OK
28770226,0.335000,5.085000,33.500,170.000,0,OK
28780222,0.332500,5.085000,33.250,170.000,0,OK
28790226,0.332500,5.086250,33.250,170.000,0,OK
28800222,0.335000,5.085000,33.250,170.000,0,OK
28810226,0.332500,5.083750,33.250,170.000,0,OK
28820222,0.335000,5.085000,33.500,170.000,0,OK
28830226,0.335000,5.086250,33.500,170.000,0,OK
28840222,0.335000,5.085000,33.500,170.000,0,OK
28850226,0.332500,5.085000,33.250,170.000,0,OK
28860222,0.332500,5.086250,33.250,170.000,0,OK
28870226,0.332500,5.086250,33.750,172.500,0,OK
28880222,0.332500,5.086250,33.250,170.000,0,OK
28890226,0.332500,5.085000,33.500,167.500,0,OK
28900222,0.332500,5.085000,33.250,170.000,0,OK
28910226,0.332500,5.078750,33.250,167.500,0,OK
28920222,0.332500,5.085000,33.250,170.000,0,OK
28930226,0.332500,5.085000,33.250,170.000,0,OK
28940222,0.335000,5.083750,33.250,170.000,0,OK
28950226,0.335000,5.085000,33.500,170.000,0,OK
28960222,0.335000,5.085000,33.500,170.000,0,OK
28970226,0.332500,5.083750,33.250,170.000,0,OK
28980222,0.332500,5.085000,33.250,167.500,0,OK
28990226,0.332500,5.085000,33.250,170.000,0,OK
29000222,0.330000,5.081250,33.000,167.500,0,OK
29010226,0.335000,5.085000,33.500,170.000,0,OK
29020218,0.337500,5.085000,33.750,172.500,0,OK
29030230,0.332500,5.083750,33.250,170.000,0,OK
29040218,0.332500,5.086250,33.250,170.000,0,OK
29050230,0.332500,5.085000,33.000,167.500,0,OK
29060218,0.335000,5.085000,33.500,170.000,0,OK
29070230,0.332500,5.085000,33.250,167.500,0,OK
29080218,0.330000,5.085000,33.000,167.500,0,OK
29090230,0.335000,5.081250,33.500,170.000,0,OK
29100218,0.342500,5.085000,33.250,170.000,0,OK
29110230,0.332500,5.085000,33.250,170.000,0,OK
29120218,0.330000,5.086250,33.250,170.000,0,OK
29130230,0.332500,5.086250,33.250,170.000,0,OK
29140218,0.332500,5.086250,33.250,170.000,0,OK
29150230,0.332500,5.085000,33.250,170.000,0,OK
29160218,0.335000,5.085000,33.500,170.000,0,OK
29170230,0.332500,5.086250,33.250,170.000,0,OK
29180218,0.335000,5.082500,33.500,170.000,0,OK
29190230,0.337500,5.085000,33.250,170.000,0,OK
29200218,0.332500,5.087500,33.250,170.000,0,OK
29210230,0.332500,5.083750,33.250,170.000,0,OK
29220218,0.332500,5.085000,33.250,170.000,0,OK
29230230,0.337500,5.086250,33.500,172.500,0,OK
29240218,0.332500,5.083750,33.250,170.000,0,OK
29250230,0.332500,5.086250,33.250,167.500,0,OK
29260218,0.332500,5.083750,33.250,170.000,0,OK
29270230,0.335000,5.082500,33.500,170.000,0,OK
29280218,0.335000,5.085000,33.250,170.000,0,OK
29290230,0.335000,5.085000,33.500,170.000,0,OK
29300218,0.332500,5.085000,33.000,167.500,0,OK
29310230,0.332500,5.086250,33.250,170.000,0,OK
29320218,0.330000,5.086250,33.250,167.500,0,OK
29330230,0.332500,5.085000,33.250,170.000,0,OK
29340218,0.332500,5.083750,33.250,167.500,0,OK
29350230,0.332500,5.085000,33.250,170.000,0,OK
29360218,0.332500,5.085000,33.250,170.000,0,OK
29370230,0.332500,5.083750,33.250,170.000,0,OK
29380218,0.332500,5.087500,33.250,170.000,0,OK
29390230,0.335000,5.085000,33.250,170.000,0,OK
29400218,0.332500,5.086250,33.250,170.000,0,OK
29410230,0.332500,5.086250,33.250,167.500,0,OK
29420218,0.332500,5.085000,33.250,170.000,0,OK
29430230,0.335000,5.086250,33.500,170.000,0,OK
29440218,0.332500,5.083750,33.250,170.000,0,OK
29450230,0.335000,5.085000,33.500,170.000,0,OK
29460218,0.330000,5.085000,33.250,170.000,0,OK
29470230,0.332500,5.085000,33.250,170.000,0,OK
29480218,0.330000,5.086250,33.000,167.500,0,OK
29490230,0.330000,5.085000,33.000,167.500,0,OK
29500218,0.335000,5.083750,33.250,170.000,0,OK
29510230,0.332500,5.083750,33.250,170.000,0,OK
29520218,0.337500,5.077500,33.750,172.500,0,OK
29530230,0.330000,5.085000,33.000,167.500,0,OK
29540218,0.335000,5.086250,33.500,170.000,0,OK
29550230,0.327500,5.085000,33.250,170.000,0,OK
29560218,0.332500,5.086250,33.250,170.000,0,OK
29570230,0.332500,5.085000,33.250,170.000,0,OK
29580218,0.335000,5.086250,33.500,170.000,0,OK
29590230,0.332500,5.086250,33.250,167.500,0,OK
29600218,0.330000,5.085000,33.000,167.500,0,OK
29610230,0.337500,5.080000,33.750,172.500,0,OK
29620218,0.330000,5.085000,33.000,167.500,0,OK
29630230,0.335000,5.085000,33.500,170.000,0,OK
29640218,0.332500,5.083750,33.250,170.000,0,OK
29650230,0.335000,5.087500,33.500,170.000,0,OK
29660218,0.332500,5.085000,33.000,167.500,0,OK
29670230,0.332500,5.086250,33.250,170.000,0,OK
29680218,0.332500,5.085000,33.250,167.500,0,OK
29690230,0.330000,5.083750,33.000,167.500,0,OK
29700218,0.327500,5.082500,32.750,166.250,0,OK
29710226,0.345000,5.085000,33.500,170.000,0,OK
29720218,0.332500,5.085000,33.250,170.000,0,OK
29730230,0.330000,5.083750,33.000,167.500,0,OK
29740218,0.332500,5.086250,33.250,170.000,0,OK
29750226,0.335000,5.085000,33.250,170.000,0,OK
29760222,0.332500,5.085000,33.250,170.000,0,OK
29770226,0.337500,5.085000,33.750,172.500,0,OK
29780222,0.332500,5.083750,33.250,170.000,0,OK
29790226,0.335000,5.082500,33.500,170.000,0,OK
29800222,0.340000,5.085000,33.000,167.500,0,OK
29810226,0.335000,5.086250,33.500,170.000,0,OK
29820222,0.330000,5.085000,33.250,170.000,0,OK
29830226,0.327500,5.085000,32.750,166.250,0,OK
29840222,0.332500,5.083750,33.250,167.500,0,OK
29850226,0.332500,5.085000,33.250,170.000,0,OK
29860222,0.332500,5.085000,33.250,167.500,0,OK
29870226,0.335000,5.085000,33.500,170.000,0,OK
29880222,0.332500,5.082500,33.250,170.000,0,OK
29890226,0.340000,5.083750,33.250,170.000,0,OK
29900222,0.332500,5.085000,33.250,170.000,0,OK
29910226,0.335000,5.085000,33.000,167.500,0,OK
29920222,0.330000,5.083750,33.000,167.500,0,OK
29930226,0.335000,5.086250,33.250,170.000,0,OK
29940218,0.330000,5.085000,33.000,167.500,0,OK
29950230,0.337500,5.086250,33.750,172.500,0,OK
29960218,0.332500,5.085000,33.250,170.000,0,OK
29970230,0.332500,5.083750,33.250,170.000,0,OK
29980218,0.332500,5.085000,33.000,167.500,0,OK
29990230,0.332500,5.085000,33.250,170.000,0,OK
30000218,0.330000,5.086250,33.250,170.000,0,OK
30010230,0.330000,5.083750,33.000,167.500,0,OK
30020218,0.332500,5.085000,33.000,167.500,0,OK
30030226,0.330000,5.086250,33.000,167.500,0,OK
30040222,0.335000,5.086250,33.500,170.000,0,OK
30050226,0.332500,5.085000,33.250,170.000,0,OK
30060222,0.332500,5.085000,33.250,170.000,0,OK
30070226,0.330000,5.085000,33.250,170.000,0,OK
30080222,0.330000,5.086250,33.000,167.500,0,OK
30090226,0.332500,5.086250,33.000,167.500,0,OK
30100218,0.332500,5.085000,33.250,170.000,0,OK
30110230,0.332500,5.086250,33.250,167.500,0,OK
30120218,0.332500,5.085000,33.250,170.000,0,OK
30130230,0.332500,5.080000,33.250,167.500,0,OK
30140218,0.330000,5.085000,33.000,167.500,0,OK
30150230,0.335000,5.085000,33.500,170.000,0,OK
30160218,0.332500,5.086250,33.250,170.000,0,OK
30170230,0.332500,5.085000,33.250,170.000,0,OK
30180218,0.332500,5.083750,33.250,170.000,0,OK
30190230,0.330000,5.086250,33.000,167.500,0,OK
30200218,0.335000,5.086250,33.250,170.000,0,OK
30210226,0.332500,5.083750,33.250,170.000,0,OK
30220222,0.332500,5.078750,33.250,167.500,0,OK
30230226,0.335000,5.083750,33.500,170.000,0,OK
30240222,0.335000,5.085000,33.500,170.000,0,OK
30250226,0.332500,5.083750,33.000,167.500,0,OK
30260222,0.337500,5.085000,33.750,172.500,0,OK
30270226,0.332500,5.086250,33.250,170.000,0,OK
30280222,0.332500,5.085000,33.250,170.000,0,OK
30290226,0.335000,5.085000,33.500,170.000,0,OK
30300222,0.330000,5.085000,33.000,167.500,0,OK
30310226,0.332500,5.080000,33.250,167.500,0,OK
30320222,0.342500,5.085000,33.000,167.500,0,OK
30330226,0.337500,5.086250,33.750,172.500,0,OK
30340222,0.332500,5.085000,33.000,167.500,0,OK
30350226,0.332500,5.086250,33.250,170.000,0,OK
30360222,0.330000,5.085000,33.000,167.500,0,OK
30370226,0.335000,5.086250,33.500,170.000,0,OK
30380222,0.332500,5.083750,33.250,167.500,0,OK
30390226,0.330000,5.083750,33.000,167.500,0,OK
30400222,0.335000,5.081250,33.500,170.000,0,OK
30410226,0.345000,5.085000,33.500,170.000,0,OK
30420222,0.332500,5.085000,33.250,170.000,0,OK
30430226,0.332500,5.085000,33.250,170.000,0,OK
30440222,0.330000,5.086250,33.000,167.500,0,OK
30450226,0.335000,5.085000,33.500,170.000,0,OK
30460218,0.332500,5.085000,33.250,170.000,0,OK
30470230,0.335000,5.086250,33.500,170.000,0,OK
30480218,0.332500,5.083750,33.250,170.000,0,OK
30490230,0.332500,5.082500,33.250,170.000,0,OK
30500218,0.337500,5.083750,33.250,170.000,0,OK
30510230,0.335000,5.086250,33.500,170.000,0,OK
30520218,0.332500,5.086250,33.250,170.000,0,OK
30530230,0.335000,5.086250,33.500,170.000,0,OK
30540218,0.335000,5.085000,33.000,170.000,0,OK
30550230,0.332500,5.083750,33.250,170.000,0,OK
30560218,0.332500,5.086250,33.250,167.500,0,OK
30570230,0.332500,5.085000,33.250,170.000,0,OK
30580218,0.335000,5.083750,33.500,170.000,0,OK
30590230,0.335000,5.083750,33.250,170.000,0,OK
30600218,0.335000,5.087500,33.500,170.000,0,OK
30610230,0.335000,5.083750,33.250,170.000,0,OK
30620218,0.327500,5.086250,32.750,166.250,0,OK
30630230,0.337500,5.085000,33.250,172.500,0,OK
30640218,0.330000,5.085000,33.000,167.500,0,OK
30650230,0.330000,5.086250,33.000,167.500,0,OK
30660218,0.332500,5.086250,33.250,170.000,0,OK
30670226,0.332500,5.081250,33.250,167.500,0,OK
30680222,0.332500,5.085000,33.000,167.500,0,OK
30690226,0.332500,5.087500,33.250,170.000,0,OK
30700222,0.332500,5.083750,33.000,167.500,0,OK
30710226,0.332500,5.086250,33.250,170.000,0,OK
30720222,0.335000,5.086250,33.250,170.000,0,OK
30730226,0.332500,5.083750,33.250,170.000,0,OK
30740222,0.335000,5.081250,33.500,170.000,0,OK
30750226,0.330000,5.085000,33.000,167.500,0,OK
30760222,0.332500,5.085000,33.250,170.000,0,OK
30770226,0.332500,5.085000,33.250,170.000,0,OK
30780222,0.335000,5.086250,33.500,170.000,0,OK
30790226,0.332500,5.086250,33.000,167.500,0,OK
30800222,0.335000,5.086250,33.500,170.000,0,OK
30810226,0.332500,5.086250,33.250,167.500,0,OK
30820222,0.332500,5.085000,33.250,170.000,0,OK
30830226,0.337500,5.081250,33.750,172.500,0,OK
30840222,0.330000,5.085000,33.000,167.500,0,OK
30850226,0.332500,5.086250,33.250,170.000,0,OK
30860222,0.330000,5.083750,33.500,170.000,0,OK
30870226,0.335000,5.086250,33.500,170.000,0,OK
30880222,0.335000,5.085000,33.000,167.500,0,OK
30890226,0.330000,5.085000,33.000,167.500,0,OK
30900222,0.332500,5.086250,33.250,167.500,0,OK
30910226,0.330000,5.085000,33.000,167.500,0,OK
30920222,0.332500,5.081250,33.250,167.500,0,OK
30930226,0.345000,5.085000,33.000,167.500,0,OK
30940222,0.332500,5.086250,33.250,170.000,0,OK
30950226,0.332500,5.083750,33.250,170.000,0,OK
30960222,0.335000,5.085000,33.500,170.000,0,OK
30970226,0.335000,5.083750,33.250,170.000,0,OK
30980222,0.332500,5.085000,33.250,170.000,0,OK
30990226,0.335000,5.085000,33.250,170.000,0,OK
31000222,0.330000,5.085000,33.000,167.500,0,OK
31010226,0.335000,5.081250,33.500,170.000,0,OK
31020222,0.340000,5.086250,33.000,167.500,0,OK
31030226,0.335000,5.086250,33.500,170.000,0,OK
31040222,0.332500,5.085000,33.250,170.000,0,OK
31050226,0.332500,5.086250,33.250,170.000,0,OK
31060222,0.335000,5.085000,33.250,170.000,0,OK
31070226,0.335000,5.086250,33.500,170.000,0,OK
31080222,0.335000,5.085000,33.500,170.000,0,OK
31090226,0.332500,5.085000,33.250,170.000,0,OK
31100222,0.335000,5.083750,33.500,170.000,0,OK
31110226,0.340000,5.085000,33.000,167.500,0,OK
31120222,0.332500,5.085000,33.250,170.000,0,OK
31130226,0.332500,5.086250,33.250,170.000,0,OK
31140222,0.327500,5.085000,32.750,166.250,0,OK
31150226,0.332500,5.086250,33.250,167.500,0,OK
31160222,0.330000,5.086250,33.000,167.500,0,OK
31170226,0.332500,5.086250,33.250,167.500,0,OK
31180218,0.332500,5.086250,33.250,170.000,0,OK
31190230,0.332500,5.082500,33.250,170.000,0,OK
31200218,0.335000,5.086250,33.500,170.000,0,OK
31210230,0.332500,5.086250,33.250,170.000,0,OK
31220218,0.327500,5.083750,33.250,170.000,0,OK
31230230,0.330000,5.085000,33.000,167.500,0,OK
31240218,0.332500,5.085000,33.250,167.500,0,OK
31250230,0.332500,5.085000,33.250,170.000,0,OK
31260218,0.330000,5.085000,33.000,167.500,0,OK
31270230,0.330000,5.085000,33.000,167.500,0,OK
31280218,0.335000,5.085000,33.500,170.000,0,OK
31290230,0.332500,5.083750,33.250,170.000,0,OK
31300218,0.335000,5.085000,33.500,170.000,0,OK
31310230,0.335000,5.085000,33.250,170.000,0,OK
31320218,0.332500,5.085000,33.250,170.000,0,OK
31330230,0.332500,5.086250,33.250,167.500,0,OK
31340218,0.332500,5.086250,33.250,170.000,0,OK
31350230,0.335000,5.077500,33.500,170.000,0,OK
31360218,0.327500,5.086250,32.750,166.250,0,OK
31370230,0.332500,5.082500,33.250,170.000,0,OK
31380218,0.332500,5.083750,33.250,170.000,0,OK
31390230,0.335000,5.083750,33.500,170.000,0,OK
31400218,0.335000,5.083750,33.250,170.000,0,OK
31410230,0.332500,5.085000,33.250,170.000,0,OK
31420218,0.330000,5.085000,33.000,167.500,0,OK
31430230,0.332500,5.087500,33.250,170.000,0,OK
31440218,0.332500,5.081250,33.250,167.500,0,OK
31450230,0.332500,5.085000,33.250,170.000,0,OK
31460218,0.332500,5.086250,33.250,170.000,0,OK
31470230,0.332500,5.086250,33.250,170.000,0,OK
31480218,0.332500,5.085000,33.250,170.000,0,OK
31490230,0.332500,5.085000,33.000,167.500,0,OK
31500218,0.332500,5.085000,33.250,170.000,0,OK
31510230,0.337500,5.083750,33.250,172.500,0,OK
31520218,0.332500,5.085000,33.250,170.000,0,OK
31530230,0.335000,5.080000,33.500,170.000,0,OK
31540218,0.332500,5.083750,33.250,170.000,0,OK
31550230,0.332500,5.085000,33.250,170.000,0,OK
31560218,0.332500,5.085000,33.250,170.000,0,OK
31570230,0.335000,5.085000,33.500,170.000,0,OK
31580218,0.332500,5.085000,33.250,170.000,0,OK
31590230,0.332500,5.085000,33.250,170.000,0,OK
31600218,0.332500,5.086250,33.000,167.500,0,OK
31610230,0.332500,5.085000,33.250,170.000,0,OK
31620218,0.332500,5.080000,33.250,167.500,0,OK
31630230,0.342500,5.083750,33.250,170.000,0,OK
31640218,0.335000,5.086250,33.500,170.000,0,OK
31650230,0.332500,5.085000,33.250,170.000,0,OK
31660218,0.332500,5.086250,33.250,170.000,0,OK
31670230,0.335000,5.085000,33.000,170.000,0,OK
31680218,0.332500,5.086250,33.250,170.000,0,OK
31690230,0.332500,5.085000,33.250,167.500,0,OK
31700218,0.330000,5.085000,33.000,167.500,0,OK
31710230,0.332500,5.081250,33.250,167.500,0,OK
31720218,0.337500,5.085000,32.750,166.250,0,OK
31730230,0.332500,5.085000,33.250,170.000,0,OK
31740218,0.330000,5.083750,33.250,170.000,0,OK
31750230,0.330000,5.083750,33.000,167.500,0,OK
31760218,0.332500,5.085000,33.500,167.500,0,OK
31770226,0.332500,5.085000,33.250,170.000,0,OK
31780222,0.332500,5.086250,33.250,167.500,0,OK
31790226,0.327500,5.083750,32.750,166.250,0,OK
31800222,0.332500,5.082500,33.250,170.000,0,OK
31810226,0.337500,5.085000,33.250,170.000,0,OK
31820222,0.335000,5.085000,33.500,170.000,0,OK
31830226,0.332500,5.086250,33.250,170.000,0,OK
31840222,0.332500,5.085000,33.250,170.000,0,OK
31850226,0.335000,5.086250,33.000,170.000,0,OK
31860222,0.332500,5.085000,33.250,170.000,0,OK
31870226,0.335000,5.083750,33.500,170.000,0,OK
31880222,0.332500,5.083750,33.250,170.000,0,OK
31890226,0.335000,5.083750,33.500,170.000,0,OK
31900222,0.332500,5.086250,33.250,170.000,0,OK
31910226,0.337500,5.085000,33.750,172.500,0,OK
31920222,0.332500,5.087500,33.500,170.000,0,OK
31930226,0.332500,5.083750,33.250,170.000,0,OK
31940222,0.332500,5.083750,33.250,167.500,0,OK
31950226,0.335000,5.085000,33.500,170.000,0,OK
31960222,0.332500,5.085000,33.250,167.500,0,OK
31970226,0.335000,5.085000,33.500,170.000,0,OK
31980222,0.335000,5.086250,33.500,170.000,0,OK
31990226,0.332500,5.085000,33.250,170.000,0,OK
32000222,0.332500,5.086250,33.250,170.000,0,OK
32010226,0.332500,5.085000,33.000,167.500,0,OK
32020222,0.330000,5.085000,33.000,167.500,0,OK
32030226,0.335000,5.085000,33.500,170.000,0,OK
32040222,0.332500,5.085000,33.250,170.000,0,OK
32050226,0.335000,5.081250,33.500,170.000,0,OK
32060222,0.330000,5.085000,33.000,167.500,0,OK
32070226,0.332500,5.083750,33.250,170.000,0,OK
32080222,0.332500,5.085000,33.000,167.500,0,OK
32090226,0.337500,5.083750,33.750,172.500,0,OK
32100222,0.332500,5.085000,33.250,170.000,0,OK
32110226,0.332500,5.085000,33.250,170.000,0,OK
32120222,0.335000,5.086250,33.250,170.000,0,OK
32130226,0.332500,5.083750,33.250,170.000,0,OK
32140222,0.332500,5.080000,33.250,167.500,0,OK
32150226,0.332500,5.085000,33.250,170.000,0,OK
32160222,0.332500,5.086250,33.250,170.000,0,OK
32170226,0.335000,5.085000,33.500,170.000,0,OK
32180222,0.332500,5.086250,33.250,170.000,0,OK
32190226,0.332500,5.085000,33.500,170.000,0,OK
32200222,0.330000,5.086250,33.000,167.500,0,OK
32210226,0.335000,5.086250,33.250,170.000,0,OK
32220218,0.330000,5.085000,33.000,167.500,0,OK
32230230,0.332500,5.082500,33.250,170.000,0,OK
32240218,0.345000,5.085000,33.000,167.500,0,OK
32250230,0.335000,5.086250,33.500,170.000,0,OK
32260218,0.330000,5.085000,33.250,170.000,0,OK
32270230,0.330000,5.083750,33.000,167.500,0,OK
32280218,0.332500,5.086250,33.500,170.000,0,OK
32290226,0.335000,5.085000,33.500,170.000,0,OK
32300222,0.332500,5.086250,33.250,167.500,0,OK
32310226,0.332500,5.086250,33.250,170.000,0,OK
32320222,0.335000,5.080000,33.500,170.000,0,OK
32330226,0.340000,5.085000,33.250,170.000,0,OK
32340222,0.332500,5.086250,33.250,170.000,0,OK
32350226,0.332500,5.086250,33.250,170.000,0,OK
32360222,0.332500,5.085000,33.250,170.000,0,OK
32370226,0.337500,5.086250,33.500,172.500,0,OK
32380222,0.330000,5.086250,33.000,167.500,0,OK
32390226,0.335000,5.085000,33.500,170.000,0,OK
32400218,0.332500,5.085000,33.250,170.000,0,OK
32410230,0.332500,5.083750,33.250,170.000,0,OK
32420218,0.340000,5.086250,33.250,170.000,0,OK
32430230,0.337500,5.085000,33.750,172.500,0,OK
32440218,0.332500,5.083750,33.250,170.000,0,OK
32450230,0.332500,5.086250,33.250,170.000,0,OK
32460218,0.335000,5.086250,33.000,170.000,0,OK
32470230,0.332500,5.083750,33.250,170.000,0,OK
32480218,0.337500,5.085000,33.750,172.500,0,OK
32490230,0.332500,5.085000,33.250,170.000,0,OK
32500218,0.335000,5.083750,33.500,170.000,0,OK
32510230,0.332500,5.085000,33.250,170.000,0,OK
32520218,0.332500,5.085000,33.250,170.000,0,OK
32530230,0.332500,5.085000,33.250,170.000,0,OK
32540218,0.330000,5.085000,33.000,167.500,0,OK
32550230,0.335000,5.083750,32.750,170.000,0,OK
32560218,0.332500,5.085000,33.250,170.000,0,OK
32570230,0.337500,5.086250,33.750,172.500,0,OK
32580218,0.330000,5.086250,33.000,167.500,0,OK
32590230,0.332500,5.083750,33.250,170.000,0,OK
32600218,0.330000,5.085000,33.250,170.000,0,OK
32610230,0.335000,5.087500,33.500,170.000,0,OK
32620218,0.330000,5.085000,33.000,167.500,0,OK
32630230,0.330000,5.086250,33.000,167.500,0,OK
32640218,0.332500,5.085000,33.000,167.500,0,OK
32650226,0.332500,5.085000,33.250,170.000,0,OK
32660222,0.332500,5.076250,33.250,167.500,0,OK
32670226,0.330000,5.085000,33.000,167.500,0,OK
32680222,0.332500,5.085000,33.250,170.000,0,OK
32690226,0.332500,5.083750,33.250,170.000,0,OK
32700222,0.332500,5.086250,33.250,170.000,0,OK
32710226,0.337500,5.086250,33.250,170.000,0,OK
32720222,0.332500,5.085000,33.250,170.000,0,OK
32730226,0.337500,5.085000,33.500,172.500,0,OK
32740222,0.332500,5.086250,33.250,170.000,0,OK
32750226,0.335000,5.078750,33.500,170.000,0,OK
32760222,0.332500,5.085000,33.250,170.000,0,OK
32770226,0.335000,5.085000,33.500,170.000,0,OK
32780222,0.332500,5.086250,33.250,170.000,0,OK
32790226,0.335000,5.087500,33.500,170.000,0,OK
32800222,0.332500,5.085000,33.250,170.000,0,OK
32810226,0.335000,5.086250,33.500,170.000,0,OK
32820222,0.332500,5.085000,33.250,167.500,0,OK
32830226,0.332500,5.085000,33.250,170.000,0,OK
32840222,0.332500,5.081250,33.250,167.500,0,OK
32850226,0.342500,5.083750,33.250,170.000,0,OK
32860222,0.335000,5.086250,33.500,170.000,0,OK
32870226,0.330000,5.085000,33.000,167.500,0,OK
32880222,0.332500,5.087500,33.250,170.000,0,OK
32890226,0.335000,5.086250,33.000,167.500,0,OK
32900222,0.330000,5.086250,33.000,167.500,0,OK
32910226,0.337500,5.085000,33.750,172.500,0,OK
32920218,0.330000,5.086250,33.000,167.500,0,OK
32930230,0.335000,5.082500,33.500,170.000,0,OK
32940218,0.342500,5.085000,33.000,167.500,0,OK
32950230,0.335000,5.086250,33.500,170.000,0,OK
32960218,0.332500,5.085000,33.500,170.000,0,OK
32970230,0.332500,5.083750,33.250,170.000,0,OK
32980218,0.335000,5.086250,33.250,170.000,0,OK
32990230,0.332500,5.085000,33.250,170.000,0,OK
33000218,0.332500,5.085000,33.250,167.500,0,OK
33010230,0.330000,5.085000,33.000,167.500,0,OK
33020218,0.332500,5.081250,33.250,167.500,0,OK
33030230,0.340000,5.085000,33.250,170.000,0,OK
33040218,0.330000,5.085000,33.000,167.500,0,OK
33050230,0.332500,5.085000,33.000,167.500,0,OK
33060218,0.332500,5.085000,33.250,170.000,0,OK
33070230,0.332500,5.085000,32.750,167.500,0,OK
33080218,0.332500,5.085000,33.250,170.000,0,OK
33090230,0.335000,5.085000,33.500,170.000,0,OK
33100218,0.330000,5.085000,33.000,167.500,0,OK
33110230,0.332500,5.082500,33.250,170.000,0,OK
33120218,0.332500,5.085000,33.000,167.500,0,OK
33130230,0.337500,5.086250,33.750,172.500,0,OK
33140218,0.335000,5.085000,33.500,170.000,0,OK
33150230,0.332500,5.085000,33.250,170.000,0,OK
33160218,0.332500,5.086250,33.250,167.500,0,OK
33170230,0.332500,5.086250,33.250,170.000,0,OK
33180218,0.335000,5.086250,33.500,170.000,0,OK
33190230,0.330000,5.085000,33.000,167.500,0,OK
33200218,0.332500,5.085000,33.250,170.000,0,OK
33210230,0.332500,5.085000,33.250,170.000,0,OK
33220218,0.335000,5.085000,33.500,170.000,0,OK
33230230,0.335000,5.085000,33.000,167.500,0,OK
33240218,0.332500,5.085000,33.250,170.000,0,OK
33250230,0.335000,5.086250,33.250,170.000,0,OK
33260218,0.332500,5.085000,33.250,170.000,0,OK
33270230,0.335000,5.077500,33.500,170.000,0,OK
33280218,0.332500,5.085000,33.250,170.000,0,OK
33290230,0.335000,5.083750,33.500,170.000,0,OK
33300218,0.332500,5.085000,33.000,167.500,0,OK
33310230,0.335000,5.086250,33.500,170.000,0,OK
33320218,0.332500,5.086250,33.250,170.000,0,OK
33330230,0.332500,5.086250,33.250,170.000,0,OK
33340218,0.335000,5.086250,33.250,170.000,0,OK
33350230,0.332500,5.085000,33.250,170.000,0,OK
33360218,0.332500,5.080000,33.250,167.500,0,OK
33370230,0.330000,5.086250,33.000,167.500,0,OK
33380218,0.330000,5.085000,33.000,167.500,0,OK
33390226,0.332500,5.083750,33.250,170.000,0,OK
33400222,0.335000,5.086250,33.500,170.000,0,OK
33410226,0.337500,5.083750,33.250,170.000,0,OK
33420222,0.330000,5.085000,33.000,167.500,0,OK
33430226,0.332500,5.085000,33.250,167.500,0,OK
33440222,0.330000,5.085000,33.000,167.500,0,OK
33450226,0.332500,5.082500,33.250,170.000,0,OK
33460222,0.345000,5.083750,33.250,170.000,0,OK
33470226,0.335000,5.083750,33.500,170.000,0,OK
33480222,0.330000,5.086250,33.250,170.000,0,OK
33490226,0.332500,5.085000,33.250,170.000,0,OK
33500222,0.332500,5.085000,33.250,170.000,0,OK
33510226,0.332500,5.085000,33.250,170.000,0,OK
33520222,0.335000,5.083750,33.500,170.000,0,OK
33530226,0.327500,5.083750,32.750,166.250,0,OK
33540222,0.332500,5.082500,33.250,170.000,0,OK
33550226,0.342500,5.085000,33.500,170.000,0,OK
33560222,0.335000,5.086250,33.500,170.000,0,OK
33570226,0.332500,5.086250,33.250,170.000,0,OK
33580222,0.330000,5.085000,33.000,167.500,0,OK
33590226,0.335000,5.085000,33.250,170.000,0,OK
33600222,0.335000,5.086250,33.500,170.000,0,OK
33610226,0.332500,5.085000,33.250,167.500,0,OK
33620222,0.332500,5.086250,33.250,170.000,0,OK
33630226,0.337500,5.082500,33.750,172.500,0,OK
33640222,0.337500,5.085000,33.000,167.500,0,OK
33650226,0.332500,5.086250,33.250,170.000,0,OK
33660222,0.332500,5.085000,33.250,170.000,0,OK
33670226,0.332500,5.085000,33.250,170.000,0,OK
33680222,0.337500,5.086250,33.250,172.500,0,OK
33690226,0.335000,5.085000,33.500,170.000,0,OK
33700222,0.332500,5.086250,33.250,167.500,0,OK
33710226,0.330000,5.085000,33.000,167.500,0,OK
33720222,0.332500,5.083750,33.250,170.000,0,OK
33730226,0.335000,5.086250,33.000,167.500,0,OK
33740222,0.335000,5.087500,33.500,170.000,0,OK
33750226,0.335000,5.086250,32.750,166.250,0,OK
33760222,0.332500,5.083750,33.250,170.000,0,OK
33770226,0.330000,5.086250,33.250,167.500,0,OK
33780222,0.330000,5.086250,33.000,167.500,0,OK
33790226,0.335000,5.085000,33.500,170.000,0,OK
33800218,0.332500,5.086250,33.250,170.000,0,OK
33810230,0.332500,5.083750,33.250,170.000,0,OK
33820218,0.332500,5.086250,33.250,170.000,0,OK
33830230,0.335000,5.087500,33.500,170.000,0,OK
33840218,0.327500,5.085000,33.250,170.000,0,OK
33850230,0.332500,5.087500,33.250,170.000,0,OK
33860218,0.332500,5.085000,33.250,167.500,0,OK
33870230,0.332500,5.085000,33.250,170.000,0,OK
33880218,0.335000,5.080000,33.500,170.000,0,OK
33890230,0.335000,5.085000,33.500,170.000,0,OK
33900218,0.330000,5.086250,33.000,167.500,0,OK
33910230,0.332500,5.083750,33.250,170.000,0,OK
33920218,0.330000,5.085000,33.000,167.500,0,OK
33930230,0.332500,5.085000,33.500,170.000,0,OK
33940218,0.332500,5.085000,33.250,170.000,0,OK
33950230,0.335000,5.085000,33.250,170.000,0,OK
33960218,0.335000,5.083750,33.500,170.000,0,OK
33970230,0.335000,5.078750,33.500,170.000,0,OK
33980218,0.332500,5.085000,33.250,170.000,0,OK
33990230,0.332500,5.085000,33.250,170.000,0,OK
34000218,0.335000,5.086250,33.250,170.000,0,OK
34010230,0.337500,5.086250,33.750,172.500,0,OK
34020218,0.332500,5.086250,33.000,167.500,0,OK
34030230,0.335000,5.085000,33.500,170.000,0,OK
34040218,0.337500,5.083750,33.250,172.500,0,OK
34050230,0.332500,5.085000,33.250,170.000,0,OK
34060218,0.332500,5.080000,33.250,167.500,0,OK
34070230,0.350000,5.085000,33.500,170.000,0,OK
34080218,0.332500,5.086250,33.250,170.000,0,OK
34090230,0.332500,5.083750,33.250,170.000,0,OK
34100218,0.332500,5.086250,33.250,170.000,0,OK
34110230,0.332500,5.085000,33.250,170.000,0,OK
34120218,0.332500,5.086250,33.250,170.000,0,OK
34130230,0.337500,5.085000,33.750,172.500,0,OK
34140218,0.332500,5.083750,33.250,170.000,0,OK
34150230,0.335000,5.081250,33.500,170.000,0,OK
34160218,0.342500,5.086250,33.250,170.000,0,OK
34170230,0.337500,5.086250,33.750,172.500,0,OK
34180218,0.332500,5.085000,33.000,167.500,0,OK
34190230,0.332500,5.085000,33.250,170.000,0,OK
34200218,0.332500,5.085000,33.250,167.500,0,OK
34210230,0.330000,5.083750,33.000,167.500,0,OK
34220218,0.335000,5.086250,33.500,170.000,0,OK
34230226,0.332500,5.086250,33.250,170.000,0,OK
34240222,0.332500,5.085000,33.250,170.000,0,OK
34250226,0.337500,5.085000,33.250,170.000,0,OK
34260222,0.332500,5.086250,33.250,170.000,0,OK
34270226,0.332500,5.085000,33.250,170.000,0,OK
34280222,0.332500,5.085000,33.250,170.000,0,OK
34290226,0.335000,5.085000,33.000,170.000,0,OK
34300222,0.330000,5.085000,33.000,167.500,0,OK
34310226,0.335000,5.083750,33.500,170.000,0,OK
34320222,0.332500,5.085000,33.250,170.000,0,OK
34330226,0.335000,5.085000,33.500,170.000,0,OK
34340222,0.337500,5.083750,33.250,170.000,0,OK
34350226,0.335000,5.088750,33.500,170.000,0,OK
34360222,0.330000,5.086250,33.250,170.000,0,OK
34370226,0.330000,5.085000,33.000,167.500,0,OK
34380222,0.335000,5.085000,33.000,170.000,0,OK
34390226,0.332500,5.085000,33.250,170.000,0,OK
34400222,0.332500,5.085000,33.250,167.500,0,OK
34410226,0.332500,5.085000,33.250,170.000,0,OK
34420222,0.335000,5.082500,33.500,170.000,0,OK
34430226,0.332500,5.085000,33.250,170.000,0,OK
34440222,0.335000,5.087500,33.500,170.000,0,OK
34450226,0.332500,5.086250,33.250,170.000,0,OK
34460222,0.332500,5.085000,33.250,170.000,0,OK
34470226,0.330000,5.085000,33.250,167.500,0,OK
34480222,0.332500,5.085000,33.250,170.000,0,OK
34490226,0.335000,5.080000,33.500,170.000,0,OK
34500222,0.332500,5.083750,33.250,170.000,0,OK
34510226,0.335000,5.085000,33.500,170.000,0,OK
34520222,0.332500,5.085000,33.000,167.500,0,OK
34530226,0.332500,5.086250,33.250,170.000,0,OK
34540222,0.332500,5.085000,33.000,167.500,0,OK
34550226,0.332500,5.086250,33.250,170.000,0,OK
34560222,0.332500,5.086250,33.250,167.500,0,OK
34570226,0.332500,5.085000,33.250,170.000,0,OK
34580222,0.335000,5.080000,33.500,170.000,0,OK
34590226,0.332500,5.083750,33.250,170.000,0,OK
34600222,0.335000,5.083750,33.500,170.000,0,OK
34610226,0.332500,5.086250,33.500,170.000,0,OK
34620222,0.335000,5.085000,33.500,170.000,0,OK
34630226,0.332500,5.085000,33.000,167.500,0,OK
34640222,0.330000,5.086250,33.000,167.500,0,OK
34650226,0.335000,5.085000,33.250,170.000,0,OK
34660218,0.335000,5.085000,33.500,170.000,0,OK
34670230,0.332500,5.078750,33.250,167.500,0,OK
34680218,0.345000,5.085000,33.250,170.000,0,OK
34690230,0.335000,5.085000,33.500,170.000,0,OK
34700218,0.330000,5.085000,32.750,166.250,0,OK
34710230,0.335000,5.086250,33.500,170.000,0,OK
34720218,0.335000,5.085000,33.250,170.000,0,OK
34730230,0.332500,5.086250,33.250,170.000,0,OK
34740218,0.332500,5.086250,33.250,167.500,0,OK
34750230,0.332500,5.086250,33.250,170.000,0,OK
34760218,0.335000,5.081250,33.500,170.000,0,OK
34770230,0.345000,5.086250,33.250,170.000,0,OK
34780218,0.332500,5.085000,33.250,170.000,0,OK
34790230,0.330000,5.085000,33.000,167.500,0,OK
34800218,0.330000,5.086250,33.000,167.500,0,OK
34810230,0.337500,5.086250,33.250,172.500,0,OK
34820218,0.332500,5.085000,33.250,170.000,0,OK
34830230,0.332500,5.085000,33.250,167.500,0,OK
34840218,0.330000,5.085000,33.000,167.500,0,OK
34850230,0.332500,5.082500,33.250,170.000,0,OK
34860218,0.337500,5.086250,33.250,170.000,0,OK
34870230,0.332500,5.085000,33.250,170.000,0,OK
34880218,0.330000,5.086250,33.250,170.000,0,OK
34890230,0.332500,5.085000,33.250,170.000,0,OK
34900218,0.335000,5.085000,33.250,170.000,0,OK
34910230,0.332500,5.085000,33.250,170.000,0,OK
34920218,0.332500,5.085000,33.250,167.500,0,OK
34930230,0.332500,5.086250,33.250,170.000,0,OK
34940218,0.335000,5.083750,33.500,170.000,0,OK
34950230,0.337500,5.085000,33.250,170.000,0,OK
34960218,0.335000,5.086250,33.500,170.000,0,OK
34970230,0.332500,5.085000,33.000,167.500,0,OK
34980218,0.330000,5.086250,33.000,167.500,0,OK
34990230,0.335000,5.085000,33.000,170.000,0,OK
35000218,0.335000,5.087500,33.500,170.000,0,OK
35010230,0.335000,5.086250,33.500,170.000,0,OK
35020218,0.330000,5.085000,33.000,167.500,0,OK
35030230,0.335000,5.085000,33.500,170.000,0,OK
35040218,0.332500,5.083750,32.750,166.250,0,OK
35050230,0.332500,5.086250,33.250,170.000,0,OK
35060218,0.332500,5.085000,33.250,170.000,0,OK
35070230,0.332500,5.085000,33.250,170.000,0,OK
35080218,0.335000,5.086250,33.500,170.000,0,OK
35090230,0.330000,5.083750,33.000,167.500,0,OK
35100218,0.335000,5.078750,33.500,170.000,0,OK
35110226,0.335000,5.085000,33.500,170.000,0,OK
35120222,0.335000,5.083750,33.500,170.000,0,OK
35130226,0.332500,5.085000,33.250,170.000,0,OK
35140222,0.332500,5.083750,33.250,170.000,0,OK
35150226,0.332500,5.086250,33.250,170.000,0,OK
35160222,0.330000,5.086250,33.000,167.500,0,OK
35170226,0.337500,5.085000,33.000,172.500,0,OK
35180218,0.330000,5.087500,33.000,167.500,0,OK
35190230,0.332500,5.080000,33.250,167.500,0,OK
35200218,0.332500,5.086250,33.250,170.000,0,OK
35210230,0.332500,5.083750,33.250,170.000,0,OK
35220218,0.330000,5.085000,33.000,167.500,0,OK
35230230,0.337500,5.087500,33.750,172.500,0,OK
35240218,0.335000,5.086250,33.250,170.000,0,OK
35250230,0.335000,5.085000,33.500,170.000,0,OK
35260218,0.332500,5.083750,33.000,167.500,0,OK
35270230,0.332500,5.083750,33.250,170.000,0,OK
35280218,0.330000,5.081250,33.000,167.500,0,OK
35290230,0.330000,5.085000,33.000,167.500,0,OK
35300218,0.332500,5.086250,33.250,170.000,0,OK
35310230,0.332500,5.085000,33.250,170.000,0,OK
35320218,0.335000,5.086250,33.500,170.000,0,OK
35330230,0.332500,5.085000,33.500,170.000,0,OK
35340218,0.332500,5.085000,33.250,170.000,0,OK
35350230,0.335000,5.086250,33.500,170.000,0,OK
35360218,0.332500,5.085000,33.250,170.000,0,OK
35370230,0.335000,5.080000,33.500,170.000,0,OK
35380218,0.345000,5.085000,33.000,167.500,0,OK
35390230,0.335000,5.086250,33.500,170.000,0,OK
35400218,0.332500,5.085000,33.250,170.000,0,OK
35410230,0.332500,5.085000,33.250,170.000,0,OK
35420218,0.332500,5.085000,33.500,167.500,0,OK
35430230,0.330000,5.085000,33.000,167.500,0,OK
35440218,0.335000,5.083750,33.500,170.000,0,OK
35450230,0.332500,5.085000,33.250,170.000,0,OK
35460218,0.335000,5.081250,33.500,170.000,0,OK
35470230,0.342500,5.086250,33.250,170.000,0,OK
35480218,0.330000,5.086250,33.000,167.500,0,OK
35490230,0.330000,5.085000,33.500,170.000,0,OK
35500218,0.330000,5.086250,33.000,167.500,0,OK
35510230,0.337500,5.085000,33.000,172.500,0,OK
35520218,0.330000,5.085000,33.000,167.500,0,OK
35530230,0.335000,5.086250,33.500,170.000,0,OK
35540218,0.332500,5.085000,33.250,170.000,0,OK
35550230,0.335000,5.082500,33.500,170.000,0,OK
35560218,0.335000,5.085000,33.000,167.500,0,OK
35570230,0.332500,5.083750,33.250,170.000,0,OK
35580218,0.332500,5.085000,33.250,170.000,0,OK
35590230,0.332500,5.086250,33.250,170.000,0,OK
35600218,0.332500,5.085000,33.250,167.500,0,OK
35610230,0.332500,5.086250,33.250,170.000,0,OK
35620218,0.332500,5.087500,33.250,167.500,0,OK
35630230,0.335000,5.086250,33.500,170.000,0,OK
35640218,0.332500,5.083750,33.250,170.000,0,OK
35650230,0.332500,5.086250,33.250,170.000,0,OK
35660218,0.335000,5.087500,33.500,170.000,0,OK
35670230,0.332500,5.086250,33.250,170.000,0,OK
35680218,0.332500,5.086250,33.250,170.000,0,OK
35690230,0.335000,5.085000,33.250,170.000,0,OK
35700218,0.332500,5.087500,33.250,170.000,0,OK
35710230,0.335000,5.080000,33.500,170.000,0,OK
35720218,0.332500,5.086250,33.250,170.000,0,OK
35730230,0.332500,5.083750,33.250,170.000,0,OK
35740218,0.335000,5.083750,33.250,170.000,0,OK
35750230,0.335000,5.087500,33.500,170.000,0,OK
35760218,0.332500,5.085000,33.250,170.000,0,OK
35770230,0.330000,5.086250,33.000,167.500,0,OK
35780218,0.332500,5.085000,33.000,167.500,0,OK
35790226,0.332500,5.086250,33.250,170.000,0,OK
35800222,0.332500,5.080000,33.250,167.500,0,OK
35810226,0.332500,5.085000,33.250,170.000,0,OK
35820222,0.335000,5.083750,33.500,170.000,0,OK
35830226,0.330000,5.085000,33.000,167.500,0,OK
35840222,0.335000,5.085000,33.500,170.000,0,OK
35850226,0.335000,5.085000,33.250,170.000,0,OK
35860222,0.332500,5.085000,33.250,170.000,0,OK
35870226,0.332500,5.086250,33.250,167.500,0,OK
35880222,0.332500,5.086250,33.250,170.000,0,OK
35890226,0.330000,5.081250,33.000,167.500,0,OK
35900222,0.332500,5.086250,33.250,170.000,0,OK
35910226,0.332500,5.086250,33.250,170.000,0,OK
35920222,0.332500,5.083750,33.250,170.000,0,OK
35930226,0.337500,5.085000,33.750,172.500,0,OK
35940222,0.332500,5.085000,33.500,170.000,0,OK
35950226,0.330000,5.086250,33.000,167.500,0,OK
35960222,0.335000,5.085000,33.500,170.000,0,OK
35970226,0.335000,5.085000,33.500,170.000,0,OK
35980222,0.332500,5.081250,33.250,167.500,0,OK
35990226,0.342500,5.083750,33.500,170.000,0,OK
36000222,0.335000,5.085000,33.500,170.000,0,OK
36010226,0.332500,5.086250,33.250,170.000,0,OK
36020222,0.332500,5.086250,33.250,170.000,0,OK
36030226,0.335000,5.085000,33.250,170.000,0,OK
36040222,0.332500,5.086250,33.250,170.000,0,OK
36050226,0.335000,5.086250,33.500,170.000,0,OK
36060222,0.332500,5.085000,33.250,170.000,0,OK
36070226,0.337500,5.080000,33.750,172.500,0,OK
36080222,0.340000,5.086250,33.250,170.000,0,OK
36090226,0.335000,5.086250,33.500,170.000,0,OK
36100222,0.332500,5.083750,33.000,167.500,0,OK
36110226,0.330000,5.086250,33.000,167.500,0,OK
36120222,0.335000,5.086250,33.250,170.000,0,OK
36130226,0.332500,5.086250,33.250,170.000,0,OK
36140222,0.335000,5.083750,33.500,170.000,0,OK
36150226,0.335000,5.086250,33.500,170.000,0,OK
36160222,0.335000,5.082500,33.500,170.000,0,OK
36170226,0.340000,5.086250,33.000,167.500,0,OK
36180222,0.335000,5.086250,33.500,170.000,0,OK
36190226,0.330000,5.085000,33.250,170.000,0,OK
36200222,0.332500,5.083750,33.250,170.000,0,OK
36210226,0.337500,5.086250,33.250,172.500,0,OK
36220222,0.337500,5.085000,33.750,172.500,0,OK
36230226,0.337500,5.085000,33.750,172.500,0,OK
36240222,0.332500,5.085000,33.250,170.000,0,OK
36250226,0.337500,5.085000,33.750,172.500,0,OK
36260222,0.332500,5.085000,33.250,170.000,0,OK
36270226,0.335000,5.083750,33.500,170.000,0,OK
36280222,0.335000,5.085000,33.500,170.000,0,OK
36290226,0.332500,5.086250,33.250,170.000,0,OK
36300222,0.335000,5.085000,33.000,170.000,0,OK
36310226,0.332500,5.083750,33.250,170.000,0,OK
36320222,0.335000,5.085000,33.500,170.000,0,OK
36330226,0.330000,5.086250,33.000,167.500,0,OK
36340222,0.332500,5.086250,33.250,170.000,0,OK
36350226,0.332500,5.085000,33.250,170.000,0,OK
36360222,0.332500,5.086250,33.250,170.000,0,OK
36370226,0.332500,5.086250,33.250,170.000,0,OK
36380222,0.332500,5.085000,33.250,170.000,0,OK
36390226,0.337500,5.083750,33.250,172.500,0,OK
36400222,0.332500,5.086250,33.250,170.000,0,OK
36410226,0.335000,5.080000,33.500,170.000,0,OK
36420222,0.330000,5.085000,33.000,167.500,0,OK
36430226,0.335000,5.086250,33.500,170.000,0,OK
36440222,0.332500,5.085000,33.000,167.500,0,OK
36450226,0.335000,5.085000,33.500,170.000,0,OK
36460222,0.332500,5.086250,33.250,170.000,0,OK
36470226,0.332500,5.085000,33.250,170.000,0,OK
36480222,0.332500,5.086250,33.250,167.500,0,OK
36490226,0.335000,5.085000,33.500,170.000,0,OK
36500222,0.332500,5.081250,33.250,167.500,0,OK
36510226,0.332500,5.086250,33.250,170.000,0,OK
36520222,0.332500,5.085000,33.250,170.000,0,OK
36530226,0.332500,5.085000,33.500,170.000,0,OK
36540222,0.332500,5.087500,33.250,170.000,0,OK
36550226,0.335000,5.086250,33.000,167.500,0,OK
36560222,0.330000,5.085000,33.000,167.500,0,OK
36570226,0.335000,5.086250,33.500,170.000,0,OK
36580222,0.330000,5.085000,33.000,167.500,0,OK
36590226,0.332500,5.081250,33.250,167.500,0,OK
36600222,0.345000,5.085000,33.250,170.000,0,OK
36610226,0.332500,5.086250,33.250,170.000,0,OK
36620222,0.330000,5.086250,33.250,170.000,0,OK
36630226,0.335000,5.085000,33.500,170.000,0,OK
36640222,0.332500,5.085000,33.250,170.000,0,OK
36650226,0.335000,5.086250,33.500,170.000,0,OK
36660222,0.332500,5.086250,33.250,167.500,0,OK
36670226,0.335000,5.085000,33.500,170.000,0,OK
36680222,0.330000,5.082500,33.000,167.500,0,OK
36690226,0.342500,5.085000,33.250,170.000,0,OK
36700218,0.332500,5.086250,33.250,170.000,0,OK
36710230,0.332500,5.085000,33.500,170.000,0,OK
36720218,0.332500,5.083750,33.250,170.000,0,OK
36730230,0.332500,5.085000,33.000,167.500,0,OK
36740218,0.330000,5.083750,33.000,167.500,0,OK
36750230,0.332500,5.085000,33.250,167.500,0,OK
36760218,0.327500,5.085000,32.750,166.250,0,OK
36770230,0.335000,5.081250,33.500,170.000,0,OK
36780218,0.335000,5.085000,33.250,170.000,0,OK
36790230,0.332500,5.087500,33.250,170.000,0,OK
36800218,0.332500,5.085000,33.250,170.000,0,OK
36810230,0.332500,5.086250,33.250,170.000,0,OK
36820218,0.332500,5.087500,33.250,167.500,0,OK
36830230,0.332500,5.086250,33.250,170.000,0,OK
36840218,0.332500,5.086250,33.250,167.500,0,OK
36850230,0.330000,5.086250,33.000,167.500,0,OK
36860218,0.335000,5.083750,33.500,170.000,0,OK
36870226,0.335000,5.085000,33.250,170.000,0,OK
36880222,0.335000,5.087500,33.500,170.000,0,OK
36890226,0.332500,5.083750,33.750,172.500,0,OK
36900222,0.330000,5.086250,33.000,167.500,0,OK
36910226,0.335000,5.085000,33.000,170.000,0,OK
36920218,0.332500,5.085000,33.250,170.000,0,OK
36930230,0.332500,5.085000,33.250,167.500,0,OK
36940218,0.330000,5.083750,33.000,167.500,0,OK
36950230,0.330000,5.086250,33.000,167.500,0,OK
36960218,0.330000,5.085000,33.250,170.000,0,OK
36970226,0.332500,5.086250,33.250,170.000,0,OK
36980222,0.335000,5.085000,33.250,170.000,0,OK
36990226,0.332500,5.085000,33.250,170.000,0,OK
37000222,0.335000,5.085000,33.250,170.000,0,OK
37010226,0.327500,5.083750,32.750,166.250,0,OK
37020222,0.335000,5.078750,33.500,170.000,0,OK
37030226,0.332500,5.085000,33.250,170.000,0,OK
37040222,0.332500,5.085000,33.250,170.000,0,OK
37050226,0.335000,5.086250,33.500,170.000,0,OK
37060222,0.335000,5.086250,33.500,170.000,0,OK
37070226,0.330000,5.086250,33.250,170.000,0,OK
37080222,0.330000,5.085000,33.000,167.500,0,OK
37090226,0.335000,5.085000,33.000,170.000,0,OK
37100222,0.330000,5.086250,33.000,167.500,0,OK
37110226,0.330000,5.080000,33.000,167.500,0,OK
37120218,0.332500,5.085000,33.250,170.000,0,OK
37130226,0.332500,5.086250,33.250,170.000,0,OK
37140222,0.332500,5.085000,33.500,170.000,0,OK
37150226,0.332500,5.086250,33.250,170.000,0,OK
37160222,0.332500,5.085000,33.250,170.000,0,OK
37170226,0.332500,5.086250,33.250,170.000,0,OK
37180222,0.337500,5.087500,33.250,172.500,0,OK
37190226,0.335000,5.085000,33.500,170.000,0,OK
37200222,0.332500,5.080000,33.250,167.500,0,OK
37210226,0.347500,5.086250,33.250,170.000,0,OK
37220222,0.332500,5.085000,33.250,170.000,0,OK
37230226,0.330000,5.086250,33.500,170.000,0,OK
37240222,0.332500,5.086250,33.250,170.000,0,OK
37250226,0.337500,5.085000,32.750,166.250,0,OK
37260222,0.332500,5.085000,33.250,170.000,0,OK
37270226,0.332500,5.086250,33.250,167.500,0,OK
37280222,0.330000,5.086250,33.000,167.500,0,OK
37290226,0.332500,5.082500,33.250,170.000,0,OK
37300218,0.340000,5.086250,33.000,167.500,0,OK
37310230,0.332500,5.086250,33.250,170.000,0,OK
37320218,0.332500,5.086250,32.750,166.250,0,OK
37330230,0.332500,5.085000,33.250,170.000,0,OK
37340218,0.332500,5.085000,33.250,167.500,0,OK
37350230,0.330000,5.086250,33.000,167.500,0,OK
37360218,0.330000,5.086250,33.000,167.500,0,OK
37370226,0.332500,5.086250,33.250,170.000,0,OK
37380218,0.332500,5.083750,33.250,170.000,0,OK
37390230,0.337500,5.085000,33.250,170.000,0,OK
37400218,0.332500,5.086250,33.250,170.000,0,OK
37410230,0.332500,5.083750,33.250,170.000,0,OK
37420218,0.332500,5.083750,33.250,170.000,0,OK
37430230,0.332500,5.085000,33.000,167.500,0,OK
37440218,0.332500,5.086250,33.250,170.000,0,OK
37450230,0.332500,5.085000,33.250,167.500,0,OK
37460218,0.335000,5.086250,33.500,170.000,0,OK
37470230,0.332500,5.082500,33.250,170.000,0,OK
37480218,0.335000,5.083750,33.500,170.000,0,OK
37490230,0.335000,5.086250,33.500,170.000,0,OK
37500218,0.330000,5.085000,33.000,167.500,0,OK
37510230,0.332500,5.085000,33.250,170.000,0,OK
37520218,0.332500,5.085000,33.250,167.500,0,OK
37530230,0.330000,5.086250,33.000,167.500,0,OK
37540218,0.335000,5.085000,33.500,170.000,0,OK
37550226,0.330000,5.086250,33.000,167.500,0,OK
37560222,0.335000,5.083750,33.500,170.000,0,OK
37570226,0.332500,5.086250,33.250,170.000,0,OK
37580222,0.332500,5.086250,33.250,170.000,0,OK
37590226,0.332500,5.083750,33.250,170.000,0,OK
37600222,0.332500,5.085000,33.250,170.000,0,OK
37610226,0.335000,5.085000,33.250,170.000,0,OK
37620222,0.332500,5.086250,33.250,170.000,0,OK
37630226,0.332500,5.080000,33.250,167.500,0,OK
37640222,0.330000,5.083750,33.000,167.500,0,OK
37650226,0.332500,5.083750,33.250,170.000,0,OK
37660218,0.327500,5.085000,33.250,170.000,0,OK
37670230,0.332500,5.083750,33.250,170.000,0,OK
37680218,0.332500,5.086250,33.250,170.000,0,OK
37690230,0.335000,5.086250,33.500,170.000,0,OK
37700218,0.332500,5.085000,33.250,167.500,0,OK
37710230,0.330000,5.086250,33.000,167.500,0,OK
37720218,0.335000,5.078750,33.500,170.000,0,OK
37730226,0.327500,5.083750,32.750,166.250,0,OK
37740222,0.335000,5.085000,33.500,170.000,0,OK
37750226,0.335000,5.083750,33.000,167.500,0,OK
37760222,0.332500,5.086250,33.250,170.000,0,OK
37770226,0.332500,5.085000,33.000,167.500,0,OK
37780222,0.332500,5.086250,33.250,170.000,0,OK
37790226,0.332500,5.083750,33.000,167.500,0,OK
37800222,0.330000,5.085000,33.000,167.500,0,OK
37810226,0.330000,5.081250,33.000,167.500,0,OK
37820222,0.345000,5.087500,33.000,167.500,0,OK
37830226,0.335000,5.086250,33.500,170.000,0,OK
37840222,0.335000,5.085000,33.250,170.000,0,OK
37850226,0.332500,5.086250,33.250,170.000,0,OK
37860222,0.335000,5.085000,33.250,170.000,0,OK
37870226,0.332500,5.085000,33.250,170.000,0,OK
37880222,0.332500,5.085000,33.250,167.500,0,OK
37890226,0.332500,5.085000,33.250,170.000,0,OK
37900222,0.335000,5.081250,33.500,170.000,0,OK
37910226,0.340000,5.085000,33.000,167.500,0,OK
37920222,0.332500,5.085000,33.250,170.000,0,OK
37930226,0.332500,5.085000,33.500,170.000,0,OK
37940222,0.330000,5.085000,33.000,167.500,0,OK
37950226,0.330000,5.085000,33.250,167.500,0,OK
37960222,0.332500,5.083750,33.250,170.000,0,OK
37970226,0.332500,5.085000,33.250,167.500,0,OK
37980222,0.330000,5.085000,33.000,167.500,0,OK
37990226,0.335000,5.081250,33.500,170.000,0,OK
38000222,0.340000,5.086250,33.250,170.000,0,OK
38010226,0.335000,5.085000,33.500,170.000,0,OK
38020222,0.327500,5.085000,33.250,170.000,0,OK
38030226,0.330000,5.085000,33.000,167.500,0,OK
38040222,0.335000,5.085000,32.750,170.000,0,OK
38050226,0.332500,5.086250,33.250,170.000,0,OK
38060222,0.335000,5.086250,33.500,170.000,0,OK
38070226,0.327500,5.086250,32.750,166.250,0,OK
38080222,0.335000,5.083750,33.500,170.000,0,OK
38090226,0.335000,5.083750,33.250,170.000,0,OK
38100222,0.332500,5.086250,33.250,170.000,0,OK
38110226,0.332500,5.085000,33.250,170.000,0,OK
38120222,0.332500,5.086250,33.250,170.000,0,OK
38130226,0.335000,5.083750,33.250,170.000,0,OK
38140222,0.332500,5.086250,33.250,170.000,0,OK
38150226,0.337500,5.085000,33.750,172.500,0,OK
38160222,0.332500,5.085000,33.250,170.000,0,OK
38170226,0.335000,5.083750,33.500,170.000,0,OK
38180222,0.330000,5.085000,33.500,170.000,0,OK
38190226,0.335000,5.085000,33.500,170.000,0,OK
38200222,0.330000,5.085000,33.000,167.500,0,OK
38210226,0.332500,5.086250,33.250,170.000,0,OK
38220222,0.335000,5.086250,33.250,170.000,0,OK
38230226,0.330000,5.085000,33.000,167.500,0,OK
38240222,0.330000,5.080000,33.000,167.500,0,OK
38250226,0.330000,5.086250,33.000,167.500,0,OK
38260218,0.335000,5.083750,33.500,170.000,0,OK
38270226,0.332500,5.085000,33.500,170.000,0,OK
38280222,0.332500,5.087500,33.250,170.000,0,OK
38290226,0.335000,5.086250,33.250,170.000,0,OK
38300222,0.332500,5.086250,33.250,170.000,0,OK
38310226,0.330000,5.086250,33.250,167.500,0,OK
38320222,0.332500,5.087500,33.250,170.000,0,OK
38330226,0.335000,5.080000,33.500,170.000,0,OK
38340222,0.327500,5.085000,32.750,166.250,0,OK
38350226,0.332500,5.083750,33.250,170.000,0,OK
38360222,0.332500,5.085000,33.000,167.500,0,OK
38370226,0.332500,5.085000,33.250,170.000,0,OK
38380222,0.335000,5.085000,33.500,170.000,0,OK
38390226,0.332500,5.085000,33.250,170.000,0,OK
38400222,0.335000,5.086250,33.000,170.000,0,OK
38410226,0.330000,5.085000,33.000,167.500,0,OK
38420222,0.330000,5.080000,33.000,167.500,0,OK
38430226,0.347500,5.086250,33.250,170.000,0,OK
38440218,0.337500,5.086250,33.750,172.500,0,OK
38450230,0.330000,5.085000,33.250,170.000,0,OK
38460218,0.332500,5.086250,33.250,170.000,0,OK
38470230,0.330000,5.083750,33.250,170.000,0,OK
38480218,0.332500,5.085000,33.250,170.000,0,OK
38490230,0.335000,5.083750,33.500,170.000,0,OK
38500218,0.330000,5.085000,33.000,167.500,0,OK
38510230,0.332500,5.081250,33.250,167.500,0,OK
38520218,0.342500,5.083750,33.000,167.500,0,OK
38530230,0.332500,5.086250,33.250,170.000,0,OK
38540218,0.332500,5.085000,33.000,167.500,0,OK
38550230,0.327500,5.086250,32.750,166.250,0,OK
38560218,0.332500,5.086250,33.500,167.500,0,OK
38570226,0.332500,5.085000,33.250,170.000,0,OK
38580222,0.335000,5.086250,33.500,170.000,0,OK
38590226,0.332500,5.085000,33.250,170.000,0,OK
38600222,0.335000,5.082500,33.500,170.000,0,OK
38610226,0.337500,5.083750,33.500,170.000,0,OK
38620222,0.332500,5.085000,33.250,170.000,0,OK
38630226,0.332500,5.085000,33.000,167.500,0,OK
38640222,0.332500,5.085000,33.250,170.000,0,OK
38650226,0.332500,5.085000,33.250,167.500,0,OK
38660222,0.330000,5.085000,33.000,167.500,0,OK
38670226,0.332500,5.085000,33.250,167.500,0,OK
38680222,0.332500,5.085000,33.250,170.000,0,OK
38690226,0.332500,5.082500,33.250,170.000,0,OK
38700222,0.335000,5.083750,33.500,170.000,0,OK
38710226,0.335000,5.085000,33.500,170.000,0,OK
38720222,0.332500,5.083750,33.250,170.000,0,OK
38730226,0.332500,5.086250,33.250,170.000,0,OK
38740222,0.332500,5.085000,33.250,167.500,0,OK
38750226,0.335000,5.085000,33.500,170.000,0,OK
38760222,0.330000,5.085000,33.000,167.500,0,OK
38770226,0.330000,5.085000,33.000,167.500,0,OK
38780222,0.332500,5.082500,33.250,170.000,0,OK
38790226,0.332500,5.085000,33.250,170.000,0,OK
38800222,0.332500,5.087500,33.250,170.000,0,OK
38810226,0.332500,5.085000,33.250,170.000,0,OK
38820222,0.332500,5.085000,33.250,170.000,0,OK
38830226,0.337500,5.085000,33.250,172.500,0,OK
38840222,0.332500,5.083750,33.250,170.000,0,OK
38850226,0.335000,5.086250,33.500,170.000,0,OK
38860222,0.335000,5.083750,33.500,170.000,0,OK
38870226,0.332500,5.083750,33.250,170.000,0,OK
38880222,0.332500,5.085000,33.250,170.000,0,OK
38890226,0.335000,5.085000,33.500,170.000,0,OK
38900222,0.330000,5.086250,33.000,167.500,0,OK
38910226,0.335000,5.086250,33.500,170.000,0,OK
38920218,0.332500,5.085000,33.250,167.500,0,OK
38930230,0.332500,5.085000,33.250,170.000,0,OK
38940218,0.332500,5.080000,33.250,167.500,0,OK
38950230,0.335000,5.086250,33.500,170.000,0,OK
38960218,0.335000,5.083750,33.500,170.000,0,OK
38970230,0.332500,5.085000,33.250,170.000,0,OK
38980218,0.332500,5.086250,33.250,170.000,0,OK
38990230,0.337500,5.086250,33.250,170.000,0,OK
39000218,0.332500,5.086250,33.250,170.000,0,OK
39010230,0.332500,5.085000,33.000,167.500,0,OK
39020218,0.332500,5.086250,33.250,170.000,0,OK
39030230,0.330000,5.081250,33.000,167.500,0,OK
39040218,0.347500,5.083750,33.250,170.000,0,OK
39050226,0.337500,5.086250,33.750,172.500,0,OK
39060222,0.330000,5.083750,32.750,166.250,0,OK
39070226,0.332500,5.083750,33.250,170.000,0,OK
39080218,0.332500,5.086250,33.250,170.000,0,OK
39090230,0.330000,5.086250,33.000,167.500,0,OK
39100218,0.332500,5.083750,33.250,167.500,0,OK
39110226,0.327500,5.085000,32.750,166.250,0,OK
39120222,0.332500,5.080000,33.250,167.500,0,OK
39130226,0.345000,5.085000,33.250,170.000,0,OK
39140222,0.332500,5.086250,33.250,170.000,0,OK
39150226,0.332500,5.085000,33.250,170.000,0,OK
39160222,0.335000,5.086250,33.500,170.000,0,OK
39170226,0.337500,5.083750,33.250,172.500,0,OK
39180222,0.330000,5.086250,33.000,167.500,0,OK
39190226,0.332500,5.083750,33.250,167.500,0,OK
39200218,0.330000,5.086250,33.000,167.500,0,OK
39210230,0.335000,5.081250,33.500,170.000,0,OK
39220218,0.340000,5.086250,33.000,167.500,0,OK
39230230,0.335000,5.086250,33.500,170.000,0,OK
39240218,0.330000,5.083750,33.250,170.000,0,OK
39250230,0.330000,5.085000,33.000,167.500,0,OK
39260218,0.335000,5.086250,33.000,170.000,0,OK
39270230,0.332500,5.083750,33.250,170.000,0,OK
39280218,0.335000,5.085000,33.500,170.000,0,OK
39290230,0.330000,5.086250,33.000,167.500,0,OK
39300218,0.332500,5.083750,33.250,170.000,0,OK
39310226,0.332500,5.085000,33.000,167.500,0,OK
39320222,0.332500,5.085000,33.250,170.000,0,OK
39330226,0.332500,5.085000,33.250,170.000,0,OK
39340222,0.330000,5.085000,33.000,167.500,0,OK
39350226,0.335000,5.085000,33.250,170.000,0,OK
39360222,0.332500,5.086250,33.250,170.000,0,OK
39370226,0.332500,5.085000,33.250,167.500,0,OK
39380222,0.330000,5.085000,33.000,167.500,0,OK
39390226,0.335000,5.083750,33.500,170.000,0,OK
39400222,0.335000,5.086250,32.750,166.250,0,OK
39410226,0.332500,5.083750,33.250,170.000,0,OK
39420218,0.332500,5.085000,33.250,170.000,0,OK
39430230,0.332500,5.086250,33.250,170.000,0,OK
39440218,0.335000,5.085000,33.000,170.000,0,OK
39450230,0.332500,5.086250,33.250,170.000,0,OK
39460218,0.332500,5.085000,33.250,167.500,0,OK
39470230,0.335000,5.085000,33.500,170.000,0,OK
39480218,0.332500,5.086250,33.250,170.000,0,OK
39490230,0.332500,5.083750,33.000,167.500,0,OK
39500218,0.335000,5.086250,33.500,170.000,0,OK
39510230,0.332500,5.083750,33.250,170.000,0,OK
39520218,0.330000,5.083750,33.000,167.500,0,OK
39530230,0.335000,5.085000,33.000,170.000,0,OK
39540218,0.330000,5.085000,33.000,167.500,0,OK
39550230,0.335000,5.078750,33.500,170.000,0,OK
39560218,0.332500,5.086250,33.250,170.000,0,OK
39570230,0.335000,5.083750,33.500,170.000,0,OK
39580218,0.330000,5.085000,33.250,170.000,0,OK
39590230,0.332500,5.085000,33.250,170.000,0,OK
39600218,0.335000,5.085000,33.000,167.500,0,OK
39610230,0.332500,5.083750,33.250,170.000,0,OK
39620218,0.332500,5.086250,33.250,167.500,0,OK
39630230,0.330000,5.085000,33.000,167.500,0,OK
39640218,0.332500,5.081250,33.250,167.500,0,OK
39650230,0.347500,5.083750,33.500,170.000,0,OK
39660218,0.335000,5.083750,33.500,170.000,0,OK
39670230,0.330000,5.086250,33.250,170.000,0,OK
39680218,0.337500,5.086250,33.750,172.500,0,OK
39690230,0.337500,5.085000,33.000,167.500,0,OK
39700218,0.330000,5.086250,33.000,167.500,0,OK
39710230,0.335000,5.086250,33.250,170.000,0,OK
39720218,0.332500,5.083750,33.250,170.000,0,OK
39730230,0.332500,5.082500,33.250,170.000,0,OK
39740218,0.345000,5.085000,33.250,170.000,0,OK
39750230,0.332500,5.086250,33.250,170.000,0,OK
39760218,0.332500,5.085000,33.250,170.000,0,OK
39770230,0.330000,5.083750,33.000,167.500,0,OK
39780218,0.332500,5.086250,33.250,170.000,0,OK
39790226,0.332500,5.085000,33.250,170.000,0,OK
39800222,0.330000,5.086250,33.000,167.500,0,OK
39810226,0.335000,5.083750,33.500,170.000,0,OK
39820218,0.332500,5.080000,33.250,167.500,0,OK
39830230,0.337500,5.085000,33.250,170.000,0,OK
39840218,0.330000,5.085000,33.000,167.500,0,OK
39850230,0.332500,5.082500,33.250,170.000,0,OK
39860218,0.335000,5.086250,33.500,170.000,0,OK
39870230,0.332500,5.085000,33.250,167.500,0,OK
39880218,0.332500,5.086250,33.250,170.000,0,OK
39890230,0.335000,5.085000,33.500,170.000,0,OK
39900218,0.335000,5.085000,33.500,170.000,0,OK
39910230,0.335000,5.082500,33.500,170.000,0,OK
39920218,0.337500,5.086250,33.000,167.500,0,OK
39930230,0.337500,5.086250,33.750,172.500,0,OK
39940218,0.332500,5.083750,33.250,170.000,0,OK
39950230,0.332500,5.086250,33.250,170.000,0,OK
39960218,0.335000,5.085000,33.250,170.000,0,OK
39970230,0.332500,5.085000,33.250,170.000,0,OK
39980218,0.332500,5.083750,33.250,167.500,0,OK
39990230,0.330000,5.085000,33.000,167.500,0,OK
40000218,0.332500,5.085000,33.250,170.000,0,OK
40010230,0.332500,5.085000,33.500,170.000,0,OK
40020218,0.335000,5.083750,33.500,170.000,0,OK
40030230,0.332500,5.082500,33.250,170.000,0,OK
40040218,0.327500,5.085000,32.750,166.250,0,OK
40050230,0.332500,5.085000,33.250,167.500,0,OK
40060218,0.327500,5.085000,32.750,166.250,0,OK
40070230,0.332500,5.086250,33.250,167.500,0,OK
40080218,0.332500,5.083750,33.250,170.000,0,OK
40090230,0.332500,5.083750,33.250,170.000,0,OK
40100218,0.330000,5.083750,33.250,170.000,0,OK
40110230,0.332500,5.086250,33.250,170.000,0,OK
40120218,0.335000,5.085000,33.250,170.000,0,OK
40130230,0.330000,5.086250,33.000,167.500,0,OK
40140218,0.332500,5.083750,33.250,167.500,0,OK
40150226,0.332500,5.085000,33.250,170.000,0,OK
40160222,0.332500,5.080000,33.250,167.500,0,OK
40170226,0.332500,5.085000,33.250,170.000,0,OK
40180222,0.330000,5.085000,33.000,167.500,0,OK
40190226,0.332500,5.085000,33.000,167.500,0,OK
40200222,0.335000,5.085000,33.500,170.000,0,OK
40210226,0.335000,5.085000,33.250,170.000,0,OK
40220222,0.330000,5.085000,33.000,167.500,0,OK
40230226,0.332500,5.085000,33.250,167.500,0,OK
40240222,0.332500,5.083750,33.250,170.000,0,OK
40250226,0.332500,5.081250,33.250,167.500,0,OK
40260222,0.332500,5.083750,33.250,170.000,0,OK
40270226,0.335000,5.083750,33.500,170.000,0,OK
40280222,0.335000,5.085000,33.250,170.000,0,OK
40290226,0.335000,5.086250,33.500,170.000,0,OK
40300222,0.335000,5.085000,33.000,167.500,0,OK
40310226,0.332500,5.085000,33.250,170.000,0,OK
40320222,0.332500,5.085000,33.250,167.500,0,OK
40330226,0.330000,5.085000,33.000,167.500,0,OK
40340222,0.332500,5.081250,33.250,167.500,0,OK
40350226,0.342500,5.083750,33.250,170.000,0,OK
40360222,0.332500,5.085000,33.250,170.000,0,OK
40370226,0.330000,5.085000,33.250,170.000,0,OK
40380222,0.327500,5.086250,32.750,166.250,0,OK
40390226,0.335000,5.085000,33.500,170.000,0,OK
40400218,0.332500,5.086250,33.250,170.000,0,OK
40410230,0.335000,5.085000,33.500,170.000,0,OK
40420218,0.332500,5.086250,33.250,170.000,0,OK
40430230,0.335000,5.082500,33.500,170.000,0,OK
40440218,0.337500,5.085000,33.000,167.500,0,OK
40450230,0.335000,5.085000,33.500,170.000,0,OK
40460218,0.335000,5.083750,33.500,170.000,0,OK
40470230,0.332500,5.083750,33.250,170.000,0,OK
40480218,0.332500,5.085000,33.250,167.500,0,OK
40490230,0.332500,5.086250,33.250,170.000,0,OK
40500218,0.332500,5.085000,33.250,167.500,0,OK
40510230,0.332500,5.085000,33.250,170.000,0,OK
40520218,0.332500,5.081250,33.250,167.500,0,OK
40530230,0.337500,5.085000,33.500,170.000,0,OK
40540218,0.332500,5.086250,33.250,170.000,0,OK
40550230,0.330000,5.085000,33.000,167.500,0,OK
40560218,0.332500,5.085000,33.250,170.000,0,OK
40570230,0.337500,5.085000,33.250,172.500,0,OK
40580218,0.332500,5.085000,33.250,170.000,0,OK
40590230,0.337500,5.085000,33.750,172.500,0,OK
40600218,0.327500,5.085000,32.750,166.250,0,OK
40610230,0.332500,5.083750,33.250,170.000,0,OK
40620218,0.335000,5.086250,32.750,166.250,0,OK
40630230,0.335000,5.086250,33.500,170.000,0,OK
40640218,0.332500,5.085000,32.750,166.250,0,OK
40650230,0.330000,5.086250,33.000,167.500,0,OK
40660218,0.332500,5.085000,33.000,167.500,0,OK
40670226,0.327500,5.086250,32.750,166.250,0,OK
40680222,0.332500,5.086250,33.250,167.500,0,OK
40690226,0.332500,5.085000,33.250,170.000,0,OK
40700222,0.332500,5.085000,33.250,170.000,0,OK
40710226,0.332500,5.085000,33.250,170.000,0,OK
40720222,0.330000,5.086250,33.000,167.500,0,OK
40730226,0.330000,5.086250,33.000,167.500,0,OK
40740218,0.332500,5.085000,33.250,170.000,0,OK
40750226,0.332500,5.085000,33.250,167.500,0,OK
40760222,0.332500,5.085000,33.250,170.000,0,OK
40770226,0.335000,5.078750,33.500,170.000,0,OK
40780222,0.332500,5.085000,33.250,170.000,0,OK
40790226,0.335000,5.082500,33.500,170.000,0,OK
40800222,0.332500,5.086250,33.000,167.500,0,OK
40810226,0.335000,5.085000,33.500,170.000,0,OK
40820222,0.332500,5.085000,33.250,170.000,0,OK
40830226,0.330000,5.085000,33.000,167.500,0,OK
40840222,0.332500,5.085000,33.000,167.500,0,OK
40850226,0.330000,5.086250,33.000,167.500,0,OK
40860222,0.332500,5.080000,33.250,167.500,0,OK
40870226,0.335000,5.085000,33.500,170.000,0,OK
40880222,0.335000,5.086250,33.500,170.000,0,OK
40890226,0.332500,5.083750,33.000,167.500,0,OK
40900222,0.332500,5.086250,33.250,170.000,0,OK
40910226,0.332500,5.086250,33.250,170.000,0,OK
40920222,0.332500,5.086250,33.250,170.000,0,OK
40930226,0.332500,5.085000,33.000,167.500,0,OK
40940222,0.330000,5.085000,33.000,167.500,0,OK
40950226,0.335000,5.082500,33.500,170.000,0,OK
40960222,0.342500,5.085000,33.500,170.000,0,OK
40970226,0.332500,5.083750,33.250,170.000,0,OK
40980222,0.332500,5.086250,33.000,167.500,0,OK
40990226,0.335000,5.085000,33.500,170.000,0,OK
41000222,0.335000,5.086250,33.250,170.000,0,OK
41010226,0.332500,5.085000,33.250,170.000,0,OK
41020222,0.332500,5.085000,33.250,167.500,0,OK
41030226,0.332500,5.085000,33.250,170.000,0,OK
41040222,0.332500,5.081250,33.250,167.500,0,OK
41050226,0.340000,5.086250,33.250,170.000,0,OK
41060222,0.332500,5.086250,33.250,170.000,0,OK
41070226,0.330000,5.085000,33.250,170.000,0,OK
41080222,0.330000,5.087500,33.000,167.500,0,OK
41090226,0.335000,5.083750,33.250,170.000,0,OK
41100222,0.332500,5.086250,33.250,170.000,0,OK
41110226,0.332500,5.085000,33.250,167.500,0,OK
41120222,0.332500,5.087500,33.250,170.000,0,OK
41130226,0.335000,5.082500,33.500,170.000,0,OK
41140222,0.340000,5.083750,33.250,170.000,0,OK
41150226,0.332500,5.086250,33.250,170.000,0,OK
41160222,0.332500,5.086250,33.000,167.500,0,OK
41170226,0.337500,5.082500,33.750,172.500,0,OK
41180222,0.335000,5.086250,33.000,170.000,0,OK
41190226,0.332500,5.083750,33.250,170.000,0,OK
41200222,0.330000,5.086250,33.000,167.500,0,OK
41210226,0.332500,5.085000,33.250,170.000,0,OK
41220218,0.332500,5.082500,33.250,170.000,0,OK
41230230,0.335000,5.086250,33.250,170.000,0,OK
41240218,0.332500,5.087500,33.250,170.000,0,OK
41250230,0.330000,5.083750,33.000,167.500,0,OK
41260218,0.332500,5.085000,33.250,170.000,0,OK
41270226,0.337500,5.086250,33.250,172.500,0,OK
41280222,0.332500,5.085000,33.250,170.000,0,OK
41290226,0.335000,5.083750,33.500,170.000,0,OK
41300222,0.330000,5.085000,33.000,167.500,0,OK
41310226,0.335000,5.083750,33.500,170.000,0,OK
41320222,0.332500,5.086250,33.250,170.000,0,OK
41330226,0.332500,5.085000,33.250,170.000,0,OK
41340222,0.332500,5.085000,33.000,167.500,0,OK
41350226,0.330000,5.086250,33.000,167.500,0,OK
41360222,0.332500,5.086250,33.000,167.500,0,OK
41370226,0.335000,5.085000,33.500,170.000,0,OK
41380222,0.335000,5.080000,33.500,170.000,0,OK
41390226,0.332500,5.085000,33.250,170.000,0,OK
41400222,0.332500,5.085000,33.250,170.000,0,OK
41410226,0.330000,5.085000,33.250,170.000,0,OK
41420222,0.335000,5.085000,33.500,170.000,0,OK
41430226,0.335000,5.085000,33.000,167.500,0,OK
41440222,0.335000,5.085000,33.500,170.000,0,OK
41450226,0.335000,5.086250,33.250,170.000,0,OK
41460222,0.330000,5.086250,33.000,167.500,0,OK
41470226,0.335000,5.076250,33.500,170.000,0,OK
41480218,0.332500,5.085000,33.250,170.000,0,OK
41490230,0.332500,5.086250,33.250,170.000,0,OK
41500218,0.332500,5.083750,33.000,167.500,0,OK
41510230,0.335000,5.086250,33.500,170.000,0,OK
41520218,0.335000,5.086250,33.250,170.000,0,OK
41530230,0.332500,5.085000,33.250,170.000,0,OK
41540218,0.332500,5.085000,33.250,167.500,0,OK
41550230,0.330000,5.086250,33.000,167.500,0,OK
41560218,0.332500,5.081250,33.250,167.500,0,OK
41570226,0.347500,5.085000,33.000,167.500,0,OK
41580222,0.332500,5.087500,33.250,170.000,0,OK
41590226,0.327500,5.083750,33.250,170.000,0,OK
41600222,0.332500,5.086250,33.250,170.000,0,OK
41610226,0.337500,5.085000,33.250,170.000,0,OK
41620222,0.330000,5.085000,33.000,167.500,0,OK
41630226,0.335000,5.083750,33.500,170.000,0,OK
41640222,0.330000,5.083750,33.000,167.500,0,OK
41650226,0.335000,5.081250,33.500,170.000,0,OK
41660218,0.342500,5.085000,33.000,167.500,0,OK
41670230,0.335000,5.086250,33.500,170.000,0,OK
41680218,0.332500,5.083750,33.250,170.000,0,OK
41690230,0.332500,5.085000,33.250,170.000,0,OK
41700218,0.335000,5.086250,33.250,170.000,0,OK
41710230,0.332500,5.085000,33.250,170.000,0,OK
41720218,0.332500,5.083750,33.250,167.500,0,OK
41730230,0.332500,5.086250,33.250,170.000,0,OK
41740218,0.335000,5.083750,33.500,170.000,0,OK
41750230,0.340000,5.085000,33.250,170.000,0,OK
41760218,0.332500,5.086250,33.250,170.000,0,OK
41770230,0.332500,5.083750,33.250,170.000,0,OK
41780218,0.332500,5.086250,33.250,170.000,0,OK
41790230,0.335000,5.086250,33.250,170.000,0,OK
41800218,0.332500,5.086250,33.250,170.000,0,OK
41810230,0.332500,5.085000,33.250,167.500,0,OK
41820218,0.332500,5.085000,33.250,170.000,0,OK
41830230,0.335000,5.082500,33.500,170.000,0,OK
41840218,0.335000,5.083750,33.250,170.000,0,OK
41850230,0.332500,5.086250,33.250,170.000,0,OK
41860218,0.335000,5.085000,32.750,166.250,0,OK
41870230,0.332500,5.085000,33.250,170.000,0,OK
41880218,0.335000,5.086250,33.500,170.000,0,OK
41890230,0.332500,5.083750,33.250,170.000,0,OK
41900218,0.335000,5.085000,33.500,170.000,0,OK
41910230,0.332500,5.085000,33.250,170.000,0,OK
41920218,0.335000,5.083750,33.500,170.000,0,OK
41930230,0.332500,5.085000,33.000,167.500,0,OK
41940218,0.330000,5.086250,33.000,167.500,0,OK
41950230,0.332500,5.085000,33.500,170.000,0,OK
41960218,0.332500,5.085000,33.250,170.000,0,OK
41970230,0.335000,5.085000,33.250,170.000,0,OK
41980218,0.332500,5.085000,33.250,170.000,0,OK
41990230,0.335000,5.078750,33.500,170.000,0,OK
42000218,0.330000,5.086250,33.000,167.500,0,OK
42010230,0.335000,5.085000,33.500,170.000,0,OK
42020218,0.327500,5.086250,33.250,170.000,0,OK
42030230,0.332500,5.086250,33.250,170.000,0,OK
42040218,0.332500,5.085000,33.000,167.500,0,OK
42050230,0.330000,5.085000,33.000,167.500,0,OK
42060218,0.337500,5.086250,33.000,172.500,0,OK
42070230,0.332500,5.085000,33.250,170.000,0,OK
42080218,0.330000,5.080000,33.000,167.500,0,OK
42090230,0.332500,5.083750,33.250,170.000,0,OK
42100218,0.332500,5.085000,33.250,170.000,0,OK
42110230,0.330000,5.085000,33.250,170.000,0,OK
42120218,0.335000,5.085000,33.500,170.000,0,OK
42130230,0.332500,5.085000,33.250,170.000,0,OK
42140218,0.332500,5.083750,33.250,170.000,0,OK
42150230,0.335000,5.085000,33.250,170.000,0,OK
42160218,0.330000,5.085000,33.000,167.500,0,OK
42170230,0.327500,5.080000,32.750,166.250,0,OK
42180218,0.345000,5.085000,33.250,170.000,0,OK
42190226,0.330000,5.086250,33.000,167.500,0,OK
42200222,0.330000,5.085000,33.000,167.500,0,OK
42210226,0.335000,5.085000,33.500,170.000,0,OK
42220222,0.337500,5.086250,33.250,170.000,0,OK
42230226,0.330000,5.083750,33.000,167.500,0,OK
42240222,0.335000,5.085000,33.500,170.000,0,OK
42250226,0.330000,5.085000,33.000,167.500,0,OK
42260222,0.335000,5.081250,33.500,170.000,0,OK
42270226,0.342500,5.087500,33.250,170.000,0,OK
42280222,0.332500,5.085000,33.250,170.000,0,OK
42290226,0.332500,5.083750,33.500,170.000,0,OK
42300222,0.330000,5.087500,33.000,167.500,0,OK
42310226,0.332500,5.085000,33.500,167.500,0,OK
42320222,0.332500,5.085000,33.250,170.000,0,OK
42330226,0.335000,5.085000,33.500,170.000,0,OK
42340222,0.332500,5.085000,33.250,170.000,0,OK
42350226,0.335000,5.082500,33.500,170.000,0,OK
42360222,0.337500,5.083750,33.250,170.000,0,OK
42370226,0.337500,5.086250,33.750,172.500,0,OK
42380222,0.330000,5.085000,33.250,170.000,0,OK
42390226,0.330000,5.086250,33.000,167.500,0,OK
42400222,0.332500,5.087500,33.250,167.500,0,OK
42410226,0.332500,5.085000,33.250,170.000,0,OK
42420222,0.332500,5.085000,33.250,167.500,0,OK
42430226,0.332500,5.085000,33.250,170.000,0,OK
42440222,0.335000,5.083750,33.500,170.000,0,OK
42450226,0.335000,5.085000,33.250,170.000,0,OK
42460222,0.332500,5.085000,33.250,170.000,0,OK
42470226,0.327500,5.083750,33.000,167.500,0,OK
42480222,0.332500,5.087500,33.250,170.000,0,OK
42490226,0.335000,5.085000,33.250,170.000,0,OK
42500222,0.330000,5.085000,33.000,167.500,0,OK
42510226,0.335000,5.085000,33.500,170.000,0,OK
42520222,0.332500,5.085000,33.250,170.000,0,OK
42530226,0.332500,5.083750,33.250,170.000,0,OK
42540222,0.332500,5.085000,33.250,170.000,0,OK
42550226,0.332500,5.083750,33.250,170.000,0,OK
42560222,0.330000,5.085000,33.250,170.000,0,OK
42570226,0.332500,5.085000,33.250,170.000,0,OK
42580222,0.332500,5.085000,33.250,167.500,0,OK
42590226,0.335000,5.085000,33.500,170.000,0,OK
42600222,0.332500,5.078750,33.250,167.500,0,OK
42610226,0.330000,5.085000,33.000,167.500,0,OK
42620222,0.335000,5.083750,33.500,170.000,0,OK
42630226,0.335000,5.083750,33.500,170.000,0,OK
42640222,0.332500,5.085000,33.250,170.000,0,OK
42650226,0.335000,5.086250,33.250,170.000,0,OK
42660222,0.330000,5.086250,33.000,167.500,0,OK
42670226,0.335000,5.085000,33.250,170.000,0,OK
42680218,0.332500,5.086250,33.250,170.000,0,OK
42690230,0.332500,5.080000,33.250,167.500,0,OK
42700218,0.332500,5.085000,33.250,170.000,0,OK
42710230,0.330000,5.086250,33.000,167.500,0,OK
42720218,0.332500,5.085000,32.750,166.250,0,OK
42730226,0.332500,5.085000,33.250,170.000,0,OK
42740222,0.335000,5.085000,33.000,167.500,0,OK
42750226,0.335000,5.086250,33.500,170.000,0,OK
42760222,0.332500,5.086250,33.000,167.500,0,OK
42770226,0.332500,5.085000,33.250,170.000,0,OK
42780222,0.330000,5.082500,33.000,167.500,0,OK
42790226,0.330000,5.083750,33.000,167.500,0,OK
42800218,0.332500,5.086250,33.250,170.000,0,OK
42810226,0.332500,5.086250,33.250,170.000,0,OK
42820222,0.332500,5.086250,33.250,170.000,0,OK
42830226,0.332500,5.086250,33.250,170.000,0,OK
42840222,0.332500,5.085000,33.250,170.000,0,OK
42850226,0.335000,5.083750,33.500,170.000,0,OK
42860222,0.332500,5.086250,33.250,170.000,0,OK
42870226,0.335000,5.078750,33.500,170.000,0,OK
42880222,0.342500,5.086250,32.750,166.250,0,OK
42890226,0.335000,5.086250,33.500,170.000,0,OK
42900222,0.332500,5.085000,33.250,170.000,0,OK
42910226,0.332500,5.086250,33.250,170.000,0,OK
42920222,0.332500,5.085000,33.250,167.500,0,OK
42930226,0.332500,5.083750,33.250,170.000,0,OK
42940222,0.332500,5.085000,33.250,167.500,0,OK
42950226,0.335000,5.086250,33.500,170.000,0,OK
42960222,0.332500,5.083750,33.250,170.000,0,OK
42970226,0.342500,5.085000,33.000,167.500,0,OK
42980222,0.332500,5.086250,33.250,170.000,0,OK
42990226,0.332500,5.083750,33.500,170.000,0,OK
43000222,0.330000,5.086250,33.000,167.500,0,OK
43010226,0.340000,5.086250,33.250,172.500,0,OK
43020218,0.332500,5.083750,33.250,170.000,0,OK
43030230,0.332500,5.083750,33.250,167.500,0,OK
43040218,0.335000,5.085000,33.500,170.000,0,OK
43050230,0.332500,5.083750,33.250,170.000,0,OK
43060218,0.335000,5.086250,33.250,170.000,0,OK
43070230,0.335000,5.085000,33.500,170.000,0,OK
43080218,0.335000,5.085000,33.250,170.000,0,OK
43090230,0.332500,5.086250,33.250,170.000,0,OK
43100218,0.335000,5.083750,33.250,170.000,0,OK
43110230,0.332500,5.085000,33.250,170.000,0,OK
43120218,0.332500,5.083750,33.250,167.500,0,OK
43130230,0.330000,5.085000,33.000,167.500,0,OK
43140218,0.335000,5.083750,33.500,170.000,0,OK
43150230,0.332500,5.086250,33.000,167.500,0,OK
43160218,0.330000,5.086250,33.000,167.500,0,OK
43170230,0.332500,5.085000,33.250,170.000,0,OK
43180218,0.330000,5.085000,33.000,167.500,0,OK
43190230,0.332500,5.085000,33.250,167.500,0,OK
43200218,0.332500,5.085000,33.250,170.000,0,OK
43210230,0.332500,5.080000,33.250,167.500,0,OK
43220218,0.330000,5.085000,33.000,167.500,0,OK
43230230,0.332500,5.083750,33.250,170.000,0,OK
43240218,0.332500,5.085000,33.000,167.500,0,OK
43250230,0.335000,5.086250,33.500,170.000,0,OK
43260218,0.332500,5.086250,33.000,167.500,0,OK
43270230,0.330000,5.083750,33.000,167.500,0,OK
43280218,0.332500,5.086250,33.250,167.500,0,OK
43290226,0.330000,5.083750,33.000,167.500,0,OK
43300222,0.335000,5.081250,33.500,170.000,0,OK
43310226,0.332500,5.085000,33.250,170.000,0,OK
43320222,0.332500,5.085000,33.250,170.000,0,OK
43330226,0.332500,5.083750,33.250,170.000,0,OK
43340222,0.335000,5.086250,33.500,170.000,0,OK
43350226,0.335000,5.085000,33.000,167.500,0,OK
43360222,0.330000,5.085000,33.000,167.500,0,OK
43370226,0.337500,5.085000,33.250,172.500,0,OK
43380222,0.332500,5.086250,33.250,170.000,0,OK
43390226,0.330000,5.081250,33.000,167.500,0,OK
43400222,0.332500,5.085000,33.250,170.000,0,OK
43410226,0.335000,5.085000,33.500,170.000,0,OK
43420222,0.332500,5.085000,32.750,166.250,0,OK
43430226,0.332500,5.086250,33.250,170.000,0,OK
43440222,0.337500,5.085000,33.000,167.500,0,OK
43450226,0.332500,5.085000,33.250,170.000,0,OK
43460222,0.335000,5.086250,33.250,170.000,0,OK
43470226,0.330000,5.085000,33.000,167.500,0,OK
43480222,0.332500,5.082500,33.250,170.000,0,OK
43490226,0.340000,5.085000,33.250,170.000,0,OK
43500222,0.332500,5.087500,33.250,170.000,0,OK
43510226,0.330000,5.085000,33.500,170.000,0,OK
43520222,0.332500,5.085000,33.250,170.000,0,OK
43530226,0.337500,5.086250,33.250,172.500,0,OK
43540222,0.332500,5.086250,33.250,170.000,0,OK
43550226,0.332500,5.085000,33.250,167.500,0,OK
43560222,0.330000,5.085000,33.000,167.500,0,OK
43570226,0.335000,5.081250,33.500,170.000,0,OK
43580222,0.340000,5.085000,33.250,170.000,0,OK
43590226,0.332500,5.086250,33.250,170.000,0,OK
43600222,0.332500,5.085000,33.000,167.500,0,OK
43610226,0.332500,5.085000,33.250,170.000,0,OK
43620222,0.335000,5.086250,33.000,170.000,0,OK
43630226,0.332500,5.086250,33.250,170.000,0,OK
43640222,0.332500,5.086250,33.250,167.500,0,OK
43650226,0.332500,5.086250,33.250,170.000,0,OK
43660222,0.335000,5.082500,33.500,170.000,0,OK
43670226,0.337500,5.086250,33.250,170.000,0,OK
43680222,0.335000,5.087500,33.500,170.000,0,OK
43690226,0.330000,5.083750,33.000,167.500,0,OK
43700222,0.330000,5.085000,33.000,167.500,0,OK
43710226,0.335000,5.083750,33.250,170.000,0,OK
43720222,0.332500,5.085000,33.250,170.000,0,OK
43730226,0.332500,5.085000,33.250,167.500,0,OK
43740222,0.330000,5.085000,33.000,167.500,0,OK
43750226,0.330000,5.083750,33.000,167.500,0,OK
43760222,0.332500,5.083750,33.250,170.000,0,OK
43770226,0.332500,5.085000,33.250,170.000,0,OK
43780222,0.335000,5.085000,33.000,167.500,0,OK
43790226,0.332500,5.083750,33.250,170.000,0,OK
43800222,0.335000,5.086250,33.250,170.000,0,OK
43810226,0.330000,5.085000,33.000,167.500,0,OK
43820222,0.337500,5.077500,33.750,172.500,0,OK
43830226,0.332500,5.085000,33.250,170.000,0,OK
43840222,0.335000,5.083750,33.500,170.000,0,OK
43850226,0.332500,5.085000,33.250,170.000,0,OK
43860222,0.335000,5.086250,33.500,170.000,0,OK
43870226,0.332500,5.085000,33.250,170.000,0,OK
43880222,0.330000,5.085000,33.000,167.500,0,OK
43890226,0.335000,5.085000,33.250,170.000,0,OK
43900222,0.332500,5.086250,33.250,170.000,0,OK
43910226,0.335000,5.078750,33.500,170.000,0,OK
43920222,0.332500,5.087500,33.250,170.000,0,OK
43930226,0.332500,5.083750,33.250,170.000,0,OK
43940222,0.330000,5.083750,33.500,170.000,0,OK
43950226,0.335000,5.085000,33.500,170.000,0,OK
43960222,0.335000,5.086250,33.500,170.000,0,OK
43970226,0.330000,5.083750,33.000,167.500,0,OK
43980222,0.335000,5.085000,33.250,170.000,0,OK
43990226,0.330000,5.083750,33.000,167.500,0,OK
44000222,0.330000,5.081250,33.000,167.500,0,OK
44010226,0.332500,5.083750,33.250,170.000,0,OK
44020218,0.332500,5.085000,33.250,170.000,0,OK
44030230,0.330000,5.086250,33.250,170.000,0,OK
44040218,0.335000,5.086250,33.500,170.000,0,OK
44050230,0.335000,5.085000,33.250,170.000,0,OK
44060218,0.330000,5.086250,33.000,167.500,0,OK
44070230,0.335000,5.086250,33.000,170.000,0,OK
44080218,0.332500,5.085000,33.250,170.000,0,OK
44090230,0.335000,5.081250,33.500,170.000,0,OK
44100218,0.342500,5.085000,33.250,170.000,0,OK
44110230,0.332500,5.086250,33.250,170.000,0,OK
44120218,0.332500,5.086250,33.000,167.500,0,OK
44130230,0.330000,5.086250,33.000,167.500,0,OK
44140218,0.332500,5.083750,32.750,167.500,0,OK
44150226,0.332500,5.085000,33.250,170.000,0,OK
44160222,0.335000,5.086250,33.500,170.000,0,OK
44170226,0.332500,5.085000,33.250,170.000,0,OK
44180222,0.337500,5.083750,33.750,172.500,0,OK
44190226,0.337500,5.085000,33.000,167.500,0,OK
44200222,0.335000,5.087500,33.500,170.000,0,OK
44210226,0.332500,5.083750,33.250,170.000,0,OK
44220222,0.332500,5.086250,33.250,170.000,0,OK
44230226,0.335000,5.085000,33.500,170.000,0,OK
44240222,0.332500,5.083750,33.250,170.000,0,OK
44250226,0.332500,5.086250,33.250,167.500,0,OK
44260222,0.330000,5.085000,33.000,167.500,0,OK
44270226,0.332500,5.081250,33.250,167.500,0,OK
44280222,0.335000,5.083750,33.500,170.000,0,OK
44290226,0.332500,5.086250,33.250,170.000,0,OK
44300222,0.332500,5.085000,33.250,170.000,0,OK
44310226,0.332500,5.086250,33.250,170.000,0,OK
44320222,0.335000,5.086250,33.250,170.000,0,OK
44330226,0.332500,5.086250,33.250,170.000,0,OK
44340222,0.332500,5.086250,33.250,167.500,0,OK
44350226,0.332500,5.085000,33.250,170.000,0,OK
44360222,0.335000,5.082500,33.500,170.000,0,OK
44370226,0.332500,5.085000,33.000,167.500,0,OK
44380222,0.335000,5.086250,33.500,170.000,0,OK
44390226,0.330000,5.085000,33.000,167.500,0,OK
44400222,0.332500,5.086250,33.250,170.000,0,OK
44410226,0.332500,5.085000,33.500,167.500,0,OK
44420222,0.330000,5.085000,33.000,167.500,0,OK
44430226,0.332500,5.085000,33.250,167.500,0,OK
44440222,0.330000,5.085000,33.000,167.500,0,OK
44450226,0.332500,5.083750,33.250,170.000,0,OK
44460222,0.330000,5.083750,33.250,170.000,0,OK
44470226,0.332500,5.085000,33.250,170.000,0,OK
44480222,0.327500,5.086250,32.750,166.250,0,OK
44490226,0.332500,5.085000,33.250,170.000,0,OK
44500218,0.335000,5.086250,33.000,170.000,0,OK
44510230,0.332500,5.085000,33.250,170.000,0,OK
44520218,0.332500,5.078750,33.250,167.500,0,OK
44530230,0.332500,5.085000,33.250,170.000,0,OK
44540218,0.335000,5.085000,33.500,170.000,0,OK
44550230,0.330000,5.085000,33.000,167.500,0,OK
44560218,0.332500,5.085000,33.250,170.000,0,OK
44570230,0.335000,5.086250,33.250,170.000,0,OK
44580218,0.332500,5.085000,33.250,170.000,0,OK
44590230,0.335000,5.083750,33.250,170.000,0,OK
44600218,0.335000,5.086250,33.500,170.000,0,OK
44610230,0.332500,5.080000,33.250,167.500,0,OK
44620218,0.332500,5.086250,33.250,170.000,0,OK
44630230,0.332500,5.086250,33.250,170.000,0,OK
44640218,0.332500,5.085000,33.000,167.500,0,OK
44650230,0.332500,5.086250,33.250,170.000,0,OK
44660218,0.335000,5.085000,33.250,170.000,0,OK
44670230,0.332500,5.083750,33.250,170.000,0,OK
44680218,0.332500,5.085000,33.250,167.500,0,OK
44690230,0.330000,5.085000,33.000,167.500,0,OK
44700218,0.335000,5.082500,33.500,170.000,0,OK
44710230,0.347500,5.083750,33.250,170.000,0,OK
44720218,0.335000,5.083750,33.500,170.000,0,OK
44730230,0.332500,5.085000,33.250,170.000,0,OK
44740218,0.332500,5.085000,33.250,170.000,0,OK
44750230,0.332500,5.085000,33.250,170.000,0,OK
44760218,0.332500,5.085000,33.250,170.000,0,OK
44770230,0.330000,5.085000,33.000,167.500,0,OK
44780218,0.332500,5.085000,33.250,170.000,0,OK
44790230,0.332500,5.083750,33.250,170.000,0,OK
44800218,0.340000,5.085000,33.000,167.500,0,OK
44810230,0.330000,5.086250,33.000,167.500,0,OK
44820218,0.332500,5.085000,33.000,167.500,0,OK
44830226,0.332500,5.087500,33.250,170.000,0,OK
44840222,0.332500,5.086250,33.000,167.500,0,OK
44850226,0.330000,5.086250,33.000,167.500,0,OK
44860222,0.335000,5.085000,33.500,170.000,0,OK
44870226,0.330000,5.085000,33.000,167.500,0,OK
44880222,0.332500,5.082500,33.250,170.000,0,OK
44890226,0.337500,5.083750,33.000,167.500,0,OK
44900222,0.335000,5.086250,33.500,170.000,0,OK
44910226,0.332500,5.085000,33.000,167.500,0,OK
44920222,0.330000,5.083750,33.000,167.500,0,OK
44930226,0.330000,5.085000,33.250,167.500,0,OK
44940218,0.332500,5.086250,33.250,170.000,0,OK
44950230,0.335000,5.086250,33.500,170.000,0,OK
44960218,0.330000,5.085000,33.000,167.500,0,OK
44970230,0.337500,5.082500,33.750,172.500,0,OK
44980218,0.330000,5.085000,33.250,170.000,0,OK
44990230,0.332500,5.086250,33.250,170.000,0,OK
45000218,0.332500,5.085000,33.500,170.000,0,OK
45010230,0.330000,5.085000,33.000,167.500,0,OK
45020218,0.335000,5.086250,33.500,170.000,0,OK
45030230,0.335000,5.086250,33.500,170.000,0,OK
45040218,0.332500,5.083750,33.250,167.500,0,OK
45050230,0.332500,5.086250,33.250,170.000,0,OK
45060218,0.335000,5.083750,33.500,170.000,0,OK
45070230,0.330000,5.086250,33.250,170.000,0,OK
45080218,0.335000,5.087500,33.500,170.000,0,OK
45090230,0.332500,5.086250,33.500,170.000,0,OK
45100218,0.332500,5.086250,33.250,170.000,0,OK
45110230,0.335000,5.085000,33.250,170.000,0,OK
45120218,0.332500,5.085000,33.250,170.000,0,OK
45130230,0.335000,5.080000,33.500,170.000,0,OK
45140218,0.330000,5.083750,33.000,167.500,0,OK
45150230,0.332500,5.085000,33.250,170.000,0,OK
45160218,0.330000,5.085000,33.000,167.500,0,OK
45170230,0.335000,5.086250,33.500,170.000,0,OK
45180218,0.335000,5.085000,33.250,170.000,0,OK
45190230,0.330000,5.085000,33.000,167.500,0,OK
45200218,0.332500,5.085000,33.250,167.500,0,OK
45210230,0.330000,5.085000,33.000,167.500,0,OK
45220218,0.332500,5.078750,33.250,167.500,0,OK
45230230,0.332500,5.086250,33.250,170.000,0,OK
45240218,0.335000,5.083750,33.500,170.000,0,OK
45250230,0.330000,5.083750,33.250,170.000,0,OK
45260218,0.332500,5.086250,33.250,170.000,0,OK
45270230,0.335000,5.086250,33.000,167.500,0,OK
45280218,0.330000,5.086250,33.000,167.500,0,OK
45290226,0.332500,5.083750,33.500,167.500,0,OK
45300218,0.330000,5.086250,33.000,167.500,0,OK
45310230,0.337500,5.081250,33.750,172.500,0,OK
45320218,0.345000,5.086250,33.250,170.000,0,OK
45330230,0.335000,5.085000,33.500,170.000,0,OK
45340218,0.332500,5.083750,33.250,170.000,0,OK
45350230,0.335000,5.085000,33.500,170.000,0,OK
45360218,0.332500,5.086250,33.250,170.000,0,OK
45370230,0.332500,5.085000,33.250,170.000,0,OK
45380218,0.332500,5.085000,33.250,167.500,0,OK
45390230,0.332500,5.085000,33.250,170.000,0,OK
45400218,0.335000,5.082500,33.500,170.000,0,OK
45410230,0.342500,5.085000,33.250,170.000,0,OK
45420218,0.332500,5.085000,33.250,170.000,0,OK
45430230,0.327500,5.085000,32.750,166.250,0,OK
45440218,0.332500,5.086250,33.250,170.000,0,OK
45450230,0.332500,5.086250,33.500,167.500,0,OK
45460218,0.332500,5.086250,33.250,170.000,0,OK
45470230,0.335000,5.085000,33.500,170.000,0,OK
45480218,0.332500,5.085000,33.250,170.000,0,OK
45490230,0.332500,5.082500,33.250,170.000,0,OK
45500218,0.340000,5.085000,33.000,167.500,0,OK
45510230,0.335000,5.085000,33.500,170.000,0,OK
45520218,0.330000,5.085000,33.000,167.500,0,OK
45530230,0.332500,5.085000,33.250,170.000,0,OK
45540218,0.330000,5.086250,33.250,167.500,0,OK
45550230,0.330000,5.086250,33.000,167.500,0,OK
45560218,0.332500,5.085000,33.250,167.500,0,OK
45570226,0.332500,5.085000,33.250,170.000,0,OK
45580222,0.337500,5.085000,33.750,172.500,0,OK
45590226,0.335000,5.085000,33.250,170.000,0,OK
45600222,0.332500,5.086250,33.250,170.000,0,OK
45610226,0.332500,5.085000,33.250,170.000,0,OK
45620222,0.335000,5.085000,33.500,170.000,0,OK
45630226,0.335000,5.085000,33.250,170.000,0,OK
45640222,0.330000,5.085000,33.000,167.500,0,OK
45650226,0.335000,5.086250,33.500,170.000,0,OK
45660222,0.332500,5.085000,33.250,170.000,0,OK
45670226,0.332500,5.083750,33.250,170.000,0,OK
45680222,0.330000,5.083750,33.000,167.500,0,OK
45690226,0.335000,5.086250,33.500,170.000,0,OK
45700218,0.332500,5.086250,33.250,170.000,0,OK
45710230,0.332500,5.085000,33.250,170.000,0,OK
45720218,0.330000,5.085000,33.250,167.500,0,OK
45730230,0.332500,5.086250,33.250,170.000,0,OK
45740218,0.332500,5.078750,33.250,167.500,0,OK
45750230,0.330000,5.086250,33.000,167.500,0,OK
45760218,0.330000,5.085000,33.000,167.500,0,OK
45770226,0.330000,5.085000,33.250,170.000,0,OK
45780222,0.337500,5.087500,33.750,172.500,0,OK
45790226,0.332500,5.085000,33.000,167.500,0,OK
45800222,0.330000,5.086250,33.000,167.500,0,OK
45810226,0.335000,5.085000,33.250,170.000,0,OK
45820218,0.330000,5.083750,33.000,167.500,0,OK
45830230,0.327500,5.081250,32.750,166.250,0,OK
45840218,0.327500,5.085000,32.750,166.250,0,OK
45850226,0.332500,5.083750,33.250,170.000,0,OK
45860222,0.332500,5.085000,33.250,170.000,0,OK
45870226,0.335000,5.083750,33.500,170.000,0,OK
45880222,0.332500,5.086250,33.000,167.500,0,OK
45890226,0.335000,5.085000,33.500,170.000,0,OK
45900222,0.332500,5.086250,33.250,167.500,0,OK
45910226,0.330000,5.085000,33.000,167.500,0,OK
45920222,0.330000,5.080000,33.000,167.500,0,OK
45930226,0.345000,5.083750,33.000,167.500,0,OK
45940218,0.332500,5.086250,33.250,170.000,0,OK
45950226,0.330000,5.086250,33.000,167.500,0,OK
45960222,0.332500,5.085000,33.250,170.000,0,OK
45970226,0.335000,5.085000,33.250,170.000,0,OK
45980222,0.330000,5.085000,33.000,167.500,0,OK
45990226,0.337500,5.083750,33.750,172.500,0,OK
46000222,0.330000,5.085000,33.000,167.500,0,OK
46010226,0.332500,5.080000,33.250,167.500,0,OK
46020222,0.337500,5.086250,33.250,170.000,0,OK
46030226,0.335000,5.085000,33.500,170.000,0,OK
46040222,0.332500,5.083750,33.250,170.000,0,OK
46050226,0.332500,5.086250,33.250,170.000,0,OK
46060222,0.332500,5.083750,33.000,167.500,0,OK
46070226,0.332500,5.085000,33.250,170.000,0,OK
46080222,0.337500,5.085000,33.750,172.500,0,OK
46090226,0.332500,5.085000,33.250,170.000,0,OK
46100222,0.332500,5.082500,33.250,170.000,0,OK
46110226,0.337500,5.083750,33.000,167.500,0,OK
46120222,0.335000,5.085000,33.500,170.000,0,OK
46130226,0.335000,5.085000,33.000,167.500,0,OK
46140222,0.330000,5.086250,33.000,167.500,0,OK
46150226,0.332500,5.086250,33.250,167.500,0,OK
46160218,0.330000,5.086250,33.000,167.500,0,OK
46170230,0.332500,5.085000,33.250,167.500,0,OK
46180218,0.332500,5.085000,33.250,170.000,0,OK
46190230,0.332500,5.083750,33.250,170.000,0,OK
46200218,0.337500,5.085000,33.000,167.500,0,OK
46210230,0.332500,5.086250,33.250,170.000,0,OK
46220218,0.332500,5.085000,33.250,170.000,0,OK
46230230,0.330000,5.085000,33.000,167.500,0,OK
46240218,0.337500,5.085000,33.500,172.500,0,OK
46250230,0.332500,5.085000,33.250,170.000,0,OK
46260218,0.332500,5.086250,33.250,167.500,0,OK
46270230,0.332500,5.085000,33.250,170.000,0,OK
46280218,0.337500,5.085000,33.750,172.500,0,OK
46290230,0.330000,5.083750,33.250,170.000,0,OK
46300218,0.332500,5.083750,33.250,170.000,0,OK
46310230,0.330000,5.083750,33.250,170.000,0,OK
46320218,0.335000,5.085000,33.500,170.000,0,OK
46330230,0.332500,5.083750,33.250,167.500,0,OK
46340218,0.330000,5.085000,33.000,167.500,0,OK
46350230,0.332500,5.080000,33.250,167.500,0,OK
46360218,0.332500,5.086250,33.250,170.000,0,OK
46370230,0.332500,5.082500,33.250,170.000,0,OK
46380218,0.332500,5.083750,33.250,170.000,0,OK
46390230,0.332500,5.085000,33.250,170.000,0,OK
46400218,0.332500,5.085000,32.750,166.250,0,OK
46410230,0.332500,5.085000,33.250,170.000,0,OK
46420218,0.335000,5.086250,33.000,170.000,0,OK
46430230,0.330000,5.086250,33.000,167.500,0,OK
46440218,0.332500,5.080000,33.250,167.500,0,OK
46450226,0.330000,5.085000,33.000,167.500,0,OK
46460222,0.335000,5.085000,33.500,170.000,0,OK
46470226,0.332500,5.085000,33.250,170.000,0,OK
46480222,0.332500,5.086250,33.250,170.000,0,OK
46490226,0.335000,5.085000,33.000,167.500,0,OK
46500222,0.332500,5.086250,33.250,170.000,0,OK
46510226,0.335000,5.083750,33.500,170.000,0,OK
46520222,0.330000,5.086250,33.000,167.500,0,OK
46530226,0.332500,5.080000,33.250,167.500,0,OK
46540218,0.347500,5.085000,33.250,170.000,0,OK
46550230,0.335000,5.086250,33.500,170.000,0,OK
46560218,0.332500,5.086250,33.500,170.000,0,OK
46570230,0.335000,5.085000,33.500,170.000,0,OK
46580218,0.335000,5.086250,33.250,170.000,0,OK
46590230,0.330000,5.085000,33.000,167.500,0,OK
46600218,0.335000,5.085000,33.500,170.000,0,OK
46610230,0.332500,5.086250,33.250,170.000,0,OK
46620218,0.330000,5.078750,33.000,167.500,0,OK
46630230,0.342500,5.085000,33.250,170.000,0,OK
46640218,0.335000,5.086250,33.500,170.000,0,OK
46650230,0.332500,5.083750,33.250,170.000,0,OK
46660218,0.330000,5.086250,33.000,167.500,0,OK
46670230,0.335000,5.085000,33.500,170.000,0,OK
46680218,0.330000,5.085000,33.000,167.500,0,OK
46690230,0.332500,5.085000,33.250,167.500,0,OK
46700218,0.330000,5.085000,33.000,167.500,0,OK
46710230,0.332500,5.081250,33.250,167.500,0,OK
46720218,0.340000,5.086250,33.250,170.000,0,OK
46730230,0.332500,5.086250,33.250,170.000,0,OK
46740218,0.332500,5.083750,33.000,167.500,0,OK
46750230,0.332500,5.087500,33.250,170.000,0,OK
46760218,0.332500,5.086250,33.500,167.500,0,OK
46770230,0.332500,5.083750,33.250,170.000,0,OK
46780218,0.332500,5.086250,33.250,167.500,0,OK
46790230,0.330000,5.085000,33.000,167.500,0,OK
46800218,0.335000,5.083750,33.500,170.000,0,OK
46810230,0.337500,5.083750,33.250,170.000,0,OK
46820218,0.332500,5.086250,33.250,170.000,0,OK
46830230,0.332500,5.086250,33.000,167.500,0,OK
46840218,0.332500,5.086250,33.250,170.000,0,OK
46850230,0.337500,5.086250,33.000,172.500,0,OK
46860218,0.330000,5.085000,33.000,167.500,0,OK
46870230,0.335000,5.085000,33.500,170.000,0,OK
46880218,0.327500,5.086250,32.750,166.250,0,OK
46890230,0.332500,5.083750,33.250,170.000,0,OK
46900218,0.330000,5.085000,33.000,167.500,0,OK
46910230,0.337500,5.085000,33.750,172.500,0,OK
46920218,0.332500,5.085000,33.250,170.000,0,OK
46930230,0.335000,5.086250,33.500,170.000,0,OK
46940218,0.335000,5.085000,33.000,170.000,0,OK
46950230,0.332500,5.086250,33.250,170.000,0,OK
46960218,0.335000,5.086250,33.500,170.000,0,OK
46970230,0.332500,5.086250,33.250,170.000,0,OK
46980218,0.332500,5.085000,33.250,170.000,0,OK
46990230,0.330000,5.085000,33.000,167.500,0,OK
47000218,0.332500,5.086250,33.250,170.000,0,OK
47010230,0.335000,5.086250,33.250,170.000,0,OK
47020218,0.332500,5.083750,33.250,170.000,0,OK
47030230,0.332500,5.085000,33.250,167.500,0,OK
47040218,0.332500,5.085000,33.250,170.000,0,OK
47050230,0.337500,5.080000,33.750,172.500,0,OK
47060218,0.332500,5.086250,33.250,170.000,0,OK
47070230,0.335000,5.083750,33.500,170.000,0,OK
47080218,0.332500,5.085000,32.500,166.250,0,OK
47090230,0.335000,5.085000,33.500,170.000,0,OK
47100218,0.332500,5.085000,33.000,167.500,0,OK
47110230,0.332500,5.085000,33.250,170.000,0,OK
47120218,0.335000,5.085000,33.000,170.000,0,OK
47130230,0.332500,5.083750,33.250,170.000,0,OK
47140218,0.330000,5.081250,33.000,167.500,0,OK
47150230,0.347500,5.085000,33.250,170.000,0,OK
47160218,0.335000,5.086250,33.500,170.000,0,OK
47170230,0.332500,5.085000,33.250,170.000,0,OK
47180218,0.330000,5.086250,33.000,167.500,0,OK
47190230,0.332500,5.085000,33.250,170.000,0,OK
47200218,0.332500,5.086250,33.250,170.000,0,OK
47210230,0.335000,5.085000,33.500,170.000,0,OK
47220218,0.327500,5.085000,32.750,166.250,0,OK
47230230,0.332500,5.080000,33.250,167.500,0,OK
47240218,0.342500,5.085000,33.000,167.500,0,OK
47250230,0.332500,5.087500,33.250,170.000,0,OK
47260218,0.332500,5.085000,33.000,167.500,0,OK
47270230,0.332500,5.085000,33.250,170.000,0,OK
47280218,0.332500,5.086250,33.000,167.500,0,OK
47290230,0.332500,5.085000,33.250,170.000,0,OK
47300218,0.332500,5.085000,33.250,167.500,0,OK
47310230,0.332500,5.085000,33.250,170.000,0,OK
47320218,0.332500,5.081250,33.250,167.500,0,OK
47330230,0.340000,5.086250,33.000,167.500,0,OK
47340218,0.332500,5.087500,33.250,170.000,0,OK
47350230,0.330000,5.086250,33.000,167.500,0,OK
47360218,0.332500,5.085000,33.250,170.000,0,OK
47370226,0.335000,5.086250,33.250,170.000,0,OK
47380222,0.332500,5.087500,33.250,170.000,0,OK
47390226,0.335000,5.085000,33.500,170.000,0,OK
47400222,0.332500,5.085000,33.250,170.000,0,OK
47410226,0.335000,5.081250,33.500,170.000,0,OK
47420222,0.335000,5.086250,33.000,167.500,0,OK
47430226,0.335000,5.085000,33.500,170.000,0,OK
47440218,0.332500,5.083750,33.000,167.500,0,OK
47450230,0.332500,5.085000,33.250,170.000,0,OK
47460218,0.332500,5.086250,33.000,167.500,0,OK
47470230,0.332500,5.085000,33.250,170.000,0,OK
47480218,0.335000,5.085000,33.500,170.000,0,OK
47490230,0.332500,5.085000,33.250,170.000,0,OK
47500218,0.332500,5.083750,33.250,170.000,0,OK
47510230,0.330000,5.085000,33.000,167.500,0,OK
47520218,0.332500,5.083750,33.250,170.000,0,OK
47530230,0.332500,5.085000,33.000,167.500,0,OK
47540218,0.332500,5.085000,33.250,170.000,0,OK
47550230,0.335000,5.085000,33.250,170.000,0,OK
47560218,0.330000,5.086250,33.000,167.500,0,OK
47570230,0.332500,5.086250,33.250,167.500,0,OK
47580218,0.330000,5.086250,33.000,167.500,0,OK
47590230,0.335000,5.085000,33.500,170.000,0,OK
47600218,0.335000,5.085000,33.250,170.000,0,OK
47610230,0.335000,5.086250,33.500,170.000,0,OK
47620218,0.332500,5.086250,33.250,170.000,0,OK
47630230,0.332500,5.087500,33.250,170.000,0,OK
47640218,0.332500,5.083750,33.250,167.500,0,OK
47650230,0.332500,5.086250,33.250,170.000,0,OK
47660218,0.335000,5.078750,33.500,170.000,0,OK
47670230,0.332500,5.086250,33.250,170.000,0,OK
47680218,0.332500,5.086250,33.250,170.000,0,OK
47690230,0.332500,5.085000,33.250,170.000,0,OK
47700218,0.332500,5.086250,33.250,170.000,0,OK
47710230,0.332500,5.085000,33.000,167.500,0,OK
47720218,0.330000,5.085000,33.000,167.500,0,OK
47730230,0.335000,5.085000,33.000,170.000,0,OK
47740218,0.332500,5.086250,33.250,170.000,0,OK
47750230,0.330000,5.080000,33.000,167.500,0,OK
47760218,0.332500,5.085000,33.250,170.000,0,OK
47770226,0.335000,5.085000,33.500,170.000,0,OK
47780222,0.332500,5.083750,33.250,170.000,0,OK
47790226,0.332500,5.085000,33.250,170.000,0,OK
47800222,0.332500,5.085000,33.500,170.000,0,OK
47810226,0.332500,5.085000,33.250,170.000,0,OK
47820222,0.330000,5.085000,33.000,167.500,0,OK
47830226,0.332500,5.085000,33.250,170.000,0,OK
47840222,0.332500,5.082500,33.250,170.000,0,OK
47850226,0.345000,5.086250,33.250,170.000,0,OK
47860222,0.335000,5.086250,33.500,170.000,0,OK
47870226,0.330000,5.083750,33.250,170.000,0,OK
47880222,0.332500,5.085000,33.250,170.000,0,OK
47890226,0.335000,5.085000,33.250,170.000,0,OK
47900222,0.332500,5.085000,33.250,170.000,0,OK
47910226,0.332500,5.083750,33.250,167.500,0,OK
47920222,0.330000,5.083750,33.000,167.500,0,OK
47930226,0.332500,5.082500,33.250,170.000,0,OK
47940218,0.340000,5.085000,33.250,170.000,0,OK
47950230,0.335000,5.086250,33.500,170.000,0,OK
47960218,0.332500,5.085000,33.000,167.500,0,OK
47970230,0.332500,5.085000,33.250,170.000,0,OK
47980218,0.332500,5.086250,33.000,167.500,0,OK
47990230,0.332500,5.083750,33.250,170.000,0,OK
48000218,0.332500,5.085000,33.250,167.500,0,OK
48010230,0.332500,5.086250,33.250,170.000,0,OK
48020218,0.330000,5.081250,33.000,167.500,0,OK
48030230,0.335000,5.085000,33.000,167.500,0,OK
48040218,0.337500,5.086250,33.750,172.500,0,OK
48050230,0.332500,5.083750,33.250,170.000,0,OK
48060218,0.332500,5.086250,33.250,170.000,0,OK
48070230,0.335000,5.085000,33.250,170.000,0,OK
48080218,0.330000,5.086250,33.000,167.500,0,OK
48090230,0.335000,5.086250,33.500,170.000,0,OK
48100218,0.332500,5.085000,33.250,170.000,0,OK
48110230,0.335000,5.082500,33.500,170.000,0,OK
48120218,0.335000,5.085000,33.250,170.000,0,OK
48130230,0.332500,5.086250,33.250,170.000,0,OK
48140218,0.332500,5.083750,33.000,167.500,0,OK
48150230,0.330000,5.085000,33.000,167.500,0,OK
48160218,0.335000,5.086250,33.000,170.000,0,OK
48170230,0.335000,5.085000,33.500,170.000,0,OK
48180218,0.335000,5.085000,33.500,170.000,0,OK
48190230,0.332500,5.083750,33.250,170.000,0,OK
48200218,0.332500,5.083750,33.250,170.000,0,OK
48210230,0.335000,5.086250,33.250,170.000,0,OK
48220218,0.330000,5.083750,33.000,167.500,0,OK
48230230,0.330000,5.085000,33.250,170.000,0,OK
48240218,0.330000,5.085000,33.000,167.500,0,OK
48250230,0.335000,5.086250,33.250,170.000,0,OK
48260218,0.330000,5.085000,33.000,167.500,0,OK
48270230,0.332500,5.077500,33.250,167.500,0,OK
48280218,0.332500,5.083750,33.250,170.000,0,OK
48290230,0.335000,5.083750,33.500,170.000,0,OK
48300218,0.330000,5.085000,33.500,170.000,0,OK
48310230,0.335000,5.086250,33.500,170.000,0,OK
48320218,0.337500,5.086250,33.250,170.000,0,OK
48330230,0.332500,5.085000,33.250,170.000,0,OK
48340218,0.335000,5.083750,33.000,170.000,0,OK
48350230,0.330000,5.086250,33.000,167.500,0,OK
48360218,0.332500,5.081250,33.250,167.500,0,OK
48370226,0.332500,5.085000,33.250,170.000,0,OK
48380222,0.332500,5.083750,33.250,170.000,0,OK
48390226,0.332500,5.083750,33.500,170.000,0,OK
48400222,0.332500,5.085000,33.250,170.000,0,OK
48410226,0.335000,5.086250,33.250,170.000,0,OK
48420222,0.332500,5.086250,33.250,170.000,0,OK
48430226,0.335000,5.085000,33.250,170.000,0,OK
48440222,0.335000,5.083750,33.500,170.000,0,OK
48450226,0.335000,5.081250,33.500,170.000,0,OK
48460222,0.345000,5.086250,33.000,167.500,0,OK
48470226,0.332500,5.085000,33.250,170.000,0,OK
48480218,0.335000,5.083750,33.250,170.000,0,OK
48490230,0.335000,5.086250,33.500,170.000,0,OK
48500218,0.332500,5.086250,33.250,170.000,0,OK
48510230,0.332500,5.085000,33.250,170.000,0,OK
48520218,0.332500,5.086250,33.250,167.500,0,OK
48530230,0.330000,5.085000,33.000,167.500,0,OK
48540218,0.332500,5.081250,33.250,167.500,0,OK
48550230,0.337500,5.086250,33.000,167.500,0,OK
48560218,0.332500,5.086250,33.250,170.000,0,OK
48570226,0.332500,5.086250,33.500,170.000,0,OK
48580222,0.332500,5.083750,33.250,170.000,0,OK
48590226,0.335000,5.085000,32.750,170.000,0,OK
48600222,0.330000,5.085000,33.000,167.500,0,OK
48610226,0.332500,5.086250,33.250,167.500,0,OK
48620222,0.330000,5.085000,33.000,167.500,0,OK
48630226,0.335000,5.083750,33.500,170.000,0,OK
48640222,0.337500,5.083750,33.250,170.000,0,OK
48650226,0.335000,5.088750,33.500,170.000,0,OK
48660222,0.330000,5.085000,33.250,170.000,0,OK
48670226,0.332500,5.085000,33.250,170.000,0,OK
48680222,0.335000,5.085000,33.250,170.000,0,OK
48690226,0.332500,5.085000,33.250,170.000,0,OK
48700222,0.335000,5.086250,33.500,170.000,0,OK
48710226,0.332500,5.086250,33.250,170.000,0,OK
48720222,0.332500,5.081250,33.250,167.500,0,OK
48730226,0.335000,5.085000,33.000,167.500,0,OK
48740222,0.335000,5.085000,33.500,170.000,0,OK
48750226,0.330000,5.086250,33.250,170.000,0,OK
48760222,0.332500,5.085000,33.250,170.000,0,OK
48770226,0.335000,5.086250,33.000,170.000,0,OK
48780222,0.332500,5.085000,33.250,170.000,0,OK
48790226,0.335000,5.085000,33.500,170.000,0,OK
48800222,0.330000,5.086250,33.000,167.500,0,OK
48810226,0.335000,5.082500,33.500,170.000,0,OK
48820218,0.330000,5.083750,33.250,170.000,0,OK
48830230,0.335000,5.085000,33.500,170.000,0,OK
48840218,0.332500,5.086250,33.250,170.000,0,OK
48850230,0.332500,5.087500,33.250,170.000,0,OK
48860218,0.335000,5.085000,33.000,170.000,0,OK
48870230,0.332500,5.083750,33.250,170.000,0,OK
48880218,0.332500,5.078750,33.250,167.500,0,OK
48890230,0.330000,5.083750,33.000,167.500,0,OK
48900218,0.335000,5.085000,33.500,170.000,0,OK
48910226,0.330000,5.086250,33.250,170.000,0,OK
48920222,0.332500,5.085000,33.250,170.000,0,OK
48930226,0.332500,5.085000,33.000,167.500,0,OK
48940222,0.332500,5.085000,33.250,170.000,0,OK
48950226,0.335000,5.086250,33.000,170.000,0,OK
48960222,0.327500,5.085000,32.750,166.250,0,OK
48970226,0.330000,5.078750,33.000,167.500,0,OK
48980222,0.332500,5.086250,33.250,170.000,0,OK
48990226,0.332500,5.085000,33.250,170.000,0,OK
49000222,0.332500,5.085000,33.250,170.000,0,OK
49010226,0.332500,5.086250,33.250,170.000,0,OK
49020222,0.335000,5.085000,33.000,167.500,0,OK
49030226,0.332500,5.085000,33.250,170.000,0,OK
49040222,0.332500,5.083750,33.500,167.500,0,OK
49050226,0.332500,5.085000,33.250,170.000,0,OK
49060222,0.335000,5.078750,33.500,170.000,0,OK
49070226,0.345000,5.085000,33.250,170.000,0,OK
49080222,0.332500,5.086250,33.250,170.000,0,OK
49090226,0.332500,5.085000,33.250,170.000,0,OK
49100222,0.337500,5.086250,33.750,172.500,0,OK
49110226,0.332500,5.087500,32.750,166.250,0,OK
49120222,0.330000,5.083750,33.000,167.500,0,OK
49130226,0.335000,5.086250,33.500,170.000,0,OK
49140218,0.330000,5.085000,33.000,167.500,0,OK
49150230,0.332500,5.081250,33.250,167.500,0,OK
49160218,0.340000,5.086250,33.250,170.000,0,OK
49170230,0.332500,5.085000,33.250,170.000,0,OK
49180218,0.332500,5.083750,33.250,170.000,0,OK
49190230,0.332500,5.086250,33.250,170.000,0,OK
49200218,0.335000,5.085000,33.000,170.000,0,OK
49210230,0.332500,5.085000,33.250,170.000,0,OK
49220218,0.332500,5.086250,33.250,167.500,0,OK
49230230,0.332500,5.085000,33.250,170.000,0,OK
49240218,0.337500,5.081250,33.750,172.500,0,OK
49250230,0.337500,5.085000,33.250,170.000,0,OK
49260218,0.335000,5.086250,33.500,170.000,0,OK
49270230,0.332500,5.085000,33.250,170.000,0,OK
49280218,0.330000,5.085000,33.000,167.500,0,OK
49290230,0.337500,5.085000,33.250,172.500,0,OK
49300218,0.327500,5.086250,32.750,166.250,0,OK
49310230,0.332500,5.085000,33.250,167.500,0,OK
49320218,0.332500,5.086250,33.250,170.000,0,OK
49330230,0.332500,5.083750,33.250,170.000,0,OK
49340218,0.332500,5.083750,33.250,170.000,0,OK
49350230,0.330000,5.086250,33.000,167.500,0,OK
49360218,0.330000,5.085000,33.250,170.000,0,OK
49370226,0.327500,5.083750,32.750,166.250,0,OK
49380222,0.332500,5.085000,33.000,167.500,0,OK
49390226,0.330000,5.085000,33.000,167.500,0,OK
49400222,0.332500,5.086250,33.250,167.500,0,OK
49410226,0.330000,5.083750,33.000,167.500,0,OK
49420222,0.337500,5.082500,33.750,172.500,0,OK
49430226,0.327500,5.085000,33.000,167.500,0,OK
49440222,0.335000,5.086250,33.500,170.000,0,OK
49450226,0.332500,5.086250,33.250,170.000,0,OK
49460222,0.330000,5.083750,33.000,167.500,0,OK
49470226,0.332500,5.086250,33.250,167.500,0,OK
49480218,0.332500,5.086250,33.250,170.000,0,OK
49490230,0.335000,5.080000,33.500,170.000,0,OK
49500218,0.335000,5.085000,33.500,170.000,0,OK
49510230,0.332500,5.085000,33.250,170.000,0,OK
49520218,0.332500,5.085000,33.250,170.000,0,OK
49530230,0.332500,5.085000,33.250,170.000,0,OK
49540218,0.332500,5.085000,33.250,170.000,0,OK
49550230,0.332500,5.086250,33.250,170.000,0,OK
49560218,0.335000,5.085000,32.750,170.000,0,OK
49570230,0.330000,5.086250,33.000,167.500,0,OK
49580218,0.332500,5.081250,33.250,167.500,0,OK
49590226,0.335000,5.083750,33.500,170.000,0,OK
49600222,0.337500,5.086250,33.750,172.500,0,OK
49610226,0.332500,5.085000,33.250,170.000,0,OK
49620222,0.332500,5.086250,33.250,170.000,0,OK
49630226,0.332500,5.085000,33.000,167.500,0,OK
49640222,0.330000,5.086250,33.000,167.500,0,OK
49650226,0.332500,5.085000,33.500,167.500,0,OK
49660218,0.335000,5.085000,33.500,170.000,0,OK
49670230,0.330000,5.080000,33.000,167.500,0,OK
49680218,0.345000,5.087500,33.750,172.500,0,OK
49690226,0.335000,5.086250,33.500,170.000,0,OK
49700222,0.330000,5.085000,33.250,170.000,0,OK
49710226,0.330000,5.085000,33.000,167.500,0,OK
49720222,0.335000,5.086250,33.500,170.000,0,OK
49730226,0.330000,5.086250,33.000,167.500,0,OK
49740222,0.332500,5.085000,33.250,167.500,0,OK
49750226,0.332500,5.085000,33.250,170.000,0,OK
49760222,0.332500,5.081250,33.250,167.500,0,OK
49770226,0.340000,5.085000,33.250,170.000,0,OK
49780222,0.332500,5.087500,33.250,170.000,0,OK
49790226,0.330000,5.083750,33.250,170.000,0,OK
49800222,0.330000,5.086250,33.000,167.500,0,OK
49810226,0.332500,5.085000,33.000,167.500,0,OK
49820218,0.332500,5.085000,33.250,170.000,0,OK
49830230,0.335000,5.086250,33.500,170.000,0,OK
49840218,0.332500,5.085000,33.250,170.000,0,OK
49850230,0.335000,5.083750,33.500,170.000,0,OK
49860218,0.340000,5.085000,33.500,170.000,0,OK
49870230,0.337500,5.083750,33.750,172.500,0,OK
49880218,0.332500,5.086250,33.000,167.500,0,OK
49890230,0.330000,5.085000,33.000,167.500,0,OK
49900218,0.332500,5.085000,33.000,167.500,0,OK
49910230,0.335000,5.086250,33.500,170.000,0,OK
49920218,0.335000,5.086250,33.500,170.000,0,OK
49930230,0.330000,5.083750,33.000,167.500,0,OK
49940218,0.332500,5.082500,33.250,170.000,0,OK
49950226,0.335000,5.085000,33.250,170.000,0,OK
49960222,0.332500,5.086250,33.250,170.000,0,OK
49970226,0.332500,5.086250,33.250,170.000,0,OK
49980222,0.332500,5.085000,33.250,170.000,0,OK
49990226,0.330000,5.083750,33.000,167.500,0,OK
50000222,0.330000,5.085000,33.000,167.500,0,OK
50010226,0.332500,5.085000,33.250,167.500,0,OK
50020222,0.332500,5.085000,33.250,170.000,0,OK
50030226,0.335000,5.083750,33.500,170.000,0,OK
50040222,0.332500,5.085000,33.250,170.000,0,OK
50050226,0.332500,5.086250,33.250,170.000,0,OK
50060222,0.330000,5.085000,33.250,170.000,0,OK
50070226,0.330000,5.086250,33.000,167.500,0,OK
50080222,0.332500,5.085000,33.250,167.500,0,OK
50090226,0.335000,5.083750,33.500,170.000,0,OK
50100222,0.332500,5.078750,33.250,167.500,0,OK
50110226,0.332500,5.086250,33.250,170.000,0,OK
50120222,0.332500,5.081250,33.250,167.500,0,OK
50130226,0.330000,5.085000,33.250,170.000,0,OK
50140222,0.332500,5.085000,33.250,170.000,0,OK
50150226,0.332500,5.085000,32.750,166.250,0,OK
50160222,0.330000,5.083750,33.000,167.500,0,OK
50170226,0.332500,5.085000,33.500,167.500,0,OK
50180218,0.327500,5.085000,32.750,166.250,0,OK
50190230,0.335000,5.080000,33.500,170.000,0,OK
50200218,0.332500,5.086250,33.250,170.000,0,OK
50210230,0.332500,5.085000,33.250,170.000,0,OK
50220218,0.335000,5.085000,33.000,167.500,0,OK
50230230,0.335000,5.087500,33.500,170.000,0,OK
50240218,0.332500,5.085000,33.250,170.000,0,OK
50250230,0.332500,5.085000,33.250,170.000,0,OK
50260218,0.332500,5.085000,33.000,167.500,0,OK
50270230,0.335000,5.083750,33.500,170.000,0,OK
50280218,0.332500,5.081250,33.250,167.500,0,OK
50290230,0.345000,5.083750,33.250,170.000,0,OK
50300218,0.335000,5.087500,33.500,170.000,0,OK
50310230,0.332500,5.083750,33.000,167.500,0,OK
50320218,0.332500,5.083750,33.250,170.000,0,OK
50330230,0.335000,5.085000,33.000,167.500,0,OK
50340218,0.330000,5.086250,33.000,167.500,0,OK
50350230,0.332500,5.086250,33.000,167.500,0,OK
50360218,0.330000,5.085000,33.000,167.500,0,OK
50370230,0.335000,5.081250,33.500,170.000,0,OK
50380218,0.345000,5.085000,33.250,170.000,0,OK
50390230,0.335000,5.085000,33.500,170.000,0,OK
50400218,0.332500,5.085000,33.250,170.000,0,OK
50410230,0.327500,5.086250,32.750,166.250,0,OK
50420218,0.335000,5.085000,33.000,170.000,0,OK
50430226,0.332500,5.085000,33.250,170.000,0,OK
50440222,0.332500,5.085000,33.250,167.500,0,OK
50450226,0.330000,5.085000,33.000,167.500,0,OK
50460222,0.335000,5.081250,33.500,170.000,0,OK
50470226,0.337500,5.085000,33.500,170.000,0,OK
50480222,0.335000,5.085000,33.500,170.000,0,OK
50490226,0.330000,5.083750,33.000,167.500,0,OK
50500222,0.332500,5.085000,33.250,170.000,0,OK
50510226,0.332500,5.085000,33.250,167.500,0,OK
50520222,0.332500,5.083750,33.250,170.000,0,OK
50530226,0.335000,5.086250,33.500,170.000,0,OK
50540222,0.332500,5.085000,33.250,170.000,0,OK
50550226,0.332500,5.083750,33.250,170.000,0,OK
50560222,0.335000,5.085000,33.250,170.000,0,OK
50570226,0.332500,5.085000,33.250,170.000,0,OK
50580222,0.332500,5.085000,33.500,170.000,0,OK
50590226,0.332500,5.083750,33.250,170.000,0,OK
50600222,0.330000,5.085000,33.000,167.500,0,OK
50610226,0.335000,5.085000,33.500,170.000,0,OK
50620222,0.335000,5.085000,33.500,170.000,0,OK
50630226,0.332500,5.085000,33.250,170.000,0,OK
50640222,0.332500,5.082500,33.250,170.000,0,OK
50650226,0.332500,5.085000,33.250,170.000,0,OK
50660222,0.335000,5.086250,33.500,170.000,0,OK
50670226,0.330000,5.085000,33.250,170.000,0,OK
50680222,0.330000,5.085000,33.000,167.500,0,OK
50690226,0.335000,5.083750,33.500,170.000,0,OK
50700222,0.330000,5.086250,33.000,167.500,0,OK
50710226,0.332500,5.085000,33.250,167.500,0,OK
50720218,0.332500,5.086250,33.250,170.000,0,OK
50730230,0.332500,5.086250,33.250,170.000,0,OK
50740218,0.330000,5.083750,33.250,170.000,0,OK
50750230,0.335000,5.086250,33.500,170.000,0,OK
50760218,0.330000,5.086250,33.250,170.000,0,OK
50770230,0.330000,5.085000,33.000,167.500,0,OK
50780218,0.335000,5.086250,33.250,170.000,0,OK
50790230,0.332500,5.083750,33.250,170.000,0,OK
50800218,0.332500,5.081250,33.250,167.500,0,OK
50810230,0.332500,5.085000,33.250,170.000,0,OK
50820218,0.332500,5.083750,33.250,170.000,0,OK
50830230,0.332500,5.083750,33.500,170.000,0,OK
50840218,0.335000,5.085000,33.500,170.000,0,OK
50850230,0.332500,5.086250,33.250,170.000,0,OK
50860218,0.330000,5.085000,33.000,167.500,0,OK
50870230,0.335000,5.085000,33.000,170.000,0,OK
50880218,0.332500,5.085000,33.250,170.000,0,OK
50890230,0.332500,5.081250,33.250,167.500,0,OK
50900218,0.330000,5.086250,33.000,167.500,0,OK
50910230,0.335000,5.085000,33.500,170.000,0,OK
50920218,0.332500,5.086250,33.250,170.000,0,OK
50930230,0.335000,5.086250,33.500,170.000,0,OK
50940218,0.335000,5.085000,33.000,167.500,0,OK
50950230,0.332500,5.083750,33.250,170.000,0,OK
50960218,0.335000,5.086250,33.000,170.000,0,OK
50970230,0.332500,5.085000,33.250,170.000,0,OK
50980218,0.335000,5.082500,33.500,170.000,0,OK
50990230,0.345000,5.085000,33.250,170.000,0,OK
51000218,0.332500,5.086250,33.250,170.000,0,OK
51010230,0.332500,5.085000,33.250,170.000,0,OK
51020218,0.332500,5.085000,33.250,170.000,0,OK
51030230,0.332500,5.083750,33.250,167.500,0,OK
51040218,0.330000,5.085000,33.000,167.500,0,OK
51050230,0.332500,5.086250,33.250,167.500,0,OK
51060218,0.335000,5.085000,33.500,170.000,0,OK
51070230,0.332500,5.081250,33.250,167.500,0,OK
51080218,0.337500,5.085000,33.000,167.500,0,OK
51090230,0.330000,5.085000,33.000,167.500,0,OK
51100218,0.330000,5.085000,33.250,170.000,0,OK
51110230,0.335000,5.085000,33.500,170.000,0,OK
51120218,0.335000,5.085000,33.250,170.000,0,OK
51130230,0.330000,5.085000,33.000,167.500,0,OK
51140218,0.332500,5.085000,33.250,167.500,0,OK
51150230,0.330000,5.086250,33.000,167.500,0,OK
51160218,0.335000,5.082500,33.500,170.000,0,OK
51170226,0.337500,5.085000,33.250,170.000,0,OK
51180222,0.335000,5.086250,33.500,170.000,0,OK
51190226,0.330000,5.083750,33.250,170.000,0,OK
51200222,0.327500,5.085000,32.750,166.250,0,OK
51210226,0.332500,5.086250,33.250,167.500,0,OK
51220222,0.330000,5.083750,33.000,167.500,0,OK
51230226,0.332500,5.086250,33.250,167.500,0,OK
51240218,0.332500,5.085000,33.250,170.000,0,OK
51250230,0.335000,5.083750,33.500,170.000,0,OK
51260218,0.332500,5.085000,33.000,167.500,0,OK
51270230,0.335000,5.086250,33.500,170.000,0,OK
51280218,0.330000,5.086250,33.500,170.000,0,OK
51290230,0.332500,5.085000,33.250,170.000,0,OK
51300218,0.335000,5.085000,33.000,170.000,0,OK
51310230,0.330000,5.086250,33.000,167.500,0,OK
51320218,0.332500,5.085000,33.250,167.500,0,OK
51330226,0.332500,5.085000,33.250,170.000,0,OK
51340222,0.332500,5.085000,33.250,170.000,0,OK
51350226,0.330000,5.085000,33.250,170.000,0,OK
51360222,0.335000,5.085000,33.500,170.000,0,OK
51370226,0.332500,5.085000,33.250,170.000,0,OK
51380222,0.330000,5.085000,33.000,167.500,0,OK
51390226,0.335000,5.085000,33.250,170.000,0,OK
51400222,0.330000,5.083750,33.000,167.500,0,OK
51410226,0.332500,5.078750,33.250,167.500,0,OK
51420218,0.335000,5.085000,33.500,170.000,0,OK
51430230,0.335000,5.085000,33.500,170.000,0,OK
51440218,0.330000,5.085000,33.250,170.000,0,OK
51450230,0.332500,5.086250,33.250,170.000,0,OK
51460218,0.332500,5.085000,33.000,167.500,0,OK
51470230,0.335000,5.085000,33.500,170.000,0,OK
51480218,0.332500,5.085000,33.500,167.500,0,OK
51490230,0.332500,5.085000,33.250,170.000,0,OK
51500218,0.332500,5.080000,33.250,167.500,0,OK
51510230,0.332500,5.085000,33.250,170.000,0,OK
51520218,0.332500,5.083750,33.250,170.000,0,OK
51530230,0.332500,5.083750,33.000,167.500,0,OK
51540218,0.330000,5.083750,33.000,167.500,0,OK
51550230,0.335000,5.085000,33.250,170.000,0,OK
51560218,0.330000,5.085000,33.000,167.500,0,OK
51570230,0.335000,5.085000,33.000,170.000,0,OK
51580218,0.330000,5.086250,33.000,167.500,0,OK
51590230,0.335000,5.078750,33.500,170.000,0,OK
51600218,0.342500,5.083750,33.250,170.000,0,OK
51610230,0.335000,5.085000,33.500,170.000,0,OK
51620218,0.330000,5.083750,33.250,170.000,0,OK
51630230,0.332500,5.086250,33.250,170.000,0,OK
51640218,0.335000,5.085000,33.250,170.000,0,OK
51650230,0.332500,5.086250,33.250,170.000,0,OK
51660218,0.335000,5.085000,33.500,170.000,0,OK
51670230,0.335000,5.085000,33.500,170.000,0,OK
51680218,0.332500,5.082500,33.250,170.000,0,OK
51690230,0.340000,5.083750,33.250,170.000,0,OK
51700218,0.330000,5.086250,33.000,167.500,0,OK
51710230,0.330000,5.085000,33.250,170.000,0,OK
51720218,0.332500,5.085000,33.250,170.000,0,OK
51730230,0.337500,5.085000,33.250,172.500,0,OK
51740218,0.330000,5.085000,33.000,167.500,0,OK
51750230,0.335000,5.085000,33.500,170.000,0,OK
51760218,0.332500,5.085000,33.250,170.000,0,OK
51770230,0.335000,5.081250,33.500,170.000,0,OK
51780218,0.340000,5.085000,33.250,170.000,0,OK
51790230,0.332500,5.086250,33.250,170.000,0,OK
51800218,0.332500,5.085000,33.000,167.500,0,OK
51810230,0.332500,5.086250,33.250,170.000,0,OK
51820218,0.330000,5.085000,33.250,167.500,0,OK
51830230,0.332500,5.085000,33.250,170.000,0,OK
51840218,0.332500,5.085000,33.250,167.500,0,OK
51850230,0.335000,5.085000,33.500,170.000,0,OK
51860218,0.335000,5.083750,33.500,170.000,0,OK
51870230,0.335000,5.086250,33.000,167.500,0,OK
51880218,0.335000,5.086250,33.500,170.000,0,OK
51890226,0.330000,5.085000,33.250,170.000,0,OK
51900222,0.327500,5.086250,32.750,166.250,0,OK
51910226,0.337500,5.085000,32.750,172.500,0,OK
51920218,0.332500,5.086250,33.250,170.000,0,OK
51930230,0.332500,5.085000,33.250,167.500,0,OK
51940218,0.330000,5.085000,33.000,167.500,0,OK
51950230,0.335000,5.085000,33.500,170.000,0,OK
51960218,0.332500,5.083750,33.000,167.500,0,OK
51970230,0.332500,5.086250,33.250,170.000,0,OK
51980218,0.332500,5.086250,33.250,170.000,0,OK
51990230,0.330000,5.083750,33.000,167.500,0,OK
52000218,0.330000,5.085000,33.250,167.500,0,OK
52010226,0.335000,5.085000,33.500,170.000,0,OK
52020222,0.332500,5.078750,33.250,167.500,0,OK
52030226,0.332500,5.085000,33.250,170.000,0,OK
52040222,0.335000,5.085000,33.500,170.000,0,OK
52050226,0.332500,5.086250,33.250,170.000,0,OK
52060222,0.337500,5.085000,33.750,172.500,0,OK
52070226,0.335000,5.086250,33.250,170.000,0,OK
52080222,0.332500,5.087500,33.250,170.000,0,OK
52090226,0.332500,5.085000,33.000,167.500,0,OK
52100222,0.332500,5.086250,33.250,170.000,0,OK
52110226,0.332500,5.081250,33.250,167.500,0,OK
52120222,0.330000,5.083750,33.000,167.500,0,OK
52130226,0.332500,5.086250,33.250,170.000,0,OK
52140218,0.332500,5.086250,33.000,167.500,0,OK
52150230,0.332500,5.085000,33.250,170.000,0,OK
52160218,0.335000,5.083750,33.250,170.000,0,OK
52170230,0.332500,5.083750,33.250,170.000,0,OK
52180218,0.335000,5.086250,33.250,170.000,0,OK
52190230,0.332500,5.083750,33.250,170.000,0,OK
52200218,0.332500,5.080000,33.250,167.500,0,OK
52210230,0.342500,5.085000,33.000,167.500,0,OK
52220218,0.335000,5.083750,33.500,170.000,0,OK
52230230,0.335000,5.086250,33.250,170.000,0,OK
52240218,0.332500,5.085000,33.250,170.000,0,OK
52250230,0.332500,5.085000,33.000,167.500,0,OK
52260218,0.332500,5.086250,33.250,170.000,0,OK
52270230,0.335000,5.086250,33.500,170.000,0,OK
52280218,0.330000,5.086250,33.000,167.500,0,OK
52290230,0.335000,5.081250,33.500,170.000,0,OK
52300218,0.342500,5.085000,33.250,170.000,0,OK
52310230,0.337500,5.086250,33.750,172.500,0,OK
52320218,0.332500,5.086250,33.000,167.500,0,OK
52330230,0.330000,5.086250,33.000,167.500,0,OK
52340218,0.332500,5.086250,33.250,167.500,0,OK
52350226,0.332500,5.085000,33.250,170.000,0,OK
52360222,0.330000,5.085000,33.000,167.500,0,OK
52370226,0.327500,5.085000,32.750,166.250,0,OK
52380222,0.335000,5.082500,33.500,170.000,0,OK
52390226,0.335000,5.085000,33.500,170.000,0,OK
52400222,0.335000,5.087500,33.500,170.000,0,OK
52410226,0.330000,5.085000,33.250,170.000,0,OK
52420222,0.330000,5.085000,33.000,167.500,0,OK
52430226,0.330000,5.086250,33.250,167.500,0,OK
52440222,0.332500,5.083750,33.250,170.000,0,OK
52450226,0.332500,5.085000,33.250,167.500,0,OK
52460222,0.330000,5.085000,33.000,167.500,0,OK
52470226,0.332500,5.081250,33.250,167.500,0,OK
52480222,0.335000,5.085000,32.750,166.250,0,OK
52490226,0.332500,5.085000,33.250,170.000,0,OK
52500222,0.332500,5.086250,33.250,170.000,0,OK
52510226,0.332500,5.085000,33.250,170.000,0,OK
52520222,0.332500,5.086250,33.000,167.500,0,OK
52530226,0.332500,5.083750,33.250,170.000,0,OK
52540222,0.332500,5.085000,33.250,167.500,0,OK
52550226,0.332500,5.085000,33.250,170.000,0,OK
52560222,0.335000,5.085000,33.500,170.000,0,OK
52570226,0.330000,5.085000,33.500,170.000,0,OK
52580222,0.335000,5.087500,33.500,170.000,0,OK
52590226,0.332500,5.085000,33.000,167.500,0,OK
52600222,0.330000,5.086250,33.000,167.500,0,OK
52610226,0.332500,5.085000,33.000,167.500,0,OK
52620218,0.330000,5.086250,33.000,167.500,0,OK
52630230,0.332500,5.080000,33.250,167.500,0,OK
52640218,0.332500,5.085000,33.250,170.000,0,OK
52650230,0.332500,5.085000,33.250,170.000,0,OK
52660218,0.332500,5.083750,33.000,167.500,0,OK
52670230,0.332500,5.083750,33.250,170.000,0,OK
52680218,0.332500,5.085000,33.250,170.000,0,OK
52690230,0.330000,5.086250,33.000,167.500,0,OK
52700218,0.332500,5.085000,33.000,167.500,0,OK
52710226,0.332500,5.083750,33.250,170.000,0,OK
52720222,0.332500,5.080000,33.250,167.500,0,OK
52730226,0.332500,5.085000,33.250,170.000,0,OK
52740222,0.332500,5.085000,33.250,170.000,0,OK
52750226,0.332500,5.086250,32.750,166.250,0,OK
52760222,0.332500,5.086250,33.250,170.000,0,OK
52770226,0.332500,5.085000,33.250,170.000,0,OK
52780222,0.330000,5.086250,33.000,167.500,0,OK
52790226,0.335000,5.086250,33.250,170.000,0,OK
52800218,0.332500,5.085000,33.250,170.000,0,OK
52810230,0.332500,5.081250,33.250,167.500,0,OK
52820218,0.345000,5.086250,33.500,170.000,0,OK
52830230,0.335000,5.085000,33.500,170.000,0,OK
52840218,0.332500,5.083750,33.500,170.000,0,OK
52850230,0.332500,5.085000,33.250,170.000,0,OK
52860218,0.332500,5.086250,33.500,170.000,0,OK
52870230,0.332500,5.083750,33.250,170.000,0,OK
52880218,0.332500,5.086250,33.250,167.500,0,OK
52890230,0.332500,5.083750,33.250,170.000,0,OK
52900218,0.332500,5.082500,33.250,170.000,0,OK
52910230,0.342500,5.085000,33.250,170.000,0,OK
52920218,0.332500,5.085000,33.250,170.000,0,OK
52930230,0.332500,5.086250,33.000,167.500,0,OK
52940218,0.332500,5.086250,33.250,170.000,0,OK
52950230,0.332500,5.085000,33.000,167.500,0,OK
52960218,0.332500,5.086250,33.250,170.000,0,OK
52970230,0.332500,5.086250,33.250,167.500,0,OK
52980218,0.332500,5.086250,33.250,170.000,0,OK
52990230,0.332500,5.081250,33.250,167.500,0,OK
53000218,0.337500,5.085000,33.500,170.000,0,OK
53010230,0.335000,5.086250,33.500,170.000,0,OK
53020218,0.330000,5.085000,32.750,166.250,0,OK
53030230,0.330000,5.086250,33.000,167.500,0,OK
53040218,0.332500,5.083750,33.250,167.500,0,OK
53050226,0.332500,5.085000,33.250,170.000,0,OK
53060222,0.330000,5.085000,33.000,167.500,0,OK
53070226,0.330000,5.085000,33.000,167.500,0,OK
53080222,0.335000,5.082500,33.500,170.000,0,OK
53090226,0.335000,5.085000,33.250,170.000,0,OK
53100222,0.335000,5.085000,33.500,170.000,0,OK
53110226,0.330000,5.083750,33.000,167.500,0,OK
53120222,0.330000,5.085000,33.000,167.500,0,OK
53130226,0.330000,5.086250,33.000,167.500,0,OK
53140222,0.332500,5.085000,33.250,170.000,0,OK
53150226,0.335000,5.086250,33.500,170.000,0,OK
53160222,0.332500,5.085000,33.250,170.000,0,OK
53170226,0.332500,5.083750,33.250,170.000,0,OK
53180222,0.332500,5.085000,33.250,170.000,0,OK
53190226,0.335000,5.086250,33.500,170.000,0,OK
53200222,0.332500,5.085000,33.000,167.500,0,OK
53210226,0.330000,5.086250,33.000,167.500,0,OK
53220222,0.335000,5.085000,33.000,170.000,0,OK
53230226,0.332500,5.085000,33.250,170.000,0,OK
53240222,0.332500,5.078750,33.250,167.500,0,OK
53250226,0.330000,5.085000,33.000,167.500,0,OK
53260222,0.332500,5.085000,33.250,170.000,0,OK
53270226,0.332500,5.086250,33.000,167.500,0,OK
53280222,0.332500,5.086250,33.250,170.000,0,OK
53290226,0.332500,5.086250,33.000,167.500,0,OK
53300222,0.332500,5.086250,33.250,170.000,0,OK
53310226,0.332500,5.085000,33.250,167.500,0,OK
53320222,0.330000,5.083750,33.000,167.500,0,OK
53330226,0.330000,5.078750,33.000,167.500,0,OK
53340218,0.330000,5.085000,33.000,167.500,0,OK
53350226,0.335000,5.086250,33.500,170.000,0,OK
53360222,0.330000,5.083750,33.000,167.500,0,OK
53370226,0.332500,5.083750,33.250,170.000,0,OK
53380218,0.332500,5.085000,33.250,170.000,0,OK
53390230,0.332500,5.085000,33.250,170.000,0,OK
53400218,0.332500,5.086250,33.500,167.500,0,OK
53410230,0.332500,5.085000,33.250,170.000,0,OK
53420218,0.332500,5.080000,33.250,167.500,0,OK
53430230,0.345000,5.085000,33.250,170.000,0,OK
53440218,0.332500,5.085000,33.250,170.000,0,OK
53450230,0.330000,5.085000,33.750,172.500,0,OK
53460218,0.332500,5.085000,33.250,170.000,0,OK
53470230,0.335000,5.085000,33.250,170.000,0,OK
53480218,0.332500,5.085000,33.250,170.000,0,OK
53490230,0.335000,5.085000,33.500,170.000,0,OK
53500218,0.327500,5.086250,32.750,166.250,0,OK
53510230,0.330000,5.080000,33.000,167.500,0,OK
53520218,0.342500,5.086250,33.250,170.000,0,OK
53530226,0.335000,5.086250,33.500,170.000,0,OK
53540222,0.330000,5.083750,33.250,170.000,0,OK
53550226,0.332500,5.086250,33.250,170.000,0,OK
53560222,0.332500,5.086250,33.250,167.500,0,OK
53570226,0.332500,5.085000,33.250,170.000,0,OK
53580222,0.330000,5.087500,33.000,167.500,0,OK
53590226,0.332500,5.085000,33.250,170.000,0,OK
53600222,0.332500,5.083750,33.250,170.000,0,OK
53610226,0.337500,5.085000,33.250,170.000,0,OK
53620222,0.332500,5.085000,33.250,170.000,0,OK
53630226,0.332500,5.085000,33.250,170.000,0,OK
53640222,0.330000,5.086250,33.000,167.500,0,OK
53650226,0.332500,5.083750,33.250,167.500,0,OK
53660218,0.332500,5.085000,33.250,170.000,0,OK
53670230,0.332500,5.083750,33.250,167.500,0,OK
53680218,0.330000,5.085000,33.000,167.500,0,OK
53690230,0.332500,5.082500,33.250,170.000,0,OK
53700218,0.335000,5.086250,33.250,170.000,0,OK
53710230,0.335000,5.086250,33.500,170.000,0,OK
53720218,0.335000,5.085000,33.250,170.000,0,OK
53730230,0.330000,5.086250,33.000,167.500,0,OK
53740218,0.332500,5.085000,33.500,167.500,0,OK
53750226,0.332500,5.085000,33.250,170.000,0,OK
53760222,0.332500,5.085000,33.250,167.500,0,OK
53770226,0.335000,5.086250,33.500,170.000,0,OK
53780222,0.335000,5.083750,33.500,170.000,0,OK
53790226,0.335000,5.086250,33.000,167.500,0,OK
53800222,0.332500,5.086250,33.250,170.000,0,OK
53810226,0.330000,5.086250,33.250,170.000,0,OK
53820222,0.335000,5.083750,33.500,170.000,0,OK
53830226,0.337500,5.086250,33.250,172.500,0,OK
53840222,0.332500,5.085000,33.250,170.000,0,OK
53850226,0.335000,5.081250,33.500,170.000,0,OK
53860222,0.332500,5.085000,33.250,170.000,0,OK
53870226,0.337500,5.085000,33.750,172.500,0,OK
53880222,0.332500,5.085000,32.750,166.250,0,OK
53890226,0.332500,5.085000,33.250,170.000,0,OK
53900222,0.330000,5.086250,33.250,170.000,0,OK
53910226,0.330000,5.086250,33.000,167.500,0,OK
53920222,0.332500,5.086250,33.000,167.500,0,OK
53930226,0.330000,5.085000,33.000,167.500,0,OK
53940222,0.332500,5.080000,33.250,167.500,0,OK
53950226,0.330000,5.085000,33.000,167.500,0,OK
53960222,0.332500,5.085000,33.250,170.000,0,OK
53970226,0.327500,5.083750,33.000,167.500,0,OK
53980222,0.332500,5.085000,33.250,170.000,0,OK
53990226,0.332500,5.085000,33.000,167.500,0,OK
54000222,0.332500,5.085000,33.250,170.000,0,OK
54010226,0.335000,5.085000,33.000,170.000,0,OK
54020222,0.332500,5.085000,33.250,170.000,0,OK
54030226,0.332500,5.080000,33.250,167.500,0,OK
54040222,0.330000,5.085000,33.000,167.500,0,OK
54050226,0.330000,5.083750,33.000,167.500,0,OK
54060222,0.330000,5.085000,33.250,170.000,0,OK
54070226,0.332500,5.086250,33.250,170.000,0,OK
54080222,0.332500,5.085000,33.000,167.500,0,OK
54090226,0.335000,5.083750,33.500,170.000,0,OK
54100222,0.335000,5.085000,33.500,170.000,0,OK
54110226,0.332500,5.083750,33.250,170.000,0,OK
54120222,0.332500,5.081250,33.250,167.500,0,OK
54130226,0.345000,5.086250,33.250,170.000,0,OK
54140222,0.337500,5.085000,33.750,172.500,0,OK
54150226,0.332500,5.085000,33.250,170.000,0,OK
54160222,0.330000,5.085000,33.000,167.500,0,OK
54170226,0.335000,5.086250,33.000,170.000,0,OK
54180222,0.332500,5.083750,33.250,170.000,0,OK
54190226,0.335000,5.083750,33.500,170.000,0,OK
54200222,0.332500,5.085000,33.250,170.000,0,OK
54210226,0.335000,5.082500,33.500,170.000,0,OK
54220222,0.337500,5.085000,33.000,167.500,0,OK
54230226,0.335000,5.086250,33.500,170.000,0,OK
54240222,0.332500,5.085000,33.250,170.000,0,OK
54250226,0.332500,5.083750,33.250,170.000,0,OK
54260222,0.332500,5.086250,33.000,167.500,0,OK
54270226,0.330000,5.085000,33.000,167.500,0,OK
54280222,0.335000,5.086250,33.500,170.000,0,OK
54290226,0.330000,5.085000,33.000,167.500,0,OK
54300222,0.332500,5.083750,33.250,170.000,0,OK
54310226,0.337500,5.085000,33.250,170.000,0,OK
54320222,0.332500,5.083750,33.250,170.000,0,OK
54330226,0.330000,5.086250,32.750,166.250,0,OK
54340222,0.332500,5.085000,33.250,170.000,0,OK
54350226,0.335000,5.086250,33.250,170.000,0,OK
54360222,0.330000,5.083750,33.000,167.500,0,OK
54370226,0.335000,5.086250,33.500,170.000,0,OK
54380218,0.332500,5.085000,33.250,170.000,0,OK
54390230,0.335000,5.082500,33.500,170.000,0,OK
54400218,0.332500,5.086250,33.000,167.500,0,OK
54410230,0.332500,5.086250,33.250,170.000,0,OK
54420218,0.332500,5.083750,33.000,167.500,0,OK
54430230,0.330000,5.085000,33.000,167.500,0,OK
54440218,0.335000,5.085000,33.250,170.000,0,OK
54450230,0.332500,5.085000,33.250,170.000,0,OK
54460218,0.332500,5.077500,33.250,167.500,0,OK
54470230,0.332500,5.083750,33.250,170.000,0,OK
54480218,0.332500,5.083750,33.250,170.000,0,OK
54490230,0.332500,5.085000,33.000,167.500,0,OK
54500218,0.335000,5.086250,33.500,170.000,0,OK
54510230,0.332500,5.085000,33.250,170.000,0,OK
54520218,0.332500,5.085000,33.250,170.000,0,OK
54530230,0.332500,5.086250,33.000,167.500,0,OK
54540218,0.332500,5.086250,33.250,170.000,0,OK
54550230,0.332500,5.078750,33.250,167.500,0,OK
54560218,0.332500,5.086250,33.250,170.000,0,OK
54570230,0.332500,5.083750,33.250,170.000,0,OK
54580218,0.332500,5.085000,33.250,170.000,0,OK
54590230,0.332500,5.083750,33.250,170.000,0,OK
54600218,0.335000,5.085000,33.500,170.000,0,OK
54610230,0.332500,5.085000,33.250,170.000,0,OK
54620218,0.332500,5.085000,33.250,167.500,0,OK
54630230,0.332500,5.085000,33.250,170.000,0,OK
54640218,0.332500,5.081250,33.250,167.500,0,OK
54650230,0.332500,5.086250,33.250,170.000,0,OK
54660218,0.332500,5.083750,33.250,170.000,0,OK
54670230,0.335000,5.085000,33.000,167.500,0,OK
54680218,0.332500,5.086250,33.250,170.000,0,OK
54690230,0.332500,5.085000,33.250,170.000,0,OK
54700218,0.332500,5.085000,33.250,170.000,0,OK
54710230,0.332500,5.086250,33.250,167.500,0,OK
54720218,0.332500,5.085000,33.250,170.000,0,OK
54730230,0.332500,5.082500,33.250,170.000,0,OK
54740218,0.342500,5.085000,33.000,167.500,0,OK
54750230,0.332500,5.085000,33.250,170.000,0,OK
54760218,0.332500,5.085000,33.250,170.000,0,OK
54770230,0.335000,5.085000,33.500,170.000,0,OK
54780218,0.332500,5.086250,33.250,167.500,0,OK
54790230,0.332500,5.085000,33.250,170.000,0,OK
54800218,0.335000,5.085000,33.500,170.000,0,OK
54810230,0.332500,5.085000,33.250,170.000,0,OK
54820218,0.332500,5.080000,33.250,167.500,0,OK
54830230,0.340000,5.083750,33.250,170.000,0,OK
54840218,0.332500,5.086250,33.250,170.000,0,OK
54850230,0.335000,5.086250,33.000,167.500,0,OK
54860218,0.332500,5.085000,33.250,170.000,0,OK
54870226,0.335000,5.085000,33.250,170.000,0,OK
54880222,0.327500,5.086250,32.750,166.250,0,OK
54890226,0.335000,5.085000,33.500,170.000,0,OK
54900218,0.335000,5.086250,33.500,170.000,0,OK
54910230,0.335000,5.082500,33.500,170.000,0,OK
54920218,0.335000,5.085000,33.500,170.000,0,OK
54930230,0.335000,5.086250,33.500,170.000,0,OK
54940218,0.330000,5.085000,33.250,170.000,0,OK
54950230,0.327500,5.086250,32.750,166.250,0,OK
54960218,0.332500,5.086250,33.250,167.500,0,OK
54970226,0.332500,5.085000,33.250,170.000,0,OK
54980222,0.332500,5.086250,33.250,167.500,0,OK
54990226,0.332500,5.085000,33.250,170.000,0,OK
55000222,0.332500,5.083750,33.250,170.000,0,OK
55010226,0.330000,5.085000,33.000,167.500,0,OK
55020222,0.335000,5.086250,33.500,170.000,0,OK
55030226,0.332500,5.083750,33.250,170.000,0,OK
55040222,0.330000,5.086250,33.000,167.500,0,OK
55050226,0.335000,5.086250,33.000,170.000,0,OK
55060218,0.330000,5.086250,33.000,167.500,0,OK
55070230,0.335000,5.078750,33.500,170.000,0,OK
55080218,0.330000,5.086250,33.000,167.500,0,OK
55090230,0.335000,5.083750,33.500,170.000,0,OK
55100218,0.332500,5.085000,33.000,167.500,0,OK
55110230,0.330000,5.085000,33.000,167.500,0,OK
55120218,0.332500,5.086250,33.250,170.000,0,OK
55130230,0.327500,5.085000,32.750,166.250,0,OK
55140218,0.332500,5.085000,33.000,167.500,0,OK
55150230,0.332500,5.085000,33.250,170.000,0,OK
55160218,0.335000,5.080000,33.500,170.000,0,OK
55170230,0.332500,5.085000,33.250,170.000,0,OK
55180218,0.335000,5.086250,33.500,170.000,0,OK
55190230,0.330000,5.086250,33.250,170.000,0,OK
55200218,0.332500,5.085000,33.250,170.000,0,OK
55210230,0.335000,5.085000,33.250,170.000,0,OK
55220218,0.332500,5.085000,33.250,170.000,0,OK
55230230,0.335000,5.085000,33.500,170.000,0,OK
55240218,0.332500,5.085000,33.250,170.000,0,OK
55250230,0.332500,5.082500,33.250,170.000,0,OK
55260218,0.332500,5.085000,33.250,170.000,0,OK
55270230,0.335000,5.083750,33.500,170.000,0,OK
55280218,0.332500,5.085000,33.250,170.000,0,OK
55290230,0.335000,5.085000,33.500,170.000,0,OK
55300218,0.332500,5.085000,33.000,167.500,0,OK
55310230,0.335000,5.085000,33.500,170.000,0,OK
55320218,0.335000,5.085000,33.500,170.000,0,OK
55330230,0.330000,5.085000,33.000,167.500,0,OK
55340218,0.330000,5.081250,33.000,167.500,0,OK
55350230,0.342500,5.083750,33.250,170.000,0,OK
55360218,0.332500,5.082500,33.250,170.000,0,OK
55370230,0.332500,5.085000,33.000,167.500,0,OK
55380218,0.330000,5.086250,33.000,167.500,0,OK
55390230,0.332500,5.083750,33.000,167.500,0,OK
55400218,0.330000,5.086250,33.000,167.500,0,OK
55410230,0.332500,5.083750,33.250,167.500,0,OK
55420218,0.332500,5.083750,33.250,170.000,0,OK
55430230,0.332500,5.082500,33.250,170.000,0,OK
55440218,0.337500,5.085000,33.250,170.000,0,OK
55450230,0.332500,5.086250,33.250,170.000,0,OK
55460218,0.330000,5.086250,33.000,167.500,0,OK
55470230,0.332500,5.086250,33.250,170.000,0,OK
55480218,0.332500,5.083750,33.000,167.500,0,OK
55490230,0.332500,5.085000,33.250,170.000,0,OK
55500218,0.332500,5.086250,33.250,167.500,0,OK
55510230,0.330000,5.085000,33.000,167.500,0,OK
55520218,0.335000,5.081250,33.500,170.000,0,OK
55530230,0.335000,5.085000,33.500,170.000,0,OK
55540218,0.335000,5.085000,33.500,170.000,0,OK
55550230,0.332500,5.086250,33.250,170.000,0,OK
55560218,0.332500,5.085000,33.250,170.000,0,OK
55570230,0.335000,5.086250,33.000,170.000,0,OK
55580218,0.332500,5.085000,33.250,170.000,0,OK
55590230,0.332500,5.085000,33.250,167.500,0,OK
55600218,0.330000,5.085000,33.000,167.500,0,OK
55610230,0.332500,5.082500,33.250,170.000,0,OK
55620218,0.332500,5.085000,33.000,167.500,0,OK
55630230,0.335000,5.085000,33.500,170.000,0,OK
55640218,0.327500,5.083750,33.250,170.000,0,OK
55650230,0.332500,5.085000,33.250,170.000,0,OK
55660218,0.332500,5.086250,33.250,167.500,0,OK
55670230,0.332500,5.085000,33.250,170.000,0,OK
55680218,0.332500,5.086250,33.250,167.500,0,OK
55690230,0.332500,5.085000,33.250,170.000,0,OK
55700218,0.332500,5.083750,33.250,170.000,0,OK
55710230,0.332500,5.085000,33.250,170.000,0,OK
55720218,0.332500,5.085000,33.250,170.000,0,OK
55730230,0.332500,5.085000,33.000,167.500,0,OK
55740218,0.330000,5.086250,33.000,167.500,0,OK
55750230,0.335000,5.086250,33.250,170.000,0,OK
55760218,0.332500,5.086250,33.250,170.000,0,OK
55770230,0.337500,5.078750,33.750,172.500,0,OK
55780218,0.332500,5.083750,33.250,170.000,0,OK
55790230,0.332500,5.083750,33.250,170.000,0,OK
55800218,0.332500,5.083750,32.750,166.250,0,OK
55810230,0.332500,5.085000,33.250,170.000,0,OK
55820218,0.335000,5.085000,33.000,167.500,0,OK
55830230,0.332500,5.085000,33.250,170.000,0,OK
55840218,0.332500,5.085000,32.750,167.500,0,OK
55850230,0.330000,5.086250,33.000,167.500,0,OK
55860218,0.330000,5.081250,33.000,167.500,0,OK
55870226,0.332500,5.085000,33.250,170.000,0,OK
55880218,0.337500,5.083750,33.750,172.500,0,OK
55890230,0.330000,5.083750,33.000,167.500,0,OK
55900218,0.332500,5.086250,33.250,170.000,0,OK
55910226,0.332500,5.085000,33.000,167.500,0,OK
55920222,0.330000,5.085000,33.000,167.500,0,OK
55930226,0.332500,5.085000,33.000,167.500,0,OK
55940222,0.332500,5.085000,33.250,170.000,0,OK
55950226,0.335000,5.081250,33.500,170.000,0,OK
55960222,0.347500,5.085000,33.000,167.500,0,OK
55970226,0.335000,5.085000,33.500,170.000,0,OK
55980222,0.332500,5.085000,33.250,170.000,0,OK
55990226,0.332500,5.085000,33.250,170.000,0,OK
56000222,0.335000,5.086250,33.250,170.000,0,OK
56010226,0.332500,5.086250,33.250,170.000,0,OK
56020222,0.332500,5.086250,33.250,167.500,0,OK
56030226,0.332500,5.083750,33.250,170.000,0,OK
56040222,0.335000,5.081250,33.500,170.000,0,OK
56050226,0.340000,5.087500,33.250,170.000,0,OK
56060222,0.335000,5.086250,33.500,170.000,0,OK
56070226,0.330000,5.085000,33.000,167.500,0,OK
56080222,0.330000,5.085000,33.000,167.500,0,OK
56090226,0.332500,5.085000,32.750,167.500,0,OK
56100222,0.330000,5.085000,33.000,167.500,0,OK
56110226,0.335000,5.085000,33.500,170.000,0,OK
56120222,0.332500,5.083750,33.250,170.000,0,OK
56130226,0.332500,5.083750,33.250,170.000,0,OK
56140222,0.335000,5.085000,33.250,170.000,0,OK
56150226,0.332500,5.086250,33.250,170.000,0,OK
56160222,0.330000,5.085000,33.000,167.500,0,OK
56170226,0.335000,5.085000,33.500,170.000,0,OK
56180222,0.332500,5.086250,33.000,167.500,0,OK
56190226,0.330000,5.085000,33.000,167.500,0,OK
56200222,0.332500,5.086250,33.250,167.500,0,OK
56210226,0.330000,5.086250,33.000,167.500,0,OK
56220222,0.337500,5.082500,33.750,172.500,0,OK
56230226,0.332500,5.085000,33.500,170.000,0,OK
56240222,0.330000,5.085000,33.000,167.500,0,OK
56250226,0.332500,5.085000,33.000,167.500,0,OK
56260222,0.330000,5.085000,33.000,167.500,0,OK
56270226,0.335000,5.086250,33.250,170.000,0,OK
56280222,0.332500,5.086250,33.250,170.000,0,OK
56290226,0.332500,5.086250,33.250,167.500,0,OK
56300222,0.332500,5.085000,33.250,170.000,0,OK
56310226,0.335000,5.086250,33.500,170.000,0,OK
56320222,0.330000,5.086250,33.250,170.000,0,OK
56330226,0.335000,5.086250,33.500,170.000,0,OK
56340222,0.330000,5.085000,33.250,170.000,0,OK
56350226,0.332500,5.085000,33.250,170.000,0,OK
56360222,0.332500,5.086250,33.250,167.500,0,OK
56370226,0.332500,5.083750,33.250,170.000,0,OK
56380222,0.332500,5.078750,33.250,167.500,0,OK
56390226,0.332500,5.085000,33.250,170.000,0,OK
56400222,0.335000,5.083750,33.500,170.000,0,OK
56410226,0.330000,5.086250,33.500,170.000,0,OK
56420222,0.332500,5.083750,33.250,170.000,0,OK
56430226,0.332500,5.086250,33.500,170.000,0,OK
56440222,0.332500,5.083750,33.250,170.000,0,OK
56450226,0.335000,5.086250,32.750,170.000,0,OK
56460222,0.332500,5.085000,33.250,170.000,0,OK
56470226,0.335000,5.080000,33.500,170.000,0,OK
56480222,0.330000,5.086250,33.000,167.500,0,OK
56490226,0.335000,5.085000,33.500,170.000,0,OK
56500218,0.335000,5.085000,33.000,167.500,0,OK
56510230,0.332500,5.085000,33.250,170.000,0,OK
56520218,0.332500,5.085000,33.000,167.500,0,OK
56530230,0.332500,5.085000,33.250,170.000,0,OK
56540218,0.332500,5.085000,32.750,167.500,0,OK
56550230,0.330000,5.085000,33.000,167.500,0,OK
56560218,0.330000,5.082500,33.000,167.500,0,OK
56570230,0.347500,5.085000,33.250,170.000,0,OK
56580218,0.335000,5.086250,33.500,170.000,0,OK
56590230,0.332500,5.085000,33.000,167.500,0,OK
56600218,0.332500,5.083750,33.250,170.000,0,OK
56610230,0.335000,5.086250,33.250,170.000,0,OK
56620218,0.330000,5.085000,33.000,167.500,0,OK
56630230,0.335000,5.086250,33.500,170.000,0,OK
56640218,0.330000,5.085000,33.000,167.500,0,OK
56650230,0.332500,5.082500,33.250,170.000,0,OK
56660218,0.337500,5.085000,33.000,167.500,0,OK
56670230,0.332500,5.085000,33.250,170.000,0,OK
56680218,0.332500,5.086250,33.250,170.000,0,OK
56690230,0.332500,5.085000,33.250,170.000,0,OK
56700218,0.335000,5.085000,33.250,170.000,0,OK
56710230,0.332500,5.085000,33.250,170.000,0,OK
56720218,0.332500,5.086250,33.250,167.500,0,OK
56730230,0.330000,5.083750,33.000,167.500,0,OK
56740218,0.332500,5.081250,33.250,167.500,0,OK
56750226,0.332500,5.085000,33.250,170.000,0,OK
56760222,0.335000,5.086250,33.500,170.000,0,OK
56770226,0.332500,5.086250,33.250,170.000,0,OK
56780222,0.327500,5.086250,32.750,166.250,0,OK
56790226,0.335000,5.085000,33.250,170.000,0,OK
56800218,0.332500,5.085000,33.250,170.000,0,OK
56810230,0.335000,5.085000,33.500,170.000,0,OK
56820218,0.332500,5.085000,33.250,170.000,0,OK
56830230,0.332500,5.083750,33.250,170.000,0,OK
56840218,0.335000,5.083750,33.250,170.000,0,OK
56850230,0.335000,5.085000,33.500,170.000,0,OK
56860218,0.327500,5.086250,33.000,167.500,0,OK
56870230,0.330000,5.083750,33.000,167.500,0,OK
56880218,0.335000,5.083750,33.000,170.000,0,OK
56890226,0.327500,5.085000,32.750,166.250,0,OK
56900222,0.335000,5.086250,33.500,170.000,0,OK
56910226,0.330000,5.083750,33.000,167.500,0,OK
56920222,0.332500,5.083750,33.250,170.000,0,OK
56930226,0.332500,5.085000,33.500,170.000,0,OK
56940222,0.332500,5.085000,33.250,170.000,0,OK
56950226,0.330000,5.083750,33.000,167.500,0,OK
56960222,0.330000,5.086250,33.000,167.500,0,OK
56970226,0.337500,5.085000,33.250,172.500,0,OK
56980218,0.330000,5.085000,33.000,167.500,0,OK
56990230,0.332500,5.078750,33.250,167.500,0,OK
57000218,0.330000,5.085000,33.000,167.500,0,OK
57010230,0.332500,5.083750,33.250,170.000,0,OK
57020218,0.332500,5.085000,33.000,167.500,0,OK
57030230,0.332500,5.087500,33.250,170.000,0,OK
57040218,0.332500,5.085000,33.000,167.500,0,OK
57050230,0.327500,5.085000,32.750,166.250,0,OK
57060218,0.332500,5.085000,33.000,167.500,0,OK
57070230,0.330000,5.085000,33.000,167.500,0,OK
57080218,0.332500,5.078750,33.250,167.500,0,OK
57090230,0.330000,5.083750,33.000,167.500,0,OK
57100218,0.335000,5.085000,33.500,170.000,0,OK
57110226,0.330000,5.085000,33.000,167.500,0,OK
57120222,0.332500,5.083750,33.250,170.000,0,OK
57130226,0.332500,5.086250,33.000,167.500,0,OK
57140222,0.330000,5.085000,33.000,167.500,0,OK
57150226,0.335000,5.085000,33.250,170.000,0,OK
57160222,0.332500,5.085000,33.250,170.000,0,OK
57170226,0.330000,5.080000,33.000,167.500,0,OK
57180222,0.347500,5.085000,33.250,170.000,0,OK
57190226,0.332500,5.085000,33.250,170.000,0,OK
57200222,0.330000,5.085000,33.000,167.500,0,OK
57210226,0.332500,5.085000,33.250,170.000,0,OK
57220222,0.332500,5.086250,33.250,170.000,0,OK
57230226,0.330000,5.086250,33.000,167.500,0,OK
57240222,0.332500,5.083750,33.250,167.500,0,OK
57250226,0.330000,5.083750,33.000,167.500,0,OK
57260222,0.335000,5.081250,33.500,170.000,0,OK
57270226,0.342500,5.086250,33.250,170.000,0,OK
57280222,0.335000,5.087500,33.500,170.000,0,OK
57290226,0.330000,5.083750,33.000,167.500,0,OK
57300222,0.330000,5.086250,33.000,167.500,0,OK
57310226,0.330000,5.086250,33.250,167.500,0,OK
57320218,0.330000,5.083750,33.000,167.500,0,OK
57330230,0.330000,5.086250,33.000,167.500,0,OK
57340218,0.332500,5.085000,33.250,170.000,0,OK
57350226,0.332500,5.081250,33.250,167.500,0,OK
57360222,0.337500,5.085000,33.250,170.000,0,OK
57370226,0.332500,5.083750,33.250,170.000,0,OK
57380222,0.332500,5.085000,33.250,170.000,0,OK
57390226,0.332500,5.086250,33.250,170.000,0,OK
57400222,0.332500,5.087500,33.000,167.500,0,OK
57410226,0.330000,5.085000,33.000,167.500,0,OK
57420222,0.335000,5.086250,33.500,170.000,0,OK
57430226,0.332500,5.086250,33.250,170.000,0,OK
57440222,0.335000,5.083750,33.500,170.000,0,OK
57450226,0.332500,5.086250,33.250,170.000,0,OK
57460222,0.335000,5.086250,33.500,170.000,0,OK
57470226,0.330000,5.085000,33.000,167.500,0,OK
57480222,0.327500,5.085000,32.750,166.250,0,OK
57490226,0.332500,5.085000,33.250,167.500,0,OK
57500222,0.332500,5.085000,33.250,170.000,0,OK
57510226,0.335000,5.086250,33.500,170.000,0,OK
57520222,0.332500,5.083750,33.250,170.000,0,OK
57530226,0.335000,5.083750,33.500,170.000,0,OK
57540222,0.332500,5.085000,33.000,167.500,0,OK
57550226,0.335000,5.086250,33.500,170.000,0,OK
57560222,0.332500,5.085000,33.000,167.500,0,OK
57570226,0.332500,5.083750,33.250,170.000,0,OK
57580222,0.335000,5.085000,33.000,170.000,0,OK
57590226,0.327500,5.085000,32.750,166.250,0,OK
57600222,0.330000,5.080000,33.000,167.500,0,OK
57610226,0.332500,5.085000,33.250,170.000,0,OK
57620218,0.335000,5.083750,33.500,170.000,0,OK
57630230,0.332500,5.085000,33.250,170.000,0,OK
57640218,0.332500,5.086250,33.250,170.000,0,OK
57650230,0.330000,5.086250,33.000,167.500,0,OK
57660218,0.330000,5.085000,33.000,167.500,0,OK
57670226,0.332500,5.085000,33.000,167.500,0,OK
57680222,0.335000,5.085000,33.500,170.000,0,OK
57690226,0.332500,5.080000,33.250,167.500,0,OK
57700222,0.332500,5.083750,33.250,170.000,0,OK
57710226,0.332500,5.085000,33.250,170.000,0,OK
57720222,0.332500,5.085000,32.750,166.250,0,OK
57730226,0.335000,5.086250,33.500,170.000,0,OK
57740222,0.332500,5.085000,33.250,170.000,0,OK
57750226,0.332500,5.085000,33.250,170.000,0,OK
57760222,0.337500,5.083750,33.000,172.500,0,OK
57770226,0.332500,5.085000,33.250,170.000,0,OK
57780222,0.332500,5.081250,33.250,167.500,0,OK
57790226,0.347500,5.085000,33.250,170.000,0,OK
57800222,0.332500,5.086250,33.250,170.000,0,OK
57810226,0.330000,5.083750,33.000,167.500,0,OK
57820222,0.332500,5.085000,33.250,170.000,0,OK
57830226,0.335000,5.085000,33.250,170.000,0,OK
57840222,0.332500,5.086250,33.250,170.000,0,OK
57850226,0.332500,5.086250,33.250,167.500,0,OK
57860222,0.332500,5.085000,33.250,170.000,0,OK
57870226,0.332500,5.081250,33.250,167.500,0,OK
57880222,0.342500,5.085000,33.000,167.500,0,OK
57890226,0.337500,5.085000,33.750,172.500,0,OK
57900222,0.335000,5.085000,33.000,167.500,0,OK
57910226,0.332500,5.086250,33.250,170.000,0,OK
57920222,0.335000,5.086250,33.000,170.000,0,OK
57930226,0.332500,5.087500,33.250,170.000,0,OK
57940222,0.335000,5.083750,33.500,170.000,0,OK
57950226,0.332500,5.086250,33.250,170.000,0,OK
57960222,0.332500,5.081250,33.250,167.500,0,OK
57970226,0.340000,5.085000,33.250,170.000,0,OK
57980222,0.335000,5.086250,33.500,170.000,0,OK
57990226,0.330000,5.085000,33.250,170.000,0,OK
58000222,0.330000,5.086250,33.000,167.500,0,OK
58010226,0.330000,5.085000,33.000,167.500,0,OK
58020218,0.332500,5.083750,33.250,170.000,0,OK
58030230,0.332500,5.087500,33.250,167.500,0,OK
58040218,0.330000,5.083750,33.000,167.500,0,OK
58050230,0.335000,5.085000,33.500,170.000,0,OK
58060218,0.337500,5.085000,33.250,170.000,0,OK
58070230,0.335000,5.085000,33.500,170.000,0,OK
58080218,0.332500,5.085000,33.000,167.500,0,OK
58090230,0.330000,5.085000,33.000,167.500,0,OK
58100218,0.335000,5.086250,33.000,170.000,0,OK
58110230,0.330000,5.085000,33.000,167.500,0,OK
58120218,0.332500,5.085000,33.250,167.500,0,OK
58130230,0.332500,5.083750,33.250,170.000,0,OK
58140218,0.332500,5.083750,33.250,170.000,0,OK
58150230,0.332500,5.085000,33.250,170.000,0,OK
58160218,0.335000,5.087500,33.500,170.000,0,OK
58170230,0.332500,5.085000,33.250,170.000,0,OK
58180218,0.330000,5.083750,33.000,167.500,0,OK
58190230,0.335000,5.086250,33.250,170.000,0,OK
58200218,0.332500,5.083750,33.250,170.000,0,OK
58210230,0.332500,5.078750,33.250,167.500,0,OK
58220218,0.332500,5.085000,33.250,170.000,0,OK
58230230,0.332500,5.085000,33.250,170.000,0,OK
58240218,0.335000,5.085000,33.250,170.000,0,OK
58250230,0.335000,5.085000,33.500,170.000,0,OK
58260218,0.332500,5.085000,33.250,170.000,0,OK
58270230,0.332500,5.085000,33.250,170.000,0,OK
58280218,0.332500,5.085000,33.250,167.500,0,OK
58290230,0.330000,5.085000,33.000,167.500,0,OK
58300218,0.335000,5.081250,33.500,170.000,0,OK
58310230,0.332500,5.085000,33.250,170.000,0,OK
58320218,0.332500,5.083750,33.250,170.000,0,OK
58330230,0.332500,5.085000,33.000,167.500,0,OK
58340218,0.332500,5.086250,33.250,170.000,0,OK
58350230,0.335000,5.085000,33.250,170.000,0,OK
58360218,0.330000,5.085000,33.000,167.500,0,OK
58370230,0.332500,5.085000,33.000,167.500,0,OK
58380218,0.332500,5.085000,33.250,170.000,0,OK
58390230,0.332500,5.081250,33.250,167.500,0,OK
58400218,0.345000,5.085000,33.000,167.500,0,OK
58410230,0.335000,5.086250,33.500,170.000,0,OK
58420218,0.332500,5.085000,33.000,167.500,0,OK
58430230,0.335000,5.086250,33.500,170.000,0,OK
58440218,0.335000,5.085000,33.250,170.000,0,OK
58450230,0.332500,5.086250,33.250,170.000,0,OK
58460218,0.335000,5.086250,33.500,170.000,0,OK
58470230,0.330000,5.085000,33.000,167.500,0,OK
58480218,0.332500,5.081250,33.250,167.500,0,OK
58490230,0.342500,5.083750,33.250,170.000,0,OK
58500218,0.335000,5.086250,33.500,170.000,0,OK
58510230,0.330000,5.085000,33.250,170.000,0,OK
58520218,0.335000,5.085000,33.500,170.000,0,OK
58530230,0.335000,5.085000,33.000,170.000,0,OK
58540218,0.330000,5.083750,33.000,167.500,0,OK
58550230,0.332500,5.085000,33.250,167.500,0,OK
58560218,0.332500,5.085000,33.250,170.000,0,OK
58570230,0.332500,5.081250,33.250,167.500,0,OK
58580218,0.337500,5.085000,33.250,170.000,0,OK
58590230,0.337500,5.083750,33.750,172.500,0,OK
58600218,0.332500,5.085000,33.000,167.500,0,OK
58610230,0.335000,5.086250,33.500,170.000,0,OK
58620218,0.332500,5.086250,32.750,167.500,0,OK
58630230,0.330000,5.083750,33.000,167.500,0,OK
58640218,0.332500,5.085000,33.250,167.500,0,OK
58650226,0.332500,5.085000,33.250,170.000,0,OK
58660222,0.335000,5.083750,33.500,170.000,0,OK
58670226,0.335000,5.085000,33.000,167.500,0,OK
58680222,0.335000,5.086250,33.500,170.000,0,OK
58690226,0.330000,5.085000,33.000,167.500,0,OK
58700222,0.330000,5.085000,33.000,167.500,0,OK
58710226,0.335000,5.083750,33.250,170.000,0,OK
58720222,0.330000,5.085000,33.000,167.500,0,OK
58730226,0.332500,5.086250,33.250,167.500,0,OK
58740222,0.330000,5.085000,33.000,167.500,0,OK
58750226,0.335000,5.083750,33.500,170.000,0,OK
58760222,0.332500,5.086250,33.000,167.500,0,OK
58770226,0.335000,5.085000,33.500,170.000,0,OK
58780222,0.332500,5.083750,33.250,170.000,0,OK
58790226,0.330000,5.086250,33.000,167.500,0,OK
58800222,0.332500,5.085000,33.000,167.500,0,OK
58810226,0.327500,5.085000,32.750,166.250,0,OK
58820222,0.332500,5.086250,33.250,167.500,0,OK
58830226,0.330000,5.085000,33.000,167.500,0,OK
58840222,0.335000,5.082500,33.500,170.000,0,OK
58850226,0.332500,5.085000,33.250,170.000,0,OK
58860222,0.330000,5.086250,33.000,167.500,0,OK
58870226,0.335000,5.085000,33.250,170.000,0,OK
58880218,0.332500,5.087500,33.250,170.000,0,OK
58890230,0.332500,5.085000,33.000,167.500,0,OK
58900218,0.330000,5.085000,33.000,167.500,0,OK
58910230,0.332500,5.080000,33.250,167.500,0,OK
58920218,0.332500,5.085000,33.250,170.000,0,OK
58930230,0.332500,5.086250,33.250,170.000,0,OK
58940218,0.335000,5.085000,33.000,167.500,0,OK
58950230,0.335000,5.086250,33.500,170.000,0,OK
58960218,0.335000,5.085000,33.250,170.000,0,OK
58970230,0.332500,5.085000,33.250,170.000,0,OK
58980218,0.332500,5.085000,33.000,167.500,0,OK
58990230,0.327500,5.086250,32.750,166.250,0,OK
59000218,0.335000,5.082500,33.500,170.000,0,OK
59010226,0.347500,5.085000,33.250,170.000,0,OK
59020222,0.332500,5.083750,33.250,170.000,0,OK
59030226,0.327500,5.086250,33.250,170.000,0,OK
59040222,0.337500,5.085000,33.750,172.500,0,OK
59050226,0.330000,5.085000,33.000,167.500,0,OK
59060222,0.330000,5.086250,33.000,167.500,0,OK
59070226,0.332500,5.085000,33.000,167.500,0,OK
59080218,0.330000,5.083750,33.000,167.500,0,OK
59090230,0.332500,5.081250,33.250,167.500,0,OK
59100218,0.347500,5.085000,33.000,167.500,0,OK
59110230,0.332500,5.085000,33.250,170.000,0,OK
59120218,0.332500,5.085000,33.250,170.000,0,OK
59130230,0.330000,5.085000,33.000,167.500,0,OK
59140218,0.332500,5.083750,33.000,167.500,0,OK
59150230,0.332500,5.085000,33.250,170.000,0,OK
59160218,0.335000,5.083750,33.500,170.000,0,OK
59170230,0.332500,5.085000,33.250,170.000,0,OK
59180218,0.332500,5.081250,33.250,167.500,0,OK
59190230,0.340000,5.085000,33.250,170.000,0,OK
59200218,0.332500,5.085000,33.250,170.000,0,OK
59210230,0.332500,5.086250,33.000,167.500,0,OK
59220218,0.327500,5.085000,32.750,166.250,0,OK
59230230,0.335000,5.086250,33.250,170.000,0,OK
59240218,0.332500,5.086250,33.250,170.000,0,OK
59250230,0.332500,5.085000,33.250,167.500,0,OK
59260218,0.330000,5.083750,33.000,167.500,0,OK
59270230,0.337500,5.082500,33.750,172.500,0,OK
59280218,0.335000,5.085000,33.000,167.500,0,OK
59290230,0.332500,5.086250,33.250,170.000,0,OK
59300218,0.330000,5.085000,33.250,170.000,0,OK
59310230,0.332500,5.086250,33.250,170.000,0,OK
59320218,0.332500,5.085000,33.000,167.500,0,OK
59330230,0.330000,5.085000,33.000,167.500,0,OK
59340218,0.335000,5.086250,33.500,170.000,0,OK
59350230,0.327500,5.086250,32.750,166.250,0,OK
59360218,0.332500,5.083750,33.250,170.000,0,OK
59370226,0.330000,5.085000,33.000,167.500,0,OK
59380222,0.332500,5.085000,33.250,170.000,0,OK
59390226,0.330000,5.085000,33.250,170.000,0,OK
59400222,0.332500,5.086250,33.250,170.000,0,OK
59410226,0.337500,5.086250,33.000,172.500,0,OK
59420222,0.332500,5.085000,33.250,170.000,0,OK
59430226,0.332500,5.086250,33.250,167.500,0,OK
59440222,0.332500,5.086250,33.250,170.000,0,OK
59450226,0.332500,5.086250,33.250,170.000,0,OK
59460222,0.332500,5.083750,33.250,170.000,0,OK
59470226,0.335000,5.085000,33.500,170.000,0,OK
59480222,0.330000,5.085000,33.250,170.000,0,OK
59490226,0.332500,5.086250,33.250,170.000,0,OK
59500222,0.335000,5.086250,33.250,170.000,0,OK
59510226,0.330000,5.085000,33.000,167.500,0,OK
59520222,0.332500,5.078750,33.250,167.500,0,OK
59530226,0.332500,5.085000,33.250,170.000,0,OK
59540222,0.335000,5.083750,33.500,170.000,0,OK
59550226,0.330000,5.085000,33.000,167.500,0,OK
59560222,0.332500,5.086250,33.250,170.000,0,OK
59570226,0.332500,5.085000,33.000,167.500,0,OK
59580222,0.335000,5.086250,33.500,170.000,0,OK
59590226,0.335000,5.085000,33.000,170.000,0,OK
59600222,0.330000,5.085000,33.000,167.500,0,OK
59610226,0.335000,5.080000,33.500,170.000,0,OK
59620222,0.332500,5.083750,33.250,170.000,0,OK
59630226,0.332500,5.085000,33.250,170.000,0,OK
59640222,0.332500,5.085000,33.250,170.000,0,OK
59650226,0.332500,5.086250,33.250,170.000,0,OK
59660222,0.330000,5.085000,33.250,170.000,0,OK
59670226,0.332500,5.085000,33.250,170.000,0,OK
59680222,0.335000,5.086250,33.000,170.000,0,OK
59690226,0.330000,5.085000,33.000,167.500,0,OK
59700222,0.332500,5.081250,33.250,167.500,0,OK
59710226,0.345000,5.083750,33.250,170.000,0,OK
59720222,0.332500,5.085000,33.250,170.000,0,OK
59730226,0.330000,5.085000,33.000,167.500,0,OK
59740222,0.332500,5.085000,33.250,170.000,0,OK
59750226,0.335000,5.085000,33.250,170.000,0,OK
59760222,0.330000,5.083750,33.000,167.500,0,OK
59770226,0.332500,5.085000,33.250,167.500,0,OK
59780218,0.330000,5.085000,33.000,167.500,0,OK
59790230,0.335000,5.082500,33.500,170.000,0,OK
59800218,0.337500,5.085000,33.250,170.000,0,OK
59810230,0.332500,5.085000,33.250,170.000,0,OK
59820218,0.330000,5.085000,33.250,170.000,0,OK
59830230,0.330000,5.086250,33.000,167.500,0,OK
59840218,0.335000,5.083750,33.250,170.000,0,OK
59850226,0.327500,5.086250,32.750,166.250,0,OK
59860222,0.332500,5.085000,33.250,167.500,0,OK
59870226,0.332500,5.085000,33.250,170.000,0,OK
59880222,0.332500,5.081250,33.250,167.500,0,OK
59890226,0.337500,5.085000,33.250,170.000,0,OK
59900222,0.335000,5.086250,33.500,170.000,0,OK
59910226,0.330000,5.085000,32.750,166.250,0,OK
59920222,0.332500,5.085000,33.250,170.000,0,OK
59930226,0.335000,5.085000,33.250,170.000,0,OK
59940222,0.332500,5.085000,33.250,170.000,0,OK
59950226,0.332500,5.086250,33.250,167.500,0,OK
59960222,0.332500,5.085000,33.250,170.000,0,OK
59970226,0.335000,5.082500,33.500,170.000,0,OK
59980222,0.332500,5.085000,33.250,170.000,0,OK
59990226,0.332500,5.085000,33.250,170.000,0,OK
