Executing action: monitor
Running idf_monitor in directory /mnt/c/Users/kissy/esp32_power_modeling/firmware/v2_timer_driven_polling/stable_idle_noise
Executing "/home/yukari/.espressif/python_env/idf5.1_py3.12_env/bin/python /home/yukari/esp-idf/tools/idf_monitor.py -p /dev/ttyUSB0 -b 115200 --toolchain-prefix xtensa-esp32-elf- --target esp32 --revision 0 /mnt/c/Users/kissy/esp32_power_modeling/firmware/v2_timer_driven_polling/stable_idle_noise/build/hello_world.elf -m '/home/yukari/.espressif/python_env/idf5.1_py3.12_env/bin/python' '/home/yukari/esp-idf/tools/idf.py' '-p' '/dev/ttyUSB0'"...
ets Jul 29 2019 12:21:46

rst:0x1 (POWERON_RESET),boot:0x13 (SPI_FAST_FLASH_BOOT)
configsip: 0, SPIWP:0xee
clk_drv:0x00,q_drv:0x00,d_drv:0x00,cs0_drv:0x00,hd_drv:0x00,wp_drv:0x00
mode:DIO, clock div:2
load:0x3fff0030,len:7112
load:0x40078000,len:15688
load:0x40080400,len:4
load:0x40080404,len:3876
entry 0x4008064c
[0;32mI (29) boot: ESP-IDF v5.1.6 2nd stage bootloader[0m
[0;32mI (29) boot: compile time Jun 23 2026 16:41:51[0m
[0;32mI (29) boot: Multicore bootloader[0m
[0;32mI (34) boot: chip revision: v3.1[0m
[0;32mI (37) boot.esp32: SPI Speed      : 40MHz[0m
[0;32mI (42) boot.esp32: SPI Mode       : DIO[0m
[0;32mI (47) boot.esp32: SPI Flash Size : 2MB[0m
[0;32mI (51) boot: Enabling RNG early entropy source...[0m
[0;32mI (57) boot: Partition Table:[0m
[0;32mI (60) boot: ## Label            Usage          Type ST Offset   Length[0m
[0;32mI (67) boot:  0 nvs              WiFi data        01 02 00009000 00006000[0m
[0;32mI (75) boot:  1 phy_init         RF data          01 01 0000f000 00001000[0m
[0;32mI (82) boot:  2 factory          factory app      00 00 00010000 00100000[0m
[0;32mI (90) boot: End of partition table[0m
[0;32mI (94) esp_image: segment 0: paddr=00010020 vaddr=3f400020 size=0ac38h ( 44088) map[0m
[0;32mI (118) esp_image: segment 1: paddr=0001ac60 vaddr=3ffb0000 size=021a0h (  8608) load[0m
[0;32mI (122) esp_image: segment 2: paddr=0001ce08 vaddr=40080000 size=03210h ( 12816) load[0m
[0;32mI (130) esp_image: segment 3: paddr=00020020 vaddr=400d0020 size=16860h ( 92256) map[0m
[0;32mI (166) esp_image: segment 4: paddr=00036888 vaddr=40083210 size=0a4b0h ( 42160) load[0m
[0;32mI (191) boot: Loaded app from partition at offset 0x10000[0m
[0;32mI (191) boot: Disabling RNG early entropy source...[0m
[0;32mI (202) cpu_start: Multicore app[0m
[0;32mI (203) cpu_start: Pro cpu up.[0m
[0;32mI (203) cpu_start: Starting app cpu, entry point is 0x4008122c[0m
[0;32mI (0) cpu_start: App cpu up.[0m
[0;32mI (220) cpu_start: Pro cpu start user code[0m
[0;32mI (220) cpu_start: cpu freq: 160000000 Hz[0m
[0;32mI (220) cpu_start: Application information:[0m
[0;32mI (225) cpu_start: Project name:     hello_world[0m
[0;32mI (230) cpu_start: App version:      027eccf-dirty[0m
[0;32mI (236) cpu_start: Compile time:     Jun 24 2026 15:55:22[0m
[0;32mI (242) cpu_start: ELF file SHA256:  4e8090bc46e1c4a2...[0m
[0;32mI (248) cpu_start: ESP-IDF:          v5.1.6[0m
[0;32mI (253) cpu_start: Min chip rev:     v0.0[0m
[0;32mI (258) cpu_start: Max chip rev:     v3.99 [0m
[0;32mI (262) cpu_start: Chip rev:         v3.1[0m
[0;32mI (267) heap_init: Initializing. RAM available for dynamic allocation:[0m
[0;32mI (274) heap_init: At 3FFAE6E0 len 00001920 (6 KiB): DRAM[0m
[0;32mI (280) heap_init: At 3FFB2A60 len 0002D5A0 (181 KiB): DRAM[0m
[0;32mI (287) heap_init: At 3FFE0440 len 00003AE0 (14 KiB): D/IRAM[0m
[0;32mI (293) heap_init: At 3FFE4350 len 0001BCB0 (111 KiB): D/IRAM[0m
[0;32mI (299) heap_init: At 4008D6C0 len 00012940 (74 KiB): IRAM[0m
[0;32mI (307) spi_flash: detected chip: generic[0m
[0;32mI (310) spi_flash: flash io: dio[0m
[0;33mW (314) spi_flash: Detected size(4096k) larger than the size in the binary image header(2048k). Using the size in the binary image header.[0m
[0;32mI (328) app_start: Starting scheduler on CPU0[0m
[0;32mI (332) app_start: Starting scheduler on CPU1[0m
[0;32mI (332) main_task: Started on CPU0[0m
[0;32mI (342) main_task: Calling app_main()[0m
# config=0x4127
# calibration=0x2800
# manufacturer_id=0x5449
# die_id=0x2260
# experiment=stable_idle_noise
# composition=idle_only
# task_type=none
# intensity=idle
# workload_core=none
# sampling_core=0
# logger_core=0
# stable_idle_duration_ms=60000
# measurement_interval_ms=10
# sampling_method=timer_driven_polling
# buffer_type=FreeRTOS_queue
# sample_queue_length=2048
# uart_usage=log_transfer_only
# timestamp_source=ESP32_esp_timer_get_time
timestamp_us,shunt_voltage_mV,bus_voltage_V,current_mA,power_mW,workload_state,status
# phase=stable_idle
10242,0.332500,5.083750,33.250,170.000,0,OK
20218,0.332500,5.083750,33.250,167.500,0,OK
30230,0.327500,5.083750,32.750,166.250,0,OK
40218,0.332500,5.083750,33.250,167.500,0,OK
50226,0.332500,5.085000,33.250,170.000,0,OK
60222,0.332500,5.081250,33.250,167.500,0,OK
70226,0.332500,5.085000,33.000,167.500,0,OK
80222,0.332500,5.083750,33.250,170.000,0,OK
90226,0.332500,5.085000,33.000,167.500,0,OK
100222,0.332500,5.085000,33.250,170.000,0,OK
110226,0.332500,5.083750,32.750,167.500,0,OK
120222,0.330000,5.083750,33.000,167.500,0,OK
130226,0.330000,5.078750,33.000,167.500,0,OK
140218,0.330000,5.083750,33.000,167.500,0,OK
150226,0.335000,5.082500,33.500,170.000,0,OK
160218,0.332500,5.085000,33.250,170.000,0,OK
170230,0.335000,5.083750,33.500,170.000,0,OK
180218,0.332500,5.085000,33.000,167.500,0,OK
190230,0.330000,5.083750,33.000,167.500,0,OK
200218,0.335000,5.085000,33.000,170.000,0,OK
210226,0.332500,5.083750,33.250,170.000,0,OK
220222,0.332500,5.078750,33.250,167.500,0,OK
230226,0.327500,5.083750,32.750,166.250,0,OK
240222,0.332500,5.085000,33.250,170.000,0,OK
250226,0.330000,5.083750,33.250,170.000,0,OK
260222,0.335000,5.085000,33.500,170.000,0,OK
270226,0.335000,5.086250,33.250,170.000,0,OK
280222,0.332500,5.085000,33.250,170.000,0,OK
290226,0.335000,5.085000,33.250,170.000,0,OK
300222,0.332500,5.085000,33.250,170.000,0,OK
310226,0.330000,5.078750,33.000,167.500,0,OK
320222,0.345000,5.083750,32.750,166.250,0,OK
330226,0.332500,5.083750,33.250,170.000,0,OK
340218,0.332500,5.083750,33.000,167.500,0,OK
350230,0.332500,5.083750,33.250,170.000,0,OK
360218,0.332500,5.085000,33.000,167.500,0,OK
370230,0.332500,5.085000,33.250,170.000,0,OK
380218,0.332500,5.085000,33.250,167.500,0,OK
390230,0.330000,5.085000,33.000,167.500,0,OK
400218,0.327500,5.080000,32.750,166.250,0,OK
410230,0.345000,5.085000,33.250,170.000,0,OK
420218,0.332500,5.085000,33.250,170.000,0,OK
430230,0.330000,5.083750,33.000,167.500,0,OK
440218,0.332500,5.085000,33.250,170.000,0,OK
450226,0.332500,5.083750,33.000,167.500,0,OK
460222,0.332500,5.085000,33.250,170.000,0,OK
470226,0.332500,5.085000,33.250,167.500,0,OK
480222,0.330000,5.085000,33.000,167.500,0,OK
490226,0.332500,5.080000,33.250,167.500,0,OK
500222,0.337500,5.083750,33.000,167.500,0,OK
510226,0.335000,5.083750,33.500,170.000,0,OK
520218,0.330000,5.085000,33.000,167.500,0,OK
530230,0.330000,5.083750,33.000,167.500,0,OK
540218,0.330000,5.083750,33.000,167.500,0,OK
550226,0.330000,5.083750,33.000,167.500,0,OK
560218,0.330000,5.085000,33.000,167.500,0,OK
570226,0.332500,5.083750,33.250,170.000,0,OK
580222,0.332500,5.081250,33.250,167.500,0,OK
590226,0.337500,5.085000,33.250,170.000,0,OK
600222,0.332500,5.085000,33.250,170.000,0,OK
610226,0.330000,5.083750,33.250,170.000,0,OK
620222,0.330000,5.085000,33.000,167.500,0,OK
630226,0.332500,5.085000,32.750,167.500,0,OK
640222,0.330000,5.085000,33.000,167.500,0,OK
650226,0.332500,5.083750,33.250,167.500,0,OK
660222,0.330000,5.083750,33.000,167.500,0,OK
670226,0.327500,5.081250,32.750,166.250,0,OK
680218,0.332500,5.085000,33.500,170.000,0,OK
690226,0.332500,5.083750,33.250,170.000,0,OK
700222,0.330000,5.082500,33.250,170.000,0,OK
710226,0.327500,5.083750,32.750,166.250,0,OK
720222,0.335000,5.083750,33.250,170.000,0,OK
730226,0.330000,5.083750,33.000,167.500,0,OK
740222,0.332500,5.077500,33.250,167.500,0,OK
750226,0.332500,5.085000,33.250,170.000,0,OK
760222,0.330000,5.083750,33.000,167.500,0,OK
770226,0.332500,5.083750,33.250,170.000,0,OK
780218,0.332500,5.085000,33.250,170.000,0,OK
790230,0.332500,5.083750,33.250,170.000,0,OK
800218,0.332500,5.085000,33.250,170.000,0,OK
810230,0.332500,5.083750,33.250,167.500,0,OK
820218,0.330000,5.083750,33.000,167.500,0,OK
830230,0.330000,5.080000,33.000,167.500,0,OK
840218,0.330000,5.083750,33.000,167.500,0,OK
850226,0.332500,5.083750,33.250,170.000,0,OK
860218,0.327500,5.083750,33.500,170.000,0,OK
870230,0.337500,5.085000,33.750,172.500,0,OK
880218,0.335000,5.085000,33.000,167.500,0,OK
890230,0.332500,5.085000,33.250,170.000,0,OK
900218,0.332500,5.085000,33.250,167.500,0,OK
910230,0.332500,5.083750,33.250,170.000,0,OK
920218,0.330000,5.078750,33.000,167.500,0,OK
930230,0.335000,5.083750,33.500,170.000,0,OK
940218,0.332500,5.083750,33.250,170.000,0,OK
950230,0.330000,5.082500,33.000,167.500,0,OK
960218,0.332500,5.085000,33.250,170.000,0,OK
970226,0.332500,5.085000,33.250,170.000,0,OK
980222,0.330000,5.083750,33.000,167.500,0,OK
990226,0.332500,5.085000,33.250,167.500,0,OK
1000218,0.327500,5.086250,32.750,166.250,0,OK
1010230,0.332500,5.080000,33.250,167.500,0,OK
1020218,0.340000,5.085000,33.250,170.000,0,OK
1030230,0.330000,5.083750,33.000,167.500,0,OK
1040218,0.332500,5.083750,33.250,170.000,0,OK
1050226,0.332500,5.085000,33.250,170.000,0,OK
1060222,0.332500,5.085000,33.250,167.500,0,OK
1070226,0.332500,5.083750,33.250,170.000,0,OK
1080222,0.332500,5.085000,33.250,167.500,0,OK
1090226,0.330000,5.083750,33.000,167.500,0,OK
1100222,0.337500,5.081250,33.750,172.500,0,OK
1110226,0.337500,5.083750,33.000,167.500,0,OK
1120222,0.332500,5.085000,33.250,170.000,0,OK
1130226,0.330000,5.085000,33.000,167.500,0,OK
1140222,0.330000,5.083750,33.000,167.500,0,OK
1150226,0.330000,5.085000,33.000,167.500,0,OK
1160218,0.332500,5.085000,33.250,170.000,0,OK
1170230,0.335000,5.085000,33.500,170.000,0,OK
1180218,0.330000,5.083750,33.000,167.500,0,OK
1190230,0.332500,5.081250,33.250,167.500,0,OK
1200218,0.335000,5.083750,32.750,166.250,0,OK
1210230,0.332500,5.085000,33.250,170.000,0,OK
1220218,0.332500,5.083750,32.750,166.250,0,OK
1230230,0.332500,5.085000,33.250,170.000,0,OK
1240218,0.335000,5.083750,33.000,170.000,0,OK
1250230,0.332500,5.083750,33.250,170.000,0,OK
1260218,0.332500,5.083750,33.250,167.500,0,OK
1270230,0.330000,5.085000,33.000,167.500,0,OK
1280218,0.332500,5.083750,33.250,170.000,0,OK
1290230,0.335000,5.085000,33.250,170.000,0,OK
1300218,0.335000,5.085000,33.500,170.000,0,OK
1310230,0.330000,5.083750,33.000,167.500,0,OK
1320218,0.330000,5.085000,33.000,167.500,0,OK
1330226,0.332500,5.085000,33.250,167.500,0,OK
1340222,0.332500,5.083750,33.250,170.000,0,OK
1350226,0.332500,5.078750,33.250,167.500,0,OK
1360222,0.327500,5.083750,32.750,166.250,0,OK
1370226,0.330000,5.083750,33.000,167.500,0,OK
1380218,0.330000,5.083750,33.000,167.500,0,OK
1390226,0.335000,5.085000,33.500,170.000,0,OK
1400218,0.330000,5.083750,33.000,167.500,0,OK
1410230,0.330000,5.085000,33.000,167.500,0,OK
1420218,0.332500,5.085000,33.250,167.500,0,OK
1430230,0.332500,5.085000,33.250,170.000,0,OK
1440218,0.332500,5.080000,33.250,167.500,0,OK
1450230,0.330000,5.083750,33.000,167.500,0,OK
1460218,0.332500,5.082500,33.250,170.000,0,OK
1470226,0.327500,5.085000,33.000,167.500,0,OK
1480222,0.337500,5.083750,33.750,172.500,0,OK
1490226,0.330000,5.085000,33.000,167.500,0,OK
1500222,0.332500,5.085000,33.250,170.000,0,OK
1510226,0.332500,5.086250,33.500,167.500,0,OK
1520222,0.332500,5.085000,33.250,170.000,0,OK
1530226,0.332500,5.080000,33.250,167.500,0,OK
1540222,0.330000,5.083750,33.000,167.500,0,OK
1550226,0.335000,5.083750,33.500,170.000,0,OK
1560218,0.330000,5.083750,33.250,170.000,0,OK
1570230,0.335000,5.085000,33.500,170.000,0,OK
1580218,0.332500,5.083750,33.000,167.500,0,OK
1590230,0.330000,5.083750,33.000,167.500,0,OK
1600218,0.332500,5.083750,33.000,167.500,0,OK
1610226,0.332500,5.083750,33.250,170.000,0,OK
1620222,0.332500,5.080000,33.250,167.500,0,OK
1630226,0.342500,5.083750,33.000,167.500,0,OK
1640222,0.332500,5.085000,33.250,170.000,0,OK
1650226,0.332500,5.085000,33.000,167.500,0,OK
1660222,0.330000,5.083750,33.000,167.500,0,OK
1670226,0.332500,5.085000,33.250,167.500,0,OK
1680218,0.330000,5.085000,33.000,167.500,0,OK
1690230,0.335000,5.083750,33.500,170.000,0,OK
1700218,0.332500,5.085000,33.250,170.000,0,OK
1710230,0.335000,5.080000,33.500,170.000,0,OK
1720218,0.342500,5.085000,33.000,167.500,0,OK
1730230,0.335000,5.083750,33.500,170.000,0,OK
1740218,0.332500,5.083750,32.750,166.250,0,OK
1750230,0.332500,5.083750,33.250,170.000,0,OK
1760218,0.332500,5.083750,33.000,167.500,0,OK
1770230,0.327500,5.083750,32.750,166.250,0,OK
1780218,0.332500,5.083750,33.250,167.500,0,OK
1790226,0.332500,5.083750,33.250,170.000,0,OK
1800222,0.332500,5.081250,33.250,167.500,0,OK
1810226,0.335000,5.085000,33.250,170.000,0,OK
1820222,0.330000,5.085000,33.000,167.500,0,OK
1830226,0.330000,5.083750,33.250,170.000,0,OK
1840222,0.330000,5.085000,33.000,167.500,0,OK
1850226,0.335000,5.085000,33.250,170.000,0,OK
1860222,0.332500,5.083750,33.250,170.000,0,OK
1870226,0.332500,5.083750,33.250,167.500,0,OK
1880222,0.330000,5.085000,33.000,167.500,0,OK
1890226,0.332500,5.082500,33.250,170.000,0,OK
1900222,0.332500,5.083750,33.000,167.500,0,OK
1910226,0.332500,5.085000,33.250,170.000,0,OK
1920222,0.332500,5.083750,33.250,170.000,0,OK
1930226,0.330000,5.085000,33.000,167.500,0,OK
1940222,0.332500,5.085000,33.250,167.500,0,OK
1950226,0.332500,5.085000,33.250,170.000,0,OK
1960222,0.330000,5.077500,33.000,167.500,0,OK
1970226,0.332500,5.085000,33.250,170.000,0,OK
1980218,0.332500,5.083750,33.250,170.000,0,OK
1990230,0.332500,5.085000,33.250,170.000,0,OK
2000218,0.332500,5.085000,33.250,170.000,0,OK
2010230,0.332500,5.083750,33.000,167.500,0,OK
2020218,0.332500,5.083750,33.250,170.000,0,OK
2030230,0.332500,5.083750,33.250,167.500,0,OK
2040218,0.332500,5.083750,33.250,170.000,0,OK
2050230,0.335000,5.078750,33.500,170.000,0,OK
2060218,0.332500,5.083750,33.250,170.000,0,OK
2070230,0.332500,5.083750,33.250,170.000,0,OK
2080218,0.330000,5.085000,33.250,170.000,0,OK
2090230,0.332500,5.085000,33.250,170.000,0,OK
2100218,0.330000,5.083750,32.750,166.250,0,OK
2110230,0.330000,5.083750,33.000,167.500,0,OK
2120218,0.332500,5.085000,33.000,167.500,0,OK
2130226,0.327500,5.083750,32.750,166.250,0,OK
2140222,0.332500,5.080000,33.250,167.500,0,OK
2150226,0.330000,5.085000,33.000,167.500,0,OK
2160222,0.332500,5.083750,33.250,170.000,0,OK
2170226,0.332500,5.083750,32.750,166.250,0,OK
2180222,0.335000,5.085000,33.500,170.000,0,OK
2190226,0.332500,5.085000,33.250,170.000,0,OK
2200222,0.332500,5.083750,33.250,170.000,0,OK
2210226,0.332500,5.083750,33.250,167.500,0,OK
2220222,0.330000,5.085000,33.000,167.500,0,OK
2230226,0.332500,5.080000,33.250,167.500,0,OK
2240222,0.342500,5.083750,33.000,167.500,0,OK
2250226,0.332500,5.082500,33.250,170.000,0,OK
2260222,0.330000,5.083750,33.000,167.500,0,OK
2270226,0.332500,5.085000,33.250,170.000,0,OK
2280218,0.335000,5.083750,33.250,170.000,0,OK
2290230,0.332500,5.083750,33.250,170.000,0,OK
2300218,0.332500,5.085000,33.250,167.500,0,OK
2310230,0.332500,5.083750,33.250,170.000,0,OK
2320218,0.332500,5.081250,33.250,167.500,0,OK
2330230,0.337500,5.083750,33.250,170.000,0,OK
2340218,0.332500,5.085000,33.250,170.000,0,OK
2350230,0.332500,5.083750,33.000,167.500,0,OK
2360218,0.332500,5.083750,33.250,170.000,0,OK
2370230,0.335000,5.082500,33.000,170.000,0,OK
2380218,0.330000,5.083750,33.000,167.500,0,OK
2390230,0.332500,5.083750,33.250,167.500,0,OK
2400218,0.327500,5.083750,32.750,166.250,0,OK
2410230,0.335000,5.081250,33.500,170.000,0,OK
2420218,0.335000,5.083750,33.250,170.000,0,OK
2430230,0.335000,5.083750,33.500,170.000,0,OK
2440218,0.332500,5.085000,33.250,170.000,0,OK
2450230,0.330000,5.083750,33.000,167.500,0,OK
2460218,0.335000,5.083750,33.250,170.000,0,OK
2470226,0.327500,5.083750,32.750,166.250,0,OK
2480222,0.332500,5.083750,33.250,167.500,0,OK
2490226,0.330000,5.085000,33.000,167.500,0,OK
2500222,0.332500,5.082500,33.250,170.000,0,OK
2510226,0.332500,5.085000,32.750,166.250,0,OK
2520222,0.335000,5.085000,33.500,170.000,0,OK
2530226,0.330000,5.083750,33.250,170.000,0,OK
2540222,0.330000,5.083750,33.000,167.500,0,OK
2550226,0.335000,5.083750,32.750,170.000,0,OK
2560218,0.330000,5.083750,33.000,167.500,0,OK
2570230,0.332500,5.085000,33.250,167.500,0,OK
2580218,0.330000,5.082500,33.000,167.500,0,OK
2590230,0.332500,5.082500,33.250,170.000,0,OK
2600218,0.330000,5.083750,33.500,170.000,0,OK
2610230,0.335000,5.085000,33.500,170.000,0,OK
2620218,0.330000,5.083750,32.750,166.250,0,OK
2630230,0.330000,5.083750,33.000,167.500,0,OK
2640218,0.330000,5.085000,33.250,167.500,0,OK
2650226,0.330000,5.083750,33.000,167.500,0,OK
2660222,0.330000,5.078750,33.000,167.500,0,OK
2670226,0.332500,5.083750,33.250,170.000,0,OK
2680218,0.330000,5.083750,33.000,167.500,0,OK
2690230,0.332500,5.083750,33.250,170.000,0,OK
2700218,0.330000,5.085000,33.000,167.500,0,OK
2710230,0.332500,5.082500,33.250,170.000,0,OK
2720218,0.332500,5.083750,33.250,170.000,0,OK
2730230,0.335000,5.085000,33.250,170.000,0,OK
2740218,0.330000,5.085000,33.000,167.500,0,OK
2750230,0.330000,5.080000,33.000,167.500,0,OK
2760218,0.332500,5.085000,33.250,170.000,0,OK
2770226,0.335000,5.083750,33.500,170.000,0,OK
2780222,0.332500,5.083750,33.500,170.000,0,OK
2790226,0.332500,5.085000,33.250,170.000,0,OK
2800222,0.332500,5.083750,33.000,167.500,0,OK
2810226,0.332500,5.083750,33.250,170.000,0,OK
2820222,0.332500,5.083750,33.250,167.500,0,OK
2830226,0.332500,5.083750,33.250,170.000,0,OK
2840222,0.332500,5.080000,33.250,167.500,0,OK
2850226,0.342500,5.083750,33.000,167.500,0,OK
2860222,0.335000,5.083750,33.500,170.000,0,OK
2870226,0.335000,5.083750,33.000,167.500,0,OK
2880222,0.332500,5.083750,33.250,170.000,0,OK
2890226,0.332500,5.083750,33.250,170.000,0,OK
2900222,0.332500,5.083750,33.250,170.000,0,OK
2910226,0.332500,5.085000,33.250,167.500,0,OK
2920222,0.332500,5.083750,33.250,170.000,0,OK
2930226,0.332500,5.080000,33.250,167.500,0,OK
2940222,0.342500,5.083750,33.000,167.500,0,OK
2950226,0.335000,5.083750,33.500,170.000,0,OK
2960222,0.332500,5.082500,33.250,170.000,0,OK
2970226,0.332500,5.085000,33.250,170.000,0,OK
2980222,0.335000,5.085000,33.250,170.000,0,OK
2990226,0.327500,5.083750,32.750,166.250,0,OK
3000222,0.332500,5.083750,33.250,167.500,0,OK
3010226,0.332500,5.083750,33.250,170.000,0,OK
3020222,0.332500,5.081250,33.250,167.500,0,OK
3030226,0.337500,5.082500,33.250,170.000,0,OK
3040222,0.332500,5.083750,33.250,170.000,0,OK
3050226,0.332500,5.083750,33.000,167.500,0,OK
3060222,0.330000,5.082500,33.000,167.500,0,OK
3070226,0.332500,5.085000,33.000,167.500,0,OK
3080218,0.332500,5.083750,33.250,170.000,0,OK
3090230,0.332500,5.085000,33.250,167.500,0,OK
3100218,0.330000,5.083750,33.000,167.500,0,OK
3110230,0.332500,5.081250,33.250,167.500,0,OK
3120218,0.332500,5.085000,33.250,170.000,0,OK
3130230,0.332500,5.083750,33.250,170.000,0,OK
3140218,0.332500,5.085000,33.000,167.500,0,OK
3150230,0.327500,5.083750,32.750,166.250,0,OK
3160218,0.332500,5.083750,33.250,167.500,0,OK
3170226,0.330000,5.085000,33.000,167.500,0,OK
3180222,0.332500,5.085000,33.250,167.500,0,OK
3190226,0.332500,5.083750,33.250,170.000,0,OK
3200222,0.332500,5.082500,33.250,170.000,0,OK
3210226,0.332500,5.083750,33.000,167.500,0,OK
3220222,0.332500,5.085000,33.250,170.000,0,OK
3230226,0.330000,5.083750,33.250,170.000,0,OK
3240222,0.330000,5.083750,33.000,167.500,0,OK
3250226,0.335000,5.083750,33.000,170.000,0,OK
3260218,0.330000,5.083750,33.000,167.500,0,OK
3270230,0.332500,5.080000,33.250,167.500,0,OK
3280218,0.332500,5.083750,33.250,170.000,0,OK
3290230,0.332500,5.083750,33.250,170.000,0,OK
3300218,0.332500,5.083750,33.250,170.000,0,OK
3310230,0.332500,5.085000,33.250,170.000,0,OK
3320218,0.330000,5.085000,33.000,167.500,0,OK
3330230,0.330000,5.083750,33.000,167.500,0,OK
3340218,0.335000,5.083750,33.000,170.000,0,OK
3350226,0.330000,5.085000,33.000,167.500,0,OK
3360222,0.332500,5.078750,33.250,167.500,0,OK
3370226,0.332500,5.083750,33.250,170.000,0,OK
3380222,0.332500,5.083750,33.250,170.000,0,OK
3390226,0.332500,5.083750,33.500,170.000,0,OK
3400222,0.335000,5.085000,33.500,170.000,0,OK
3410226,0.330000,5.083750,33.000,167.500,0,OK
3420222,0.330000,5.085000,33.000,167.500,0,OK
3430226,0.332500,5.085000,33.250,167.500,0,OK
3440222,0.330000,5.083750,33.000,167.500,0,OK
3450226,0.335000,5.078750,33.500,170.000,0,OK
3460218,0.345000,5.083750,33.250,170.000,0,OK
3470230,0.335000,5.085000,33.500,170.000,0,OK
3480218,0.330000,5.086250,33.000,167.500,0,OK
3490230,0.335000,5.085000,33.500,170.000,0,OK
3500218,0.332500,5.085000,33.250,170.000,0,OK
3510230,0.332500,5.083750,33.250,170.000,0,OK
3520218,0.332500,5.085000,33.250,167.500,0,OK
3530230,0.332500,5.083750,33.250,170.000,0,OK
3540218,0.332500,5.081250,33.250,167.500,0,OK
3550230,0.340000,5.083750,33.000,167.500,0,OK
3560218,0.335000,5.083750,33.500,170.000,0,OK
3570230,0.332500,5.085000,33.000,167.500,0,OK
3580218,0.332500,5.085000,33.250,170.000,0,OK
3590230,0.335000,5.085000,32.750,170.000,0,OK
3600218,0.335000,5.085000,33.500,170.000,0,OK
3610230,0.332500,5.085000,33.250,167.500,0,OK
3620218,0.332500,5.082500,33.250,170.000,0,OK
3630230,0.332500,5.082500,33.250,170.000,0,OK
3640218,0.337500,5.083750,33.250,170.000,0,OK
3650230,0.332500,5.083750,33.250,170.000,0,OK
3660218,0.332500,5.083750,33.250,170.000,0,OK
3670230,0.330000,5.083750,33.000,167.500,0,OK
3680218,0.332500,5.085000,33.000,167.500,0,OK
3690226,0.332500,5.082500,33.250,170.000,0,OK
3700222,0.337500,5.085000,33.750,172.500,0,OK
3710226,0.332500,5.085000,33.250,170.000,0,OK
3720222,0.335000,5.082500,33.500,170.000,0,OK
3730226,0.332500,5.083750,33.250,170.000,0,OK
3740222,0.332500,5.083750,33.250,170.000,0,OK
3750226,0.330000,5.083750,33.000,167.500,0,OK
3760222,0.332500,5.083750,33.250,170.000,0,OK
3770226,0.332500,5.083750,33.250,167.500,0,OK
3780222,0.330000,5.083750,33.000,167.500,0,OK
3790226,0.332500,5.083750,33.250,167.500,0,OK
3800218,0.330000,5.083750,33.000,167.500,0,OK
3810230,0.330000,5.083750,33.000,167.500,0,OK
3820218,0.330000,5.082500,33.000,167.500,0,OK
3830226,0.335000,5.085000,33.500,170.000,0,OK
3840218,0.327500,5.085000,33.250,170.000,0,OK
3850230,0.332500,5.083750,33.250,170.000,0,OK
3860218,0.332500,5.085000,33.250,167.500,0,OK
3870230,0.332500,5.083750,33.250,170.000,0,OK
3880218,0.332500,5.077500,33.250,167.500,0,OK
3890230,0.330000,5.085000,33.000,167.500,0,OK
3900218,0.335000,5.083750,33.500,170.000,0,OK
3910230,0.330000,5.083750,33.000,167.500,0,OK
3920218,0.332500,5.083750,33.250,170.000,0,OK
3930226,0.335000,5.085000,33.250,170.000,0,OK
3940222,0.330000,5.083750,33.000,167.500,0,OK
3950226,0.332500,5.083750,32.750,167.500,0,OK
3960218,0.330000,5.083750,33.000,167.500,0,OK
3970230,0.332500,5.080000,33.250,167.500,0,OK
3980218,0.332500,5.085000,33.250,170.000,0,OK
3990230,0.335000,5.083750,33.500,170.000,0,OK
4000218,0.335000,5.083750,33.000,167.500,0,OK
4010230,0.330000,5.083750,33.000,167.500,0,OK
4020218,0.335000,5.083750,32.750,166.250,0,OK
4030226,0.330000,5.083750,33.000,167.500,0,OK
4040218,0.335000,5.086250,33.250,170.000,0,OK
4050226,0.332500,5.083750,33.250,170.000,0,OK
4060222,0.330000,5.080000,33.000,167.500,0,OK
4070226,0.345000,5.083750,33.250,170.000,0,OK
4080218,0.335000,5.085000,33.500,170.000,0,OK
4090230,0.332500,5.083750,33.250,170.000,0,OK
4100218,0.332500,5.083750,33.250,170.000,0,OK
4110230,0.335000,5.083750,33.250,170.000,0,OK
4120218,0.330000,5.083750,33.000,167.500,0,OK
4130230,0.335000,5.083750,33.500,170.000,0,OK
4140218,0.330000,5.085000,33.000,167.500,0,OK
4150230,0.332500,5.081250,33.250,167.500,0,OK
4160218,0.342500,5.083750,33.250,170.000,0,OK
4170230,0.332500,5.083750,33.250,170.000,0,OK
4180218,0.332500,5.085000,33.250,170.000,0,OK
4190230,0.332500,5.085000,33.250,170.000,0,OK
4200218,0.332500,5.083750,33.250,167.500,0,OK
4210230,0.330000,5.083750,33.000,167.500,0,OK
4220218,0.330000,5.085000,33.000,167.500,0,OK
4230226,0.327500,5.082500,32.750,166.250,0,OK
4240222,0.335000,5.081250,33.500,170.000,0,OK
4250226,0.337500,5.085000,33.250,170.000,0,OK
4260222,0.332500,5.085000,33.250,170.000,0,OK
4270226,0.330000,5.083750,33.250,170.000,0,OK
4280222,0.330000,5.083750,33.000,167.500,0,OK
4290226,0.332500,5.085000,33.000,167.500,0,OK
4300218,0.332500,5.083750,33.250,170.000,0,OK
4310230,0.332500,5.083750,33.250,167.500,0,OK
4320218,0.335000,5.083750,33.500,170.000,0,OK
4330230,0.332500,5.082500,33.250,170.000,0,OK
4340218,0.335000,5.085000,33.250,170.000,0,OK
4350230,0.332500,5.083750,33.250,170.000,0,OK
4360218,0.330000,5.083750,33.000,167.500,0,OK
4370230,0.332500,5.083750,33.250,170.000,0,OK
4380218,0.335000,5.083750,33.250,170.000,0,OK
4390230,0.332500,5.085000,33.250,170.000,0,OK
4400218,0.335000,5.085000,33.500,170.000,0,OK
4410230,0.332500,5.083750,33.250,170.000,0,OK
4420218,0.337500,5.082500,33.750,172.500,0,OK
4430230,0.332500,5.083750,33.000,167.500,0,OK
4440218,0.332500,5.083750,33.250,170.000,0,OK
4450230,0.335000,5.083750,33.000,167.500,0,OK
4460218,0.330000,5.083750,33.000,167.500,0,OK
4470226,0.332500,5.082500,32.750,167.500,0,OK
4480218,0.332500,5.085000,33.250,170.000,0,OK
4490230,0.335000,5.077500,33.500,170.000,0,OK
4500218,0.330000,5.083750,33.000,167.500,0,OK
4510230,0.332500,5.083750,33.250,170.000,0,OK
4520218,0.330000,5.083750,33.250,170.000,0,OK
4530230,0.332500,5.083750,33.250,170.000,0,OK
4540218,0.330000,5.083750,33.250,170.000,0,OK
4550230,0.332500,5.085000,33.250,170.000,0,OK
4560218,0.332500,5.083750,33.000,167.500,0,OK
4570230,0.330000,5.083750,33.000,167.500,0,OK
4580218,0.332500,5.080000,33.250,167.500,0,OK
4590226,0.330000,5.085000,33.000,167.500,0,OK
4600222,0.335000,5.083750,33.500,170.000,0,OK
4610226,0.332500,5.083750,33.250,170.000,0,OK
4620222,0.332500,5.083750,33.250,170.000,0,OK
4630226,0.337500,5.083750,33.250,170.000,0,OK
4640222,0.330000,5.083750,33.000,167.500,0,OK
4650226,0.330000,5.083750,33.250,167.500,0,OK
4660218,0.330000,5.085000,33.000,167.500,0,OK
4670230,0.330000,5.078750,33.000,167.500,0,OK
4680218,0.345000,5.082500,33.250,170.000,0,OK
4690226,0.335000,5.083750,33.500,170.000,0,OK
4700222,0.330000,5.083750,33.250,170.000,0,OK
4710226,0.332500,5.083750,33.250,170.000,0,OK
4720222,0.332500,5.085000,33.250,170.000,0,OK
4730226,0.332500,5.085000,33.250,170.000,0,OK
4740222,0.332500,5.082500,33.250,167.500,0,OK
4750226,0.330000,5.083750,33.000,167.500,0,OK
4760222,0.332500,5.081250,33.250,167.500,0,OK
4770226,0.340000,5.085000,33.250,170.000,0,OK
4780222,0.330000,5.083750,33.000,167.500,0,OK
4790226,0.335000,5.083750,33.000,167.500,0,OK
4800218,0.335000,5.086250,33.500,170.000,0,OK
4810226,0.335000,5.083750,33.250,170.000,0,OK
4820222,0.330000,5.085000,33.000,167.500,0,OK
4830226,0.335000,5.085000,33.500,170.000,0,OK
4840222,0.335000,5.083750,33.500,170.000,0,OK
4850226,0.335000,5.078750,33.500,170.000,0,OK
4860222,0.335000,5.083750,33.000,167.500,0,OK
4870226,0.335000,5.082500,33.500,170.000,0,OK
4880218,0.332500,5.082500,33.000,167.500,0,OK
4890230,0.332500,5.083750,33.250,170.000,0,OK
4900218,0.335000,5.085000,33.250,170.000,0,OK
4910230,0.332500,5.083750,33.250,170.000,0,OK
4920218,0.330000,5.083750,33.000,167.500,0,OK
4930230,0.332500,5.083750,33.250,170.000,0,OK
4940218,0.332500,5.081250,33.250,167.500,0,OK
4950230,0.332500,5.085000,33.250,170.000,0,OK
4960218,0.332500,5.083750,33.250,170.000,0,OK
4970230,0.330000,5.083750,33.250,170.000,0,OK
4980218,0.335000,5.083750,33.500,170.000,0,OK
4990230,0.335000,5.085000,33.000,170.000,0,OK
5000218,0.332500,5.083750,33.250,170.000,0,OK
5010230,0.332500,5.085000,33.250,167.500,0,OK
5020218,0.332500,5.085000,33.250,170.000,0,OK
5030230,0.332500,5.082500,33.250,170.000,0,OK
5040218,0.327500,5.085000,33.250,170.000,0,OK
5050230,0.335000,5.085000,33.500,170.000,0,OK
5060218,0.332500,5.085000,33.250,170.000,0,OK
5070230,0.330000,5.083750,33.000,167.500,0,OK
5080218,0.332500,5.083750,33.250,167.500,0,OK
5090226,0.332500,5.085000,33.250,170.000,0,OK
5100222,0.330000,5.077500,33.000,167.500,0,OK
5110226,0.327500,5.083750,32.750,166.250,0,OK
5120218,0.332500,5.083750,33.250,170.000,0,OK
5130226,0.332500,5.085000,33.250,170.000,0,OK
5140222,0.335000,5.083750,33.500,170.000,0,OK
5150226,0.330000,5.083750,33.000,167.500,0,OK
5160222,0.330000,5.083750,33.000,167.500,0,OK
5170226,0.335000,5.085000,33.250,170.000,0,OK
5180218,0.330000,5.085000,33.000,167.500,0,OK
5190230,0.335000,5.078750,33.500,170.000,0,OK
5200218,0.335000,5.083750,33.500,170.000,0,OK
5210230,0.332500,5.085000,33.250,170.000,0,OK
5220218,0.330000,5.083750,33.250,170.000,0,OK
5230230,0.332500,5.085000,33.250,170.000,0,OK
5240218,0.332500,5.083750,33.000,167.500,0,OK
5250230,0.330000,5.083750,33.000,167.500,0,OK
5260218,0.330000,5.083750,32.750,167.500,0,OK
5270226,0.332500,5.083750,33.250,170.000,0,OK
5280218,0.330000,5.078750,33.000,167.500,0,OK
5290230,0.345000,5.082500,33.500,170.000,0,OK
5300218,0.332500,5.083750,33.250,170.000,0,OK
5310230,0.330000,5.083750,33.000,167.500,0,OK
5320218,0.330000,5.083750,33.000,167.500,0,OK
5330226,0.332500,5.083750,33.000,167.500,0,OK
5340218,0.330000,5.083750,33.000,167.500,0,OK
5350230,0.332500,5.085000,33.250,167.500,0,OK
5360218,0.332500,5.083750,33.250,170.000,0,OK
5370230,0.335000,5.080000,33.500,170.000,0,OK
5380218,0.342500,5.085000,33.000,167.500,0,OK
5390230,0.335000,5.083750,33.500,170.000,0,OK
5400218,0.330000,5.085000,33.250,170.000,0,OK
5410230,0.330000,5.083750,33.000,167.500,0,OK
5420218,0.332500,5.083750,33.250,167.500,0,OK
5430226,0.330000,5.083750,33.000,167.500,0,OK
5440222,0.330000,5.083750,33.000,167.500,0,OK
5450226,0.335000,5.083750,33.500,170.000,0,OK
5460218,0.332500,5.081250,33.250,167.500,0,OK
5470230,0.340000,5.083750,33.000,167.500,0,OK
5480218,0.335000,5.085000,33.500,170.000,0,OK
5490230,0.335000,5.085000,32.750,166.250,0,OK
5500218,0.332500,5.085000,33.250,170.000,0,OK
5510230,0.332500,5.085000,33.250,167.500,0,OK
5520218,0.330000,5.085000,33.000,167.500,0,OK
5530230,0.332500,5.083750,33.250,167.500,0,OK
5540218,0.330000,5.083750,33.000,167.500,0,OK
5550230,0.332500,5.081250,33.250,167.500,0,OK
5560218,0.335000,5.083750,33.250,170.000,0,OK
5570230,0.332500,5.086250,33.250,170.000,0,OK
5580218,0.330000,5.085000,33.250,170.000,0,OK
5590230,0.330000,5.085000,33.000,167.500,0,OK
5600218,0.332500,5.083750,33.250,167.500,0,OK
5610230,0.330000,5.085000,33.000,167.500,0,OK
5620218,0.330000,5.085000,33.000,167.500,0,OK
5630230,0.332500,5.085000,33.250,170.000,0,OK
5640218,0.332500,5.082500,33.250,170.000,0,OK
5650230,0.332500,5.085000,33.000,167.500,0,OK
5660218,0.335000,5.083750,33.500,170.000,0,OK
5670230,0.337500,5.085000,33.250,170.000,0,OK
5680218,0.327500,5.085000,32.750,166.250,0,OK
5690230,0.337500,5.083750,33.750,172.500,0,OK
5700218,0.330000,5.083750,33.000,167.500,0,OK
5710230,0.332500,5.077500,33.250,167.500,0,OK
5720218,0.332500,5.083750,33.250,170.000,0,OK
5730230,0.332500,5.082500,33.250,170.000,0,OK
5740218,0.332500,5.083750,33.000,167.500,0,OK
5750230,0.332500,5.085000,33.250,170.000,0,OK
5760218,0.332500,5.085000,33.250,170.000,0,OK
5770230,0.330000,5.085000,33.000,167.500,0,OK
5780218,0.335000,5.083750,32.750,170.000,0,OK
5790230,0.332500,5.083750,33.250,170.000,0,OK
5800218,0.335000,5.078750,33.500,170.000,0,OK
5810230,0.332500,5.082500,33.250,170.000,0,OK
5820218,0.332500,5.083750,33.250,170.000,0,OK
5830230,0.330000,5.083750,33.250,170.000,0,OK
5840218,0.332500,5.083750,33.250,170.000,0,OK
5850230,0.335000,5.083750,33.250,170.000,0,OK
5860218,0.332500,5.082500,33.250,170.000,0,OK
5870230,0.332500,5.085000,33.000,167.500,0,OK
5880218,0.335000,5.083750,33.500,170.000,0,OK
5890230,0.332500,5.078750,33.250,167.500,0,OK
5900218,0.347500,5.083750,33.250,170.000,0,OK
5910230,0.335000,5.083750,33.500,170.000,0,OK
5920218,0.327500,5.083750,33.000,167.500,0,OK
5930230,0.335000,5.083750,33.500,170.000,0,OK
5940218,0.335000,5.083750,33.000,167.500,0,OK
5950230,0.327500,5.083750,32.750,166.250,0,OK
5960218,0.337500,5.083750,33.250,172.500,0,OK
5970226,0.330000,5.083750,33.000,167.500,0,OK
5980222,0.330000,5.081250,33.000,167.500,0,OK
5990226,0.342500,5.083750,33.250,170.000,0,OK
6000218,0.332500,5.085000,33.250,170.000,0,OK
6010230,0.327500,5.085000,33.000,167.500,0,OK
6020218,0.332500,5.083750,33.250,170.000,0,OK
6030230,0.332500,5.083750,33.000,167.500,0,OK
6040218,0.330000,5.083750,33.000,167.500,0,OK
6050230,0.332500,5.085000,33.250,167.500,0,OK
6060218,0.330000,5.083750,33.000,167.500,0,OK
6070230,0.335000,5.080000,33.500,170.000,0,OK
6080218,0.340000,5.085000,33.000,167.500,0,OK
6090230,0.332500,5.083750,33.250,170.000,0,OK
6100218,0.330000,5.083750,33.000,167.500,0,OK
6110230,0.332500,5.083750,33.250,170.000,0,OK
6120218,0.330000,5.085000,33.000,167.500,0,OK
6130230,0.332500,5.082500,33.250,170.000,0,OK
6140218,0.332500,5.083750,33.250,167.500,0,OK
6150230,0.332500,5.082500,33.250,170.000,0,OK
6160218,0.332500,5.082500,33.250,170.000,0,OK
6170230,0.332500,5.083750,33.000,167.500,0,OK
6180218,0.332500,5.083750,33.250,170.000,0,OK
6190230,0.332500,5.083750,33.250,170.000,0,OK
6200218,0.327500,5.085000,32.750,166.250,0,OK
6210230,0.332500,5.083750,33.000,167.500,0,OK
6220218,0.332500,5.083750,33.250,170.000,0,OK
6230230,0.335000,5.085000,33.500,170.000,0,OK
6240218,0.332500,5.085000,33.250,170.000,0,OK
6250230,0.335000,5.081250,33.500,170.000,0,OK
6260218,0.332500,5.082500,33.250,170.000,0,OK
6270230,0.335000,5.085000,33.500,170.000,0,OK
6280218,0.330000,5.083750,33.500,170.000,0,OK
6290230,0.330000,5.083750,33.000,167.500,0,OK
6300218,0.335000,5.085000,33.500,170.000,0,OK
6310226,0.330000,5.083750,33.000,167.500,0,OK
6320222,0.330000,5.083750,33.000,167.500,0,OK
6330226,0.335000,5.083750,33.500,170.000,0,OK
6340218,0.335000,5.082500,33.500,170.000,0,OK
6350230,0.327500,5.083750,33.000,167.500,0,OK
6360218,0.335000,5.083750,33.500,170.000,0,OK
6370226,0.332500,5.085000,33.500,170.000,0,OK
6380222,0.332500,5.083750,33.250,170.000,0,OK
6390226,0.335000,5.083750,33.250,170.000,0,OK
6400222,0.330000,5.083750,33.000,167.500,0,OK
6410226,0.335000,5.078750,33.500,170.000,0,OK
6420218,0.330000,5.083750,33.000,167.500,0,OK
6430230,0.335000,5.083750,33.500,170.000,0,OK
6440218,0.330000,5.083750,33.000,167.500,0,OK
6450230,0.332500,5.083750,33.250,170.000,0,OK
6460218,0.332500,5.083750,33.250,170.000,0,OK
6470230,0.332500,5.083750,33.250,170.000,0,OK
6480218,0.332500,5.083750,33.250,167.500,0,OK
6490230,0.332500,5.083750,33.250,170.000,0,OK
6500218,0.332500,5.080000,33.250,167.500,0,OK
6510230,0.347500,5.083750,33.000,167.500,0,OK
6520218,0.332500,5.083750,33.250,170.000,0,OK
6530226,0.332500,5.085000,32.750,166.250,0,OK
6540222,0.332500,5.085000,33.250,170.000,0,OK
6550226,0.332500,5.083750,33.000,167.500,0,OK
6560222,0.330000,5.083750,33.000,167.500,0,OK
6570226,0.332500,5.083750,33.250,167.500,0,OK
6580218,0.332500,5.083750,33.250,170.000,0,OK
6590230,0.332500,5.080000,33.250,167.500,0,OK
6600218,0.342500,5.083750,33.000,167.500,0,OK
6610230,0.335000,5.083750,33.500,170.000,0,OK
6620218,0.330000,5.085000,33.000,167.500,0,OK
6630230,0.332500,5.083750,33.250,170.000,0,OK
6640218,0.335000,5.085000,33.250,170.000,0,OK
6650230,0.332500,5.083750,33.250,170.000,0,OK
6660218,0.335000,5.082500,33.500,170.000,0,OK
6670230,0.327500,5.083750,32.750,166.250,0,OK
6680218,0.332500,5.081250,33.250,167.500,0,OK
6690226,0.337500,5.085000,33.000,167.500,0,OK
6700222,0.332500,5.083750,33.250,170.000,0,OK
6710226,0.332500,5.083750,33.000,167.500,0,OK
6720222,0.332500,5.083750,33.250,170.000,0,OK
6730226,0.335000,5.086250,33.250,170.000,0,OK
6740222,0.332500,5.083750,33.250,170.000,0,OK
6750226,0.335000,5.082500,33.500,170.000,0,OK
6760222,0.330000,5.083750,33.000,167.500,0,OK
6770226,0.332500,5.081250,33.250,167.500,0,OK
6780218,0.332500,5.085000,33.500,170.000,0,OK
6790230,0.332500,5.085000,33.250,170.000,0,OK
6800218,0.332500,5.083750,33.250,170.000,0,OK
6810230,0.332500,5.085000,33.250,170.000,0,OK
6820218,0.332500,5.083750,33.250,167.500,0,OK
6830230,0.335000,5.083750,33.500,170.000,0,OK
6840218,0.332500,5.085000,33.250,167.500,0,OK
6850230,0.330000,5.083750,33.000,167.500,0,OK
6860218,0.332500,5.081250,33.250,167.500,0,OK
6870226,0.332500,5.083750,33.250,170.000,0,OK
6880222,0.335000,5.083750,33.500,170.000,0,OK
6890226,0.330000,5.083750,33.250,170.000,0,OK
6900222,0.332500,5.083750,33.250,170.000,0,OK
6910226,0.335000,5.083750,33.000,170.000,0,OK
6920222,0.332500,5.085000,33.250,170.000,0,OK
6930226,0.335000,5.083750,33.500,170.000,0,OK
6940222,0.330000,5.085000,33.000,167.500,0,OK
6950226,0.330000,5.082500,33.000,167.500,0,OK
6960222,0.332500,5.083750,33.250,170.000,0,OK
6970226,0.330000,5.085000,33.000,167.500,0,OK
6980222,0.332500,5.083750,33.000,167.500,0,OK
6990226,0.330000,5.085000,33.000,167.500,0,OK
7000222,0.332500,5.083750,33.250,167.500,0,OK
7010226,0.332500,5.083750,33.250,170.000,0,OK
7020222,0.332500,5.078750,33.250,167.500,0,OK
7030226,0.332500,5.083750,33.250,170.000,0,OK
7040222,0.332500,5.082500,33.250,170.000,0,OK
7050226,0.335000,5.083750,33.000,167.500,0,OK
7060222,0.332500,5.083750,33.250,170.000,0,OK
7070226,0.332500,5.083750,33.250,170.000,0,OK
7080222,0.330000,5.083750,33.000,167.500,0,OK
7090226,0.332500,5.082500,33.250,167.500,0,OK
7100218,0.332500,5.085000,33.250,170.000,0,OK
7110230,0.330000,5.080000,33.000,167.500,0,OK
7120218,0.330000,5.083750,33.000,167.500,0,OK
7130226,0.335000,5.083750,33.500,170.000,0,OK
7140218,0.332500,5.083750,33.250,170.000,0,OK
7150230,0.335000,5.085000,33.500,170.000,0,OK
7160218,0.332500,5.083750,32.750,166.250,0,OK
7170230,0.330000,5.083750,33.000,167.500,0,OK
7180218,0.332500,5.085000,32.750,167.500,0,OK
7190226,0.330000,5.083750,33.000,167.500,0,OK
7200222,0.335000,5.080000,33.500,170.000,0,OK
7210226,0.342500,5.083750,33.250,170.000,0,OK
7220222,0.337500,5.082500,33.750,172.500,0,OK
7230226,0.332500,5.085000,33.250,170.000,0,OK
7240222,0.332500,5.083750,33.250,170.000,0,OK
7250226,0.335000,5.083750,33.000,170.000,0,OK
7260222,0.332500,5.083750,33.250,170.000,0,OK
7270226,0.330000,5.085000,33.000,167.500,0,OK
7280222,0.332500,5.083750,33.250,170.000,0,OK
7290226,0.332500,5.080000,33.250,167.500,0,OK
7300222,0.337500,5.083750,33.250,170.000,0,OK
7310226,0.337500,5.085000,33.750,172.500,0,OK
7320222,0.327500,5.085000,33.000,167.500,0,OK
7330226,0.332500,5.083750,33.250,170.000,0,OK
7340222,0.332500,5.085000,33.250,167.500,0,OK
7350226,0.332500,5.085000,33.250,170.000,0,OK
7360222,0.332500,5.083750,33.250,167.500,0,OK
7370226,0.330000,5.083750,33.000,167.500,0,OK
7380222,0.332500,5.081250,33.250,167.500,0,OK
7390226,0.337500,5.083750,33.000,167.500,0,OK
7400222,0.332500,5.083750,33.250,170.000,0,OK
7410226,0.332500,5.085000,33.000,167.500,0,OK
7420222,0.337500,5.083750,33.750,172.500,0,OK
7430226,0.332500,5.082500,33.250,167.500,0,OK
7440222,0.332500,5.085000,33.250,170.000,0,OK
7450226,0.335000,5.085000,33.500,170.000,0,OK
7460222,0.330000,5.083750,33.000,167.500,0,OK
7470226,0.335000,5.082500,33.500,170.000,0,OK
7480218,0.332500,5.082500,33.000,167.500,0,OK
7490230,0.335000,5.083750,33.500,170.000,0,OK
7500218,0.330000,5.085000,33.250,170.000,0,OK
7510230,0.332500,5.085000,33.250,170.000,0,OK
7520218,0.335000,5.083750,33.000,170.000,0,OK
7530230,0.332500,5.085000,33.250,170.000,0,OK
7540218,0.332500,5.083750,33.250,167.500,0,OK
7550230,0.332500,5.083750,33.250,170.000,0,OK
7560218,0.332500,5.083750,33.250,170.000,0,OK
7570230,0.332500,5.083750,33.000,167.500,0,OK
7580218,0.332500,5.086250,33.250,170.000,0,OK
7590230,0.332500,5.085000,33.250,170.000,0,OK
7600218,0.332500,5.085000,33.250,170.000,0,OK
7610230,0.335000,5.086250,33.000,170.000,0,OK
7620218,0.330000,5.085000,33.000,167.500,0,OK
7630230,0.332500,5.078750,33.250,167.500,0,OK
7640218,0.332500,5.086250,33.250,170.000,0,OK
7650230,0.335000,5.083750,33.500,170.000,0,OK
7660218,0.332500,5.083750,33.250,170.000,0,OK
7670230,0.335000,5.085000,33.500,170.000,0,OK
7680218,0.332500,5.085000,33.250,170.000,0,OK
7690230,0.327500,5.083750,32.750,166.250,0,OK
7700218,0.330000,5.085000,33.500,167.500,0,OK
7710226,0.332500,5.083750,33.250,170.000,0,OK
7720222,0.332500,5.077500,33.250,167.500,0,OK
7730226,0.330000,5.083750,33.000,167.500,0,OK
7740222,0.335000,5.083750,33.500,170.000,0,OK
7750226,0.332500,5.085000,33.000,167.500,0,OK
7760222,0.332500,5.085000,33.250,170.000,0,OK
7770226,0.335000,5.085000,32.750,166.250,0,OK
7780222,0.332500,5.085000,33.250,170.000,0,OK
7790226,0.332500,5.085000,33.250,167.500,0,OK
7800222,0.332500,5.085000,33.250,170.000,0,OK
7810226,0.335000,5.080000,33.500,170.000,0,OK
7820222,0.342500,5.085000,33.250,170.000,0,OK
7830226,0.335000,5.085000,33.500,170.000,0,OK
7840222,0.330000,5.085000,33.000,167.500,0,OK
7850226,0.332500,5.085000,33.250,170.000,0,OK
7860222,0.332500,5.083750,33.250,170.000,0,OK
7870226,0.330000,5.085000,33.000,167.500,0,OK
7880222,0.332500,5.083750,33.250,167.500,0,OK
7890226,0.330000,5.083750,33.000,167.500,0,OK
7900222,0.332500,5.081250,33.250,167.500,0,OK
7910226,0.335000,5.085000,32.750,166.250,0,OK
7920222,0.332500,5.085000,33.250,170.000,0,OK
7930226,0.332500,5.083750,33.500,170.000,0,OK
7940222,0.330000,5.085000,33.000,167.500,0,OK
7950226,0.335000,5.085000,33.000,170.000,0,OK
7960222,0.332500,5.083750,33.250,170.000,0,OK
7970226,0.332500,5.085000,33.250,167.500,0,OK
7980222,0.332500,5.083750,33.250,170.000,0,OK
7990226,0.335000,5.082500,33.500,170.000,0,OK
8000222,0.335000,5.085000,33.000,167.500,0,OK
8010226,0.332500,5.083750,33.250,170.000,0,OK
8020222,0.332500,5.085000,33.000,167.500,0,OK
8030226,0.332500,5.085000,33.250,170.000,0,OK
8040222,0.332500,5.083750,33.250,167.500,0,OK
8050226,0.330000,5.085000,33.000,167.500,0,OK
8060222,0.332500,5.085000,33.250,167.500,0,OK
8070226,0.335000,5.085000,33.500,170.000,0,OK
8080222,0.332500,5.082500,33.250,170.000,0,OK
8090226,0.335000,5.085000,33.000,167.500,0,OK
8100222,0.330000,5.085000,33.000,167.500,0,OK
8110226,0.332500,5.085000,33.250,170.000,0,OK
8120222,0.327500,5.085000,32.750,166.250,0,OK
8130226,0.332500,5.085000,33.250,167.500,0,OK
8140222,0.332500,5.083750,33.250,170.000,0,OK
8150226,0.330000,5.085000,33.000,167.500,0,OK
8160222,0.335000,5.085000,33.500,170.000,0,OK
8170226,0.335000,5.083750,33.500,170.000,0,OK
8180222,0.332500,5.085000,33.250,170.000,0,OK
8190226,0.335000,5.085000,33.500,170.000,0,OK
8200222,0.330000,5.085000,33.000,167.500,0,OK
8210226,0.332500,5.085000,33.250,170.000,0,OK
8220222,0.330000,5.085000,33.250,167.500,0,OK
8230226,0.332500,5.085000,33.250,170.000,0,OK
8240222,0.332500,5.078750,33.250,167.500,0,OK
8250226,0.332500,5.085000,33.250,170.000,0,OK
8260222,0.332500,5.083750,33.250,170.000,0,OK
8270226,0.332500,5.085000,32.750,166.250,0,OK
8280222,0.332500,5.085000,33.250,170.000,0,OK
8290226,0.330000,5.085000,33.000,167.500,0,OK
8300222,0.332500,5.083750,33.250,170.000,0,OK
8310226,0.335000,5.083750,33.000,170.000,0,OK
8320222,0.332500,5.085000,33.250,170.000,0,OK
8330226,0.335000,5.080000,33.500,170.000,0,OK
8340222,0.327500,5.085000,32.750,166.250,0,OK
8350226,0.332500,5.083750,33.250,170.000,0,OK
8360222,0.330000,5.083750,33.000,167.500,0,OK
8370226,0.332500,5.085000,33.250,170.000,0,OK
8380218,0.332500,5.085000,33.000,167.500,0,OK
8390230,0.332500,5.085000,33.250,170.000,0,OK
8400218,0.332500,5.086250,33.000,167.500,0,OK
8410230,0.332500,5.083750,33.250,170.000,0,OK
8420218,0.332500,5.081250,33.250,167.500,0,OK
8430230,0.345000,5.086250,33.250,170.000,0,OK
8440218,0.337500,5.083750,33.750,172.500,0,OK
8450230,0.327500,5.083750,33.250,170.000,0,OK
8460218,0.330000,5.085000,33.000,167.500,0,OK
8470230,0.332500,5.085000,33.250,170.000,0,OK
8480218,0.330000,5.085000,33.000,167.500,0,OK
8490230,0.332500,5.085000,33.250,167.500,0,OK
8500218,0.330000,5.085000,33.000,167.500,0,OK
8510230,0.332500,5.080000,33.250,167.500,0,OK
8520218,0.342500,5.085000,33.000,167.500,0,OK
8530230,0.332500,5.083750,33.250,170.000,0,OK
8540218,0.332500,5.083750,33.000,167.500,0,OK
8550230,0.332500,5.083750,33.250,170.000,0,OK
8560218,0.332500,5.085000,33.000,167.500,0,OK
8570230,0.332500,5.083750,33.250,170.000,0,OK
8580218,0.332500,5.083750,33.250,167.500,0,OK
8590230,0.332500,5.085000,33.250,170.000,0,OK
8600218,0.332500,5.081250,33.250,167.500,0,OK
8610230,0.337500,5.085000,33.000,167.500,0,OK
8620218,0.330000,5.086250,33.000,167.500,0,OK
8630230,0.335000,5.083750,33.250,170.000,0,OK
8640218,0.332500,5.085000,33.250,170.000,0,OK
8650230,0.335000,5.083750,33.000,170.000,0,OK
8660218,0.330000,5.082500,33.000,167.500,0,OK
8670230,0.335000,5.085000,33.500,170.000,0,OK
8680218,0.330000,5.085000,33.000,167.500,0,OK
8690230,0.332500,5.081250,33.250,167.500,0,OK
8700218,0.332500,5.083750,33.000,167.500,0,OK
8710230,0.332500,5.085000,33.250,170.000,0,OK
8720218,0.330000,5.083750,33.250,170.000,0,OK
8730230,0.330000,5.083750,33.000,167.500,0,OK
8740218,0.335000,5.085000,33.250,170.000,0,OK
8750226,0.332500,5.085000,33.250,170.000,0,OK
8760222,0.330000,5.085000,33.000,167.500,0,OK
8770226,0.332500,5.083750,33.250,170.000,0,OK
8780222,0.332500,5.083750,33.250,170.000,0,OK
8790226,0.330000,5.085000,33.250,170.000,0,OK
8800222,0.330000,5.085000,33.000,167.500,0,OK
8810226,0.332500,5.085000,32.750,166.250,0,OK
8820222,0.327500,5.083750,32.750,166.250,0,OK
8830226,0.330000,5.085000,33.250,167.500,0,OK
8840218,0.330000,5.083750,33.000,167.500,0,OK
8850230,0.335000,5.077500,33.500,170.000,0,OK
8860218,0.330000,5.082500,33.000,167.500,0,OK
8870230,0.332500,5.082500,33.250,170.000,0,OK
8880218,0.330000,5.083750,33.250,170.000,0,OK
8890230,0.335000,5.083750,33.500,170.000,0,OK
8900218,0.330000,5.083750,33.250,170.000,0,OK
8910230,0.327500,5.085000,32.750,166.250,0,OK
8920218,0.332500,5.085000,33.250,167.500,0,OK
8930230,0.330000,5.083750,33.000,167.500,0,OK
8940218,0.330000,5.078750,33.000,167.500,0,OK
8950226,0.332500,5.083750,33.250,170.000,0,OK
8960218,0.330000,5.083750,33.000,167.500,0,OK
8970230,0.332500,5.083750,33.000,167.500,0,OK
8980218,0.332500,5.083750,33.250,170.000,0,OK
8990230,0.335000,5.086250,33.000,167.500,0,OK
9000218,0.330000,5.085000,33.000,167.500,0,OK
9010226,0.335000,5.082500,33.250,170.000,0,OK
9020222,0.330000,5.082500,33.000,167.500,0,OK
9030226,0.330000,5.080000,33.000,167.500,0,OK
9040218,0.345000,5.083750,33.000,167.500,0,OK
9050226,0.335000,5.083750,33.500,170.000,0,OK
9060218,0.330000,5.085000,33.500,170.000,0,OK
9070230,0.332500,5.085000,33.250,170.000,0,OK
9080218,0.335000,5.086250,33.000,167.500,0,OK
9090230,0.330000,5.083750,33.000,167.500,0,OK
9100218,0.332500,5.085000,33.250,167.500,0,OK
9110226,0.332500,5.083750,33.250,170.000,0,OK
9120222,0.332500,5.081250,33.250,167.500,0,OK
9130226,0.342500,5.085000,33.250,170.000,0,OK
9140222,0.332500,5.085000,33.250,170.000,0,OK
9150226,0.330000,5.085000,33.000,167.500,0,OK
9160222,0.332500,5.085000,33.250,170.000,0,OK
9170226,0.332500,5.086250,33.250,167.500,0,OK
9180222,0.327500,5.083750,32.750,166.250,0,OK
9190226,0.332500,5.085000,33.250,167.500,0,OK
9200218,0.327500,5.085000,32.750,166.250,0,OK
9210230,0.332500,5.082500,33.250,170.000,0,OK
9220218,0.337500,5.085000,33.250,170.000,0,OK
9230230,0.335000,5.083750,33.500,170.000,0,OK
9240218,0.330000,5.083750,33.000,167.500,0,OK
9250230,0.330000,5.083750,33.000,167.500,0,OK
9260218,0.332500,5.085000,33.250,167.500,0,OK
9270226,0.332500,5.085000,33.250,170.000,0,OK
9280222,0.332500,5.083750,33.250,167.500,0,OK
9290226,0.330000,5.085000,33.000,167.500,0,OK
9300222,0.335000,5.082500,33.500,170.000,0,OK
9310226,0.332500,5.083750,33.000,167.500,0,OK
9320222,0.332500,5.085000,33.250,170.000,0,OK
9330226,0.332500,5.085000,33.000,167.500,0,OK
9340222,0.332500,5.083750,33.250,170.000,0,OK
9350226,0.335000,5.083750,33.000,170.000,0,OK
9360222,0.332500,5.085000,33.250,170.000,0,OK
9370226,0.335000,5.085000,33.500,170.000,0,OK
9380222,0.330000,5.085000,33.000,167.500,0,OK
9390226,0.332500,5.083750,33.250,170.000,0,OK
9400222,0.332500,5.085000,33.000,167.500,0,OK
9410226,0.332500,5.085000,33.250,170.000,0,OK
9420222,0.335000,5.085000,33.250,170.000,0,OK
9430226,0.335000,5.083750,33.500,170.000,0,OK
9440222,0.332500,5.085000,33.250,167.500,0,OK
9450226,0.332500,5.083750,33.250,170.000,0,OK
9460222,0.332500,5.077500,33.250,167.500,0,OK
9470226,0.332500,5.085000,33.250,170.000,0,OK
9480222,0.330000,5.083750,33.000,167.500,0,OK
9490226,0.332500,5.085000,33.000,167.500,0,OK
9500218,0.330000,5.085000,33.000,167.500,0,OK
9510230,0.335000,5.085000,33.250,170.000,0,OK
9520218,0.330000,5.085000,33.000,167.500,0,OK
9530230,0.330000,5.083750,33.000,167.500,0,OK
9540218,0.332500,5.085000,33.250,170.000,0,OK
9550226,0.330000,5.080000,33.000,167.500,0,OK
9560222,0.330000,5.083750,33.000,167.500,0,OK
9570226,0.335000,5.083750,33.500,170.000,0,OK
9580218,0.330000,5.083750,33.750,172.500,0,OK
9590230,0.332500,5.085000,33.250,170.000,0,OK
9600218,0.335000,5.085000,32.750,166.250,0,OK
9610230,0.327500,5.083750,32.750,166.250,0,OK
9620218,0.335000,5.085000,33.250,170.000,0,OK
9630226,0.332500,5.085000,33.250,170.000,0,OK
9640222,0.332500,5.080000,33.250,167.500,0,OK
9650226,0.345000,5.085000,33.000,167.500,0,OK
9660222,0.330000,5.083750,33.000,167.500,0,OK
9670226,0.332500,5.083750,33.250,170.000,0,OK
9680218,0.332500,5.083750,33.250,170.000,0,OK
9690230,0.335000,5.083750,33.000,167.500,0,OK
9700218,0.335000,5.085000,33.500,170.000,0,OK
9710226,0.335000,5.085000,33.500,170.000,0,OK
9720222,0.332500,5.085000,33.250,170.000,0,OK
9730226,0.335000,5.080000,33.500,170.000,0,OK
9740222,0.342500,5.083750,33.000,167.500,0,OK
9750226,0.335000,5.085000,33.500,170.000,0,OK
9760222,0.332500,5.085000,33.250,170.000,0,OK
9770226,0.330000,5.083750,33.000,167.500,0,OK
9780222,0.332500,5.083750,33.000,167.500,0,OK
9790226,0.332500,5.083750,33.250,170.000,0,OK
9800222,0.332500,5.085000,33.250,167.500,0,OK
9810226,0.327500,5.083750,32.750,166.250,0,OK
9820222,0.332500,5.081250,33.250,167.500,0,OK
9830226,0.337500,5.083750,33.000,167.500,0,OK
9840222,0.332500,5.085000,33.250,170.000,0,OK
9850226,0.330000,5.085000,33.000,167.500,0,OK
9860222,0.332500,5.085000,33.250,170.000,0,OK
9870226,0.335000,5.083750,33.000,170.000,0,OK
9880222,0.332500,5.083750,33.250,170.000,0,OK
9890226,0.332500,5.083750,33.250,167.500,0,OK
9900222,0.332500,5.085000,33.250,170.000,0,OK
9910226,0.332500,5.081250,33.250,167.500,0,OK
9920222,0.335000,5.083750,33.000,167.500,0,OK
9930226,0.335000,5.085000,33.500,170.000,0,OK
9940218,0.332500,5.085000,33.000,167.500,0,OK
9950230,0.332500,5.083750,33.250,170.000,0,OK
9960218,0.332500,5.085000,33.250,167.500,0,OK
9970230,0.332500,5.083750,33.250,170.000,0,OK
9980218,0.335000,5.085000,33.500,170.000,0,OK
9990230,0.332500,5.085000,33.250,170.000,0,OK
10000218,0.330000,5.082500,33.000,167.500,0,OK
10010230,0.332500,5.083750,33.250,170.000,0,OK
10020218,0.335000,5.083750,33.500,170.000,0,OK
10030230,0.332500,5.086250,33.000,167.500,0,OK
10040218,0.330000,5.083750,33.000,167.500,0,OK
10050230,0.332500,5.085000,33.000,167.500,0,OK
10060218,0.332500,5.083750,33.250,170.000,0,OK
10070230,0.337500,5.078750,33.750,172.500,0,OK
10080218,0.330000,5.083750,33.000,167.500,0,OK
10090230,0.332500,5.082500,33.250,170.000,0,OK
10100218,0.330000,5.085000,33.000,167.500,0,OK
10110230,0.335000,5.085000,33.500,170.000,0,OK
10120218,0.335000,5.083750,33.000,167.500,0,OK
10130230,0.332500,5.083750,33.250,170.000,0,OK
10140218,0.335000,5.085000,33.000,170.000,0,OK
10150230,0.330000,5.085000,33.000,167.500,0,OK
10160218,0.330000,5.077500,33.000,167.500,0,OK
10170230,0.335000,5.085000,33.500,170.000,0,OK
10180218,0.335000,5.083750,33.500,170.000,0,OK
10190230,0.332500,5.083750,33.250,170.000,0,OK
10200218,0.335000,5.083750,33.500,170.000,0,OK
10210230,0.335000,5.085000,33.250,170.000,0,OK
10220218,0.332500,5.086250,33.250,170.000,0,OK
10230230,0.332500,5.085000,33.000,167.500,0,OK
10240218,0.330000,5.083750,33.000,167.500,0,OK
10250230,0.332500,5.080000,33.250,167.500,0,OK
10260218,0.350000,5.083750,33.250,170.000,0,OK
10270230,0.335000,5.085000,33.500,170.000,0,OK
10280218,0.332500,5.085000,32.750,166.250,0,OK
10290230,0.335000,5.086250,33.500,170.000,0,OK
10300218,0.332500,5.085000,33.000,167.500,0,OK
10310230,0.327500,5.082500,32.750,166.250,0,OK
10320218,0.332500,5.083750,33.250,167.500,0,OK
10330226,0.332500,5.083750,33.250,170.000,0,OK
10340222,0.332500,5.080000,33.250,167.500,0,OK
10350226,0.342500,5.083750,32.750,166.250,0,OK
10360222,0.332500,5.086250,33.250,170.000,0,OK
10370226,0.332500,5.083750,33.000,167.500,0,OK
10380222,0.332500,5.083750,33.250,170.000,0,OK
10390226,0.332500,5.085000,33.000,167.500,0,OK
10400222,0.332500,5.085000,33.250,170.000,0,OK
10410226,0.332500,5.085000,33.250,167.500,0,OK
10420222,0.330000,5.085000,33.000,167.500,0,OK
10430226,0.335000,5.080000,33.500,170.000,0,OK
10440222,0.340000,5.083750,33.000,167.500,0,OK
10450226,0.332500,5.085000,33.250,170.000,0,OK
10460222,0.330000,5.083750,33.250,170.000,0,OK
10470226,0.332500,5.083750,33.250,170.000,0,OK
10480222,0.332500,5.085000,33.250,167.500,0,OK
10490226,0.332500,5.083750,33.250,170.000,0,OK
10500222,0.332500,5.085000,33.250,167.500,0,OK
10510226,0.330000,5.082500,33.000,167.500,0,OK
10520222,0.335000,5.080000,33.500,170.000,0,OK
10530226,0.335000,5.085000,33.000,167.500,0,OK
10540222,0.332500,5.085000,33.250,170.000,0,OK
10550226,0.330000,5.083750,33.250,170.000,0,OK
10560222,0.332500,5.085000,33.250,170.000,0,OK
10570226,0.335000,5.085000,33.250,170.000,0,OK
10580222,0.327500,5.085000,32.750,166.250,0,OK
10590226,0.332500,5.085000,33.250,167.500,0,OK
10600222,0.330000,5.085000,33.000,167.500,0,OK
10610226,0.335000,5.083750,33.500,170.000,0,OK
10620222,0.330000,5.085000,33.250,170.000,0,OK
10630226,0.330000,5.086250,33.000,167.500,0,OK
10640222,0.332500,5.085000,33.000,167.500,0,OK
10650226,0.330000,5.083750,33.000,167.500,0,OK
10660222,0.332500,5.085000,33.250,167.500,0,OK
10670226,0.332500,5.083750,33.250,170.000,0,OK
10680222,0.335000,5.078750,33.500,170.000,0,OK
10690226,0.332500,5.083750,33.250,170.000,0,OK
10700222,0.335000,5.082500,33.500,170.000,0,OK
10710226,0.332500,5.083750,33.250,170.000,0,OK
10720222,0.335000,5.085000,33.500,170.000,0,OK
10730226,0.332500,5.085000,33.250,170.000,0,OK
10740222,0.330000,5.085000,33.000,167.500,0,OK
10750226,0.330000,5.083750,33.250,167.500,0,OK
10760222,0.335000,5.083750,33.500,170.000,0,OK
10770226,0.332500,5.077500,33.250,167.500,0,OK
10780222,0.330000,5.083750,33.000,167.500,0,OK
10790226,0.332500,5.082500,33.250,170.000,0,OK
10800218,0.330000,5.083750,33.000,167.500,0,OK
10810230,0.332500,5.083750,33.250,170.000,0,OK
10820218,0.332500,5.085000,33.000,167.500,0,OK
10830230,0.335000,5.085000,33.500,170.000,0,OK
10840218,0.330000,5.085000,33.000,167.500,0,OK
10850230,0.332500,5.085000,33.250,170.000,0,OK
10860218,0.332500,5.080000,33.250,167.500,0,OK
10870230,0.330000,5.085000,33.000,167.500,0,OK
10880218,0.332500,5.085000,33.250,170.000,0,OK
10890230,0.327500,5.085000,33.250,170.000,0,OK
10900218,0.332500,5.086250,33.250,170.000,0,OK
10910230,0.332500,5.083750,33.000,167.500,0,OK
10920218,0.330000,5.085000,33.000,167.500,0,OK
10930230,0.330000,5.085000,33.000,167.500,0,OK
10940218,0.332500,5.083750,33.250,170.000,0,OK
10950230,0.332500,5.080000,33.250,167.500,0,OK
10960218,0.340000,5.085000,33.000,167.500,0,OK
10970230,0.332500,5.085000,33.250,170.000,0,OK
10980218,0.330000,5.085000,33.250,170.000,0,OK
10990230,0.335000,5.083750,33.500,170.000,0,OK
11000218,0.332500,5.083750,33.000,167.500,0,OK
11010230,0.332500,5.083750,33.250,170.000,0,OK
11020218,0.332500,5.085000,33.250,167.500,0,OK
11030230,0.330000,5.085000,33.000,167.500,0,OK
11040218,0.335000,5.081250,33.500,170.000,0,OK
11050230,0.342500,5.085000,33.000,167.500,0,OK
11060218,0.337500,5.085000,33.750,172.500,0,OK
11070230,0.330000,5.085000,33.250,170.000,0,OK
11080218,0.330000,5.085000,33.000,167.500,0,OK
11090230,0.332500,5.085000,32.750,167.500,0,OK
11100218,0.332500,5.085000,33.250,170.000,0,OK
11110230,0.335000,5.085000,33.500,170.000,0,OK
11120218,0.327500,5.085000,32.750,166.250,0,OK
11130230,0.335000,5.081250,33.500,170.000,0,OK
11140218,0.332500,5.083750,33.250,170.000,0,OK
11150230,0.332500,5.083750,33.250,170.000,0,OK
11160218,0.332500,5.083750,33.250,170.000,0,OK
11170230,0.332500,5.085000,33.250,170.000,0,OK
11180218,0.337500,5.085000,33.000,172.500,0,OK
11190230,0.332500,5.083750,33.250,170.000,0,OK
11200218,0.332500,5.086250,33.250,167.500,0,OK
11210230,0.332500,5.085000,33.250,170.000,0,OK
11220218,0.332500,5.082500,33.250,170.000,0,OK
11230230,0.330000,5.085000,33.250,170.000,0,OK
11240218,0.330000,5.083750,33.000,167.500,0,OK
11250230,0.330000,5.085000,33.250,170.000,0,OK
11260218,0.330000,5.083750,33.000,167.500,0,OK
11270230,0.332500,5.085000,33.250,167.500,0,OK
11280218,0.335000,5.085000,33.500,170.000,0,OK
11290230,0.332500,5.085000,33.250,167.500,0,OK
11300218,0.327500,5.085000,32.750,166.250,0,OK
11310230,0.327500,5.083750,32.750,166.250,0,OK
11320218,0.330000,5.082500,33.250,170.000,0,OK
11330226,0.332500,5.083750,33.250,170.000,0,OK
11340222,0.330000,5.085000,33.000,167.500,0,OK
11350226,0.330000,5.085000,33.000,167.500,0,OK
11360222,0.332500,5.083750,33.250,167.500,0,OK
11370226,0.330000,5.083750,33.000,167.500,0,OK
11380222,0.332500,5.080000,33.250,167.500,0,OK
11390226,0.327500,5.085000,32.750,166.250,0,OK
11400222,0.335000,5.083750,33.500,170.000,0,OK
11410226,0.327500,5.083750,33.250,170.000,0,OK
11420222,0.335000,5.083750,33.500,170.000,0,OK
11430226,0.332500,5.085000,32.750,166.250,0,OK
11440222,0.332500,5.083750,33.250,170.000,0,OK
11450226,0.332500,5.085000,33.000,167.500,0,OK
11460222,0.327500,5.083750,32.750,166.250,0,OK
11470226,0.332500,5.080000,33.250,167.500,0,OK
11480218,0.330000,5.085000,33.000,167.500,0,OK
11490230,0.332500,5.085000,33.250,170.000,0,OK
11500218,0.332500,5.083750,33.000,167.500,0,OK
11510230,0.332500,5.083750,33.250,170.000,0,OK
11520218,0.332500,5.085000,33.000,167.500,0,OK
11530230,0.330000,5.083750,33.000,167.500,0,OK
11540218,0.332500,5.083750,33.250,167.500,0,OK
11550226,0.330000,5.085000,33.000,167.500,0,OK
11560222,0.332500,5.080000,33.250,167.500,0,OK
11570226,0.342500,5.083750,33.250,170.000,0,OK
11580222,0.335000,5.086250,33.500,170.000,0,OK
11590226,0.330000,5.085000,33.250,170.000,0,OK
11600222,0.330000,5.085000,33.000,167.500,0,OK
11610226,0.337500,5.083750,33.000,167.500,0,OK
11620222,0.332500,5.085000,33.250,170.000,0,OK
11630226,0.332500,5.085000,33.250,167.500,0,OK
11640222,0.332500,5.083750,33.250,170.000,0,OK
11650226,0.332500,5.080000,33.250,167.500,0,OK
11660222,0.337500,5.083750,33.250,170.000,0,OK
11670226,0.332500,5.086250,33.250,170.000,0,OK
11680222,0.335000,5.083750,33.000,167.500,0,OK
11690226,0.332500,5.085000,33.250,170.000,0,OK
11700218,0.332500,5.086250,33.000,167.500,0,OK
11710230,0.332500,5.085000,33.250,170.000,0,OK
11720218,0.332500,5.085000,33.250,167.500,0,OK
11730230,0.330000,5.085000,33.000,167.500,0,OK
11740218,0.332500,5.082500,33.250,170.000,0,OK
11750230,0.337500,5.083750,33.000,167.500,0,OK
11760218,0.335000,5.085000,33.500,170.000,0,OK
11770226,0.332500,5.085000,33.250,170.000,0,OK
11780222,0.330000,5.083750,33.000,167.500,0,OK
11790226,0.332500,5.083750,33.000,167.500,0,OK
11800218,0.332500,5.083750,33.250,170.000,0,OK
11810230,0.332500,5.086250,33.250,167.500,0,OK
11820218,0.332500,5.083750,33.250,170.000,0,OK
11830230,0.335000,5.082500,33.500,170.000,0,OK
11840218,0.332500,5.083750,33.250,170.000,0,OK
11850230,0.335000,5.085000,33.500,170.000,0,OK
11860218,0.330000,5.083750,33.000,167.500,0,OK
11870230,0.332500,5.083750,33.250,170.000,0,OK
11880218,0.332500,5.083750,33.000,167.500,0,OK
11890230,0.327500,5.083750,32.750,166.250,0,OK
11900218,0.332500,5.085000,33.250,167.500,0,OK
11910226,0.330000,5.083750,33.000,167.500,0,OK
11920222,0.332500,5.083750,33.250,170.000,0,OK
11930226,0.335000,5.083750,33.000,167.500,0,OK
11940222,0.335000,5.085000,33.500,170.000,0,OK
11950226,0.332500,5.083750,33.250,170.000,0,OK
11960222,0.332500,5.085000,33.250,170.000,0,OK
11970226,0.332500,5.085000,33.000,167.500,0,OK
11980222,0.330000,5.083750,33.000,167.500,0,OK
11990226,0.332500,5.078750,33.250,167.500,0,OK
12000218,0.330000,5.085000,33.000,167.500,0,OK
12010230,0.335000,5.083750,33.500,170.000,0,OK
12020218,0.332500,5.085000,33.250,170.000,0,OK
12030230,0.335000,5.085000,33.500,170.000,0,OK
12040218,0.332500,5.085000,33.250,170.000,0,OK
12050230,0.332500,5.085000,33.250,170.000,0,OK
12060218,0.335000,5.085000,33.000,170.000,0,OK
12070230,0.330000,5.086250,33.000,167.500,0,OK
12080218,0.330000,5.078750,33.000,167.500,0,OK
12090226,0.332500,5.083750,33.250,170.000,0,OK
12100218,0.332500,5.085000,33.250,170.000,0,OK
12110230,0.327500,5.085000,33.250,170.000,0,OK
12120218,0.332500,5.086250,33.250,170.000,0,OK
12130230,0.332500,5.083750,33.250,170.000,0,OK
12140218,0.332500,5.083750,33.250,170.000,0,OK
12150230,0.332500,5.085000,33.250,167.500,0,OK
12160218,0.332500,5.083750,33.250,170.000,0,OK
12170230,0.332500,5.081250,33.250,167.500,0,OK
12180218,0.342500,5.083750,33.000,167.500,0,OK
12190230,0.335000,5.085000,33.500,170.000,0,OK
12200218,0.327500,5.085000,33.000,167.500,0,OK
12210230,0.332500,5.083750,33.250,170.000,0,OK
12220218,0.330000,5.085000,32.750,166.250,0,OK
12230230,0.332500,5.083750,33.250,170.000,0,OK
12240218,0.335000,5.085000,33.500,170.000,0,OK
12250230,0.330000,5.085000,33.000,167.500,0,OK
12260218,0.332500,5.081250,33.250,167.500,0,OK
12270230,0.340000,5.085000,33.000,167.500,0,OK
12280218,0.335000,5.086250,33.500,170.000,0,OK
12290230,0.330000,5.085000,33.250,170.000,0,OK
12300218,0.330000,5.083750,33.000,167.500,0,OK
12310230,0.332500,5.085000,33.250,167.500,0,OK
12320218,0.330000,5.083750,33.000,167.500,0,OK
12330230,0.330000,5.085000,33.000,167.500,0,OK
12340218,0.330000,5.083750,33.000,167.500,0,OK
12350230,0.335000,5.081250,33.500,170.000,0,OK
12360218,0.337500,5.085000,33.250,170.000,0,OK
12370230,0.335000,5.085000,33.500,170.000,0,OK
12380218,0.330000,5.085000,33.250,170.000,0,OK
12390230,0.332500,5.085000,33.250,170.000,0,OK
12400218,0.335000,5.083750,33.250,170.000,0,OK
12410230,0.332500,5.083750,33.250,170.000,0,OK
12420218,0.332500,5.083750,33.250,167.500,0,OK
12430230,0.332500,5.085000,33.250,170.000,0,OK
12440218,0.332500,5.082500,33.250,170.000,0,OK
12450230,0.332500,5.083750,33.000,167.500,0,OK
12460218,0.332500,5.085000,33.250,170.000,0,OK
12470230,0.332500,5.085000,33.000,167.500,0,OK
12480218,0.330000,5.083750,33.000,167.500,0,OK
12490230,0.335000,5.083750,33.000,170.000,0,OK
12500218,0.332500,5.083750,33.250,170.000,0,OK
12510230,0.335000,5.083750,33.500,170.000,0,OK
12520218,0.332500,5.083750,33.250,170.000,0,OK
12530230,0.332500,5.083750,33.250,170.000,0,OK
12540218,0.332500,5.083750,33.250,170.000,0,OK
12550230,0.332500,5.085000,33.250,170.000,0,OK
12560218,0.330000,5.083750,33.000,167.500,0,OK
12570230,0.330000,5.083750,33.000,167.500,0,OK
12580218,0.332500,5.085000,33.250,167.500,0,OK
12590226,0.332500,5.085000,33.250,170.000,0,OK
12600222,0.332500,5.077500,33.250,167.500,0,OK
12610226,0.335000,5.085000,33.500,170.000,0,OK
12620222,0.332500,5.085000,33.250,170.000,0,OK
12630226,0.332500,5.085000,33.250,170.000,0,OK
12640222,0.335000,5.085000,33.500,170.000,0,OK
12650226,0.332500,5.085000,33.000,167.500,0,OK
12660222,0.327500,5.083750,32.750,166.250,0,OK
12670226,0.335000,5.085000,33.250,170.000,0,OK
12680218,0.327500,5.085000,32.750,166.250,0,OK
12690230,0.330000,5.080000,33.000,167.500,0,OK
12700218,0.332500,5.083750,33.250,170.000,0,OK
12710226,0.332500,5.082500,33.250,170.000,0,OK
12720222,0.330000,5.085000,33.000,167.500,0,OK
12730226,0.332500,5.085000,33.250,170.000,0,OK
12740222,0.332500,5.085000,33.500,170.000,0,OK
12750226,0.332500,5.085000,33.250,170.000,0,OK
12760222,0.332500,5.085000,33.250,167.500,0,OK
12770226,0.330000,5.085000,33.000,167.500,0,OK
12780222,0.335000,5.080000,33.500,170.000,0,OK
12790226,0.347500,5.085000,32.750,166.250,0,OK
12800222,0.332500,5.083750,33.250,170.000,0,OK
12810226,0.332500,5.083750,33.250,170.000,0,OK
12820222,0.335000,5.083750,33.500,170.000,0,OK
12830226,0.335000,5.085000,33.250,170.000,0,OK
12840222,0.327500,5.085000,32.750,166.250,0,OK
12850226,0.332500,5.085000,33.250,167.500,0,OK
12860222,0.332500,5.082500,33.250,170.000,0,OK
12870226,0.332500,5.080000,33.250,167.500,0,OK
12880222,0.337500,5.083750,33.000,167.500,0,OK
12890226,0.332500,5.085000,33.250,170.000,0,OK
12900218,0.335000,5.083750,33.250,170.000,0,OK
12910230,0.330000,5.083750,33.000,167.500,0,OK
12920218,0.332500,5.083750,33.000,167.500,0,OK
12930226,0.332500,5.085000,33.250,170.000,0,OK
12940222,0.335000,5.083750,33.500,170.000,0,OK
12950226,0.330000,5.083750,33.000,167.500,0,OK
12960222,0.332500,5.081250,33.250,167.500,0,OK
12970226,0.340000,5.085000,33.000,167.500,0,OK
12980222,0.335000,5.083750,33.500,170.000,0,OK
12990226,0.330000,5.085000,33.250,170.000,0,OK
13000222,0.330000,5.085000,33.000,167.500,0,OK
13010226,0.332500,5.082500,33.000,167.500,0,OK
13020222,0.332500,5.083750,33.250,170.000,0,OK
13030226,0.332500,5.085000,33.250,167.500,0,OK
13040222,0.330000,5.085000,33.000,167.500,0,OK
13050226,0.332500,5.081250,33.250,167.500,0,OK
13060222,0.332500,5.083750,33.250,170.000,0,OK
13070226,0.335000,5.085000,33.500,170.000,0,OK
13080222,0.335000,5.083750,33.000,167.500,0,OK
13090226,0.330000,5.083750,33.000,167.500,0,OK
13100218,0.332500,5.083750,33.000,167.500,0,OK
13110226,0.332500,5.083750,33.250,170.000,0,OK
13120222,0.335000,5.085000,33.500,170.000,0,OK
13130226,0.332500,5.085000,33.250,170.000,0,OK
13140222,0.335000,5.082500,33.500,170.000,0,OK
13150226,0.330000,5.083750,33.000,167.500,0,OK
13160222,0.332500,5.085000,33.250,170.000,0,OK
13170226,0.332500,5.085000,33.250,170.000,0,OK
13180222,0.332500,5.083750,33.250,170.000,0,OK
13190226,0.332500,5.085000,33.250,167.500,0,OK
13200222,0.332500,5.085000,33.250,170.000,0,OK
13210226,0.335000,5.078750,33.500,170.000,0,OK
13220222,0.332500,5.083750,33.250,170.000,0,OK
13230226,0.335000,5.083750,33.500,170.000,0,OK
13240222,0.332500,5.083750,33.000,167.500,0,OK
13250226,0.332500,5.085000,33.250,170.000,0,OK
13260222,0.330000,5.083750,32.750,166.250,0,OK
13270226,0.330000,5.083750,33.000,167.500,0,OK
13280218,0.335000,5.083750,33.250,170.000,0,OK
13290226,0.332500,5.083750,33.250,170.000,0,OK
13300222,0.332500,5.078750,33.250,167.500,0,OK
13310226,0.330000,5.083750,33.000,167.500,0,OK
13320222,0.335000,5.083750,33.500,170.000,0,OK
13330226,0.332500,5.083750,33.000,167.500,0,OK
13340222,0.335000,5.085000,33.500,170.000,0,OK
13350226,0.335000,5.086250,33.000,167.500,0,OK
13360222,0.330000,5.085000,33.000,167.500,0,OK
13370226,0.337500,5.083750,33.250,172.500,0,OK
13380222,0.335000,5.083750,33.500,170.000,0,OK
13390226,0.327500,5.081250,32.750,166.250,0,OK
13400222,0.347500,5.083750,33.250,170.000,0,OK
13410226,0.332500,5.085000,33.250,170.000,0,OK
13420222,0.330000,5.085000,33.000,167.500,0,OK
13430226,0.335000,5.083750,33.500,170.000,0,OK
13440222,0.332500,5.083750,33.500,170.000,0,OK
13450226,0.332500,5.083750,33.250,170.000,0,OK
13460222,0.332500,5.085000,33.250,167.500,0,OK
13470226,0.332500,5.083750,33.250,170.000,0,OK
13480222,0.332500,5.080000,33.250,167.500,0,OK
13490226,0.342500,5.083750,33.250,170.000,0,OK
13500222,0.332500,5.085000,33.250,170.000,0,OK
13510226,0.335000,5.082500,33.000,167.500,0,OK
13520222,0.332500,5.083750,33.250,170.000,0,OK
13530226,0.335000,5.083750,33.000,170.000,0,OK
13540222,0.332500,5.085000,33.250,170.000,0,OK
13550226,0.330000,5.085000,33.000,167.500,0,OK
13560222,0.330000,5.083750,33.000,167.500,0,OK
13570226,0.332500,5.081250,33.250,167.500,0,OK
13580218,0.337500,5.083750,33.250,170.000,0,OK
13590230,0.332500,5.085000,33.250,170.000,0,OK
13600218,0.332500,5.083750,33.000,167.500,0,OK
13610230,0.335000,5.083750,33.500,170.000,0,OK
13620218,0.332500,5.083750,33.000,167.500,0,OK
13630230,0.327500,5.085000,32.750,166.250,0,OK
13640218,0.337500,5.085000,33.750,172.500,0,OK
13650230,0.332500,5.083750,33.250,170.000,0,OK
13660218,0.332500,5.081250,33.250,167.500,0,OK
13670230,0.335000,5.083750,33.000,167.500,0,OK
13680218,0.332500,5.085000,33.250,170.000,0,OK
13690226,0.335000,5.085000,33.500,170.000,0,OK
13700222,0.332500,5.083750,33.250,170.000,0,OK
13710226,0.335000,5.085000,33.000,170.000,0,OK
13720222,0.330000,5.083750,33.000,167.500,0,OK
13730226,0.335000,5.083750,33.500,170.000,0,OK
13740218,0.332500,5.085000,33.250,170.000,0,OK
13750230,0.332500,5.082500,33.250,170.000,0,OK
13760218,0.330000,5.083750,33.250,170.000,0,OK
13770230,0.332500,5.085000,33.250,170.000,0,OK
13780218,0.330000,5.085000,33.250,170.000,0,OK
13790230,0.330000,5.083750,33.000,167.500,0,OK
13800218,0.332500,5.082500,32.750,167.500,0,OK
13810226,0.332500,5.085000,33.250,170.000,0,OK
13820222,0.335000,5.077500,33.500,170.000,0,OK
13830226,0.332500,5.083750,33.250,170.000,0,OK
13840222,0.335000,5.082500,33.500,170.000,0,OK
13850226,0.330000,5.083750,33.500,170.000,0,OK
13860222,0.335000,5.083750,33.500,170.000,0,OK
13870226,0.335000,5.083750,33.250,170.000,0,OK
13880222,0.332500,5.083750,33.250,170.000,0,OK
13890226,0.332500,5.085000,33.250,167.500,0,OK
13900222,0.330000,5.083750,33.000,167.500,0,OK
13910226,0.332500,5.080000,33.250,167.500,0,OK
13920218,0.332500,5.083750,33.250,170.000,0,OK
13930230,0.332500,5.083750,33.250,170.000,0,OK
13940218,0.330000,5.085000,33.000,167.500,0,OK
13950230,0.330000,5.083750,33.000,167.500,0,OK
13960218,0.332500,5.083750,33.250,170.000,0,OK
13970226,0.332500,5.085000,33.250,170.000,0,OK
13980222,0.335000,5.085000,33.000,170.000,0,OK
13990226,0.332500,5.083750,33.250,170.000,0,OK
14000222,0.330000,5.080000,33.000,167.500,0,OK
14010226,0.347500,5.085000,33.000,167.500,0,OK
14020218,0.335000,5.086250,33.500,170.000,0,OK
14030230,0.332500,5.083750,33.000,167.500,0,OK
14040218,0.332500,5.083750,33.250,170.000,0,OK
14050230,0.335000,5.085000,33.250,170.000,0,OK
14060218,0.332500,5.082500,33.250,170.000,0,OK
14070230,0.335000,5.083750,33.500,170.000,0,OK
14080218,0.332500,5.085000,33.250,170.000,0,OK
14090230,0.332500,5.080000,33.250,167.500,0,OK
14100218,0.340000,5.083750,33.000,167.500,0,OK
14110230,0.332500,5.086250,33.250,170.000,0,OK
14120218,0.330000,5.085000,33.250,170.000,0,OK
14130230,0.332500,5.085000,33.250,170.000,0,OK
14140218,0.335000,5.083750,33.250,170.000,0,OK
14150230,0.332500,5.085000,33.250,170.000,0,OK
14160218,0.330000,5.085000,33.000,167.500,0,OK
14170230,0.330000,5.083750,33.000,167.500,0,OK
14180218,0.335000,5.082500,33.500,170.000,0,OK
14190226,0.337500,5.085000,33.000,167.500,0,OK
14200222,0.332500,5.085000,33.250,170.000,0,OK
14210226,0.330000,5.083750,33.250,170.000,0,OK
14220222,0.332500,5.083750,33.250,170.000,0,OK
14230226,0.332500,5.083750,33.000,167.500,0,OK
14240222,0.332500,5.083750,33.250,170.000,0,OK
14250226,0.332500,5.085000,33.250,167.500,0,OK
14260222,0.330000,5.085000,33.000,167.500,0,OK
14270226,0.332500,5.081250,33.250,167.500,0,OK
14280222,0.332500,5.085000,33.250,170.000,0,OK
14290226,0.337500,5.085000,33.750,172.500,0,OK
14300222,0.332500,5.083750,33.000,167.500,0,OK
14310226,0.330000,5.083750,33.000,167.500,0,OK
14320222,0.332500,5.085000,33.250,167.500,0,OK
14330226,0.330000,5.085000,33.000,167.500,0,OK
14340222,0.330000,5.085000,33.000,167.500,0,OK
14350226,0.332500,5.083750,33.250,170.000,0,OK
14360222,0.335000,5.083750,33.500,170.000,0,OK
14370226,0.332500,5.085000,33.250,170.000,0,OK
14380222,0.332500,5.083750,33.250,170.000,0,OK
14390226,0.332500,5.085000,33.250,170.000,0,OK
14400222,0.332500,5.083750,33.250,170.000,0,OK
14410226,0.337500,5.083750,33.000,172.500,0,OK
14420222,0.330000,5.085000,33.000,167.500,0,OK
14430226,0.330000,5.077500,33.000,167.500,0,OK
14440222,0.330000,5.085000,33.000,167.500,0,OK
14450226,0.335000,5.082500,33.500,170.000,0,OK
14460222,0.332500,5.082500,33.250,170.000,0,OK
14470226,0.335000,5.085000,33.500,170.000,0,OK
14480222,0.330000,5.085000,33.250,170.000,0,OK
14490226,0.330000,5.083750,33.000,167.500,0,OK
14500222,0.337500,5.085000,33.000,172.500,0,OK
14510226,0.330000,5.085000,33.000,167.500,0,OK
14520222,0.332500,5.078750,33.250,167.500,0,OK
14530226,0.330000,5.083750,33.000,167.500,0,OK
14540222,0.332500,5.083750,33.250,170.000,0,OK
14550226,0.332500,5.083750,32.750,166.250,0,OK
14560222,0.332500,5.083750,33.250,170.000,0,OK
14570226,0.335000,5.085000,33.000,167.500,0,OK
14580222,0.332500,5.083750,33.250,170.000,0,OK
14590226,0.335000,5.083750,33.250,170.000,0,OK
14600222,0.330000,5.083750,33.000,167.500,0,OK
14610226,0.332500,5.080000,33.250,167.500,0,OK
14620218,0.345000,5.083750,33.250,170.000,0,OK
14630230,0.335000,5.085000,33.500,170.000,0,OK
14640218,0.330000,5.085000,33.250,170.000,0,OK
14650230,0.337500,5.083750,33.750,172.500,0,OK
14660218,0.332500,5.083750,33.000,167.500,0,OK
14670230,0.332500,5.085000,33.250,170.000,0,OK
14680218,0.335000,5.083750,33.500,170.000,0,OK
14690230,0.330000,5.085000,33.000,167.500,0,OK
14700218,0.332500,5.080000,33.250,167.500,0,OK
14710230,0.340000,5.085000,33.000,167.500,0,OK
14720218,0.332500,5.083750,33.250,170.000,0,OK
14730230,0.330000,5.083750,33.250,170.000,0,OK
14740218,0.332500,5.085000,33.250,170.000,0,OK
14750230,0.332500,5.085000,33.250,167.500,0,OK
14760218,0.330000,5.083750,33.000,167.500,0,OK
14770230,0.330000,5.085000,33.000,167.500,0,OK
14780218,0.332500,5.083750,33.250,170.000,0,OK
14790230,0.330000,5.081250,33.000,167.500,0,OK
14800218,0.340000,5.085000,33.250,170.000,0,OK
14810226,0.335000,5.085000,33.500,170.000,0,OK
14820222,0.330000,5.083750,33.250,170.000,0,OK
14830226,0.332500,5.085000,33.250,170.000,0,OK
14840222,0.332500,5.083750,33.250,167.500,0,OK
14850226,0.330000,5.083750,33.000,167.500,0,OK
14860222,0.332500,5.083750,33.250,167.500,0,OK
14870226,0.332500,5.085000,33.250,170.000,0,OK
14880222,0.332500,5.082500,33.250,170.000,0,OK
14890226,0.335000,5.085000,33.000,167.500,0,OK
14900222,0.335000,5.083750,33.500,170.000,0,OK
14910226,0.330000,5.083750,33.250,170.000,0,OK
14920222,0.330000,5.083750,33.000,167.500,0,OK
14930226,0.335000,5.085000,33.000,170.000,0,OK
14940218,0.330000,5.085000,33.000,167.500,0,OK
14950230,0.332500,5.085000,33.250,167.500,0,OK
14960218,0.330000,5.085000,33.000,167.500,0,OK
14970230,0.332500,5.083750,33.250,170.000,0,OK
14980218,0.330000,5.083750,33.250,170.000,0,OK
14990230,0.335000,5.085000,33.500,170.000,0,OK
15000218,0.330000,5.083750,33.000,167.500,0,OK
15010230,0.332500,5.085000,33.250,170.000,0,OK
15020218,0.332500,5.085000,33.250,167.500,0,OK
15030230,0.332500,5.083750,33.250,170.000,0,OK
15040218,0.332500,5.078750,33.250,167.500,0,OK
15050230,0.330000,5.085000,33.000,167.500,0,OK
15060218,0.332500,5.083750,33.250,170.000,0,OK
15070230,0.330000,5.085000,32.750,166.250,0,OK
15080218,0.332500,5.083750,33.250,170.000,0,OK
15090230,0.330000,5.085000,33.000,167.500,0,OK
15100218,0.332500,5.083750,33.250,170.000,0,OK
15110230,0.332500,5.085000,32.750,167.500,0,OK
15120218,0.330000,5.083750,33.000,167.500,0,OK
15130230,0.332500,5.078750,33.250,167.500,0,OK
15140218,0.330000,5.083750,33.000,167.500,0,OK
15150230,0.332500,5.083750,33.250,170.000,0,OK
15160218,0.330000,5.083750,33.250,170.000,0,OK
15170230,0.330000,5.083750,33.000,167.500,0,OK
15180218,0.335000,5.083750,33.250,170.000,0,OK
15190226,0.332500,5.083750,33.250,170.000,0,OK
15200222,0.332500,5.083750,33.250,167.500,0,OK
15210226,0.332500,5.083750,33.250,170.000,0,OK
15220222,0.332500,5.080000,33.250,167.500,0,OK
15230226,0.345000,5.085000,33.250,170.000,0,OK
15240222,0.335000,5.083750,33.500,170.000,0,OK
15250226,0.330000,5.083750,33.000,167.500,0,OK
15260222,0.330000,5.085000,33.000,167.500,0,OK
15270226,0.332500,5.085000,33.250,170.000,0,OK
15280222,0.332500,5.083750,33.250,170.000,0,OK
15290226,0.335000,5.086250,33.500,170.000,0,OK
15300222,0.330000,5.083750,33.000,167.500,0,OK
15310226,0.332500,5.080000,33.250,167.500,0,OK
15320218,0.342500,5.083750,33.250,170.000,0,OK
15330230,0.332500,5.085000,33.250,170.000,0,OK
15340218,0.330000,5.085000,33.250,170.000,0,OK
15350230,0.332500,5.083750,33.250,170.000,0,OK
15360218,0.332500,5.085000,33.000,167.500,0,OK
15370230,0.330000,5.083750,33.000,167.500,0,OK
15380218,0.335000,5.085000,33.500,170.000,0,OK
15390226,0.332500,5.083750,33.250,170.000,0,OK
15400222,0.332500,5.081250,33.250,167.500,0,OK
15410226,0.340000,5.082500,33.250,170.000,0,OK
15420222,0.335000,5.085000,33.500,170.000,0,OK
15430226,0.332500,5.083750,33.250,170.000,0,OK
15440222,0.327500,5.083750,32.750,166.250,0,OK
15450226,0.335000,5.085000,33.250,170.000,0,OK
15460218,0.330000,5.083750,33.000,167.500,0,OK
15470230,0.335000,5.085000,33.500,170.000,0,OK
15480218,0.330000,5.083750,33.000,167.500,0,OK
15490230,0.332500,5.082500,33.250,170.000,0,OK
15500218,0.335000,5.083750,33.250,170.000,0,OK
15510230,0.332500,5.085000,33.250,170.000,0,OK
15520218,0.332500,5.083750,33.250,170.000,0,OK
15530230,0.332500,5.085000,33.250,170.000,0,OK
15540218,0.332500,5.085000,33.250,167.500,0,OK
15550230,0.330000,5.083750,33.000,167.500,0,OK
15560218,0.332500,5.085000,33.250,167.500,0,OK
15570226,0.330000,5.083750,33.000,167.500,0,OK
15580222,0.335000,5.082500,33.500,170.000,0,OK
15590226,0.332500,5.083750,33.250,170.000,0,OK
15600222,0.335000,5.085000,33.500,170.000,0,OK
15610226,0.330000,5.083750,32.750,166.250,0,OK
15620222,0.330000,5.082500,33.000,167.500,0,OK
15630226,0.335000,5.085000,33.000,170.000,0,OK
15640218,0.332500,5.083750,33.250,170.000,0,OK
15650230,0.332500,5.076250,33.250,167.500,0,OK
15660218,0.332500,5.083750,33.250,170.000,0,OK
15670230,0.335000,5.083750,33.500,170.000,0,OK
15680218,0.332500,5.083750,33.250,170.000,0,OK
15690230,0.332500,5.085000,33.250,170.000,0,OK
15700218,0.335000,5.083750,33.000,167.500,0,OK
15710230,0.332500,5.083750,33.250,170.000,0,OK
15720218,0.332500,5.085000,33.250,167.500,0,OK
15730230,0.330000,5.083750,33.000,167.500,0,OK
15740218,0.335000,5.077500,33.500,170.000,0,OK
15750226,0.332500,5.083750,33.250,170.000,0,OK
15760222,0.335000,5.083750,33.500,170.000,0,OK
15770226,0.330000,5.083750,32.750,166.250,0,OK
15780222,0.332500,5.085000,33.250,170.000,0,OK
15790226,0.332500,5.083750,33.250,170.000,0,OK
15800222,0.332500,5.083750,33.250,170.000,0,OK
15810226,0.335000,5.085000,33.000,170.000,0,OK
15820222,0.330000,5.085000,33.000,167.500,0,OK
15830226,0.330000,5.078750,33.000,167.500,0,OK
15840222,0.330000,5.083750,33.000,167.500,0,OK
15850226,0.335000,5.083750,33.500,170.000,0,OK
15860218,0.330000,5.083750,33.250,170.000,0,OK
15870230,0.332500,5.085000,33.250,170.000,0,OK
15880218,0.335000,5.083750,33.000,167.500,0,OK
15890230,0.330000,5.083750,33.000,167.500,0,OK
15900218,0.332500,5.085000,33.250,167.500,0,OK
15910226,0.332500,5.083750,33.250,170.000,0,OK
15920222,0.337500,5.081250,33.750,172.500,0,OK
15930226,0.340000,5.085000,32.750,166.250,0,OK
15940222,0.332500,5.083750,33.250,170.000,0,OK
15950226,0.332500,5.085000,33.000,167.500,0,OK
15960222,0.332500,5.083750,33.250,170.000,0,OK
15970226,0.335000,5.085000,33.250,170.000,0,OK
15980222,0.332500,5.083750,33.250,170.000,0,OK
15990226,0.332500,5.083750,33.250,167.500,0,OK
16000222,0.332500,5.083750,33.250,170.000,0,OK
16010226,0.332500,5.081250,33.250,167.500,0,OK
16020222,0.337500,5.083750,33.250,170.000,0,OK
16030226,0.335000,5.085000,33.500,170.000,0,OK
16040222,0.332500,5.083750,33.250,170.000,0,OK
16050226,0.330000,5.085000,33.000,167.500,0,OK
16060222,0.335000,5.083750,33.250,170.000,0,OK
16070226,0.327500,5.083750,32.750,166.250,0,OK
16080222,0.332500,5.083750,33.250,167.500,0,OK
16090226,0.332500,5.083750,33.250,170.000,0,OK
16100222,0.335000,5.081250,33.500,170.000,0,OK
16110226,0.335000,5.083750,33.500,170.000,0,OK
16120222,0.335000,5.085000,33.500,170.000,0,OK
16130226,0.330000,5.083750,33.000,167.500,0,OK
16140222,0.330000,5.083750,33.000,167.500,0,OK
16150226,0.332500,5.085000,33.000,167.500,0,OK
16160218,0.332500,5.085000,33.250,170.000,0,OK
16170230,0.337500,5.083750,33.750,172.500,0,OK
16180218,0.332500,5.083750,33.250,170.000,0,OK
16190230,0.332500,5.082500,33.250,170.000,0,OK
16200218,0.335000,5.085000,33.000,167.500,0,OK
16210230,0.335000,5.082500,33.500,170.000,0,OK
16220218,0.330000,5.085000,32.750,166.250,0,OK
16230230,0.330000,5.083750,33.000,167.500,0,OK
16240218,0.335000,5.083750,33.250,170.000,0,OK
16250226,0.330000,5.083750,33.000,167.500,0,OK
16260222,0.330000,5.077500,33.000,167.500,0,OK
16270226,0.330000,5.085000,33.000,167.500,0,OK
16280218,0.332500,5.081250,33.250,167.500,0,OK
16290230,0.332500,5.083750,33.250,170.000,0,OK
16300218,0.332500,5.083750,33.250,170.000,0,OK
16310230,0.332500,5.085000,33.000,167.500,0,OK
16320218,0.332500,5.085000,33.250,170.000,0,OK
16330230,0.332500,5.085000,33.250,167.500,0,OK
16340218,0.332500,5.083750,33.250,170.000,0,OK
16350230,0.335000,5.078750,33.500,170.000,0,OK
16360218,0.332500,5.083750,33.250,170.000,0,OK
16370230,0.335000,5.085000,33.500,170.000,0,OK
16380218,0.332500,5.083750,33.000,167.500,0,OK
16390230,0.335000,5.085000,33.500,170.000,0,OK
16400218,0.332500,5.085000,33.250,170.000,0,OK
16410230,0.332500,5.083750,33.250,170.000,0,OK
16420218,0.332500,5.083750,33.250,167.500,0,OK
16430230,0.335000,5.083750,33.500,170.000,0,OK
16440218,0.330000,5.078750,33.000,167.500,0,OK
16450230,0.330000,5.083750,33.000,167.500,0,OK
16460218,0.335000,5.083750,33.500,170.000,0,OK
16470226,0.332500,5.083750,33.500,170.000,0,OK
16480222,0.335000,5.083750,33.500,170.000,0,OK
16490226,0.330000,5.085000,32.750,166.250,0,OK
16500222,0.330000,5.083750,33.000,167.500,0,OK
16510226,0.332500,5.083750,33.000,167.500,0,OK
16520218,0.330000,5.083750,33.000,167.500,0,OK
16530230,0.332500,5.078750,33.250,167.500,0,OK
16540218,0.340000,5.083750,33.000,167.500,0,OK
16550230,0.332500,5.083750,33.250,170.000,0,OK
16560218,0.330000,5.083750,33.250,170.000,0,OK
16570230,0.332500,5.085000,33.250,170.000,0,OK
16580218,0.332500,5.085000,33.250,167.500,0,OK
16590230,0.330000,5.085000,33.000,167.500,0,OK
16600218,0.332500,5.085000,33.250,167.500,0,OK
16610230,0.330000,5.083750,33.000,167.500,0,OK
16620218,0.332500,5.081250,33.250,167.500,0,OK
16630226,0.337500,5.083750,33.000,167.500,0,OK
16640222,0.335000,5.085000,33.500,170.000,0,OK
16650226,0.330000,5.083750,33.250,170.000,0,OK
16660222,0.327500,5.083750,32.750,166.250,0,OK
16670226,0.335000,5.083750,33.250,170.000,0,OK
16680218,0.327500,5.083750,32.750,166.250,0,OK
16690230,0.335000,5.083750,33.500,170.000,0,OK
16700218,0.330000,5.083750,33.000,167.500,0,OK
16710230,0.335000,5.081250,33.500,170.000,0,OK
16720218,0.337500,5.085000,33.250,170.000,0,OK
16730230,0.332500,5.083750,33.250,170.000,0,OK
16740218,0.332500,5.085000,33.250,170.000,0,OK
16750230,0.332500,5.083750,33.250,170.000,0,OK
16760218,0.335000,5.083750,33.250,170.000,0,OK
16770230,0.330000,5.083750,33.000,167.500,0,OK
16780218,0.332500,5.085000,33.250,167.500,0,OK
16790226,0.332500,5.083750,33.250,170.000,0,OK
16800222,0.337500,5.082500,33.750,172.500,0,OK
16810226,0.335000,5.083750,33.250,170.000,0,OK
16820222,0.332500,5.086250,33.250,170.000,0,OK
16830226,0.330000,5.085000,32.750,166.250,0,OK
16840222,0.332500,5.083750,33.250,170.000,0,OK
16850226,0.330000,5.085000,33.000,167.500,0,OK
16860222,0.332500,5.085000,33.250,170.000,0,OK
16870226,0.332500,5.078750,33.250,167.500,0,OK
16880222,0.332500,5.083750,33.250,170.000,0,OK
16890226,0.332500,5.082500,33.250,170.000,0,OK
16900222,0.332500,5.085000,33.000,167.500,0,OK
16910226,0.335000,5.083750,33.500,170.000,0,OK
16920222,0.335000,5.083750,33.000,167.500,0,OK
16930226,0.332500,5.085000,33.250,170.000,0,OK
16940218,0.335000,5.083750,33.000,170.000,0,OK
16950230,0.330000,5.083750,33.000,167.500,0,OK
16960218,0.335000,5.078750,33.500,170.000,0,OK
16970226,0.330000,5.083750,33.000,167.500,0,OK
16980222,0.332500,5.081250,33.250,167.500,0,OK
16990226,0.330000,5.083750,33.000,167.500,0,OK
17000222,0.332500,5.085000,33.250,170.000,0,OK
17010226,0.335000,5.085000,33.000,167.500,0,OK
17020222,0.330000,5.083750,33.000,167.500,0,OK
17030226,0.332500,5.083750,33.250,167.500,0,OK
17040218,0.332500,5.083750,33.250,170.000,0,OK
17050230,0.332500,5.080000,33.250,167.500,0,OK
17060218,0.327500,5.083750,32.750,166.250,0,OK
17070230,0.332500,5.083750,33.250,170.000,0,OK
17080218,0.332500,5.083750,33.500,170.000,0,OK
17090230,0.332500,5.085000,33.250,170.000,0,OK
17100218,0.332500,5.085000,33.250,170.000,0,OK
17110230,0.330000,5.085000,33.000,167.500,0,OK
17120218,0.335000,5.085000,33.250,170.000,0,OK
17130230,0.332500,5.083750,33.250,170.000,0,OK
17140218,0.335000,5.080000,33.500,170.000,0,OK
17150230,0.342500,5.083750,33.000,167.500,0,OK
17160218,0.335000,5.085000,33.500,170.000,0,OK
17170230,0.330000,5.083750,33.250,170.000,0,OK
17180218,0.332500,5.083750,33.250,170.000,0,OK
17190230,0.332500,5.083750,33.250,170.000,0,OK
17200218,0.330000,5.083750,33.000,167.500,0,OK
17210230,0.332500,5.085000,33.250,167.500,0,OK
17220218,0.332500,5.085000,33.250,170.000,0,OK
17230230,0.332500,5.080000,33.250,167.500,0,OK
17240218,0.340000,5.083750,33.250,170.000,0,OK
17250230,0.332500,5.086250,33.250,170.000,0,OK
17260218,0.332500,5.083750,33.000,167.500,0,OK
17270230,0.332500,5.082500,33.250,170.000,0,OK
17280218,0.332500,5.085000,33.000,167.500,0,OK
17290230,0.332500,5.083750,33.250,170.000,0,OK
17300218,0.332500,5.083750,33.250,167.500,0,OK
17310230,0.330000,5.083750,33.000,167.500,0,OK
17320218,0.332500,5.081250,33.250,167.500,0,OK
17330226,0.337500,5.083750,33.250,170.000,0,OK
17340222,0.330000,5.086250,33.000,167.500,0,OK
17350226,0.330000,5.085000,33.250,170.000,0,OK
17360218,0.332500,5.083750,33.250,170.000,0,OK
17370230,0.337500,5.083750,33.000,172.500,0,OK
17380218,0.332500,5.085000,33.250,170.000,0,OK
17390230,0.332500,5.085000,33.250,167.500,0,OK
17400218,0.330000,5.085000,33.000,167.500,0,OK
17410230,0.332500,5.082500,33.250,170.000,0,OK
17420218,0.335000,5.082500,33.250,170.000,0,OK
17430230,0.332500,5.083750,33.250,170.000,0,OK
17440218,0.330000,5.085000,33.000,167.500,0,OK
17450230,0.330000,5.083750,33.000,167.500,0,OK
17460218,0.332500,5.085000,33.000,167.500,0,OK
17470226,0.327500,5.085000,32.750,166.250,0,OK
17480222,0.332500,5.085000,33.250,167.500,0,OK
17490226,0.330000,5.083750,33.000,167.500,0,OK
17500222,0.332500,5.082500,33.250,170.000,0,OK
17510226,0.332500,5.083750,33.250,170.000,0,OK
17520222,0.335000,5.083750,33.500,170.000,0,OK
17530226,0.330000,5.085000,33.250,170.000,0,OK
17540222,0.332500,5.085000,33.250,170.000,0,OK
17550226,0.335000,5.085000,33.000,170.000,0,OK
17560222,0.332500,5.085000,33.250,170.000,0,OK
17570226,0.335000,5.077500,33.500,170.000,0,OK
17580222,0.330000,5.085000,33.000,167.500,0,OK
17590226,0.332500,5.082500,33.250,170.000,0,OK
17600222,0.332500,5.083750,33.250,170.000,0,OK
17610226,0.332500,5.083750,33.250,170.000,0,OK
17620222,0.335000,5.085000,33.250,170.000,0,OK
17630226,0.330000,5.083750,33.000,167.500,0,OK
17640222,0.335000,5.085000,33.000,170.000,0,OK
17650226,0.330000,5.083750,33.000,167.500,0,OK
17660222,0.332500,5.078750,33.250,167.500,0,OK
17670226,0.335000,5.082500,33.500,170.000,0,OK
17680222,0.332500,5.083750,33.250,170.000,0,OK
17690226,0.332500,5.085000,33.500,170.000,0,OK
17700222,0.335000,5.085000,33.500,170.000,0,OK
17710226,0.332500,5.083750,33.250,170.000,0,OK
17720222,0.330000,5.082500,33.000,167.500,0,OK
17730226,0.335000,5.083750,33.000,170.000,0,OK
17740218,0.327500,5.085000,32.750,166.250,0,OK
17750230,0.332500,5.078750,33.250,167.500,0,OK
17760218,0.345000,5.085000,33.250,170.000,0,OK
17770230,0.332500,5.085000,33.250,170.000,0,OK
17780218,0.330000,5.083750,33.000,167.500,0,OK
17790230,0.335000,5.085000,33.500,170.000,0,OK
17800218,0.332500,5.083750,33.000,167.500,0,OK
17810230,0.330000,5.083750,33.000,167.500,0,OK
17820218,0.332500,5.085000,33.250,167.500,0,OK
17830226,0.332500,5.085000,33.250,170.000,0,OK
17840222,0.330000,5.080000,33.000,167.500,0,OK
17850226,0.340000,5.083750,33.250,170.000,0,OK
17860218,0.332500,5.083750,33.250,170.000,0,OK
17870230,0.332500,5.085000,33.250,170.000,0,OK
17880218,0.335000,5.085000,33.500,170.000,0,OK
17890230,0.335000,5.086250,33.250,170.000,0,OK
17900218,0.332500,5.083750,33.250,170.000,0,OK
17910230,0.335000,5.083750,33.500,170.000,0,OK
17920218,0.330000,5.083750,33.000,167.500,0,OK
17930230,0.332500,5.081250,33.250,167.500,0,OK
17940218,0.337500,5.083750,33.250,170.000,0,OK
17950230,0.335000,5.085000,33.500,170.000,0,OK
17960218,0.335000,5.083750,33.000,167.500,0,OK
17970230,0.332500,5.085000,33.250,170.000,0,OK
17980218,0.332500,5.085000,33.000,167.500,0,OK
17990230,0.330000,5.085000,33.000,167.500,0,OK
18000218,0.335000,5.083750,33.500,170.000,0,OK
18010230,0.330000,5.083750,33.000,167.500,0,OK
18020218,0.332500,5.083750,33.250,170.000,0,OK
18030226,0.335000,5.085000,33.250,170.000,0,OK
18040222,0.332500,5.086250,33.250,170.000,0,OK
18050226,0.332500,5.083750,33.250,170.000,0,OK
18060222,0.332500,5.083750,33.250,170.000,0,OK
18070226,0.332500,5.085000,33.500,167.500,0,OK
18080222,0.332500,5.085000,33.250,170.000,0,OK
18090226,0.335000,5.085000,33.500,170.000,0,OK
18100222,0.330000,5.083750,33.000,167.500,0,OK
18110226,0.337500,5.083750,33.750,172.500,0,OK
18120218,0.335000,5.082500,33.000,167.500,0,OK
18130230,0.332500,5.085000,33.250,170.000,0,OK
18140218,0.335000,5.085000,33.250,170.000,0,OK
18150230,0.332500,5.083750,33.250,170.000,0,OK
18160218,0.332500,5.083750,33.000,167.500,0,OK
18170230,0.332500,5.085000,33.250,170.000,0,OK
18180218,0.332500,5.077500,33.250,167.500,0,OK
18190230,0.332500,5.085000,33.250,170.000,0,OK
18200218,0.332500,5.083750,33.250,170.000,0,OK
18210230,0.332500,5.083750,33.250,170.000,0,OK
18220218,0.332500,5.085000,33.250,170.000,0,OK
18230230,0.335000,5.085000,33.250,170.000,0,OK
18240218,0.327500,5.083750,32.750,166.250,0,OK
18250230,0.332500,5.085000,33.250,167.500,0,OK
18260218,0.330000,5.083750,33.000,167.500,0,OK
18270230,0.332500,5.081250,33.250,167.500,0,OK
18280218,0.327500,5.085000,32.750,166.250,0,OK
18290230,0.332500,5.083750,33.250,170.000,0,OK
18300218,0.327500,5.083750,33.500,170.000,0,OK
18310230,0.332500,5.085000,33.250,170.000,0,OK
18320218,0.332500,5.083750,33.000,167.500,0,OK
18330230,0.332500,5.083750,33.250,170.000,0,OK
18340218,0.335000,5.086250,33.000,170.000,0,OK
18350230,0.330000,5.083750,33.000,167.500,0,OK
18360218,0.330000,5.080000,33.000,167.500,0,OK
18370226,0.345000,5.083750,33.250,170.000,0,OK
18380218,0.332500,5.085000,33.250,170.000,0,OK
18390230,0.332500,5.082500,33.000,167.500,0,OK
18400218,0.335000,5.083750,33.500,170.000,0,OK
18410230,0.332500,5.085000,33.250,170.000,0,OK
18420218,0.330000,5.083750,33.000,167.500,0,OK
18430230,0.335000,5.085000,33.500,170.000,0,OK
18440218,0.332500,5.085000,33.250,170.000,0,OK
18450230,0.337500,5.081250,33.750,172.500,0,OK
18460218,0.340000,5.083750,32.750,166.250,0,OK
18470230,0.335000,5.085000,33.500,170.000,0,OK
18480218,0.330000,5.083750,33.250,170.000,0,OK
18490230,0.332500,5.085000,33.250,170.000,0,OK
18500218,0.335000,5.083750,33.000,170.000,0,OK
18510230,0.332500,5.085000,33.250,170.000,0,OK
18520218,0.330000,5.083750,33.000,167.500,0,OK
18530230,0.330000,5.083750,33.000,167.500,0,OK
18540218,0.332500,5.081250,33.250,167.500,0,OK
18550226,0.337500,5.083750,33.250,170.000,0,OK
18560222,0.337500,5.083750,33.750,172.500,0,OK
18570226,0.327500,5.083750,33.250,170.000,0,OK
18580222,0.327500,5.085000,32.750,166.250,0,OK
18590226,0.332500,5.083750,33.000,167.500,0,OK
18600222,0.332500,5.085000,33.250,170.000,0,OK
18610226,0.337500,5.083750,33.750,172.500,0,OK
18620222,0.332500,5.083750,33.250,170.000,0,OK
18630226,0.332500,5.082500,33.250,170.000,0,OK
18640222,0.332500,5.083750,33.250,170.000,0,OK
18650226,0.335000,5.085000,33.500,170.000,0,OK
18660222,0.335000,5.085000,33.000,167.500,0,OK
18670226,0.330000,5.083750,33.000,167.500,0,OK
18680222,0.332500,5.085000,33.250,167.500,0,OK
18690226,0.330000,5.085000,33.000,167.500,0,OK
18700222,0.332500,5.085000,33.250,167.500,0,OK
18710226,0.332500,5.083750,33.250,170.000,0,OK
18720222,0.332500,5.082500,33.250,170.000,0,OK
18730226,0.332500,5.083750,33.250,170.000,0,OK
18740222,0.335000,5.085000,33.500,170.000,0,OK
18750226,0.332500,5.085000,33.250,170.000,0,OK
18760222,0.332500,5.082500,33.250,170.000,0,OK
18770226,0.335000,5.085000,33.000,170.000,0,OK
18780222,0.330000,5.083750,33.000,167.500,0,OK
18790226,0.327500,5.077500,32.750,166.250,0,OK
18800218,0.332500,5.083750,33.250,170.000,0,OK
18810226,0.335000,5.082500,33.500,170.000,0,OK
18820222,0.327500,5.083750,33.000,167.500,0,OK
18830226,0.335000,5.083750,33.500,170.000,0,OK
18840218,0.332500,5.085000,33.000,167.500,0,OK
18850230,0.330000,5.083750,33.000,167.500,0,OK
18860218,0.332500,5.085000,33.250,167.500,0,OK
18870226,0.332500,5.085000,33.250,170.000,0,OK
18880222,0.332500,5.078750,33.250,167.500,0,OK
18890226,0.335000,5.083750,33.500,170.000,0,OK
18900222,0.335000,5.083750,33.500,170.000,0,OK
18910226,0.332500,5.083750,32.750,166.250,0,OK
18920222,0.335000,5.085000,33.500,170.000,0,OK
18930226,0.335000,5.085000,33.000,167.500,0,OK
18940222,0.332500,5.086250,33.250,170.000,0,OK
18950226,0.332500,5.085000,33.250,167.500,0,OK
18960222,0.332500,5.085000,33.250,170.000,0,OK
18970226,0.332500,5.080000,33.250,167.500,0,OK
18980222,0.345000,5.083750,33.000,167.500,0,OK
18990226,0.332500,5.083750,33.250,170.000,0,OK
19000218,0.332500,5.083750,33.000,167.500,0,OK
19010230,0.330000,5.083750,33.000,167.500,0,OK
19020218,0.330000,5.085000,33.000,167.500,0,OK
19030226,0.330000,5.086250,33.000,167.500,0,OK
19040222,0.332500,5.085000,33.250,167.500,0,OK
19050226,0.330000,5.085000,33.000,167.500,0,OK
19060222,0.332500,5.081250,33.250,167.500,0,OK
19070226,0.342500,5.085000,33.500,170.000,0,OK
19080222,0.332500,5.083750,33.250,170.000,0,OK
19090226,0.332500,5.083750,33.000,167.500,0,OK
19100222,0.327500,5.085000,32.750,166.250,0,OK
19110226,0.332500,5.083750,33.250,167.500,0,OK
19120222,0.330000,5.083750,33.000,167.500,0,OK
19130226,0.335000,5.085000,33.500,170.000,0,OK
19140218,0.332500,5.083750,33.250,170.000,0,OK
19150230,0.335000,5.081250,33.500,170.000,0,OK
19160218,0.337500,5.083750,33.000,167.500,0,OK
19170230,0.335000,5.085000,33.500,170.000,0,OK
19180218,0.332500,5.083750,33.250,170.000,0,OK
19190230,0.330000,5.085000,33.000,167.500,0,OK
19200218,0.332500,5.085000,33.000,167.500,0,OK
19210230,0.330000,5.083750,33.000,167.500,0,OK
19220218,0.332500,5.086250,33.250,167.500,0,OK
19230226,0.332500,5.085000,33.250,170.000,0,OK
19240222,0.332500,5.081250,33.250,167.500,0,OK
19250226,0.332500,5.083750,33.250,170.000,0,OK
19260222,0.337500,5.083750,33.750,172.500,0,OK
19270226,0.335000,5.083750,33.000,167.500,0,OK
19280222,0.332500,5.085000,33.250,170.000,0,OK
19290226,0.332500,5.086250,32.750,167.500,0,OK
19300222,0.330000,5.083750,33.000,167.500,0,OK
19310226,0.332500,5.083750,33.250,167.500,0,OK
19320218,0.332500,5.083750,33.250,170.000,0,OK
19330230,0.332500,5.082500,33.250,170.000,0,OK
19340218,0.332500,5.083750,33.250,170.000,0,OK
19350230,0.332500,5.085000,33.250,170.000,0,OK
19360218,0.330000,5.083750,33.250,170.000,0,OK
19370230,0.330000,5.085000,33.000,167.500,0,OK
19380218,0.332500,5.083750,33.000,167.500,0,OK
19390230,0.332500,5.085000,33.250,170.000,0,OK
19400218,0.332500,5.078750,33.250,167.500,0,OK
19410230,0.327500,5.083750,32.750,166.250,0,OK
19420218,0.332500,5.085000,33.250,170.000,0,OK
19430226,0.332500,5.083750,33.000,167.500,0,OK
19440222,0.330000,5.085000,33.000,167.500,0,OK
19450226,0.332500,5.085000,32.750,166.250,0,OK
19460222,0.327500,5.085000,32.750,166.250,0,OK
19470226,0.332500,5.083750,33.000,167.500,0,OK
19480222,0.330000,5.083750,33.000,167.500,0,OK
19490226,0.332500,5.078750,33.250,167.500,0,OK
19500218,0.330000,5.083750,33.000,167.500,0,OK
19510230,0.332500,5.083750,33.250,170.000,0,OK
19520218,0.332500,5.083750,33.250,170.000,0,OK
19530230,0.335000,5.083750,33.500,170.000,0,OK
19540218,0.332500,5.086250,33.000,167.500,0,OK
19550230,0.330000,5.083750,33.000,167.500,0,OK
19560218,0.332500,5.085000,33.000,167.500,0,OK
19570226,0.332500,5.083750,33.250,170.000,0,OK
19580222,0.330000,5.080000,33.000,167.500,0,OK
19590226,0.347500,5.085000,33.250,170.000,0,OK
19600218,0.335000,5.085000,33.500,170.000,0,OK
19610230,0.330000,5.083750,33.500,170.000,0,OK
19620218,0.335000,5.085000,33.500,170.000,0,OK
19630230,0.335000,5.085000,32.750,166.250,0,OK
19640218,0.332500,5.083750,33.250,170.000,0,OK
19650230,0.335000,5.085000,33.500,170.000,0,OK
19660218,0.330000,5.085000,33.000,167.500,0,OK
19670230,0.330000,5.080000,33.000,167.500,0,OK
19680218,0.337500,5.085000,33.250,170.000,0,OK
19690226,0.332500,5.083750,33.250,170.000,0,OK
19700222,0.330000,5.083750,33.250,170.000,0,OK
19710226,0.327500,5.085000,32.750,166.250,0,OK
19720222,0.332500,5.083750,33.000,167.500,0,OK
19730226,0.332500,5.083750,33.250,170.000,0,OK
19740222,0.332500,5.085000,33.250,167.500,0,OK
19750226,0.330000,5.083750,33.000,167.500,0,OK
19760222,0.332500,5.081250,33.250,167.500,0,OK
19770226,0.335000,5.085000,33.000,167.500,0,OK
19780222,0.330000,5.085000,33.000,167.500,0,OK
19790226,0.332500,5.085000,33.000,167.500,0,OK
19800222,0.330000,5.083750,33.000,167.500,0,OK
19810226,0.332500,5.085000,33.250,167.500,0,OK
19820218,0.330000,5.085000,33.000,167.500,0,OK
19830230,0.332500,5.083750,33.250,167.500,0,OK
19840218,0.330000,5.083750,33.000,167.500,0,OK
19850230,0.332500,5.082500,33.250,170.000,0,OK
19860218,0.332500,5.085000,33.000,167.500,0,OK
19870230,0.335000,5.086250,33.500,170.000,0,OK
19880218,0.330000,5.085000,33.250,170.000,0,OK
19890230,0.332500,5.083750,33.250,170.000,0,OK
19900218,0.332500,5.085000,33.500,167.500,0,OK
19910230,0.330000,5.085000,33.000,167.500,0,OK
19920218,0.332500,5.083750,33.250,167.500,0,OK
19930230,0.330000,5.083750,33.000,167.500,0,OK
19940218,0.332500,5.082500,33.250,170.000,0,OK
19950226,0.332500,5.083750,33.250,170.000,0,OK
19960222,0.335000,5.085000,33.500,170.000,0,OK
19970226,0.330000,5.085000,33.250,170.000,0,OK
19980222,0.330000,5.083750,33.000,167.500,0,OK
19990226,0.335000,5.085000,33.000,170.000,0,OK
20000218,0.332500,5.083750,33.250,170.000,0,OK
20010230,0.332500,5.078750,33.250,167.500,0,OK
20020218,0.330000,5.083750,33.000,167.500,0,OK
20030230,0.332500,5.083750,33.250,170.000,0,OK
20040218,0.332500,5.083750,33.000,167.500,0,OK
20050230,0.337500,5.085000,33.750,172.500,0,OK
20060218,0.332500,5.085000,33.000,167.500,0,OK
20070230,0.332500,5.083750,33.250,170.000,0,OK
20080218,0.335000,5.085000,33.250,170.000,0,OK
20090230,0.330000,5.083750,33.000,167.500,0,OK
20100218,0.335000,5.080000,33.500,170.000,0,OK
20110226,0.332500,5.083750,33.250,170.000,0,OK
20120222,0.335000,5.083750,33.500,170.000,0,OK
20130226,0.330000,5.083750,33.000,167.500,0,OK
20140222,0.335000,5.085000,33.500,170.000,0,OK
20150226,0.332500,5.085000,33.250,170.000,0,OK
20160222,0.330000,5.083750,33.000,167.500,0,OK
20170226,0.335000,5.085000,33.250,170.000,0,OK
20180218,0.332500,5.085000,33.250,170.000,0,OK
20190230,0.332500,5.078750,33.250,167.500,0,OK
20200218,0.345000,5.083750,33.000,167.500,0,OK
20210230,0.335000,5.085000,33.500,170.000,0,OK
20220218,0.332500,5.083750,33.000,167.500,0,OK
20230230,0.332500,5.085000,33.250,170.000,0,OK
20240218,0.332500,5.086250,33.500,170.000,0,OK
20250230,0.330000,5.085000,33.000,167.500,0,OK
20260218,0.332500,5.083750,33.250,167.500,0,OK
20270230,0.332500,5.083750,33.250,170.000,0,OK
20280218,0.332500,5.080000,33.250,167.500,0,OK
20290230,0.342500,5.085000,33.000,167.500,0,OK
20300218,0.335000,5.083750,33.500,170.000,0,OK
20310230,0.330000,5.083750,33.000,167.500,0,OK
20320218,0.332500,5.085000,33.250,170.000,0,OK
20330226,0.332500,5.085000,33.000,167.500,0,OK
20340222,0.330000,5.085000,33.000,167.500,0,OK
20350226,0.335000,5.085000,33.500,170.000,0,OK
20360222,0.332500,5.083750,33.250,170.000,0,OK
20370226,0.335000,5.082500,33.500,170.000,0,OK
20380222,0.340000,5.085000,33.250,170.000,0,OK
20390226,0.332500,5.085000,33.250,170.000,0,OK
20400222,0.330000,5.085000,33.250,170.000,0,OK
20410226,0.332500,5.083750,33.250,170.000,0,OK
20420222,0.335000,5.085000,33.250,170.000,0,OK
20430226,0.327500,5.083750,32.750,166.250,0,OK
20440222,0.332500,5.085000,33.250,167.500,0,OK
20450226,0.332500,5.083750,33.250,170.000,0,OK
20460222,0.332500,5.082500,33.250,170.000,0,OK
20470226,0.335000,5.083750,33.250,170.000,0,OK
20480222,0.332500,5.085000,33.250,170.000,0,OK
20490226,0.335000,5.085000,33.000,167.500,0,OK
20500222,0.330000,5.083750,33.000,167.500,0,OK
20510226,0.332500,5.083750,33.250,167.500,0,OK
20520218,0.330000,5.083750,33.000,167.500,0,OK
20530230,0.335000,5.085000,33.500,170.000,0,OK
20540218,0.332500,5.085000,33.250,170.000,0,OK
20550230,0.335000,5.082500,33.500,170.000,0,OK
20560218,0.332500,5.083750,33.000,167.500,0,OK
20570230,0.335000,5.085000,33.500,170.000,0,OK
20580218,0.330000,5.083750,33.000,167.500,0,OK
20590230,0.330000,5.083750,33.000,167.500,0,OK
20600218,0.332500,5.083750,33.500,167.500,0,OK
20610226,0.332500,5.083750,33.250,170.000,0,OK
20620222,0.335000,5.077500,33.500,170.000,0,OK
20630226,0.332500,5.083750,33.250,170.000,0,OK
20640222,0.332500,5.082500,33.250,170.000,0,OK
20650226,0.332500,5.085000,33.250,170.000,0,OK
20660222,0.335000,5.083750,33.500,170.000,0,OK
20670226,0.335000,5.083750,33.250,170.000,0,OK
20680222,0.332500,5.085000,33.250,170.000,0,OK
20690226,0.332500,5.085000,33.250,167.500,0,OK
20700222,0.332500,5.085000,33.250,170.000,0,OK
20710226,0.330000,5.078750,33.000,167.500,0,OK
20720222,0.330000,5.085000,33.000,167.500,0,OK
20730226,0.332500,5.085000,33.250,170.000,0,OK
20740222,0.332500,5.085000,33.250,170.000,0,OK
20750226,0.332500,5.083750,33.250,170.000,0,OK
20760222,0.335000,5.085000,33.000,167.500,0,OK
20770226,0.332500,5.085000,33.250,170.000,0,OK
20780222,0.335000,5.085000,33.250,170.000,0,OK
20790226,0.330000,5.083750,33.000,167.500,0,OK
20800222,0.332500,5.080000,33.250,167.500,0,OK
20810226,0.347500,5.083750,33.250,170.000,0,OK
20820222,0.335000,5.083750,33.500,170.000,0,OK
20830226,0.330000,5.083750,33.250,170.000,0,OK
20840222,0.335000,5.085000,33.500,170.000,0,OK
20850226,0.335000,5.085000,33.250,170.000,0,OK
20860222,0.332500,5.083750,33.250,170.000,0,OK
20870226,0.337500,5.085000,33.000,172.500,0,OK
20880222,0.330000,5.083750,33.000,167.500,0,OK
20890226,0.335000,5.077500,33.500,170.000,0,OK
20900218,0.340000,5.085000,33.000,167.500,0,OK
20910230,0.335000,5.083750,33.500,170.000,0,OK
20920218,0.332500,5.083750,32.750,166.250,0,OK
20930230,0.327500,5.085000,32.750,166.250,0,OK
20940218,0.332500,5.085000,33.250,167.500,0,OK
20950230,0.332500,5.085000,33.250,170.000,0,OK
20960218,0.332500,5.083750,33.250,167.500,0,OK
20970230,0.332500,5.083750,33.250,170.000,0,OK
20980218,0.332500,5.081250,33.250,167.500,0,OK
20990230,0.340000,5.083750,33.250,170.000,0,OK
21000218,0.332500,5.083750,33.250,170.000,0,OK
21010230,0.335000,5.083750,33.500,170.000,0,OK
21020218,0.332500,5.083750,33.250,170.000,0,OK
21030230,0.332500,5.085000,33.250,167.500,0,OK
21040218,0.332500,5.085000,33.250,170.000,0,OK
21050230,0.335000,5.085000,33.500,170.000,0,OK
21060218,0.330000,5.083750,33.000,167.500,0,OK
21070230,0.335000,5.082500,33.500,170.000,0,OK
21080218,0.332500,5.083750,33.000,167.500,0,OK
21090230,0.335000,5.085000,33.500,170.000,0,OK
21100218,0.332500,5.083750,33.250,170.000,0,OK
21110230,0.332500,5.083750,33.250,170.000,0,OK
21120218,0.337500,5.085000,33.250,172.500,0,OK
21130230,0.330000,5.083750,33.000,167.500,0,OK
21140218,0.335000,5.085000,33.500,170.000,0,OK
21150226,0.330000,5.085000,33.000,167.500,0,OK
21160222,0.335000,5.082500,33.500,170.000,0,OK
21170226,0.335000,5.085000,32.750,166.250,0,OK
21180222,0.332500,5.085000,33.250,170.000,0,OK
21190226,0.327500,5.083750,33.250,170.000,0,OK
21200222,0.330000,5.083750,33.000,167.500,0,OK
21210226,0.332500,5.085000,33.000,167.500,0,OK
21220218,0.330000,5.085000,33.000,167.500,0,OK
21230230,0.335000,5.077500,33.500,170.000,0,OK
21240218,0.330000,5.085000,33.000,167.500,0,OK
21250230,0.335000,5.083750,33.500,170.000,0,OK
21260218,0.330000,5.083750,33.250,170.000,0,OK
21270230,0.332500,5.085000,33.250,170.000,0,OK
21280218,0.332500,5.085000,33.250,170.000,0,OK
21290230,0.332500,5.085000,33.250,170.000,0,OK
21300218,0.332500,5.085000,33.250,167.500,0,OK
21310230,0.332500,5.085000,33.250,170.000,0,OK
21320218,0.332500,5.078750,33.250,167.500,0,OK
21330230,0.332500,5.085000,33.250,170.000,0,OK
21340218,0.335000,5.083750,33.500,170.000,0,OK
21350230,0.332500,5.083750,33.250,170.000,0,OK
21360218,0.332500,5.085000,33.250,170.000,0,OK
21370230,0.332500,5.083750,33.000,167.500,0,OK
21380218,0.330000,5.085000,33.000,167.500,0,OK
21390230,0.332500,5.085000,33.250,167.500,0,OK
21400218,0.330000,5.085000,33.000,167.500,0,OK
21410230,0.332500,5.078750,33.250,167.500,0,OK
21420218,0.330000,5.082500,33.000,167.500,0,OK
21430230,0.335000,5.083750,33.500,170.000,0,OK
21440218,0.332500,5.085000,33.250,170.000,0,OK
21450230,0.332500,5.085000,33.250,170.000,0,OK
21460218,0.330000,5.085000,33.250,170.000,0,OK
21470230,0.330000,5.085000,33.000,167.500,0,OK
21480218,0.335000,5.083750,33.250,170.000,0,OK
21490230,0.332500,5.083750,33.250,170.000,0,OK
21500218,0.332500,5.080000,33.250,167.500,0,OK
21510230,0.342500,5.083750,33.250,170.000,0,OK
21520218,0.335000,5.085000,33.500,170.000,0,OK
21530230,0.332500,5.085000,33.000,167.500,0,OK
21540218,0.332500,5.083750,33.250,170.000,0,OK
21550230,0.332500,5.083750,33.000,167.500,0,OK
21560218,0.332500,5.085000,33.250,170.000,0,OK
21570230,0.332500,5.083750,33.250,167.500,0,OK
21580218,0.327500,5.085000,32.750,166.250,0,OK
21590230,0.332500,5.081250,33.250,167.500,0,OK
21600218,0.337500,5.085000,33.000,167.500,0,OK
21610230,0.332500,5.083750,33.250,170.000,0,OK
21620218,0.330000,5.083750,33.250,170.000,0,OK
21630230,0.332500,5.083750,33.250,170.000,0,OK
21640218,0.335000,5.083750,33.000,170.000,0,OK
21650230,0.332500,5.083750,33.250,170.000,0,OK
21660218,0.332500,5.083750,33.250,167.500,0,OK
21670230,0.332500,5.086250,33.250,170.000,0,OK
21680218,0.332500,5.081250,33.250,167.500,0,OK
21690230,0.337500,5.082500,33.250,170.000,0,OK
21700218,0.332500,5.085000,33.250,170.000,0,OK
21710230,0.332500,5.083750,33.000,167.500,0,OK
21720218,0.330000,5.083750,33.000,167.500,0,OK
21730230,0.332500,5.083750,33.250,167.500,0,OK
21740218,0.332500,5.082500,33.250,170.000,0,OK
21750230,0.332500,5.083750,33.250,167.500,0,OK
21760218,0.330000,5.083750,33.000,167.500,0,OK
21770230,0.332500,5.082500,33.250,170.000,0,OK
21780218,0.332500,5.083750,33.000,167.500,0,OK
21790230,0.332500,5.085000,33.250,170.000,0,OK
21800218,0.330000,5.083750,33.000,167.500,0,OK
21810230,0.332500,5.083750,33.250,170.000,0,OK
21820218,0.335000,5.085000,33.250,170.000,0,OK
21830230,0.332500,5.082500,33.250,170.000,0,OK
21840218,0.332500,5.083750,33.250,167.500,0,OK
21850230,0.335000,5.083750,33.500,170.000,0,OK
21860218,0.332500,5.083750,33.250,170.000,0,OK
21870230,0.332500,5.083750,33.250,170.000,0,OK
21880218,0.330000,5.083750,33.000,167.500,0,OK
21890230,0.335000,5.085000,33.000,167.500,0,OK
21900218,0.330000,5.085000,33.000,167.500,0,OK
21910230,0.335000,5.083750,33.250,170.000,0,OK
21920218,0.330000,5.085000,33.000,167.500,0,OK
21930230,0.330000,5.078750,33.000,167.500,0,OK
21940218,0.327500,5.083750,32.750,166.250,0,OK
21950226,0.332500,5.083750,33.250,170.000,0,OK
21960218,0.330000,5.083750,33.000,167.500,0,OK
21970230,0.335000,5.085000,33.500,170.000,0,OK
21980218,0.332500,5.083750,33.250,170.000,0,OK
21990230,0.332500,5.083750,33.250,170.000,0,OK
22000218,0.332500,5.083750,33.000,167.500,0,OK
22010230,0.330000,5.083750,33.000,167.500,0,OK
22020218,0.327500,5.078750,32.750,166.250,0,OK
22030226,0.330000,5.083750,33.000,167.500,0,OK
22040218,0.332500,5.083750,33.250,170.000,0,OK
22050226,0.330000,5.083750,33.000,167.500,0,OK
22060222,0.332500,5.083750,33.250,170.000,0,OK
22070226,0.332500,5.083750,33.000,167.500,0,OK
22080222,0.327500,5.085000,32.750,166.250,0,OK
22090226,0.335000,5.083750,33.250,170.000,0,OK
22100222,0.332500,5.085000,33.250,170.000,0,OK
22110226,0.335000,5.080000,33.500,170.000,0,OK
22120222,0.342500,5.083750,33.250,170.000,0,OK
22130226,0.335000,5.085000,33.500,170.000,0,OK
22140222,0.330000,5.083750,33.250,170.000,0,OK
22150226,0.330000,5.083750,33.000,167.500,0,OK
22160222,0.335000,5.083750,33.250,170.000,0,OK
22170226,0.335000,5.082500,33.500,170.000,0,OK
22180222,0.335000,5.085000,33.500,170.000,0,OK
22190226,0.330000,5.085000,33.000,167.500,0,OK
22200222,0.332500,5.080000,33.250,167.500,0,OK
22210226,0.337500,5.083750,33.000,167.500,0,OK
22220222,0.330000,5.085000,33.000,167.500,0,OK
22230226,0.332500,5.083750,33.000,167.500,0,OK
22240222,0.332500,5.083750,33.250,170.000,0,OK
22250226,0.332500,5.085000,33.250,167.500,0,OK
22260222,0.332500,5.083750,33.250,170.000,0,OK
22270226,0.332500,5.083750,33.250,167.500,0,OK
22280222,0.332500,5.085000,33.250,170.000,0,OK
22290226,0.332500,5.080000,33.250,167.500,0,OK
22300222,0.337500,5.083750,33.250,170.000,0,OK
22310226,0.332500,5.085000,33.250,170.000,0,OK
22320222,0.332500,5.083750,33.000,167.500,0,OK
22330226,0.330000,5.083750,33.000,167.500,0,OK
22340222,0.332500,5.085000,33.500,167.500,0,OK
22350226,0.332500,5.083750,33.250,170.000,0,OK
22360222,0.332500,5.085000,33.250,167.500,0,OK
22370226,0.332500,5.085000,33.250,170.000,0,OK
22380222,0.335000,5.081250,33.500,170.000,0,OK
22390226,0.335000,5.083750,33.250,170.000,0,OK
22400222,0.332500,5.086250,33.250,170.000,0,OK
22410226,0.332500,5.085000,33.250,170.000,0,OK
22420222,0.330000,5.083750,33.000,167.500,0,OK
22430226,0.337500,5.085000,33.250,172.500,0,OK
22440218,0.327500,5.083750,32.750,166.250,0,OK
22450230,0.332500,5.083750,33.250,167.500,0,OK
22460218,0.330000,5.083750,33.000,167.500,0,OK
22470230,0.332500,5.083750,33.250,170.000,0,OK
22480218,0.330000,5.083750,33.250,170.000,0,OK
22490230,0.332500,5.083750,33.250,170.000,0,OK
22500218,0.330000,5.085000,32.750,166.250,0,OK
22510230,0.330000,5.083750,33.000,167.500,0,OK
22520218,0.335000,5.083750,33.000,170.000,0,OK
22530226,0.332500,5.083750,33.250,170.000,0,OK
22540222,0.335000,5.077500,33.500,170.000,0,OK
22550226,0.332500,5.083750,33.250,170.000,0,OK
22560222,0.332500,5.082500,33.250,170.000,0,OK
22570226,0.330000,5.083750,33.000,167.500,0,OK
22580222,0.332500,5.085000,33.250,170.000,0,OK
22590226,0.332500,5.086250,33.500,170.000,0,OK
22600222,0.330000,5.083750,33.000,167.500,0,OK
22610226,0.332500,5.083750,33.000,167.500,0,OK
22620218,0.330000,5.085000,33.000,167.500,0,OK
22630230,0.335000,5.078750,33.500,170.000,0,OK
22640218,0.332500,5.085000,33.250,170.000,0,OK
22650230,0.332500,5.085000,33.250,170.000,0,OK
22660218,0.332500,5.083750,33.250,170.000,0,OK
22670230,0.332500,5.083750,33.250,170.000,0,OK
22680218,0.337500,5.083750,33.250,170.000,0,OK
22690230,0.330000,5.083750,33.000,167.500,0,OK
22700218,0.332500,5.085000,33.000,167.500,0,OK
22710226,0.332500,5.083750,33.250,170.000,0,OK
22720222,0.330000,5.080000,33.000,167.500,0,OK
22730226,0.345000,5.083750,33.250,170.000,0,OK
22740218,0.335000,5.085000,33.500,170.000,0,OK
22750230,0.332500,5.085000,33.250,170.000,0,OK
22760218,0.330000,5.083750,33.000,167.500,0,OK
22770230,0.332500,5.085000,33.500,167.500,0,OK
22780218,0.332500,5.083750,33.250,170.000,0,OK
22790230,0.335000,5.085000,33.500,170.000,0,OK
22800218,0.330000,5.085000,33.000,167.500,0,OK
22810230,0.332500,5.080000,33.250,167.500,0,OK
22820218,0.342500,5.085000,33.000,167.500,0,OK
22830230,0.335000,5.086250,33.500,170.000,0,OK
22840218,0.330000,5.083750,33.000,167.500,0,OK
22850230,0.332500,5.085000,33.250,170.000,0,OK
22860218,0.332500,5.085000,33.000,167.500,0,OK
22870230,0.330000,5.085000,33.000,167.500,0,OK
22880218,0.330000,5.085000,33.000,167.500,0,OK
22890230,0.335000,5.085000,33.500,170.000,0,OK
22900218,0.332500,5.081250,33.250,167.500,0,OK
22910230,0.340000,5.082500,33.250,170.000,0,OK
22920218,0.335000,5.085000,33.500,170.000,0,OK
22930230,0.330000,5.085000,33.250,170.000,0,OK
22940218,0.332500,5.083750,33.250,170.000,0,OK
22950230,0.335000,5.085000,33.500,170.000,0,OK
22960218,0.332500,5.085000,33.250,170.000,0,OK
22970230,0.332500,5.085000,33.250,167.500,0,OK
22980218,0.330000,5.085000,33.000,167.500,0,OK
22990230,0.335000,5.081250,33.500,170.000,0,OK
23000218,0.327500,5.085000,33.250,170.000,0,OK
23010230,0.332500,5.083750,33.250,170.000,0,OK
23020218,0.332500,5.085000,33.000,167.500,0,OK
23030230,0.330000,5.085000,33.000,167.500,0,OK
23040218,0.332500,5.085000,33.250,167.500,0,OK
23050230,0.332500,5.082500,33.250,170.000,0,OK
23060218,0.332500,5.085000,33.250,167.500,0,OK
23070230,0.332500,5.083750,33.250,170.000,0,OK
23080218,0.335000,5.085000,33.500,170.000,0,OK
23090230,0.332500,5.086250,33.000,167.500,0,OK
23100218,0.335000,5.085000,33.500,170.000,0,OK
23110230,0.332500,5.085000,33.500,170.000,0,OK
23120218,0.332500,5.085000,33.250,170.000,0,OK
23130230,0.332500,5.083750,33.000,167.500,0,OK
23140218,0.332500,5.085000,33.250,170.000,0,OK
23150230,0.332500,5.078750,33.250,167.500,0,OK
23160218,0.330000,5.083750,33.000,167.500,0,OK
23170230,0.335000,5.083750,33.500,170.000,0,OK
23180218,0.330000,5.085000,33.250,170.000,0,OK
23190230,0.332500,5.085000,33.250,170.000,0,OK
23200218,0.335000,5.085000,33.500,170.000,0,OK
23210230,0.332500,5.085000,33.250,170.000,0,OK
23220218,0.332500,5.085000,33.250,167.500,0,OK
23230230,0.330000,5.086250,33.000,167.500,0,OK
23240218,0.332500,5.078750,33.250,167.500,0,OK
23250226,0.332500,5.085000,33.250,170.000,0,OK
23260222,0.332500,5.083750,33.250,170.000,0,OK
23270226,0.335000,5.083750,33.000,167.500,0,OK
23280222,0.335000,5.085000,33.500,170.000,0,OK
23290226,0.335000,5.086250,33.000,167.500,0,OK
23300222,0.330000,5.085000,33.000,167.500,0,OK
23310226,0.335000,5.085000,33.250,170.000,0,OK
23320222,0.332500,5.085000,33.250,170.000,0,OK
23330226,0.335000,5.080000,33.500,170.000,0,OK
23340222,0.340000,5.083750,33.000,167.500,0,OK
23350226,0.332500,5.085000,33.250,170.000,0,OK
23360222,0.327500,5.083750,32.750,166.250,0,OK
23370226,0.335000,5.083750,33.500,170.000,0,OK
23380218,0.332500,5.083750,33.250,170.000,0,OK
23390230,0.332500,5.085000,33.250,170.000,0,OK
23400218,0.337500,5.085000,33.750,172.500,0,OK
23410230,0.330000,5.085000,33.000,167.500,0,OK
23420218,0.332500,5.081250,33.250,167.500,0,OK
23430230,0.340000,5.085000,33.000,167.500,0,OK
23440218,0.332500,5.085000,33.250,170.000,0,OK
23450230,0.335000,5.085000,33.250,170.000,0,OK
23460218,0.330000,5.085000,33.000,167.500,0,OK
23470230,0.332500,5.086250,33.000,167.500,0,OK
23480218,0.330000,5.085000,33.000,167.500,0,OK
23490230,0.335000,5.083750,33.500,170.000,0,OK
23500218,0.332500,5.083750,33.250,170.000,0,OK
23510230,0.332500,5.081250,33.250,167.500,0,OK
23520218,0.335000,5.085000,33.000,167.500,0,OK
23530230,0.335000,5.085000,33.500,170.000,0,OK
23540218,0.330000,5.085000,32.750,166.250,0,OK
23550230,0.330000,5.085000,33.000,167.500,0,OK
23560218,0.332500,5.085000,33.250,167.500,0,OK
23570230,0.332500,5.085000,33.250,170.000,0,OK
23580218,0.332500,5.083750,33.250,167.500,0,OK
23590230,0.332500,5.085000,33.250,170.000,0,OK
23600218,0.332500,5.082500,33.250,170.000,0,OK
23610230,0.332500,5.083750,33.250,170.000,0,OK
23620218,0.332500,5.085000,33.250,170.000,0,OK
23630230,0.327500,5.085000,33.250,170.000,0,OK
23640218,0.332500,5.083750,33.250,170.000,0,OK
23650230,0.330000,5.085000,33.000,167.500,0,OK
23660218,0.327500,5.085000,32.750,166.250,0,OK
23670230,0.332500,5.085000,33.250,167.500,0,OK
23680218,0.330000,5.083750,33.000,167.500,0,OK
23690230,0.335000,5.082500,33.500,170.000,0,OK
23700218,0.330000,5.085000,33.000,167.500,0,OK
23710230,0.332500,5.085000,33.250,170.000,0,OK
23720218,0.332500,5.085000,33.250,170.000,0,OK
23730230,0.330000,5.083750,33.000,167.500,0,OK
23740218,0.332500,5.085000,33.250,167.500,0,OK
23750226,0.330000,5.083750,33.000,167.500,0,OK
23760222,0.332500,5.078750,33.250,167.500,0,OK
23770226,0.330000,5.085000,33.000,167.500,0,OK
23780222,0.335000,5.085000,33.500,170.000,0,OK
23790226,0.330000,5.083750,33.500,170.000,0,OK
23800222,0.330000,5.083750,33.000,167.500,0,OK
23810226,0.332500,5.085000,33.250,170.000,0,OK
23820218,0.330000,5.085000,33.000,167.500,0,OK
23830230,0.335000,5.085000,33.000,170.000,0,OK
23840218,0.330000,5.083750,33.000,167.500,0,OK
23850230,0.330000,5.078750,33.000,167.500,0,OK
23860218,0.332500,5.085000,33.250,170.000,0,OK
23870226,0.332500,5.083750,33.250,170.000,0,OK
23880222,0.332500,5.083750,33.000,167.500,0,OK
23890226,0.335000,5.085000,33.500,170.000,0,OK
23900222,0.335000,5.085000,33.000,167.500,0,OK
23910226,0.330000,5.083750,33.000,167.500,0,OK
23920222,0.332500,5.085000,33.250,167.500,0,OK
23930226,0.330000,5.083750,33.000,167.500,0,OK
23940222,0.330000,5.078750,33.000,167.500,0,OK
23950226,0.345000,5.085000,33.500,170.000,0,OK
23960218,0.332500,5.083750,33.250,170.000,0,OK
23970230,0.332500,5.083750,33.250,170.000,0,OK
23980218,0.330000,5.085000,33.000,167.500,0,OK
23990230,0.335000,5.086250,33.250,170.000,0,OK
24000218,0.335000,5.086250,33.500,170.000,0,OK
24010230,0.332500,5.085000,33.250,167.500,0,OK
24020218,0.332500,5.083750,33.250,170.000,0,OK
24030230,0.335000,5.080000,33.500,170.000,0,OK
24040218,0.342500,5.083750,32.750,166.250,0,OK
24050230,0.332500,5.085000,33.250,170.000,0,OK
24060218,0.332500,5.083750,33.000,167.500,0,OK
24070230,0.330000,5.085000,33.000,167.500,0,OK
24080218,0.330000,5.085000,33.000,167.500,0,OK
24090230,0.330000,5.085000,33.000,167.500,0,OK
24100218,0.332500,5.085000,33.250,167.500,0,OK
24110230,0.335000,5.085000,33.500,170.000,0,OK
24120218,0.332500,5.082500,33.250,170.000,0,OK
24130230,0.340000,5.083750,33.250,170.000,0,OK
24140218,0.335000,5.083750,33.500,170.000,0,OK
24150230,0.330000,5.083750,33.250,170.000,0,OK
24160218,0.332500,5.083750,33.250,170.000,0,OK
24170230,0.332500,5.085000,32.750,167.500,0,OK
24180218,0.332500,5.085000,33.250,170.000,0,OK
24190230,0.335000,5.086250,33.500,170.000,0,OK
24200218,0.332500,5.083750,33.250,170.000,0,OK
24210230,0.335000,5.081250,33.500,170.000,0,OK
24220218,0.335000,5.085000,33.250,170.000,0,OK
24230230,0.335000,5.083750,33.500,170.000,0,OK
24240218,0.330000,5.083750,33.250,170.000,0,OK
24250230,0.332500,5.085000,33.250,170.000,0,OK
24260218,0.330000,5.085000,33.250,167.500,0,OK
24270230,0.330000,5.083750,33.000,167.500,0,OK
24280218,0.332500,5.085000,33.250,167.500,0,OK
24290226,0.332500,5.085000,33.250,170.000,0,OK
24300222,0.335000,5.083750,33.500,170.000,0,OK
24310226,0.332500,5.085000,33.250,170.000,0,OK
24320222,0.330000,5.085000,33.000,167.500,0,OK
24330226,0.330000,5.085000,33.250,170.000,0,OK
24340222,0.330000,5.085000,33.000,167.500,0,OK
24350226,0.332500,5.083750,33.000,167.500,0,OK
24360222,0.330000,5.083750,33.000,167.500,0,OK
24370226,0.335000,5.078750,33.500,170.000,0,OK
24380218,0.332500,5.085000,33.250,170.000,0,OK
24390230,0.332500,5.083750,33.250,170.000,0,OK
24400218,0.330000,5.083750,33.250,170.000,0,OK
24410230,0.337500,5.085000,33.750,172.500,0,OK
24420218,0.332500,5.086250,33.000,167.500,0,OK
24430230,0.332500,5.085000,33.250,170.000,0,OK
24440218,0.335000,5.085000,33.250,170.000,0,OK
24450230,0.332500,5.085000,33.250,170.000,0,OK
24460218,0.335000,5.078750,33.500,170.000,0,OK
24470230,0.330000,5.086250,33.000,167.500,0,OK
24480218,0.332500,5.085000,33.250,170.000,0,OK
24490226,0.330000,5.085000,33.250,170.000,0,OK
24500222,0.330000,5.085000,33.000,167.500,0,OK
24510226,0.337500,5.086250,33.000,167.500,0,OK
24520222,0.330000,5.085000,33.000,167.500,0,OK
24530226,0.332500,5.085000,33.250,167.500,0,OK
24540222,0.330000,5.083750,33.000,167.500,0,OK
24550226,0.332500,5.081250,33.250,167.500,0,OK
24560218,0.345000,5.085000,33.250,170.000,0,OK
24570230,0.337500,5.083750,33.750,172.500,0,OK
24580218,0.330000,5.083750,32.750,166.250,0,OK
24590230,0.332500,5.083750,33.250,170.000,0,OK
24600218,0.332500,5.083750,33.250,170.000,0,OK
24610230,0.332500,5.085000,33.250,170.000,0,OK
24620218,0.332500,5.085000,33.250,167.500,0,OK
24630230,0.330000,5.083750,33.000,167.500,0,OK
24640218,0.335000,5.078750,33.500,170.000,0,OK
24650226,0.342500,5.083750,33.000,167.500,0,OK
24660222,0.332500,5.085000,33.250,170.000,0,OK
24670226,0.335000,5.085000,33.000,167.500,0,OK
24680222,0.330000,5.083750,33.000,167.500,0,OK
24690226,0.332500,5.085000,33.000,167.500,0,OK
24700218,0.330000,5.083750,33.000,167.500,0,OK
24710230,0.335000,5.083750,33.500,170.000,0,OK
24720218,0.332500,5.085000,33.250,170.000,0,OK
24730230,0.335000,5.081250,33.500,170.000,0,OK
24740218,0.337500,5.087500,33.250,170.000,0,OK
24750230,0.332500,5.085000,33.250,170.000,0,OK
24760218,0.330000,5.087500,33.250,170.000,0,OK
24770230,0.332500,5.083750,33.250,170.000,0,OK
24780218,0.332500,5.087500,33.000,167.500,0,OK
24790230,0.332500,5.083750,33.250,170.000,0,OK
24800218,0.335000,5.086250,33.500,170.000,0,OK
24810230,0.330000,5.083750,33.000,167.500,0,OK
24820218,0.330000,5.085000,33.000,167.500,0,OK
24830226,0.337500,5.083750,33.250,170.000,0,OK
24840222,0.335000,5.083750,33.500,170.000,0,OK
24850226,0.335000,5.082500,33.000,167.500,0,OK
24860222,0.335000,5.085000,33.500,170.000,0,OK
24870226,0.335000,5.085000,33.500,170.000,0,OK
24880222,0.332500,5.087500,33.250,170.000,0,OK
24890226,0.332500,5.086250,33.250,167.500,0,OK
24900222,0.330000,5.087500,33.000,167.500,0,OK
24910226,0.332500,5.082500,33.250,170.000,0,OK
24920222,0.330000,5.087500,32.750,166.250,0,OK
24930226,0.332500,5.083750,33.250,170.000,0,OK
24940222,0.330000,5.087500,33.000,167.500,0,OK
24950226,0.330000,5.083750,33.000,167.500,0,OK
24960222,0.335000,5.085000,33.000,170.000,0,OK
24970226,0.335000,5.086250,33.500,170.000,0,OK
24980222,0.332500,5.080000,33.250,167.500,0,OK
24990226,0.330000,5.085000,33.000,167.500,0,OK
25000222,0.335000,5.085000,33.500,170.000,0,OK
25010226,0.332500,5.086250,33.250,170.000,0,OK
25020222,0.335000,5.086250,33.500,170.000,0,OK
25030226,0.332500,5.086250,33.250,170.000,0,OK
25040222,0.330000,5.087500,33.000,167.500,0,OK
25050226,0.337500,5.086250,33.250,172.500,0,OK
25060222,0.327500,5.086250,32.750,166.250,0,OK
25070226,0.337500,5.080000,33.750,172.500,0,OK
25080218,0.330000,5.085000,33.000,167.500,0,OK
25090230,0.335000,5.085000,33.500,170.000,0,OK
25100218,0.332500,5.086250,33.000,167.500,0,OK
25110230,0.332500,5.086250,33.250,170.000,0,OK
25120218,0.335000,5.086250,33.250,170.000,0,OK
25130230,0.330000,5.086250,33.000,167.500,0,OK
25140218,0.332500,5.086250,33.000,167.500,0,OK
25150226,0.330000,5.085000,33.000,167.500,0,OK
25160222,0.332500,5.081250,33.250,167.500,0,OK
25170226,0.345000,5.086250,33.000,167.500,0,OK
25180222,0.332500,5.085000,33.250,170.000,0,OK
25190226,0.332500,5.086250,33.500,170.000,0,OK
25200222,0.330000,5.087500,33.000,167.500,0,OK
25210226,0.335000,5.086250,33.250,170.000,0,OK
25220222,0.332500,5.086250,33.250,170.000,0,OK
25230226,0.335000,5.086250,33.500,170.000,0,OK
25240222,0.330000,5.083750,33.000,167.500,0,OK
25250226,0.335000,5.082500,33.500,170.000,0,OK
25260218,0.340000,5.083750,33.250,170.000,0,OK
25270230,0.335000,5.086250,33.500,170.000,0,OK
25280218,0.332500,5.087500,33.250,170.000,0,OK
25290230,0.332500,5.086250,33.250,170.000,0,OK
25300218,0.332500,5.086250,33.250,167.500,0,OK
25310230,0.332500,5.085000,33.250,170.000,0,OK
25320218,0.332500,5.086250,33.250,167.500,0,OK
25330230,0.327500,5.085000,32.750,166.250,0,OK
25340218,0.332500,5.082500,33.250,170.000,0,OK
25350230,0.335000,5.086250,33.000,167.500,0,OK
25360218,0.330000,5.086250,33.000,167.500,0,OK
25370226,0.335000,5.086250,33.250,170.000,0,OK
25380218,0.330000,5.086250,33.000,167.500,0,OK
25390230,0.337500,5.086250,33.000,172.500,0,OK
25400218,0.330000,5.086250,33.000,167.500,0,OK
25410230,0.335000,5.086250,33.500,170.000,0,OK
25420218,0.332500,5.086250,33.250,170.000,0,OK
25430230,0.332500,5.082500,33.250,170.000,0,OK
25440218,0.337500,5.085000,33.250,170.000,0,OK
25450230,0.335000,5.087500,33.500,170.000,0,OK
25460218,0.330000,5.085000,33.000,167.500,0,OK
25470230,0.332500,5.086250,33.250,170.000,0,OK
25480218,0.335000,5.086250,33.250,170.000,0,OK
25490230,0.330000,5.085000,33.000,167.500,0,OK
25500218,0.335000,5.086250,33.500,170.000,0,OK
25510230,0.332500,5.085000,33.250,170.000,0,OK
25520218,0.330000,5.086250,33.000,167.500,0,OK
25530230,0.332500,5.086250,33.000,167.500,0,OK
25540218,0.332500,5.086250,33.250,170.000,0,OK
25550230,0.335000,5.086250,32.750,166.250,0,OK
25560218,0.332500,5.086250,33.250,170.000,0,OK
25570226,0.332500,5.086250,33.250,167.500,0,OK
25580222,0.327500,5.086250,32.750,166.250,0,OK
25590226,0.335000,5.078750,33.500,170.000,0,OK
25600218,0.330000,5.086250,33.000,167.500,0,OK
25610230,0.335000,5.085000,33.500,170.000,0,OK
25620218,0.332500,5.086250,33.250,170.000,0,OK
25630230,0.335000,5.087500,33.500,170.000,0,OK
25640218,0.332500,5.087500,32.750,166.250,0,OK
25650230,0.330000,5.085000,33.000,167.500,0,OK
25660218,0.332500,5.086250,33.250,167.500,0,OK
25670230,0.332500,5.085000,33.250,170.000,0,OK
25680218,0.332500,5.082500,33.250,170.000,0,OK
25690230,0.332500,5.087500,33.250,170.000,0,OK
25700218,0.335000,5.086250,33.500,170.000,0,OK
25710230,0.335000,5.086250,33.000,167.500,0,OK
25720218,0.332500,5.086250,33.250,170.000,0,OK
25730226,0.332500,5.086250,33.250,170.000,0,OK
25740222,0.335000,5.085000,33.500,170.000,0,OK
25750226,0.332500,5.086250,33.250,167.500,0,OK
25760222,0.330000,5.085000,33.000,167.500,0,OK
25770226,0.332500,5.081250,33.250,167.500,0,OK
25780222,0.347500,5.086250,33.000,167.500,0,OK
25790226,0.335000,5.086250,33.500,170.000,0,OK
25800218,0.327500,5.086250,33.000,167.500,0,OK
25810230,0.330000,5.086250,33.000,167.500,0,OK
25820218,0.335000,5.086250,33.000,167.500,0,OK
25830226,0.335000,5.085000,33.500,170.000,0,OK
25840218,0.337500,5.086250,33.750,172.500,0,OK
25850230,0.332500,5.086250,33.250,170.000,0,OK
25860218,0.332500,5.083750,33.250,170.000,0,OK
25870230,0.340000,5.086250,33.250,170.000,0,OK
25880218,0.337500,5.085000,33.750,172.500,0,OK
25890230,0.327500,5.086250,33.250,170.000,0,OK
25900218,0.332500,5.086250,33.250,170.000,0,OK
25910230,0.332500,5.086250,33.000,167.500,0,OK
25920218,0.332500,5.086250,33.250,170.000,0,OK
25930230,0.337500,5.086250,33.750,172.500,0,OK
25940218,0.330000,5.086250,33.000,167.500,0,OK
25950230,0.335000,5.082500,33.500,170.000,0,OK
25960218,0.340000,5.085000,33.250,170.000,0,OK
25970230,0.332500,5.085000,33.250,170.000,0,OK
25980218,0.332500,5.085000,33.250,170.000,0,OK
25990230,0.335000,5.086250,33.500,170.000,0,OK
26000218,0.330000,5.086250,33.000,167.500,0,OK
26010230,0.335000,5.086250,33.500,170.000,0,OK
26020218,0.332500,5.086250,33.250,167.500,0,OK
26030230,0.332500,5.086250,33.250,170.000,0,OK
26040218,0.335000,5.083750,33.500,170.000,0,OK
26050230,0.335000,5.085000,33.250,170.000,0,OK
26060218,0.337500,5.088750,33.750,172.500,0,OK
26070230,0.330000,5.086250,33.250,170.000,0,OK
26080218,0.332500,5.085000,33.250,170.000,0,OK
26090230,0.332500,5.086250,33.250,167.500,0,OK
26100218,0.332500,5.087500,33.250,170.000,0,OK
26110230,0.335000,5.086250,33.500,170.000,0,OK
26120218,0.330000,5.085000,33.000,167.500,0,OK
26130230,0.335000,5.085000,33.500,170.000,0,OK
26140218,0.330000,5.086250,33.000,167.500,0,OK
26150230,0.337500,5.087500,33.750,172.500,0,OK
26160218,0.330000,5.086250,33.250,170.000,0,OK
26170230,0.330000,5.085000,33.000,167.500,0,OK
26180218,0.335000,5.085000,33.000,170.000,0,OK
26190230,0.332500,5.086250,33.250,170.000,0,OK
26200218,0.335000,5.086250,33.500,170.000,0,OK
26210230,0.332500,5.085000,33.250,170.000,0,OK
26220218,0.332500,5.085000,33.250,170.000,0,OK
26230230,0.332500,5.086250,33.000,167.500,0,OK
26240218,0.332500,5.085000,33.250,170.000,0,OK
26250230,0.332500,5.086250,33.000,167.500,0,OK
26260218,0.330000,5.087500,33.000,167.500,0,OK
26270230,0.332500,5.086250,33.250,167.500,0,OK
26280218,0.332500,5.087500,33.250,170.000,0,OK
26290230,0.335000,5.078750,33.500,170.000,0,OK
26300218,0.330000,5.086250,33.000,167.500,0,OK
26310230,0.335000,5.086250,33.500,170.000,0,OK
26320218,0.330000,5.085000,33.250,170.000,0,OK
26330230,0.332500,5.087500,33.250,170.000,0,OK
26340218,0.330000,5.086250,33.000,167.500,0,OK
26350230,0.330000,5.087500,33.000,167.500,0,OK
26360218,0.332500,5.086250,33.000,167.500,0,OK
26370230,0.335000,5.088750,33.500,170.000,0,OK
26380218,0.332500,5.082500,33.250,170.000,0,OK
26390230,0.347500,5.086250,33.250,170.000,0,OK
26400218,0.335000,5.087500,33.500,170.000,0,OK
26410230,0.330000,5.085000,33.000,167.500,0,OK
26420218,0.332500,5.087500,33.250,170.000,0,OK
26430230,0.332500,5.085000,33.250,170.000,0,OK
26440218,0.335000,5.086250,33.500,170.000,0,OK
26450230,0.335000,5.087500,33.500,170.000,0,OK
26460218,0.330000,5.086250,33.000,167.500,0,OK
26470230,0.332500,5.082500,33.250,170.000,0,OK
26480218,0.342500,5.085000,33.000,167.500,0,OK
26490230,0.332500,5.085000,33.250,170.000,0,OK
26500218,0.332500,5.086250,33.250,170.000,0,OK
26510230,0.335000,5.086250,33.500,170.000,0,OK
26520218,0.332500,5.086250,32.750,167.500,0,OK
26530230,0.332500,5.085000,33.250,170.000,0,OK
26540218,0.332500,5.087500,33.250,167.500,0,OK
26550230,0.332500,5.085000,33.250,170.000,0,OK
26560218,0.332500,5.083750,33.250,170.000,0,OK
26570230,0.337500,5.086250,33.250,170.000,0,OK
26580218,0.330000,5.087500,33.000,167.500,0,OK
26590230,0.332500,5.086250,33.250,170.000,0,OK
26600218,0.330000,5.086250,33.000,167.500,0,OK
26610230,0.332500,5.086250,33.000,167.500,0,OK
26620218,0.330000,5.085000,33.000,167.500,0,OK
26630230,0.332500,5.086250,33.250,167.500,0,OK
26640218,0.327500,5.087500,32.750,166.250,0,OK
26650230,0.335000,5.085000,33.500,170.000,0,OK
26660218,0.335000,5.085000,33.250,170.000,0,OK
26670230,0.332500,5.086250,33.250,170.000,0,OK
26680218,0.330000,5.086250,33.250,170.000,0,OK
26690230,0.332500,5.086250,33.250,170.000,0,OK
26700218,0.335000,5.086250,33.250,170.000,0,OK
26710230,0.330000,5.085000,33.000,167.500,0,OK
26720218,0.337500,5.086250,33.750,172.500,0,OK
26730230,0.330000,5.086250,33.000,167.500,0,OK
26740218,0.335000,5.082500,33.500,170.000,0,OK
26750226,0.332500,5.086250,33.250,170.000,0,OK
26760222,0.332500,5.086250,33.250,170.000,0,OK
26770226,0.330000,5.086250,33.250,170.000,0,OK
26780222,0.330000,5.086250,33.000,167.500,0,OK
26790226,0.332500,5.087500,33.250,167.500,0,OK
26800218,0.330000,5.086250,33.000,167.500,0,OK
26810230,0.335000,5.087500,33.500,170.000,0,OK
26820218,0.335000,5.086250,33.500,170.000,0,OK
26830230,0.332500,5.085000,33.250,170.000,0,OK
26840218,0.332500,5.086250,33.250,170.000,0,OK
26850230,0.335000,5.087500,33.500,170.000,0,OK
26860218,0.332500,5.085000,33.250,170.000,0,OK
26870230,0.335000,5.086250,33.500,170.000,0,OK
26880218,0.332500,5.086250,33.250,167.500,0,OK
26890230,0.330000,5.086250,33.000,167.500,0,OK
26900218,0.335000,5.081250,33.500,170.000,0,OK
26910226,0.332500,5.086250,33.250,170.000,0,OK
26920222,0.332500,5.087500,33.250,170.000,0,OK
26930226,0.332500,5.085000,33.500,170.000,0,OK
26940222,0.335000,5.085000,33.500,170.000,0,OK
26950226,0.332500,5.086250,33.000,167.500,0,OK
26960222,0.330000,5.085000,33.000,167.500,0,OK
26970226,0.335000,5.087500,33.000,170.000,0,OK
26980222,0.330000,5.086250,33.000,167.500,0,OK
26990226,0.332500,5.081250,33.250,167.500,0,OK
27000218,0.332500,5.087500,33.250,170.000,0,OK
27010230,0.335000,5.086250,33.500,170.000,0,OK
27020218,0.332500,5.086250,33.000,167.500,0,OK
27030230,0.332500,5.087500,33.250,170.000,0,OK
27040218,0.332500,5.086250,33.250,170.000,0,OK
27050230,0.330000,5.086250,33.000,167.500,0,OK
27060218,0.332500,5.086250,33.000,167.500,0,OK
27070226,0.332500,5.086250,33.250,170.000,0,OK
27080222,0.332500,5.082500,33.250,170.000,0,OK
27090226,0.342500,5.083750,33.000,167.500,0,OK
27100222,0.327500,5.087500,32.750,166.250,0,OK
27110226,0.332500,5.085000,33.250,170.000,0,OK
27120222,0.332500,5.085000,33.250,170.000,0,OK
27130226,0.332500,5.087500,33.250,170.000,0,OK
27140222,0.332500,5.085000,33.250,170.000,0,OK
27150226,0.337500,5.086250,33.750,172.500,0,OK
27160222,0.332500,5.086250,33.250,170.000,0,OK
27170226,0.332500,5.083750,33.250,170.000,0,OK
27180222,0.340000,5.085000,33.000,167.500,0,OK
27190226,0.332500,5.085000,33.250,170.000,0,OK
27200222,0.327500,5.085000,33.000,167.500,0,OK
27210226,0.330000,5.088750,33.000,167.500,0,OK
27220222,0.335000,5.086250,33.000,170.000,0,OK
27230226,0.330000,5.086250,33.000,167.500,0,OK
27240222,0.332500,5.086250,33.250,167.500,0,OK
27250226,0.330000,5.086250,33.000,167.500,0,OK
27260222,0.335000,5.083750,33.500,170.000,0,OK
27270226,0.335000,5.085000,33.500,170.000,0,OK
27280222,0.335000,5.086250,33.500,170.000,0,OK
27290226,0.332500,5.085000,33.000,167.500,0,OK
27300222,0.332500,5.086250,33.250,170.000,0,OK
27310226,0.335000,5.085000,33.750,170.000,0,OK
27320222,0.330000,5.087500,33.000,167.500,0,OK
27330226,0.332500,5.086250,33.250,167.500,0,OK
27340222,0.330000,5.086250,33.000,167.500,0,OK
27350226,0.332500,5.083750,33.250,170.000,0,OK
27360218,0.332500,5.085000,33.250,170.000,0,OK
27370230,0.337500,5.087500,33.750,172.500,0,OK
27380218,0.332500,5.085000,33.500,170.000,0,OK
27390230,0.332500,5.085000,33.250,170.000,0,OK
27400218,0.332500,5.086250,33.250,167.500,0,OK
27410230,0.332500,5.086250,33.250,170.000,0,OK
27420218,0.332500,5.086250,33.250,167.500,0,OK
27430230,0.332500,5.086250,33.250,170.000,0,OK
27440218,0.332500,5.082500,33.250,170.000,0,OK
27450230,0.332500,5.086250,33.000,167.500,0,OK
27460218,0.332500,5.086250,33.250,170.000,0,OK
27470230,0.332500,5.086250,33.250,170.000,0,OK
27480218,0.332500,5.085000,33.250,170.000,0,OK
27490230,0.332500,5.086250,33.250,167.500,0,OK
27500218,0.332500,5.086250,33.250,170.000,0,OK
27510230,0.335000,5.081250,33.500,170.000,0,OK
27520218,0.332500,5.085000,33.250,170.000,0,OK
27530230,0.335000,5.086250,33.500,170.000,0,OK
27540218,0.332500,5.085000,33.250,170.000,0,OK
27550230,0.332500,5.086250,33.250,170.000,0,OK
27560218,0.335000,5.086250,33.000,167.500,0,OK
27570230,0.332500,5.087500,33.250,170.000,0,OK
27580218,0.332500,5.085000,33.250,167.500,0,OK
27590230,0.332500,5.086250,33.250,170.000,0,OK
27600218,0.332500,5.081250,33.250,167.500,0,OK
27610230,0.330000,5.085000,33.000,167.500,0,OK
27620218,0.335000,5.087500,33.500,170.000,0,OK
27630230,0.327500,5.086250,33.250,170.000,0,OK
27640218,0.332500,5.086250,33.250,170.000,0,OK
27650230,0.332500,5.085000,33.000,167.500,0,OK
27660218,0.332500,5.086250,33.250,170.000,0,OK
27670230,0.332500,5.086250,33.250,167.500,0,OK
27680218,0.332500,5.086250,33.250,170.000,0,OK
27690230,0.337500,5.077500,33.750,172.500,0,OK
27700218,0.342500,5.088750,33.500,170.000,0,OK
27710230,0.330000,5.087500,33.000,167.500,0,OK
27720218,0.332500,5.086250,33.000,167.500,0,OK
27730230,0.332500,5.086250,33.250,170.000,0,OK
27740218,0.327500,5.086250,33.000,167.500,0,OK
27750230,0.330000,5.086250,33.000,167.500,0,OK
27760218,0.335000,5.086250,33.500,170.000,0,OK
27770226,0.332500,5.085000,33.250,170.000,0,OK
27780222,0.332500,5.082500,33.250,170.000,0,OK
27790226,0.342500,5.085000,32.750,166.250,0,OK
27800222,0.332500,5.086250,33.250,170.000,0,OK
27810226,0.332500,5.085000,33.250,170.000,0,OK
27820222,0.332500,5.087500,33.250,170.000,0,OK
27830226,0.335000,5.085000,33.250,170.000,0,OK
27840222,0.332500,5.083750,33.250,170.000,0,OK
27850226,0.335000,5.086250,33.500,170.000,0,OK
27860222,0.332500,5.085000,33.250,170.000,0,OK
27870226,0.332500,5.082500,33.250,170.000,0,OK
27880222,0.337500,5.086250,33.000,167.500,0,OK
27890226,0.332500,5.085000,33.250,170.000,0,OK
27900218,0.330000,5.085000,32.750,166.250,0,OK
27910230,0.335000,5.083750,33.500,170.000,0,OK
27920218,0.335000,5.085000,33.000,170.000,0,OK
27930230,0.327500,5.085000,32.750,166.250,0,OK
27940218,0.332500,5.085000,33.250,167.500,0,OK
27950230,0.332500,5.085000,33.250,170.000,0,OK
27960218,0.335000,5.082500,33.500,170.000,0,OK
27970230,0.335000,5.085000,33.250,170.000,0,OK
27980218,0.332500,5.085000,33.250,170.000,0,OK
27990230,0.332500,5.083750,33.250,170.000,0,OK
28000218,0.327500,5.083750,32.750,166.250,0,OK
28010230,0.332500,5.086250,33.250,167.500,0,OK
28020218,0.330000,5.085000,33.000,167.500,0,OK
28030230,0.335000,5.083750,33.500,170.000,0,OK
28040218,0.332500,5.085000,33.250,170.000,0,OK
28050230,0.335000,5.083750,33.500,170.000,0,OK
28060218,0.330000,5.085000,33.250,170.000,0,OK
28070230,0.337500,5.085000,33.750,172.500,0,OK
28080218,0.332500,5.085000,33.250,170.000,0,OK
28090230,0.335000,5.083750,33.500,170.000,0,OK
28100218,0.332500,5.085000,32.750,167.500,0,OK
28110230,0.330000,5.083750,33.000,167.500,0,OK
28120218,0.335000,5.078750,33.500,170.000,0,OK
28130226,0.330000,5.086250,33.000,167.500,0,OK
28140222,0.332500,5.082500,33.250,170.000,0,OK
28150226,0.332500,5.085000,33.250,170.000,0,OK
28160222,0.335000,5.085000,33.500,170.000,0,OK
28170226,0.330000,5.086250,33.000,167.500,0,OK
28180222,0.330000,5.085000,33.000,167.500,0,OK
28190226,0.335000,5.086250,33.250,170.000,0,OK
28200222,0.330000,5.085000,33.000,167.500,0,OK
28210226,0.332500,5.080000,33.250,167.500,0,OK
28220222,0.327500,5.085000,32.750,166.250,0,OK
28230226,0.335000,5.085000,33.500,170.000,0,OK
28240222,0.332500,5.085000,33.000,167.500,0,OK
28250226,0.330000,5.085000,33.000,167.500,0,OK
28260222,0.332500,5.085000,33.250,170.000,0,OK
28270226,0.335000,5.085000,33.500,170.000,0,OK
28280222,0.332500,5.083750,33.000,167.500,0,OK
28290226,0.332500,5.083750,33.250,170.000,0,OK
28300222,0.332500,5.080000,33.250,167.500,0,OK
28310226,0.345000,5.085000,33.250,170.000,0,OK
28320222,0.335000,5.085000,33.500,170.000,0,OK
28330226,0.330000,5.083750,33.250,170.000,0,OK
28340222,0.332500,5.086250,33.250,170.000,0,OK
28350226,0.332500,5.085000,33.000,167.500,0,OK
28360222,0.332500,5.086250,33.250,170.000,0,OK
28370226,0.332500,5.085000,33.250,167.500,0,OK
28380222,0.332500,5.085000,33.250,170.000,0,OK
28390226,0.335000,5.081250,33.500,170.000,0,OK
28400222,0.337500,5.085000,33.000,167.500,0,OK
28410226,0.332500,5.085000,33.250,170.000,0,OK
28420222,0.330000,5.085000,33.250,170.000,0,OK
28430226,0.330000,5.085000,33.000,167.500,0,OK
28440222,0.332500,5.087500,33.000,167.500,0,OK
28450226,0.330000,5.086250,33.000,167.500,0,OK
28460222,0.332500,5.085000,33.250,167.500,0,OK
28470226,0.332500,5.083750,33.250,170.000,0,OK
28480222,0.332500,5.081250,33.250,167.500,0,OK
28490226,0.335000,5.085000,33.250,170.000,0,OK
28500222,0.332500,5.086250,33.250,170.000,0,OK
28510226,0.330000,5.083750,32.750,166.250,0,OK
28520222,0.332500,5.085000,33.250,170.000,0,OK
28530226,0.332500,5.086250,33.500,167.500,0,OK
28540222,0.330000,5.085000,33.000,167.500,0,OK
28550226,0.332500,5.086250,33.250,167.500,0,OK
28560222,0.330000,5.085000,33.000,167.500,0,OK
28570226,0.337500,5.082500,33.750,172.500,0,OK
28580222,0.332500,5.083750,33.000,167.500,0,OK
28590226,0.332500,5.083750,33.250,170.000,0,OK
28600222,0.332500,5.086250,33.250,170.000,0,OK
28610226,0.332500,5.083750,33.250,170.000,0,OK
28620222,0.332500,5.086250,33.250,167.500,0,OK
28630226,0.330000,5.083750,33.000,167.500,0,OK
28640222,0.332500,5.086250,33.250,167.500,0,OK
28650226,0.332500,5.083750,33.250,170.000,0,OK
28660222,0.332500,5.083750,33.250,170.000,0,OK
28670226,0.332500,5.086250,33.500,170.000,0,OK
28680222,0.332500,5.085000,33.250,170.000,0,OK
28690226,0.332500,5.085000,33.250,170.000,0,OK
28700222,0.332500,5.086250,33.250,170.000,0,OK
28710226,0.335000,5.085000,33.500,170.000,0,OK
28720222,0.330000,5.085000,33.000,167.500,0,OK
28730226,0.332500,5.078750,33.250,167.500,0,OK
28740222,0.332500,5.083750,33.250,170.000,0,OK
28750226,0.335000,5.083750,33.500,170.000,0,OK
28760222,0.330000,5.085000,33.250,170.000,0,OK
28770226,0.332500,5.085000,33.250,170.000,0,OK
28780222,0.335000,5.085000,33.000,167.500,0,OK
28790226,0.335000,5.085000,33.500,170.000,0,OK
28800222,0.332500,5.085000,33.250,167.500,0,OK
28810226,0.335000,5.085000,33.500,170.000,0,OK
28820222,0.330000,5.078750,33.000,167.500,0,OK
28830226,0.330000,5.085000,33.000,167.500,0,OK
28840218,0.330000,5.083750,33.000,167.500,0,OK
28850230,0.332500,5.085000,33.000,167.500,0,OK
28860218,0.330000,5.086250,33.000,167.500,0,OK
28870230,0.335000,5.085000,33.000,167.500,0,OK
28880218,0.330000,5.087500,33.000,167.500,0,OK
28890230,0.332500,5.087500,33.250,167.500,0,OK
28900218,0.332500,5.087500,33.250,170.000,0,OK
28910230,0.335000,5.082500,33.500,170.000,0,OK
28920218,0.342500,5.086250,33.000,167.500,0,OK
28930230,0.335000,5.086250,33.500,170.000,0,OK
28940218,0.330000,5.086250,33.000,167.500,0,OK
28950230,0.332500,5.087500,33.250,170.000,0,OK
28960218,0.335000,5.086250,33.250,170.000,0,OK
28970230,0.332500,5.088750,33.250,170.000,0,OK
28980218,0.332500,5.086250,33.250,167.500,0,OK
28990230,0.332500,5.086250,33.250,170.000,0,OK
29000218,0.332500,5.083750,33.250,170.000,0,OK
29010230,0.342500,5.086250,33.250,170.000,0,OK
29020218,0.332500,5.087500,33.250,170.000,0,OK
29030230,0.332500,5.086250,33.000,167.500,0,OK
29040218,0.330000,5.086250,33.000,167.500,0,OK
29050230,0.332500,5.086250,33.500,167.500,0,OK
29060218,0.330000,5.086250,33.000,167.500,0,OK
29070230,0.330000,5.086250,33.000,167.500,0,OK
29080218,0.332500,5.086250,33.250,170.000,0,OK
29090226,0.335000,5.082500,33.500,170.000,0,OK
29100222,0.337500,5.085000,33.250,170.000,0,OK
29110226,0.335000,5.087500,33.500,170.000,0,OK
29120222,0.330000,5.085000,33.000,167.500,0,OK
29130226,0.330000,5.086250,33.000,167.500,0,OK
29140222,0.335000,5.085000,33.000,170.000,0,OK
29150226,0.332500,5.087500,33.250,170.000,0,OK
29160222,0.335000,5.086250,33.500,170.000,0,OK
29170226,0.330000,5.086250,33.000,167.500,0,OK
29180222,0.332500,5.082500,33.250,170.000,0,OK
29190226,0.335000,5.086250,33.250,170.000,0,OK
29200222,0.332500,5.088750,33.250,170.000,0,OK
29210226,0.332500,5.083750,33.000,167.500,0,OK
29220222,0.327500,5.087500,32.750,166.250,0,OK
29230226,0.332500,5.086250,33.250,167.500,0,OK
29240222,0.332500,5.086250,33.250,170.000,0,OK
29250226,0.335000,5.086250,33.500,170.000,0,OK
29260222,0.332500,5.086250,33.250,170.000,0,OK
29270226,0.330000,5.085000,33.000,167.500,0,OK
29280222,0.330000,5.085000,33.250,170.000,0,OK
29290226,0.335000,5.086250,33.500,170.000,0,OK
29300222,0.330000,5.086250,33.250,170.000,0,OK
29310226,0.332500,5.085000,33.250,170.000,0,OK
29320222,0.332500,5.086250,33.000,167.500,0,OK
29330226,0.332500,5.086250,33.250,170.000,0,OK
29340222,0.335000,5.078750,33.500,170.000,0,OK
29350226,0.330000,5.086250,33.000,167.500,0,OK
29360222,0.335000,5.085000,33.500,170.000,0,OK
29370226,0.332500,5.086250,33.250,170.000,0,OK
29380222,0.332500,5.086250,33.250,170.000,0,OK
29390226,0.332500,5.086250,33.500,170.000,0,OK
29400222,0.330000,5.087500,33.000,167.500,0,OK
29410226,0.327500,5.085000,33.000,166.250,0,OK
29420222,0.330000,5.086250,33.000,167.500,0,OK
29430226,0.335000,5.081250,33.500,170.000,0,OK
29440218,0.332500,5.086250,33.250,170.000,0,OK
29450230,0.332500,5.086250,33.250,170.000,0,OK
29460218,0.332500,5.085000,33.000,167.500,0,OK
29470230,0.335000,5.087500,33.500,170.000,0,OK
29480218,0.335000,5.086250,33.000,167.500,0,OK
29490230,0.332500,5.085000,33.250,170.000,0,OK
29500218,0.332500,5.085000,33.500,167.500,0,OK
29510230,0.332500,5.086250,33.250,170.000,0,OK
29520218,0.332500,5.082500,33.250,170.000,0,OK
29530230,0.342500,5.086250,33.250,170.000,0,OK
29540218,0.335000,5.086250,33.500,170.000,0,OK
29550230,0.332500,5.086250,33.250,170.000,0,OK
29560218,0.335000,5.085000,33.500,170.000,0,OK
29570230,0.332500,5.086250,33.500,170.000,0,OK
29580218,0.332500,5.085000,33.250,170.000,0,OK
29590230,0.335000,5.086250,33.500,170.000,0,OK
29600218,0.332500,5.086250,33.250,170.000,0,OK
29610230,0.332500,5.082500,33.250,170.000,0,OK
29620218,0.340000,5.086250,33.000,167.500,0,OK
29630230,0.337500,5.086250,33.750,172.500,0,OK
29640218,0.332500,5.086250,33.000,167.500,0,OK
29650230,0.335000,5.086250,33.500,170.000,0,OK
29660218,0.332500,5.085000,33.000,167.500,0,OK
29670230,0.332500,5.086250,33.250,170.000,0,OK
29680218,0.332500,5.086250,33.250,167.500,0,OK
29690230,0.332500,5.086250,33.250,170.000,0,OK
29700218,0.332500,5.083750,33.250,170.000,0,OK
29710230,0.340000,5.085000,33.250,170.000,0,OK
29720218,0.337500,5.086250,33.750,172.500,0,OK
29730230,0.327500,5.085000,33.250,170.000,0,OK
29740218,0.332500,5.085000,33.250,170.000,0,OK
29750230,0.332500,5.086250,33.250,167.500,0,OK
29760218,0.330000,5.086250,33.000,167.500,0,OK
29770230,0.332500,5.086250,33.250,167.500,0,OK
29780218,0.335000,5.086250,33.500,170.000,0,OK
29790230,0.332500,5.081250,33.250,167.500,0,OK
29800218,0.332500,5.085000,33.250,170.000,0,OK
29810230,0.335000,5.086250,33.500,170.000,0,OK
29820218,0.332500,5.086250,33.250,170.000,0,OK
29830230,0.332500,5.083750,33.250,170.000,0,OK
29840218,0.337500,5.085000,33.000,172.500,0,OK
29850230,0.330000,5.085000,33.000,167.500,0,OK
29860218,0.332500,5.085000,33.250,167.500,0,OK
29870230,0.332500,5.085000,33.250,170.000,0,OK
29880218,0.332500,5.082500,33.250,170.000,0,OK
29890230,0.332500,5.083750,33.250,170.000,0,OK
29900218,0.335000,5.086250,33.500,170.000,0,OK
29910230,0.332500,5.085000,33.500,170.000,0,OK
29920218,0.335000,5.085000,33.500,170.000,0,OK
29930230,0.332500,5.085000,32.750,167.500,0,OK
29940218,0.332500,5.085000,33.250,170.000,0,OK
29950230,0.335000,5.080000,33.500,170.000,0,OK
29960218,0.330000,5.085000,33.000,167.500,0,OK
29970230,0.335000,5.083750,33.500,170.000,0,OK
29980218,0.330000,5.085000,33.250,170.000,0,OK
29990230,0.335000,5.086250,33.500,170.000,0,OK
30000218,0.332500,5.085000,33.250,170.000,0,OK
30010230,0.332500,5.086250,33.250,170.000,0,OK
30020218,0.335000,5.085000,33.000,170.000,0,OK
30030230,0.332500,5.085000,33.250,170.000,0,OK
30040218,0.330000,5.080000,33.000,167.500,0,OK
30050230,0.330000,5.083750,33.000,167.500,0,OK
30060218,0.332500,5.083750,33.250,170.000,0,OK
30070226,0.335000,5.083750,33.250,170.000,0,OK
30080222,0.335000,5.085000,33.500,170.000,0,OK
30090226,0.332500,5.086250,32.750,166.250,0,OK
30100222,0.332500,5.085000,33.250,170.000,0,OK
30110226,0.337500,5.085000,33.000,172.500,0,OK
30120222,0.332500,5.086250,33.250,170.000,0,OK
30130226,0.330000,5.080000,33.000,167.500,0,OK
30140222,0.345000,5.085000,33.250,170.000,0,OK
30150226,0.332500,5.085000,33.250,170.000,0,OK
30160222,0.330000,5.083750,33.250,170.000,0,OK
30170226,0.335000,5.085000,33.500,170.000,0,OK
30180222,0.332500,5.086250,33.250,170.000,0,OK
30190226,0.327500,5.083750,32.750,166.250,0,OK
30200222,0.332500,5.085000,33.250,167.500,0,OK
30210226,0.327500,5.083750,32.750,166.250,0,OK
30220222,0.332500,5.080000,33.250,167.500,0,OK
30230226,0.342500,5.083750,33.250,170.000,0,OK
30240222,0.332500,5.083750,33.250,170.000,0,OK
30250226,0.332500,5.083750,33.000,167.500,0,OK
30260222,0.332500,5.085000,33.250,170.000,0,OK
30270226,0.335000,5.086250,33.250,170.000,0,OK
30280222,0.332500,5.086250,33.250,170.000,0,OK
30290226,0.332500,5.086250,33.250,167.500,0,OK
30300222,0.332500,5.085000,33.250,170.000,0,OK
30310226,0.332500,5.082500,33.250,170.000,0,OK
30320222,0.337500,5.085000,33.000,167.500,0,OK
30330226,0.337500,5.085000,33.750,172.500,0,OK
30340222,0.332500,5.086250,33.250,170.000,0,OK
30350226,0.332500,5.085000,33.250,170.000,0,OK
30360222,0.332500,5.085000,33.500,167.500,0,OK
30370226,0.332500,5.085000,33.250,170.000,0,OK
30380222,0.332500,5.085000,33.250,167.500,0,OK
30390226,0.337500,5.085000,33.750,172.500,0,OK
30400222,0.332500,5.082500,33.250,170.000,0,OK
30410226,0.337500,5.083750,33.000,167.500,0,OK
30420222,0.335000,5.085000,33.500,170.000,0,OK
30430226,0.332500,5.085000,33.250,170.000,0,OK
30440222,0.332500,5.083750,33.250,170.000,0,OK
30450226,0.332500,5.085000,33.250,167.500,0,OK
30460222,0.332500,5.086250,33.250,170.000,0,OK
30470226,0.335000,5.086250,33.500,170.000,0,OK
30480222,0.332500,5.085000,33.250,170.000,0,OK
30490226,0.335000,5.082500,33.500,170.000,0,OK
30500222,0.330000,5.085000,33.250,170.000,0,OK
30510226,0.335000,5.085000,33.500,170.000,0,OK
30520222,0.330000,5.085000,33.000,167.500,0,OK
30530226,0.332500,5.085000,33.250,170.000,0,OK
30540222,0.335000,5.085000,33.250,170.000,0,OK
30550226,0.335000,5.083750,33.500,170.000,0,OK
30560222,0.335000,5.078750,33.500,170.000,0,OK
30570226,0.332500,5.083750,33.250,170.000,0,OK
30580222,0.332500,5.083750,33.250,170.000,0,OK
30590226,0.335000,5.086250,33.000,167.500,0,OK
30600222,0.332500,5.087500,33.250,170.000,0,OK
30610226,0.332500,5.085000,33.000,167.500,0,OK
30620222,0.327500,5.085000,32.750,166.250,0,OK
30630226,0.335000,5.085000,33.250,170.000,0,OK
30640222,0.332500,5.085000,33.250,170.000,0,OK
30650226,0.332500,5.078750,33.250,167.500,0,OK
30660222,0.332500,5.085000,33.250,170.000,0,OK
30670226,0.335000,5.083750,33.500,170.000,0,OK
30680222,0.330000,5.085000,33.250,170.000,0,OK
30690226,0.335000,5.083750,33.500,170.000,0,OK
30700222,0.332500,5.086250,33.000,167.500,0,OK
30710226,0.330000,5.083750,33.000,167.500,0,OK
30720222,0.335000,5.086250,32.750,170.000,0,OK
30730226,0.330000,5.085000,33.000,167.500,0,OK
30740222,0.332500,5.080000,33.250,167.500,0,OK
30750226,0.332500,5.085000,33.250,170.000,0,OK
30760222,0.332500,5.085000,33.250,170.000,0,OK
30770226,0.335000,5.085000,33.250,170.000,0,OK
30780222,0.337500,5.085000,33.750,172.500,0,OK
30790226,0.332500,5.085000,33.250,170.000,0,OK
30800222,0.330000,5.085000,33.000,167.500,0,OK
30810226,0.332500,5.083750,33.250,167.500,0,OK
30820222,0.332500,5.085000,33.250,170.000,0,OK
30830226,0.335000,5.080000,33.500,170.000,0,OK
30840222,0.342500,5.083750,32.750,166.250,0,OK
30850226,0.335000,5.085000,33.500,170.000,0,OK
30860222,0.330000,5.085000,33.000,167.500,0,OK
30870226,0.330000,5.085000,33.000,167.500,0,OK
30880222,0.337500,5.086250,33.250,172.500,0,OK
30890226,0.332500,5.083750,33.250,170.000,0,OK
30900222,0.332500,5.085000,33.250,167.500,0,OK
30910226,0.327500,5.085000,32.750,166.250,0,OK
30920222,0.330000,5.081250,33.000,167.500,0,OK
30930226,0.337500,5.085000,33.250,170.000,0,OK
30940218,0.335000,5.085000,33.500,170.000,0,OK
30950230,0.330000,5.083750,33.250,170.000,0,OK
30960218,0.332500,5.086250,33.250,170.000,0,OK
30970230,0.332500,5.086250,33.250,167.500,0,OK
30980218,0.330000,5.086250,33.000,167.500,0,OK
30990230,0.335000,5.085000,33.500,170.000,0,OK
31000218,0.332500,5.083750,33.250,170.000,0,OK
31010230,0.335000,5.081250,33.500,170.000,0,OK
31020218,0.337500,5.085000,33.000,167.500,0,OK
31030230,0.332500,5.085000,33.250,170.000,0,OK
31040218,0.330000,5.085000,33.250,170.000,0,OK
31050230,0.332500,5.083750,33.250,170.000,0,OK
31060218,0.332500,5.083750,33.000,167.500,0,OK
31070230,0.332500,5.085000,33.250,170.000,0,OK
31080218,0.335000,5.086250,33.500,170.000,0,OK
31090230,0.330000,5.085000,33.000,167.500,0,OK
31100218,0.332500,5.086250,33.250,170.000,0,OK
31110230,0.332500,5.083750,33.250,170.000,0,OK
31120218,0.332500,5.087500,33.250,170.000,0,OK
31130230,0.330000,5.085000,33.500,170.000,0,OK
31140218,0.332500,5.083750,33.250,170.000,0,OK
31150230,0.332500,5.086250,33.000,167.500,0,OK
31160218,0.330000,5.086250,33.000,167.500,0,OK
31170230,0.332500,5.078750,33.250,167.500,0,OK
31180218,0.330000,5.085000,33.000,167.500,0,OK
31190230,0.332500,5.082500,33.250,170.000,0,OK
31200218,0.332500,5.087500,33.250,170.000,0,OK
31210230,0.335000,5.086250,33.500,170.000,0,OK
31220218,0.332500,5.086250,33.250,170.000,0,OK
31230230,0.332500,5.085000,33.250,170.000,0,OK
31240218,0.332500,5.086250,33.250,167.500,0,OK
31250230,0.332500,5.083750,33.250,170.000,0,OK
31260218,0.335000,5.082500,33.500,170.000,0,OK
31270230,0.330000,5.085000,33.000,167.500,0,OK
31280218,0.332500,5.085000,33.250,170.000,0,OK
31290230,0.330000,5.086250,33.250,170.000,0,OK
31300218,0.332500,5.087500,33.250,170.000,0,OK
31310230,0.332500,5.086250,33.250,170.000,0,OK
31320218,0.332500,5.087500,33.250,170.000,0,OK
31330230,0.332500,5.086250,33.000,167.500,0,OK
31340218,0.330000,5.085000,33.000,167.500,0,OK
31350230,0.330000,5.082500,33.000,167.500,0,OK
31360218,0.332500,5.086250,33.250,170.000,0,OK
31370226,0.335000,5.086250,33.500,170.000,0,OK
31380222,0.332500,5.086250,33.000,167.500,0,OK
31390226,0.335000,5.086250,33.500,170.000,0,OK
31400222,0.332500,5.085000,33.250,170.000,0,OK
31410226,0.332500,5.086250,33.250,170.000,0,OK
31420222,0.332500,5.086250,33.250,167.500,0,OK
31430226,0.332500,5.083750,33.250,170.000,0,OK
31440222,0.332500,5.081250,33.250,167.500,0,OK
31450226,0.345000,5.086250,33.250,170.000,0,OK
31460222,0.335000,5.086250,33.500,170.000,0,OK
31470226,0.332500,5.085000,33.500,170.000,0,OK
31480222,0.332500,5.085000,33.250,170.000,0,OK
31490226,0.332500,5.086250,33.500,167.500,0,OK
31500222,0.332500,5.086250,33.250,170.000,0,OK
31510226,0.332500,5.085000,33.250,167.500,0,OK
31520222,0.332500,5.086250,33.250,170.000,0,OK
31530226,0.337500,5.082500,33.750,172.500,0,OK
31540222,0.342500,5.085000,33.250,170.000,0,OK
31550226,0.335000,5.085000,33.500,170.000,0,OK
31560222,0.332500,5.086250,33.250,170.000,0,OK
31570226,0.330000,5.087500,33.000,167.500,0,OK
31580222,0.332500,5.085000,33.000,167.500,0,OK
31590226,0.330000,5.085000,33.000,167.500,0,OK
31600222,0.332500,5.085000,33.250,167.500,0,OK
31610226,0.332500,5.086250,33.250,170.000,0,OK
31620222,0.332500,5.086250,33.250,170.000,0,OK
31630226,0.335000,5.085000,33.250,170.000,0,OK
31640222,0.335000,5.085000,33.500,170.000,0,OK
31650226,0.332500,5.085000,33.250,170.000,0,OK
31660222,0.335000,5.086250,33.500,170.000,0,OK
31670226,0.335000,5.086250,33.250,170.000,0,OK
31680222,0.335000,5.086250,33.500,170.000,0,OK
31690226,0.332500,5.086250,33.250,167.500,0,OK
31700222,0.332500,5.086250,33.250,170.000,0,OK
31710226,0.335000,5.083750,33.500,170.000,0,OK
31720222,0.332500,5.086250,33.250,170.000,0,OK
31730226,0.335000,5.086250,33.500,170.000,0,OK
31740222,0.332500,5.086250,33.000,167.500,0,OK
31750226,0.332500,5.086250,33.250,170.000,0,OK
31760222,0.330000,5.086250,33.250,167.500,0,OK
31770226,0.335000,5.086250,33.500,170.000,0,OK
31780222,0.332500,5.078750,33.250,167.500,0,OK
31790226,0.330000,5.086250,33.000,167.500,0,OK
31800222,0.332500,5.086250,33.250,170.000,0,OK
31810226,0.332500,5.085000,33.250,170.000,0,OK
31820222,0.332500,5.086250,33.250,170.000,0,OK
31830226,0.332500,5.086250,33.250,170.000,0,OK
31840222,0.332500,5.085000,33.250,170.000,0,OK
31850226,0.335000,5.085000,33.250,170.000,0,OK
31860222,0.332500,5.086250,33.250,170.000,0,OK
31870226,0.335000,5.081250,33.500,170.000,0,OK
31880222,0.327500,5.086250,32.750,166.250,0,OK
31890226,0.335000,5.082500,33.500,170.000,0,OK
31900218,0.332500,5.085000,33.250,170.000,0,OK
31910230,0.330000,5.087500,33.000,167.500,0,OK
31920218,0.332500,5.086250,33.250,170.000,0,OK
31930230,0.330000,5.085000,33.000,167.500,0,OK
31940218,0.332500,5.086250,33.250,167.500,0,OK
31950230,0.330000,5.086250,33.000,167.500,0,OK
31960218,0.332500,5.082500,33.250,170.000,0,OK
31970226,0.330000,5.086250,33.000,167.500,0,OK
31980222,0.332500,5.085000,33.250,170.000,0,OK
31990226,0.332500,5.086250,33.250,170.000,0,OK
32000222,0.332500,5.086250,33.250,170.000,0,OK
32010226,0.332500,5.086250,33.000,167.500,0,OK
32020222,0.332500,5.086250,33.250,170.000,0,OK
32030226,0.335000,5.085000,32.750,170.000,0,OK
32040222,0.330000,5.083750,33.000,167.500,0,OK
32050226,0.332500,5.083750,33.250,170.000,0,OK
32060218,0.342500,5.083750,33.250,170.000,0,OK
32070230,0.337500,5.088750,33.750,172.500,0,OK
32080218,0.330000,5.086250,33.250,170.000,0,OK
32090230,0.332500,5.086250,33.250,170.000,0,OK
32100218,0.332500,5.086250,33.000,167.500,0,OK
32110230,0.330000,5.086250,33.000,167.500,0,OK
32120218,0.330000,5.085000,33.000,167.500,0,OK
32130226,0.332500,5.085000,33.250,170.000,0,OK
32140222,0.335000,5.081250,33.500,170.000,0,OK
32150226,0.340000,5.086250,33.250,170.000,0,OK
32160222,0.332500,5.086250,33.250,170.000,0,OK
32170226,0.332500,5.085000,33.250,170.000,0,OK
32180222,0.327500,5.086250,32.750,166.250,0,OK
32190226,0.335000,5.085000,33.000,170.000,0,OK
32200218,0.332500,5.085000,33.250,170.000,0,OK
32210230,0.332500,5.085000,33.250,167.500,0,OK
32220218,0.330000,5.086250,33.000,167.500,0,OK
32230230,0.335000,5.083750,33.500,170.000,0,OK
32240218,0.337500,5.086250,33.000,167.500,0,OK
32250230,0.335000,5.086250,33.500,170.000,0,OK
32260218,0.327500,5.085000,33.000,167.500,0,OK
32270230,0.332500,5.087500,33.250,170.000,0,OK
32280218,0.330000,5.085000,33.000,167.500,0,OK
32290230,0.330000,5.085000,33.000,167.500,0,OK
32300218,0.332500,5.086250,33.250,167.500,0,OK
32310230,0.335000,5.086250,33.500,170.000,0,OK
32320218,0.337500,5.083750,33.750,172.500,0,OK
32330230,0.332500,5.086250,33.250,170.000,0,OK
32340218,0.332500,5.085000,33.250,170.000,0,OK
32350230,0.330000,5.086250,33.250,170.000,0,OK
32360218,0.327500,5.086250,32.750,166.250,0,OK
32370230,0.335000,5.086250,33.500,170.000,0,OK
32380218,0.332500,5.085000,33.250,170.000,0,OK
32390230,0.335000,5.085000,33.500,170.000,0,OK
32400218,0.332500,5.086250,33.250,170.000,0,OK
32410230,0.335000,5.085000,33.500,170.000,0,OK
32420218,0.332500,5.085000,33.250,170.000,0,OK
32430230,0.337500,5.086250,33.750,172.500,0,OK
32440218,0.335000,5.087500,33.000,167.500,0,OK
32450230,0.332500,5.086250,33.250,170.000,0,OK
32460218,0.332500,5.085000,33.500,167.500,0,OK
32470230,0.332500,5.086250,33.250,170.000,0,OK
32480218,0.332500,5.081250,33.250,167.500,0,OK
32490230,0.332500,5.085000,33.250,170.000,0,OK
32500218,0.335000,5.085000,33.500,170.000,0,OK
32510230,0.335000,5.085000,33.250,170.000,0,OK
32520218,0.335000,5.087500,33.500,170.000,0,OK
32530230,0.332500,5.085000,33.250,170.000,0,OK
32540218,0.327500,5.085000,32.750,166.250,0,OK
32550230,0.332500,5.085000,33.000,167.500,0,OK
32560218,0.335000,5.085000,33.500,170.000,0,OK
32570230,0.330000,5.081250,33.000,167.500,0,OK
32580218,0.332500,5.086250,33.250,170.000,0,OK
32590226,0.332500,5.085000,33.250,170.000,0,OK
32600222,0.332500,5.086250,32.750,166.250,0,OK
32610226,0.335000,5.087500,33.500,170.000,0,OK
32620222,0.335000,5.086250,33.250,170.000,0,OK
32630226,0.332500,5.087500,33.250,170.000,0,OK
32640222,0.335000,5.087500,33.250,170.000,0,OK
32650226,0.330000,5.086250,33.000,167.500,0,OK
32660222,0.332500,5.081250,33.250,167.500,0,OK
32670226,0.347500,5.086250,33.250,170.000,0,OK
32680222,0.335000,5.086250,33.500,170.000,0,OK
32690226,0.330000,5.085000,33.000,167.500,0,OK
32700222,0.332500,5.087500,33.250,170.000,0,OK
32710226,0.332500,5.083750,33.000,167.500,0,OK
32720222,0.330000,5.085000,33.000,167.500,0,OK
32730226,0.335000,5.085000,33.500,170.000,0,OK
32740222,0.330000,5.083750,33.000,167.500,0,OK
32750226,0.332500,5.082500,33.250,170.000,0,OK
32760218,0.340000,5.085000,33.250,170.000,0,OK
32770230,0.335000,5.086250,33.500,170.000,0,OK
32780218,0.330000,5.085000,33.000,167.500,0,OK
32790230,0.332500,5.085000,33.250,170.000,0,OK
32800218,0.332500,5.086250,33.250,167.500,0,OK
32810230,0.335000,5.086250,33.500,170.000,0,OK
32820218,0.332500,5.086250,33.250,167.500,0,OK
32830230,0.332500,5.086250,33.250,170.000,0,OK
32840218,0.335000,5.082500,33.500,170.000,0,OK
32850230,0.337500,5.085000,33.250,170.000,0,OK
32860218,0.332500,5.086250,33.250,170.000,0,OK
32870230,0.330000,5.085000,33.250,170.000,0,OK
32880218,0.332500,5.086250,33.250,170.000,0,OK
32890230,0.335000,5.086250,33.000,170.000,0,OK
32900218,0.332500,5.085000,33.250,170.000,0,OK
32910230,0.335000,5.085000,33.500,170.000,0,OK
32920218,0.335000,5.087500,33.500,170.000,0,OK
32930230,0.332500,5.082500,33.250,170.000,0,OK
32940218,0.332500,5.086250,33.000,167.500,0,OK
32950230,0.335000,5.087500,33.500,170.000,0,OK
32960218,0.332500,5.085000,33.000,167.500,0,OK
32970230,0.332500,5.086250,33.250,170.000,0,OK
32980218,0.332500,5.086250,33.000,167.500,0,OK
32990230,0.335000,5.086250,33.500,170.000,0,OK
33000218,0.332500,5.086250,33.250,167.500,0,OK
33010230,0.332500,5.086250,33.250,170.000,0,OK
33020218,0.332500,5.085000,33.250,170.000,0,OK
33030230,0.332500,5.085000,33.000,167.500,0,OK
33040218,0.335000,5.085000,33.500,170.000,0,OK
33050230,0.332500,5.085000,33.250,170.000,0,OK
33060218,0.332500,5.083750,33.250,170.000,0,OK
33070230,0.335000,5.085000,33.250,170.000,0,OK
33080218,0.332500,5.086250,33.250,170.000,0,OK
33090230,0.335000,5.078750,33.500,170.000,0,OK
33100218,0.332500,5.085000,33.250,170.000,0,OK
33110230,0.332500,5.083750,33.250,170.000,0,OK
33120218,0.332500,5.086250,33.250,170.000,0,OK
33130230,0.337500,5.085000,33.750,172.500,0,OK
33140218,0.332500,5.085000,33.250,170.000,0,OK
33150230,0.335000,5.085000,33.500,170.000,0,OK
33160218,0.332500,5.083750,33.000,167.500,0,OK
33170230,0.335000,5.085000,33.500,170.000,0,OK
33180218,0.330000,5.081250,33.000,167.500,0,OK
33190230,0.332500,5.085000,33.250,170.000,0,OK
33200218,0.335000,5.083750,33.500,170.000,0,OK
33210230,0.330000,5.083750,33.250,170.000,0,OK
33220218,0.335000,5.085000,33.500,170.000,0,OK
33230230,0.332500,5.085000,33.000,167.500,0,OK
33240218,0.332500,5.083750,33.250,170.000,0,OK
33250230,0.337500,5.085000,33.500,172.500,0,OK
33260218,0.332500,5.085000,33.250,170.000,0,OK
33270230,0.332500,5.078750,33.250,167.500,0,OK
33280218,0.342500,5.085000,33.000,167.500,0,OK
33290230,0.332500,5.086250,33.250,170.000,0,OK
33300218,0.332500,5.085000,33.000,167.500,0,OK
33310230,0.332500,5.085000,33.250,170.000,0,OK
33320218,0.330000,5.086250,33.000,167.500,0,OK
33330230,0.332500,5.083750,33.250,170.000,0,OK
33340218,0.332500,5.085000,33.250,167.500,0,OK
33350230,0.332500,5.083750,33.250,170.000,0,OK
33360218,0.332500,5.081250,33.250,167.500,0,OK
33370230,0.340000,5.086250,33.000,167.500,0,OK
33380218,0.335000,5.085000,33.500,170.000,0,OK
33390230,0.332500,5.085000,33.250,170.000,0,OK
33400218,0.332500,5.083750,33.250,170.000,0,OK
33410230,0.332500,5.085000,33.250,167.500,0,OK
33420218,0.332500,5.085000,33.250,170.000,0,OK
33430230,0.332500,5.085000,33.250,167.500,0,OK
33440218,0.332500,5.085000,33.250,170.000,0,OK
33450230,0.335000,5.081250,33.500,170.000,0,OK
33460218,0.335000,5.083750,33.000,167.500,0,OK
33470230,0.337500,5.086250,33.750,172.500,0,OK
33480218,0.327500,5.085000,33.000,167.500,0,OK
33490230,0.330000,5.085000,33.000,167.500,0,OK
33500218,0.332500,5.083750,33.000,167.500,0,OK
33510230,0.335000,5.085000,33.500,170.000,0,OK
33520218,0.332500,5.085000,33.250,167.500,0,OK
33530230,0.332500,5.083750,33.250,170.000,0,OK
33540218,0.335000,5.083750,33.500,170.000,0,OK
33550230,0.332500,5.083750,33.250,170.000,0,OK
33560218,0.332500,5.083750,33.250,170.000,0,OK
33570230,0.330000,5.085000,33.250,170.000,0,OK
33580218,0.330000,5.085000,33.000,167.500,0,OK
33590230,0.332500,5.085000,33.250,167.500,0,OK
33600218,0.332500,5.085000,33.250,170.000,0,OK
33610230,0.335000,5.085000,33.500,170.000,0,OK
33620218,0.332500,5.083750,33.250,170.000,0,OK
33630230,0.335000,5.083750,33.500,170.000,0,OK
33640218,0.332500,5.083750,33.250,170.000,0,OK
33650230,0.330000,5.085000,33.000,167.500,0,OK
33660218,0.332500,5.085000,33.000,167.500,0,OK
33670230,0.330000,5.085000,33.000,167.500,0,OK
33680218,0.332500,5.085000,33.250,167.500,0,OK
33690230,0.330000,5.083750,33.000,167.500,0,OK
33700218,0.332500,5.078750,33.250,167.500,0,OK
33710226,0.332500,5.085000,33.250,170.000,0,OK
33720222,0.335000,5.083750,33.500,170.000,0,OK
33730226,0.330000,5.087500,33.250,170.000,0,OK
33740222,0.335000,5.086250,33.500,170.000,0,OK
33750226,0.335000,5.087500,33.250,170.000,0,OK
33760222,0.332500,5.085000,33.250,170.000,0,OK
33770226,0.332500,5.085000,33.250,167.500,0,OK
33780222,0.330000,5.086250,33.000,167.500,0,OK
33790226,0.330000,5.080000,33.000,167.500,0,OK
33800218,0.330000,5.085000,33.000,167.500,0,OK
33810226,0.332500,5.083750,33.250,170.000,0,OK
33820222,0.332500,5.085000,33.250,170.000,0,OK
33830226,0.335000,5.083750,33.500,170.000,0,OK
33840222,0.335000,5.086250,33.500,170.000,0,OK
33850226,0.332500,5.085000,33.250,170.000,0,OK
33860222,0.335000,5.085000,33.250,170.000,0,OK
33870226,0.332500,5.085000,33.250,170.000,0,OK
33880222,0.332500,5.077500,33.250,167.500,0,OK
33890226,0.345000,5.085000,33.000,167.500,0,OK
33900222,0.332500,5.085000,33.250,170.000,0,OK
33910226,0.335000,5.085000,33.000,167.500,0,OK
33920222,0.335000,5.085000,33.500,170.000,0,OK
33930226,0.332500,5.086250,33.000,167.500,0,OK
33940222,0.330000,5.085000,33.000,167.500,0,OK
33950226,0.335000,5.086250,33.500,170.000,0,OK
33960222,0.330000,5.083750,33.000,167.500,0,OK
33970226,0.335000,5.081250,33.500,170.000,0,OK
33980218,0.337500,5.085000,33.000,167.500,0,OK
33990230,0.335000,5.085000,33.500,170.000,0,OK
34000218,0.330000,5.085000,33.250,170.000,0,OK
34010230,0.327500,5.085000,32.750,166.250,0,OK
34020218,0.330000,5.085000,33.250,167.500,0,OK
34030230,0.330000,5.083750,33.000,167.500,0,OK
34040218,0.335000,5.086250,33.500,170.000,0,OK
34050226,0.332500,5.085000,33.250,170.000,0,OK
34060222,0.332500,5.082500,33.250,170.000,0,OK
34070226,0.340000,5.085000,33.250,170.000,0,OK
34080222,0.332500,5.085000,33.250,170.000,0,OK
34090226,0.332500,5.085000,33.250,170.000,0,OK
34100222,0.332500,5.085000,33.250,170.000,0,OK
34110226,0.332500,5.085000,33.250,167.500,0,OK
34120222,0.332500,5.085000,33.250,170.000,0,OK
34130226,0.332500,5.085000,33.250,167.500,0,OK
34140222,0.330000,5.085000,33.000,167.500,0,OK
34150226,0.332500,5.083750,33.250,170.000,0,OK
34160222,0.337500,5.083750,33.000,167.500,0,OK
34170226,0.335000,5.085000,33.500,170.000,0,OK
34180218,0.330000,5.083750,33.250,170.000,0,OK
34190230,0.332500,5.085000,33.250,170.000,0,OK
34200218,0.335000,5.085000,33.250,170.000,0,OK
34210230,0.332500,5.085000,33.250,170.000,0,OK
34220218,0.335000,5.086250,33.500,170.000,0,OK
34230230,0.332500,5.083750,33.250,170.000,0,OK
34240218,0.330000,5.082500,33.000,167.500,0,OK
34250230,0.332500,5.085000,33.000,167.500,0,OK
34260218,0.335000,5.086250,33.500,170.000,0,OK
34270230,0.332500,5.086250,33.000,167.500,0,OK
34280218,0.332500,5.085000,33.250,170.000,0,OK
34290230,0.332500,5.085000,33.250,167.500,0,OK
34300218,0.330000,5.085000,33.000,167.500,0,OK
34310230,0.332500,5.080000,33.250,167.500,0,OK
34320218,0.332500,5.085000,33.250,170.000,0,OK
34330230,0.332500,5.082500,33.250,170.000,0,OK
34340218,0.332500,5.083750,33.250,170.000,0,OK
34350230,0.332500,5.085000,33.250,170.000,0,OK
34360218,0.330000,5.086250,33.000,167.500,0,OK
34370230,0.332500,5.085000,33.250,170.000,0,OK
34380218,0.332500,5.085000,33.000,167.500,0,OK
34390230,0.330000,5.083750,33.000,167.500,0,OK
34400218,0.327500,5.078750,32.750,166.250,0,OK
34410226,0.332500,5.085000,33.250,170.000,0,OK
34420218,0.332500,5.083750,33.250,170.000,0,OK
34430230,0.332500,5.085000,33.250,170.000,0,OK
34440218,0.335000,5.085000,33.500,170.000,0,OK
34450230,0.332500,5.085000,33.250,170.000,0,OK
34460218,0.332500,5.083750,33.250,170.000,0,OK
34470230,0.335000,5.085000,33.250,170.000,0,OK
34480218,0.332500,5.085000,33.250,170.000,0,OK
34490230,0.330000,5.080000,33.000,167.500,0,OK
34500218,0.347500,5.085000,33.000,167.500,0,OK
34510226,0.335000,5.085000,33.500,170.000,0,OK
34520222,0.330000,5.085000,32.750,166.250,0,OK
34530226,0.332500,5.083750,33.250,170.000,0,OK
34540222,0.335000,5.086250,32.750,166.250,0,OK
34550226,0.330000,5.085000,33.000,167.500,0,OK
34560218,0.332500,5.083750,33.250,167.500,0,OK
34570230,0.332500,5.086250,33.250,170.000,0,OK
34580218,0.332500,5.081250,33.250,167.500,0,OK
34590230,0.342500,5.083750,33.250,170.000,0,OK
34600218,0.335000,5.086250,33.500,170.000,0,OK
34610230,0.332500,5.085000,33.000,167.500,0,OK
34620218,0.332500,5.086250,33.250,170.000,0,OK
34630230,0.337500,5.085000,33.250,172.500,0,OK
34640218,0.332500,5.085000,33.250,170.000,0,OK
34650230,0.335000,5.086250,33.500,170.000,0,OK
34660218,0.330000,5.086250,33.000,167.500,0,OK
34670230,0.332500,5.081250,33.250,167.500,0,OK
34680218,0.340000,5.085000,33.250,170.000,0,OK
34690230,0.332500,5.083750,33.250,170.000,0,OK
34700218,0.330000,5.083750,33.000,167.500,0,OK
34710230,0.332500,5.083750,33.250,170.000,0,OK
34720218,0.332500,5.085000,33.000,167.500,0,OK
34730230,0.332500,5.085000,33.250,170.000,0,OK
34740218,0.332500,5.085000,33.250,167.500,0,OK
34750230,0.332500,5.085000,33.250,170.000,0,OK
34760218,0.335000,5.082500,33.500,170.000,0,OK
34770230,0.335000,5.083750,33.000,167.500,0,OK
34780218,0.335000,5.085000,33.500,170.000,0,OK
34790226,0.332500,5.085000,33.250,170.000,0,OK
34800222,0.330000,5.085000,33.000,167.500,0,OK
34810226,0.337500,5.083750,33.000,172.500,0,OK
34820222,0.332500,5.085000,33.250,170.000,0,OK
34830226,0.337500,5.083750,33.750,172.500,0,OK
34840222,0.330000,5.085000,33.000,167.500,0,OK
34850226,0.332500,5.082500,33.250,170.000,0,OK
34860222,0.330000,5.083750,33.000,167.500,0,OK
34870226,0.332500,5.085000,33.250,170.000,0,OK
34880218,0.330000,5.085000,33.250,170.000,0,OK
34890230,0.332500,5.085000,33.250,170.000,0,OK
34900218,0.332500,5.086250,33.000,167.500,0,OK
34910230,0.335000,5.085000,33.500,170.000,0,OK
34920218,0.332500,5.078750,33.250,167.500,0,OK
34930230,0.330000,5.085000,33.000,167.500,0,OK
34940218,0.335000,5.083750,33.500,170.000,0,OK
34950230,0.332500,5.088750,33.250,170.000,0,OK
34960218,0.330000,5.086250,33.000,167.500,0,OK
34970230,0.332500,5.086250,33.000,167.500,0,OK
34980218,0.330000,5.086250,33.000,167.500,0,OK
34990230,0.330000,5.085000,33.250,167.500,0,OK
35000218,0.330000,5.086250,33.000,167.500,0,OK
35010230,0.335000,5.081250,33.500,170.000,0,OK
35020218,0.332500,5.085000,33.250,170.000,0,OK
35030230,0.335000,5.086250,33.500,170.000,0,OK
35040218,0.332500,5.085000,33.250,170.000,0,OK
35050230,0.335000,5.087500,33.500,170.000,0,OK
35060218,0.332500,5.086250,33.250,170.000,0,OK
35070230,0.330000,5.086250,33.000,167.500,0,OK
35080218,0.332500,5.086250,33.250,167.500,0,OK
35090226,0.332500,5.085000,33.250,170.000,0,OK
35100222,0.327500,5.080000,32.750,166.250,0,OK
35110226,0.347500,5.086250,33.250,170.000,0,OK
35120218,0.335000,5.086250,33.500,170.000,0,OK
35130230,0.330000,5.085000,33.500,170.000,0,OK
35140218,0.335000,5.083750,33.500,170.000,0,OK
35150230,0.332500,5.086250,33.000,167.500,0,OK
35160218,0.330000,5.086250,33.000,167.500,0,OK
35170230,0.335000,5.086250,33.500,170.000,0,OK
35180218,0.332500,5.085000,33.250,170.000,0,OK
35190230,0.335000,5.081250,33.500,170.000,0,OK
35200218,0.340000,5.085000,33.250,170.000,0,OK
35210230,0.335000,5.087500,33.500,170.000,0,OK
35220218,0.332500,5.086250,33.250,170.000,0,OK
35230230,0.330000,5.086250,33.000,167.500,0,OK
35240218,0.332500,5.087500,33.250,167.500,0,OK
35250226,0.330000,5.085000,33.000,167.500,0,OK
35260222,0.330000,5.085000,33.000,167.500,0,OK
35270226,0.332500,5.086250,33.250,170.000,0,OK
35280222,0.332500,5.082500,33.250,170.000,0,OK
35290226,0.340000,5.086250,33.250,170.000,0,OK
35300222,0.332500,5.087500,33.250,170.000,0,OK
35310226,0.330000,5.085000,33.000,167.500,0,OK
35320222,0.332500,5.085000,33.250,170.000,0,OK
35330226,0.335000,5.086250,33.500,170.000,0,OK
35340222,0.332500,5.085000,33.250,170.000,0,OK
35350226,0.332500,5.086250,33.250,167.500,0,OK
35360222,0.330000,5.086250,33.000,167.500,0,OK
35370226,0.335000,5.083750,33.500,170.000,0,OK
35380218,0.332500,5.087500,32.750,166.250,0,OK
35390230,0.332500,5.087500,33.250,170.000,0,OK
35400218,0.330000,5.086250,33.000,167.500,0,OK
35410230,0.327500,5.086250,32.750,166.250,0,OK
35420218,0.335000,5.086250,33.000,170.000,0,OK
35430226,0.332500,5.086250,33.250,170.000,0,OK
35440222,0.332500,5.086250,33.250,167.500,0,OK
35450226,0.330000,5.086250,33.000,167.500,0,OK
35460222,0.335000,5.082500,33.500,170.000,0,OK
35470226,0.332500,5.085000,33.250,170.000,0,OK
35480222,0.332500,5.086250,33.250,170.000,0,OK
35490226,0.332500,5.085000,33.250,170.000,0,OK
35500222,0.330000,5.086250,33.000,167.500,0,OK
35510226,0.332500,5.086250,33.250,167.500,0,OK
35520218,0.330000,5.086250,33.000,167.500,0,OK
35530230,0.332500,5.078750,33.250,167.500,0,OK
35540218,0.332500,5.085000,33.250,170.000,0,OK
35550230,0.335000,5.086250,33.500,170.000,0,OK
35560218,0.335000,5.085000,33.000,167.500,0,OK
35570230,0.332500,5.086250,33.250,170.000,0,OK
35580218,0.332500,5.086250,33.250,170.000,0,OK
35590230,0.332500,5.085000,33.250,170.000,0,OK
35600218,0.332500,5.086250,33.250,167.500,0,OK
35610230,0.332500,5.087500,33.250,170.000,0,OK
35620218,0.332500,5.082500,33.250,170.000,0,OK
35630230,0.330000,5.087500,33.000,167.500,0,OK
35640218,0.335000,5.083750,33.500,170.000,0,OK
35650230,0.332500,5.086250,33.250,170.000,0,OK
35660218,0.332500,5.086250,33.250,170.000,0,OK
35670230,0.332500,5.085000,33.250,170.000,0,OK
35680218,0.330000,5.085000,33.000,167.500,0,OK
35690230,0.335000,5.086250,33.250,170.000,0,OK
35700218,0.330000,5.085000,33.000,167.500,0,OK
35710230,0.327500,5.080000,32.750,166.250,0,OK
35720218,0.350000,5.085000,33.000,167.500,0,OK
35730226,0.332500,5.085000,33.250,170.000,0,OK
35740222,0.332500,5.086250,33.250,170.000,0,OK
35750226,0.335000,5.086250,33.500,170.000,0,OK
35760222,0.332500,5.086250,33.250,170.000,0,OK
35770226,0.330000,5.085000,33.000,167.500,0,OK
35780222,0.332500,5.085000,33.500,167.500,0,OK
35790226,0.332500,5.085000,33.250,170.000,0,OK
35800222,0.330000,5.078750,33.000,167.500,0,OK
35810226,0.342500,5.085000,33.250,170.000,0,OK
35820218,0.335000,5.083750,33.500,170.000,0,OK
35830230,0.330000,5.085000,33.250,170.000,0,OK
35840218,0.330000,5.083750,33.000,167.500,0,OK
35850230,0.335000,5.086250,33.250,170.000,0,OK
35860218,0.330000,5.086250,33.000,167.500,0,OK
35870230,0.332500,5.085000,33.250,167.500,0,OK
35880218,0.330000,5.086250,33.000,167.500,0,OK
35890230,0.332500,5.081250,33.250,167.500,0,OK
35900218,0.337500,5.086250,33.000,167.500,0,OK
35910230,0.330000,5.085000,33.000,167.500,0,OK
35920218,0.330000,5.085000,33.250,170.000,0,OK
35930230,0.330000,5.086250,33.000,167.500,0,OK
35940218,0.332500,5.085000,33.250,167.500,0,OK
35950226,0.330000,5.085000,33.000,167.500,0,OK
35960222,0.335000,5.085000,33.500,170.000,0,OK
35970226,0.330000,5.088750,33.000,167.500,0,OK
35980222,0.332500,5.082500,33.250,170.000,0,OK
35990226,0.335000,5.087500,33.250,170.000,0,OK
36000222,0.335000,5.085000,33.500,170.000,0,OK
36010226,0.330000,5.086250,33.250,170.000,0,OK
36020222,0.332500,5.087500,33.250,170.000,0,OK
36030226,0.335000,5.087500,33.250,170.000,0,OK
36040222,0.332500,5.085000,33.250,170.000,0,OK
36050226,0.332500,5.086250,33.250,167.500,0,OK
36060222,0.330000,5.085000,33.000,167.500,0,OK
36070226,0.332500,5.083750,33.250,170.000,0,OK
36080222,0.332500,5.085000,33.250,170.000,0,OK
36090226,0.337500,5.086250,33.750,172.500,0,OK
36100222,0.332500,5.085000,33.000,167.500,0,OK
36110226,0.332500,5.085000,33.250,170.000,0,OK
36120222,0.332500,5.085000,33.250,167.500,0,OK
36130226,0.332500,5.085000,33.250,170.000,0,OK
36140222,0.330000,5.078750,33.000,167.500,0,OK
36150226,0.332500,5.083750,33.250,170.000,0,OK
36160218,0.335000,5.083750,33.500,170.000,0,OK
36170230,0.332500,5.085000,33.000,167.500,0,OK
36180218,0.332500,5.085000,33.250,170.000,0,OK
36190230,0.330000,5.086250,33.250,170.000,0,OK
36200218,0.332500,5.083750,33.250,170.000,0,OK
36210230,0.332500,5.085000,33.500,167.500,0,OK
36220218,0.330000,5.085000,33.000,167.500,0,OK
36230230,0.335000,5.078750,33.500,170.000,0,OK
36240218,0.332500,5.085000,33.250,170.000,0,OK
36250230,0.335000,5.085000,33.500,170.000,0,OK
36260218,0.330000,5.083750,33.000,167.500,0,OK
36270230,0.335000,5.086250,33.500,170.000,0,OK
36280218,0.332500,5.085000,33.250,170.000,0,OK
36290230,0.332500,5.085000,33.250,170.000,0,OK
36300218,0.332500,5.085000,33.250,167.500,0,OK
36310230,0.332500,5.085000,33.250,170.000,0,OK
36320218,0.330000,5.081250,33.000,167.500,0,OK
36330230,0.327500,5.086250,32.750,166.250,0,OK
36340218,0.332500,5.083750,33.250,170.000,0,OK
36350226,0.330000,5.086250,33.250,170.000,0,OK
36360222,0.332500,5.086250,33.250,170.000,0,OK
36370226,0.332500,5.083750,33.000,167.500,0,OK
36380222,0.332500,5.085000,33.250,170.000,0,OK
36390226,0.332500,5.085000,33.250,167.500,0,OK
36400222,0.332500,5.085000,33.250,170.000,0,OK
36410226,0.335000,5.081250,33.500,170.000,0,OK
36420222,0.342500,5.085000,32.750,166.250,0,OK
36430226,0.332500,5.085000,33.250,170.000,0,OK
36440222,0.330000,5.085000,33.000,167.500,0,OK
36450226,0.330000,5.086250,33.000,167.500,0,OK
36460222,0.335000,5.085000,32.750,170.000,0,OK
36470226,0.332500,5.085000,33.250,170.000,0,OK
36480222,0.335000,5.085000,33.500,170.000,0,OK
36490226,0.330000,5.085000,33.000,167.500,0,OK
36500222,0.332500,5.081250,33.250,167.500,0,OK
36510226,0.340000,5.085000,33.000,167.500,0,OK
36520222,0.332500,5.085000,33.250,170.000,0,OK
36530226,0.332500,5.085000,33.250,170.000,0,OK
36540222,0.332500,5.083750,33.250,170.000,0,OK
36550226,0.337500,5.086250,33.500,172.500,0,OK
36560222,0.332500,5.086250,33.250,170.000,0,OK
36570226,0.332500,5.086250,33.250,167.500,0,OK
36580222,0.330000,5.085000,33.000,167.500,0,OK
36590226,0.332500,5.081250,33.250,167.500,0,OK
36600222,0.332500,5.085000,33.250,170.000,0,OK
36610226,0.337500,5.086250,33.750,172.500,0,OK
36620222,0.330000,5.085000,33.250,170.000,0,OK
36630226,0.327500,5.085000,32.750,166.250,0,OK
36640222,0.332500,5.086250,33.250,167.500,0,OK
36650226,0.332500,5.086250,33.250,170.000,0,OK
36660222,0.335000,5.086250,33.500,170.000,0,OK
36670226,0.332500,5.086250,33.250,170.000,0,OK
36680222,0.332500,5.083750,33.250,170.000,0,OK
36690226,0.332500,5.086250,33.250,170.000,0,OK
36700222,0.332500,5.085000,33.250,170.000,0,OK
36710226,0.330000,5.086250,33.250,170.000,0,OK
36720222,0.332500,5.085000,33.250,170.000,0,OK
36730226,0.337500,5.085000,33.250,172.500,0,OK
36740222,0.332500,5.083750,33.250,170.000,0,OK
36750226,0.337500,5.085000,33.750,172.500,0,OK
36760222,0.330000,5.085000,33.000,167.500,0,OK
36770226,0.335000,5.083750,33.500,170.000,0,OK
36780222,0.332500,5.085000,33.500,170.000,0,OK
36790226,0.332500,5.083750,33.250,170.000,0,OK
36800222,0.332500,5.085000,33.250,170.000,0,OK
36810226,0.332500,5.086250,33.250,170.000,0,OK
36820222,0.330000,5.085000,33.500,167.500,0,OK
36830226,0.332500,5.085000,33.250,170.000,0,OK
36840222,0.335000,5.078750,33.500,170.000,0,OK
36850226,0.330000,5.085000,33.000,167.500,0,OK
36860222,0.335000,5.082500,33.500,170.000,0,OK
36870226,0.332500,5.085000,33.250,170.000,0,OK
36880222,0.335000,5.085000,33.500,170.000,0,OK
36890226,0.335000,5.085000,32.750,166.250,0,OK
36900222,0.332500,5.085000,33.250,170.000,0,OK
36910226,0.337500,5.086250,33.250,172.500,0,OK
36920222,0.332500,5.085000,33.250,170.000,0,OK
36930226,0.330000,5.080000,33.000,167.500,0,OK
36940222,0.332500,5.086250,33.250,170.000,0,OK
36950226,0.332500,5.087500,33.250,170.000,0,OK
36960222,0.332500,5.085000,33.250,170.000,0,OK
36970226,0.332500,5.087500,33.250,170.000,0,OK
36980222,0.330000,5.086250,33.000,167.500,0,OK
36990226,0.330000,5.085000,33.000,167.500,0,OK
37000218,0.332500,5.086250,33.250,167.500,0,OK
37010230,0.330000,5.086250,33.000,167.500,0,OK
37020218,0.332500,5.082500,33.250,170.000,0,OK
37030226,0.342500,5.085000,33.250,170.000,0,OK
37040222,0.332500,5.085000,33.250,170.000,0,OK
37050226,0.330000,5.086250,32.750,166.250,0,OK
37060222,0.330000,5.085000,33.000,167.500,0,OK
37070226,0.332500,5.086250,33.250,167.500,0,OK
37080222,0.327500,5.085000,32.750,166.250,0,OK
37090226,0.332500,5.085000,33.250,167.500,0,OK
37100222,0.332500,5.086250,33.250,170.000,0,OK
37110226,0.332500,5.081250,33.250,167.500,0,OK
37120222,0.337500,5.083750,33.000,167.500,0,OK
37130226,0.330000,5.085000,33.000,167.500,0,OK
37140218,0.332500,5.085000,33.000,167.500,0,OK
37150230,0.332500,5.085000,33.250,170.000,0,OK
37160218,0.332500,5.083750,33.000,167.500,0,OK
37170230,0.335000,5.085000,33.500,170.000,0,OK
37180218,0.332500,5.086250,33.250,167.500,0,OK
37190230,0.332500,5.085000,33.250,170.000,0,OK
37200218,0.332500,5.082500,33.250,170.000,0,OK
37210230,0.337500,5.083750,33.250,170.000,0,OK
37220218,0.332500,5.085000,33.250,170.000,0,OK
37230230,0.330000,5.085000,33.000,167.500,0,OK
37240218,0.332500,5.085000,33.250,170.000,0,OK
37250230,0.330000,5.085000,33.000,167.500,0,OK
37260218,0.332500,5.085000,33.250,170.000,0,OK
37270230,0.332500,5.086250,33.250,167.500,0,OK
37280218,0.335000,5.087500,33.500,170.000,0,OK
37290230,0.332500,5.083750,33.250,170.000,0,OK
37300218,0.335000,5.085000,33.000,167.500,0,OK
37310230,0.332500,5.086250,33.250,170.000,0,OK
37320218,0.330000,5.085000,33.250,170.000,0,OK
37330230,0.330000,5.085000,33.000,167.500,0,OK
37340218,0.335000,5.085000,33.000,170.000,0,OK
37350230,0.332500,5.085000,33.250,170.000,0,OK
37360218,0.332500,5.086250,33.250,167.500,0,OK
37370230,0.330000,5.086250,33.000,167.500,0,OK
37380218,0.335000,5.083750,33.500,170.000,0,OK
37390226,0.332500,5.085000,33.500,170.000,0,OK
37400222,0.335000,5.085000,33.500,170.000,0,OK
37410226,0.330000,5.085000,33.250,170.000,0,OK
37420222,0.330000,5.083750,33.000,167.500,0,OK
37430226,0.335000,5.085000,33.250,170.000,0,OK
37440218,0.330000,5.083750,33.000,167.500,0,OK
37450230,0.337500,5.078750,33.750,172.500,0,OK
37460218,0.330000,5.085000,33.000,167.500,0,OK
37470230,0.335000,5.085000,33.500,170.000,0,OK
37480218,0.332500,5.085000,33.000,167.500,0,OK
37490230,0.335000,5.085000,33.500,170.000,0,OK
37500218,0.332500,5.086250,33.250,170.000,0,OK
37510230,0.332500,5.087500,33.250,170.000,0,OK
37520218,0.332500,5.086250,33.000,167.500,0,OK
37530230,0.332500,5.086250,33.250,170.000,0,OK
37540218,0.330000,5.080000,33.000,167.500,0,OK
37550230,0.332500,5.085000,33.250,170.000,0,OK
37560218,0.337500,5.086250,33.750,172.500,0,OK
37570230,0.330000,5.085000,33.250,170.000,0,OK
37580218,0.335000,5.085000,33.500,170.000,0,OK
37590230,0.335000,5.086250,33.250,170.000,0,OK
37600218,0.330000,5.085000,33.000,167.500,0,OK
37610230,0.332500,5.083750,33.000,167.500,0,OK
37620218,0.332500,5.086250,33.250,170.000,0,OK
37630230,0.330000,5.081250,33.000,167.500,0,OK
37640218,0.345000,5.085000,33.000,167.500,0,OK
37650226,0.332500,5.085000,33.250,170.000,0,OK
37660222,0.332500,5.083750,33.250,170.000,0,OK
37670226,0.327500,5.085000,32.750,166.250,0,OK
37680222,0.335000,5.083750,33.000,167.500,0,OK
37690226,0.332500,5.085000,33.250,170.000,0,OK
37700218,0.335000,5.085000,33.500,170.000,0,OK
37710230,0.332500,5.086250,33.250,170.000,0,OK
37720218,0.335000,5.080000,33.500,170.000,0,OK
37730230,0.340000,5.085000,33.000,167.500,0,OK
37740218,0.335000,5.086250,33.500,170.000,0,OK
37750230,0.335000,5.085000,33.000,167.500,0,OK
37760218,0.332500,5.086250,33.250,170.000,0,OK
37770230,0.332500,5.086250,33.250,167.500,0,OK
37780218,0.330000,5.087500,33.000,167.500,0,OK
37790230,0.332500,5.085000,33.250,167.500,0,OK
37800218,0.332500,5.086250,33.250,170.000,0,OK
37810230,0.332500,5.082500,33.250,170.000,0,OK
37820218,0.337500,5.086250,33.250,170.000,0,OK
37830230,0.332500,5.086250,33.250,170.000,0,OK
37840218,0.330000,5.085000,33.000,167.500,0,OK
37850230,0.332500,5.086250,33.250,170.000,0,OK
37860218,0.330000,5.085000,33.000,167.500,0,OK
37870230,0.330000,5.083750,33.000,167.500,0,OK
37880218,0.332500,5.085000,33.250,167.500,0,OK
37890226,0.332500,5.085000,33.250,170.000,0,OK
37900222,0.332500,5.083750,33.250,170.000,0,OK
37910226,0.335000,5.085000,33.250,170.000,0,OK
37920222,0.335000,5.087500,33.500,170.000,0,OK
37930226,0.335000,5.083750,33.250,170.000,0,OK
37940222,0.332500,5.083750,33.250,170.000,0,OK
37950226,0.330000,5.085000,33.000,167.500,0,OK
37960222,0.325000,5.086250,32.500,166.250,0,OK
37970226,0.330000,5.086250,33.000,167.500,0,OK
37980222,0.330000,5.085000,33.000,167.500,0,OK
37990226,0.332500,5.083750,33.250,170.000,0,OK
38000222,0.330000,5.085000,33.250,170.000,0,OK
38010226,0.335000,5.087500,33.500,170.000,0,OK
38020222,0.335000,5.086250,33.000,167.500,0,OK
38030226,0.335000,5.085000,33.500,170.000,0,OK
38040218,0.330000,5.085000,33.250,167.500,0,OK
38050230,0.330000,5.086250,33.000,167.500,0,OK
38060218,0.332500,5.080000,33.250,167.500,0,OK
38070226,0.332500,5.086250,33.250,170.000,0,OK
38080222,0.332500,5.085000,33.250,170.000,0,OK
38090226,0.332500,5.086250,33.250,170.000,0,OK
38100222,0.332500,5.085000,33.250,170.000,0,OK
38110226,0.330000,5.085000,33.250,170.000,0,OK
38120222,0.332500,5.085000,33.250,170.000,0,OK
38130226,0.332500,5.086250,33.250,167.500,0,OK
38140222,0.332500,5.083750,33.250,170.000,0,OK
38150226,0.332500,5.078750,33.250,167.500,0,OK
38160222,0.330000,5.083750,33.000,167.500,0,OK
38170226,0.332500,5.083750,33.250,170.000,0,OK
38180218,0.330000,5.085000,33.250,170.000,0,OK
38190230,0.332500,5.085000,33.250,170.000,0,OK
38200218,0.332500,5.085000,33.250,170.000,0,OK
38210230,0.332500,5.083750,33.250,170.000,0,OK
38220218,0.332500,5.085000,33.000,167.500,0,OK
38230230,0.330000,5.085000,33.000,167.500,0,OK
38240218,0.332500,5.080000,33.250,167.500,0,OK
38250230,0.345000,5.083750,33.000,167.500,0,OK
38260218,0.332500,5.086250,33.250,170.000,0,OK
38270226,0.335000,5.085000,33.000,167.500,0,OK
38280222,0.335000,5.085000,33.500,170.000,0,OK
38290226,0.335000,5.085000,33.000,167.500,0,OK
38300222,0.332500,5.085000,33.250,170.000,0,OK
38310226,0.330000,5.083750,33.000,167.500,0,OK
38320222,0.330000,5.083750,33.000,167.500,0,OK
38330226,0.335000,5.081250,33.500,170.000,0,OK
38340218,0.342500,5.086250,33.000,167.500,0,OK
38350230,0.332500,5.086250,33.250,170.000,0,OK
38360218,0.330000,5.085000,33.000,167.500,0,OK
38370230,0.330000,5.086250,33.000,167.500,0,OK
38380218,0.332500,5.086250,33.250,167.500,0,OK
38390226,0.330000,5.085000,33.000,167.500,0,OK
38400222,0.332500,5.086250,33.250,167.500,0,OK
38410226,0.330000,5.086250,33.000,167.500,0,OK
38420222,0.335000,5.082500,33.500,170.000,0,OK
38430226,0.337500,5.086250,33.000,167.500,0,OK
38440222,0.335000,5.086250,33.500,170.000,0,OK
38450226,0.332500,5.087500,33.250,170.000,0,OK
38460222,0.335000,5.086250,33.500,170.000,0,OK
38470226,0.335000,5.085000,33.500,170.000,0,OK
38480222,0.332500,5.085000,33.250,170.000,0,OK
38490226,0.335000,5.086250,33.500,170.000,0,OK
38500222,0.330000,5.085000,33.000,167.500,0,OK
38510226,0.332500,5.083750,33.250,170.000,0,OK
38520222,0.335000,5.086250,33.000,167.500,0,OK
38530226,0.337500,5.085000,33.750,172.500,0,OK
38540218,0.330000,5.083750,33.000,167.500,0,OK
38550230,0.332500,5.085000,33.250,170.000,0,OK
38560218,0.335000,5.085000,33.000,170.000,0,OK
38570230,0.330000,5.085000,33.000,167.500,0,OK
38580218,0.332500,5.085000,33.250,167.500,0,OK
38590230,0.332500,5.085000,33.250,170.000,0,OK
38600218,0.332500,5.082500,33.250,170.000,0,OK
38610230,0.330000,5.085000,33.250,170.000,0,OK
38620218,0.332500,5.085000,33.250,170.000,0,OK
38630230,0.332500,5.085000,33.500,170.000,0,OK
38640218,0.332500,5.083750,33.250,170.000,0,OK
38650230,0.332500,5.086250,33.250,167.500,0,OK
38660218,0.330000,5.085000,33.000,167.500,0,OK
38670230,0.335000,5.081250,33.500,170.000,0,OK
38680218,0.330000,5.086250,33.000,167.500,0,OK
38690230,0.332500,5.083750,33.250,170.000,0,OK
38700218,0.332500,5.086250,33.000,167.500,0,OK
38710230,0.332500,5.085000,33.250,170.000,0,OK
38720218,0.332500,5.087500,33.000,167.500,0,OK
38730230,0.330000,5.085000,33.000,167.500,0,OK
38740218,0.335000,5.086250,33.000,170.000,0,OK
38750230,0.330000,5.086250,33.000,167.500,0,OK
38760218,0.332500,5.078750,33.250,167.500,0,OK
38770226,0.330000,5.086250,33.000,167.500,0,OK
38780222,0.332500,5.085000,33.250,170.000,0,OK
38790226,0.332500,5.085000,33.250,170.000,0,OK
38800222,0.332500,5.085000,33.250,170.000,0,OK
38810226,0.335000,5.085000,33.000,167.500,0,OK
38820222,0.332500,5.085000,33.250,170.000,0,OK
38830226,0.332500,5.085000,33.000,167.500,0,OK
38840222,0.332500,5.083750,33.250,170.000,0,OK
38850226,0.332500,5.080000,33.250,167.500,0,OK
38860222,0.345000,5.083750,33.000,167.500,0,OK
38870226,0.335000,5.085000,33.500,170.000,0,OK
38880218,0.330000,5.085000,33.000,167.500,0,OK
38890230,0.335000,5.083750,33.500,170.000,0,OK
38900218,0.332500,5.085000,33.250,170.000,0,OK
38910230,0.330000,5.085000,33.000,167.500,0,OK
38920218,0.332500,5.085000,33.250,167.500,0,OK
38930230,0.332500,5.083750,33.250,170.000,0,OK
38940218,0.332500,5.080000,33.250,167.500,0,OK
38950230,0.340000,5.086250,33.000,167.500,0,OK
38960218,0.335000,5.085000,33.500,170.000,0,OK
38970230,0.332500,5.085000,33.000,167.500,0,OK
38980218,0.332500,5.085000,33.250,170.000,0,OK
38990230,0.330000,5.085000,33.000,167.500,0,OK
39000218,0.330000,5.083750,33.000,167.500,0,OK
39010230,0.335000,5.086250,33.500,170.000,0,OK
39020218,0.330000,5.087500,33.000,167.500,0,OK
39030230,0.332500,5.080000,33.250,167.500,0,OK
39040218,0.337500,5.085000,33.000,167.500,0,OK
39050230,0.332500,5.083750,33.250,170.000,0,OK
39060218,0.330000,5.085000,33.250,170.000,0,OK
39070230,0.332500,5.083750,33.250,170.000,0,OK
39080218,0.335000,5.085000,33.000,170.000,0,OK
39090230,0.330000,5.083750,33.000,167.500,0,OK
39100218,0.332500,5.085000,33.250,167.500,0,OK
39110226,0.330000,5.085000,33.000,167.500,0,OK
39120222,0.332500,5.081250,33.250,167.500,0,OK
39130226,0.335000,5.085000,33.250,170.000,0,OK
39140222,0.332500,5.085000,33.250,170.000,0,OK
39150226,0.332500,5.086250,33.250,170.000,0,OK
39160222,0.330000,5.086250,33.000,167.500,0,OK
39170226,0.332500,5.086250,33.250,167.500,0,OK
39180218,0.332500,5.085000,33.250,170.000,0,OK
39190230,0.332500,5.085000,33.250,167.500,0,OK
39200218,0.332500,5.086250,33.250,170.000,0,OK
39210230,0.335000,5.083750,33.500,170.000,0,OK
39220218,0.332500,5.083750,33.250,170.000,0,OK
39230230,0.335000,5.083750,33.500,170.000,0,OK
39240218,0.330000,5.083750,33.250,170.000,0,OK
39250230,0.335000,5.085000,33.500,170.000,0,OK
39260218,0.332500,5.085000,33.000,167.500,0,OK
39270230,0.330000,5.083750,33.000,167.500,0,OK
39280218,0.332500,5.077500,33.250,167.500,0,OK
39290226,0.332500,5.083750,33.250,170.000,0,OK
39300222,0.332500,5.083750,33.250,170.000,0,OK
39310226,0.332500,5.085000,33.000,167.500,0,OK
39320222,0.332500,5.085000,33.250,170.000,0,OK
39330226,0.332500,5.086250,33.000,167.500,0,OK
39340222,0.330000,5.083750,33.000,167.500,0,OK
39350226,0.332500,5.085000,33.250,167.500,0,OK
39360218,0.330000,5.085000,33.000,167.500,0,OK
39370230,0.332500,5.080000,33.250,167.500,0,OK
39380218,0.330000,5.085000,33.000,167.500,0,OK
39390230,0.335000,5.083750,33.500,170.000,0,OK
39400218,0.327500,5.083750,33.000,167.500,0,OK
39410230,0.335000,5.085000,33.500,170.000,0,OK
39420218,0.332500,5.085000,33.000,167.500,0,OK
39430230,0.330000,5.083750,33.000,167.500,0,OK
39440218,0.332500,5.085000,33.250,167.500,0,OK
39450226,0.330000,5.085000,33.000,167.500,0,OK
39460222,0.332500,5.081250,33.250,167.500,0,OK
39470226,0.345000,5.085000,33.250,170.000,0,OK
39480222,0.330000,5.085000,33.000,167.500,0,OK
39490226,0.332500,5.083750,33.250,170.000,0,OK
39500222,0.332500,5.085000,33.250,170.000,0,OK
39510226,0.330000,5.085000,33.500,170.000,0,OK
39520222,0.335000,5.085000,33.500,170.000,0,OK
39530226,0.335000,5.085000,33.500,170.000,0,OK
39540222,0.332500,5.083750,33.250,170.000,0,OK
39550226,0.335000,5.081250,33.500,170.000,0,OK
39560222,0.342500,5.085000,33.250,170.000,0,OK
39570226,0.332500,5.086250,33.250,170.000,0,OK
39580222,0.335000,5.083750,33.250,170.000,0,OK
39590226,0.332500,5.083750,33.250,170.000,0,OK
39600222,0.335000,5.086250,33.250,170.000,0,OK
39610226,0.332500,5.083750,33.250,170.000,0,OK
39620222,0.332500,5.086250,33.250,167.500,0,OK
39630226,0.330000,5.085000,33.000,167.500,0,OK
39640222,0.335000,5.081250,33.500,170.000,0,OK
39650226,0.335000,5.085000,33.500,170.000,0,OK
39660222,0.332500,5.085000,33.250,170.000,0,OK
39670226,0.330000,5.083750,33.000,167.500,0,OK
39680222,0.332500,5.083750,33.250,170.000,0,OK
39690226,0.332500,5.085000,33.250,167.500,0,OK
39700222,0.330000,5.085000,33.000,167.500,0,OK
39710226,0.332500,5.085000,33.250,167.500,0,OK
39720222,0.330000,5.086250,33.000,167.500,0,OK
39730226,0.335000,5.082500,33.500,170.000,0,OK
39740218,0.335000,5.085000,33.250,170.000,0,OK
39750230,0.330000,5.085000,33.000,167.500,0,OK
39760218,0.330000,5.085000,33.250,170.000,0,OK
39770230,0.330000,5.085000,33.000,167.500,0,OK
39780218,0.332500,5.085000,33.250,167.500,0,OK
39790230,0.330000,5.083750,33.000,167.500,0,OK
39800218,0.332500,5.086250,33.250,167.500,0,OK
39810226,0.330000,5.085000,33.000,167.500,0,OK
39820222,0.332500,5.082500,33.250,170.000,0,OK
39830226,0.330000,5.085000,33.250,170.000,0,OK
39840222,0.332500,5.083750,33.250,170.000,0,OK
39850226,0.332500,5.085000,33.000,167.500,0,OK
39860222,0.330000,5.083750,33.000,167.500,0,OK
39870226,0.335000,5.086250,33.250,170.000,0,OK
39880218,0.330000,5.085000,33.000,167.500,0,OK
39890230,0.332500,5.077500,33.250,167.500,0,OK
39900218,0.330000,5.085000,33.000,167.500,0,OK
39910230,0.332500,5.083750,33.250,170.000,0,OK
39920218,0.332500,5.083750,33.000,167.500,0,OK
39930230,0.335000,5.085000,33.500,170.000,0,OK
39940218,0.332500,5.085000,33.000,167.500,0,OK
39950230,0.330000,5.085000,33.000,167.500,0,OK
39960218,0.332500,5.085000,33.000,167.500,0,OK
39970230,0.330000,5.085000,33.000,167.500,0,OK
39980218,0.332500,5.080000,33.250,167.500,0,OK
39990230,0.332500,5.082500,33.250,170.000,0,OK
40000218,0.332500,5.085000,33.250,170.000,0,OK
40010230,0.332500,5.085000,33.000,167.500,0,OK
40020218,0.332500,5.086250,33.250,170.000,0,OK
40030230,0.330000,5.085000,33.000,167.500,0,OK
40040218,0.332500,5.086250,33.250,170.000,0,OK
40050230,0.335000,5.085000,33.000,170.000,0,OK
40060218,0.332500,5.086250,33.250,170.000,0,OK
40070230,0.332500,5.083750,33.250,170.000,0,OK
40080218,0.347500,5.086250,33.000,167.500,0,OK
40090230,0.332500,5.086250,33.250,170.000,0,OK
40100218,0.330000,5.085000,33.250,170.000,0,OK
40110230,0.332500,5.085000,33.250,170.000,0,OK
40120218,0.332500,5.085000,33.250,170.000,0,OK
40130230,0.332500,5.085000,33.250,170.000,0,OK
40140218,0.335000,5.085000,33.500,170.000,0,OK
40150230,0.332500,5.087500,33.250,170.000,0,OK
40160218,0.335000,5.083750,33.500,170.000,0,OK
40170230,0.340000,5.085000,33.250,170.000,0,OK
40180218,0.332500,5.085000,33.250,170.000,0,OK
40190230,0.335000,5.085000,33.250,170.000,0,OK
40200218,0.332500,5.085000,33.250,170.000,0,OK
40210230,0.332500,5.085000,33.250,167.500,0,OK
40220218,0.332500,5.085000,33.250,170.000,0,OK
40230230,0.335000,5.085000,33.500,170.000,0,OK
40240218,0.332500,5.083750,33.250,170.000,0,OK
40250230,0.332500,5.081250,33.250,167.500,0,OK
40260218,0.337500,5.083750,33.000,167.500,0,OK
40270230,0.335000,5.086250,33.500,170.000,0,OK
40280218,0.332500,5.083750,33.250,170.000,0,OK
40290230,0.332500,5.083750,33.250,170.000,0,OK
40300218,0.332500,5.086250,33.250,167.500,0,OK
40310230,0.332500,5.085000,33.250,170.000,0,OK
40320218,0.332500,5.085000,33.250,167.500,0,OK
40330230,0.330000,5.085000,33.000,167.500,0,OK
40340218,0.332500,5.081250,33.250,167.500,0,OK
40350230,0.335000,5.085000,33.250,170.000,0,OK
40360218,0.337500,5.085000,33.750,172.500,0,OK
40370230,0.330000,5.086250,33.250,170.000,0,OK
40380218,0.330000,5.086250,33.000,167.500,0,OK
40390230,0.332500,5.086250,33.000,167.500,0,OK
40400218,0.330000,5.085000,33.000,167.500,0,OK
40410230,0.335000,5.085000,33.500,170.000,0,OK
40420218,0.332500,5.086250,33.250,170.000,0,OK
40430230,0.332500,5.085000,33.250,170.000,0,OK
40440218,0.330000,5.085000,33.250,170.000,0,OK
40450230,0.332500,5.086250,33.250,170.000,0,OK
40460218,0.332500,5.086250,32.750,166.250,0,OK
40470230,0.332500,5.085000,33.250,170.000,0,OK
40480218,0.335000,5.086250,33.250,170.000,0,OK
40490230,0.330000,5.085000,33.000,167.500,0,OK
40500218,0.335000,5.086250,33.500,170.000,0,OK
40510230,0.330000,5.086250,33.000,167.500,0,OK
40520218,0.335000,5.083750,33.500,170.000,0,OK
40530226,0.330000,5.086250,32.750,166.250,0,OK
40540222,0.335000,5.085000,33.500,170.000,0,OK
40550226,0.330000,5.085000,33.250,170.000,0,OK
40560222,0.330000,5.085000,33.000,167.500,0,OK
40570226,0.330000,5.086250,33.250,167.500,0,OK
40580222,0.332500,5.085000,33.250,170.000,0,OK
40590226,0.335000,5.078750,33.500,170.000,0,OK
40600222,0.332500,5.086250,33.250,170.000,0,OK
40610226,0.332500,5.086250,33.250,170.000,0,OK
40620222,0.330000,5.086250,33.000,167.500,0,OK
40630226,0.335000,5.086250,33.500,170.000,0,OK
40640218,0.335000,5.086250,33.250,170.000,0,OK
40650230,0.330000,5.086250,33.000,167.500,0,OK
40660218,0.335000,5.086250,33.500,170.000,0,OK
40670226,0.327500,5.086250,32.750,166.250,0,OK
40680222,0.332500,5.078750,33.250,167.500,0,OK
40690226,0.332500,5.083750,33.250,170.000,0,OK
40700222,0.335000,5.086250,33.500,170.000,0,OK
40710226,0.330000,5.085000,32.750,166.250,0,OK
40720222,0.337500,5.085000,33.750,172.500,0,OK
40730226,0.332500,5.086250,33.250,170.000,0,OK
40740222,0.332500,5.085000,33.250,170.000,0,OK
40750226,0.335000,5.085000,33.500,170.000,0,OK
40760222,0.332500,5.085000,33.250,170.000,0,OK
40770226,0.332500,5.082500,33.250,170.000,0,OK
40780222,0.340000,5.085000,33.250,170.000,0,OK
40790226,0.332500,5.083750,33.250,170.000,0,OK
40800222,0.327500,5.085000,33.250,170.000,0,OK
40810226,0.332500,5.085000,33.250,170.000,0,OK
40820222,0.335000,5.085000,33.250,170.000,0,OK
40830226,0.332500,5.083750,33.250,170.000,0,OK
40840222,0.332500,5.086250,33.250,167.500,0,OK
40850226,0.332500,5.085000,33.250,170.000,0,OK
40860222,0.335000,5.082500,33.500,170.000,0,OK
40870226,0.340000,5.083750,33.250,170.000,0,OK
40880222,0.332500,5.085000,33.250,170.000,0,OK
40890226,0.332500,5.085000,33.500,170.000,0,OK
40900222,0.332500,5.087500,33.250,170.000,0,OK
40910226,0.337500,5.085000,33.250,172.500,0,OK
40920222,0.332500,5.085000,33.250,170.000,0,OK
40930226,0.332500,5.086250,33.250,167.500,0,OK
40940222,0.332500,5.086250,33.250,170.000,0,OK
40950226,0.332500,5.085000,33.250,170.000,0,OK
40960222,0.332500,5.086250,33.250,170.000,0,OK
40970226,0.332500,5.086250,33.250,170.000,0,OK
40980222,0.335000,5.086250,33.000,167.500,0,OK
40990226,0.332500,5.086250,33.250,170.000,0,OK
41000218,0.332500,5.085000,33.000,167.500,0,OK
41010230,0.332500,5.086250,33.250,170.000,0,OK
41020218,0.332500,5.088750,33.250,167.500,0,OK
41030230,0.330000,5.085000,33.000,167.500,0,OK
41040218,0.332500,5.082500,33.250,170.000,0,OK
41050230,0.332500,5.086250,33.000,167.500,0,OK
41060218,0.332500,5.086250,33.250,170.000,0,OK
41070230,0.332500,5.086250,33.250,170.000,0,OK
41080218,0.332500,5.085000,33.250,170.000,0,OK
41090230,0.332500,5.085000,32.750,167.500,0,OK
41100218,0.327500,5.086250,32.750,166.250,0,OK
41110230,0.332500,5.086250,33.250,167.500,0,OK
41120218,0.332500,5.085000,33.250,170.000,0,OK
41130230,0.335000,5.086250,33.500,170.000,0,OK
41140218,0.330000,5.086250,33.250,170.000,0,OK
41150230,0.335000,5.086250,33.500,170.000,0,OK
41160218,0.332500,5.083750,32.750,166.250,0,OK
41170230,0.330000,5.086250,33.000,167.500,0,OK
41180218,0.335000,5.086250,33.000,170.000,0,OK
41190226,0.332500,5.085000,33.250,170.000,0,OK
41200222,0.332500,5.081250,33.250,167.500,0,OK
41210226,0.332500,5.085000,33.250,170.000,0,OK
41220222,0.332500,5.086250,33.250,170.000,0,OK
41230226,0.330000,5.085000,33.250,170.000,0,OK
41240222,0.332500,5.085000,33.250,170.000,0,OK
41250226,0.335000,5.086250,33.250,170.000,0,OK
41260222,0.332500,5.086250,33.250,170.000,0,OK
41270226,0.332500,5.085000,33.000,167.500,0,OK
41280222,0.335000,5.086250,33.500,170.000,0,OK
41290226,0.330000,5.080000,33.000,167.500,0,OK
41300222,0.332500,5.085000,33.250,170.000,0,OK
41310226,0.335000,5.086250,33.500,170.000,0,OK
41320222,0.327500,5.086250,33.000,167.500,0,OK
41330226,0.335000,5.086250,33.500,170.000,0,OK
41340218,0.332500,5.086250,33.500,170.000,0,OK
41350230,0.332500,5.086250,33.250,170.000,0,OK
41360218,0.330000,5.085000,33.250,167.500,0,OK
41370230,0.330000,5.086250,33.000,167.500,0,OK
41380218,0.332500,5.082500,33.250,170.000,0,OK
41390226,0.342500,5.085000,33.000,167.500,0,OK
41400222,0.332500,5.086250,33.250,170.000,0,OK
41410226,0.332500,5.085000,33.250,170.000,0,OK
41420222,0.332500,5.086250,33.250,170.000,0,OK
41430226,0.335000,5.086250,33.250,170.000,0,OK
41440222,0.332500,5.085000,33.250,170.000,0,OK
41450226,0.335000,5.086250,33.500,170.000,0,OK
41460222,0.330000,5.086250,33.000,167.500,0,OK
41470226,0.332500,5.083750,33.250,170.000,0,OK
41480218,0.340000,5.085000,33.500,170.000,0,OK
41490230,0.332500,5.086250,33.250,170.000,0,OK
41500218,0.332500,5.085000,33.500,170.000,0,OK
41510230,0.330000,5.086250,33.000,167.500,0,OK
41520218,0.332500,5.086250,33.000,167.500,0,OK
41530226,0.332500,5.085000,33.250,170.000,0,OK
41540222,0.332500,5.086250,33.250,167.500,0,OK
41550226,0.330000,5.085000,33.000,167.500,0,OK
41560222,0.335000,5.081250,33.500,170.000,0,OK
41570226,0.335000,5.085000,33.000,167.500,0,OK
41580222,0.335000,5.085000,33.500,170.000,0,OK
41590226,0.332500,5.086250,33.000,167.500,0,OK
41600222,0.332500,5.086250,33.250,170.000,0,OK
41610226,0.330000,5.086250,33.000,167.500,0,OK
41620222,0.332500,5.086250,33.250,170.000,0,OK
41630226,0.332500,5.086250,33.250,167.500,0,OK
41640222,0.330000,5.085000,33.000,167.500,0,OK
41650226,0.332500,5.083750,33.250,170.000,0,OK
41660222,0.332500,5.085000,33.000,167.500,0,OK
41670226,0.332500,5.087500,33.250,170.000,0,OK
41680222,0.335000,5.086250,33.250,170.000,0,OK
41690226,0.332500,5.085000,33.250,170.000,0,OK
41700222,0.332500,5.087500,33.000,167.500,0,OK
41710226,0.330000,5.086250,33.000,167.500,0,OK
41720222,0.332500,5.086250,33.250,167.500,0,OK
41730226,0.332500,5.086250,33.250,170.000,0,OK
41740222,0.332500,5.082500,33.250,170.000,0,OK
41750226,0.332500,5.086250,33.250,170.000,0,OK
41760222,0.332500,5.085000,33.250,170.000,0,OK
41770226,0.335000,5.085000,33.250,170.000,0,OK
41780222,0.332500,5.085000,33.250,170.000,0,OK
41790226,0.335000,5.086250,33.250,170.000,0,OK
41800222,0.332500,5.086250,33.250,170.000,0,OK
41810226,0.335000,5.081250,33.500,170.000,0,OK
41820222,0.330000,5.085000,33.000,167.500,0,OK
41830226,0.332500,5.085000,33.250,170.000,0,OK
41840222,0.330000,5.086250,33.000,167.500,0,OK
41850226,0.335000,5.086250,33.500,170.000,0,OK
41860218,0.335000,5.085000,33.250,170.000,0,OK
41870230,0.332500,5.086250,33.250,170.000,0,OK
41880218,0.332500,5.086250,33.250,167.500,0,OK
41890230,0.332500,5.085000,33.250,170.000,0,OK
41900218,0.335000,5.081250,33.500,170.000,0,OK
41910230,0.332500,5.086250,33.250,170.000,0,OK
41920218,0.332500,5.086250,33.250,170.000,0,OK
41930230,0.332500,5.086250,33.250,170.000,0,OK
41940218,0.330000,5.083750,33.000,167.500,0,OK
41950230,0.335000,5.086250,33.250,170.000,0,OK
41960218,0.332500,5.086250,33.250,170.000,0,OK
41970230,0.337500,5.086250,33.000,172.500,0,OK
41980218,0.332500,5.086250,33.250,170.000,0,OK
41990230,0.332500,5.080000,33.250,167.500,0,OK
42000218,0.345000,5.085000,33.250,170.000,0,OK
42010230,0.330000,5.085000,33.000,167.500,0,OK
42020218,0.332500,5.086250,33.250,170.000,0,OK
42030230,0.332500,5.085000,33.250,170.000,0,OK
42040218,0.337500,5.086250,33.250,170.000,0,OK
42050230,0.332500,5.085000,33.250,170.000,0,OK
42060218,0.332500,5.085000,33.250,167.500,0,OK
42070230,0.332500,5.085000,33.250,170.000,0,OK
42080218,0.332500,5.081250,33.250,167.500,0,OK
42090230,0.342500,5.085000,33.000,167.500,0,OK
42100218,0.335000,5.087500,33.500,170.000,0,OK
42110230,0.330000,5.085000,33.250,170.000,0,OK
42120218,0.332500,5.085000,33.250,170.000,0,OK
42130230,0.335000,5.086250,33.250,170.000,0,OK
42140218,0.332500,5.086250,33.250,170.000,0,OK
42150230,0.337500,5.086250,33.750,172.500,0,OK
42160218,0.332500,5.086250,33.250,170.000,0,OK
42170230,0.335000,5.083750,33.500,170.000,0,OK
42180218,0.337500,5.085000,33.250,170.000,0,OK
42190230,0.332500,5.086250,33.250,170.000,0,OK
42200218,0.327500,5.085000,33.000,167.500,0,OK
42210230,0.332500,5.086250,33.250,170.000,0,OK
42220218,0.332500,5.085000,33.000,167.500,0,OK
42230230,0.332500,5.086250,33.250,170.000,0,OK
42240218,0.335000,5.085000,33.500,170.000,0,OK
42250230,0.330000,5.085000,33.000,167.500,0,OK
42260218,0.335000,5.083750,33.500,170.000,0,OK
42270230,0.335000,5.085000,32.750,166.250,0,OK
42280218,0.335000,5.086250,33.500,170.000,0,OK
42290230,0.330000,5.086250,33.250,170.000,0,OK
42300218,0.332500,5.085000,33.250,170.000,0,OK
42310230,0.332500,5.083750,33.000,167.500,0,OK
42320218,0.332500,5.086250,33.250,170.000,0,OK
42330230,0.332500,5.086250,33.250,167.500,0,OK
42340218,0.332500,5.086250,33.250,170.000,0,OK
42350230,0.332500,5.085000,33.250,170.000,0,OK
42360218,0.330000,5.085000,33.250,170.000,0,OK
42370230,0.332500,5.086250,33.250,170.000,0,OK
42380218,0.332500,5.086250,33.250,170.000,0,OK
42390230,0.332500,5.086250,33.250,170.000,0,OK
42400218,0.332500,5.086250,33.000,167.500,0,OK
42410230,0.332500,5.085000,33.250,170.000,0,OK
42420218,0.332500,5.081250,33.250,167.500,0,OK
42430230,0.332500,5.086250,33.250,170.000,0,OK
42440218,0.335000,5.083750,33.500,170.000,0,OK
42450230,0.332500,5.085000,33.000,167.500,0,OK
42460218,0.335000,5.086250,33.500,170.000,0,OK
42470230,0.332500,5.086250,33.000,167.500,0,OK
42480218,0.332500,5.086250,33.250,170.000,0,OK
42490230,0.335000,5.085000,33.250,170.000,0,OK
42500218,0.332500,5.086250,33.250,170.000,0,OK
42510230,0.332500,5.082500,33.250,170.000,0,OK
42520218,0.332500,5.086250,33.250,170.000,0,OK
42530230,0.335000,5.085000,33.500,170.000,0,OK
42540218,0.332500,5.086250,33.250,170.000,0,OK
42550230,0.332500,5.085000,33.250,170.000,0,OK
42560218,0.332500,5.085000,33.000,167.500,0,OK
42570230,0.332500,5.086250,33.250,170.000,0,OK
42580218,0.332500,5.085000,33.250,167.500,0,OK
42590230,0.332500,5.086250,33.250,170.000,0,OK
42600218,0.332500,5.081250,33.250,167.500,0,OK
42610230,0.342500,5.086250,33.250,170.000,0,OK
42620218,0.332500,5.087500,33.250,170.000,0,OK
42630230,0.330000,5.086250,33.000,167.500,0,OK
42640218,0.332500,5.085000,33.250,170.000,0,OK
42650226,0.332500,5.085000,33.250,170.000,0,OK
42660222,0.335000,5.086250,33.500,170.000,0,OK
42670226,0.330000,5.086250,33.000,167.500,0,OK
42680222,0.330000,5.085000,33.000,167.500,0,OK
42690226,0.332500,5.081250,33.250,167.500,0,OK
42700222,0.340000,5.083750,33.250,170.000,0,OK
42710226,0.332500,5.086250,33.250,170.000,0,OK
42720222,0.332500,5.085000,33.250,170.000,0,OK
42730226,0.330000,5.086250,33.000,167.500,0,OK
42740222,0.330000,5.086250,33.000,167.500,0,OK
42750226,0.332500,5.087500,33.250,170.000,0,OK
42760218,0.332500,5.083750,33.250,167.500,0,OK
42770230,0.330000,5.085000,33.000,167.500,0,OK
42780218,0.335000,5.083750,33.500,170.000,0,OK
42790230,0.340000,5.086250,33.000,167.500,0,OK
42800218,0.335000,5.086250,33.500,170.000,0,OK
42810230,0.332500,5.085000,33.250,170.000,0,OK
42820218,0.335000,5.083750,33.500,170.000,0,OK
42830230,0.332500,5.087500,33.250,167.500,0,OK
42840218,0.330000,5.085000,33.000,167.500,0,OK
42850230,0.335000,5.085000,33.500,170.000,0,OK
42860218,0.330000,5.085000,33.000,167.500,0,OK
42870230,0.330000,5.082500,33.000,167.500,0,OK
42880218,0.335000,5.083750,33.000,167.500,0,OK
42890226,0.335000,5.085000,33.500,170.000,0,OK
42900218,0.332500,5.082500,33.250,170.000,0,OK
42910230,0.332500,5.086250,33.250,170.000,0,OK
42920218,0.332500,5.087500,33.000,167.500,0,OK
42930230,0.332500,5.086250,33.250,170.000,0,OK
42940218,0.332500,5.086250,33.250,167.500,0,OK
42950230,0.332500,5.086250,33.250,170.000,0,OK
42960218,0.330000,5.085000,33.000,167.500,0,OK
42970230,0.327500,5.085000,33.250,170.000,0,OK
42980218,0.332500,5.086250,33.250,170.000,0,OK
42990230,0.330000,5.086250,32.750,166.250,0,OK
43000218,0.330000,5.086250,33.000,167.500,0,OK
43010226,0.332500,5.083750,33.250,167.500,0,OK
43020218,0.330000,5.083750,33.000,167.500,0,OK
43030230,0.332500,5.080000,33.250,167.500,0,OK
43040218,0.332500,5.085000,33.250,170.000,0,OK
43050230,0.337500,5.085000,33.750,172.500,0,OK
43060218,0.332500,5.086250,33.500,170.000,0,OK
43070230,0.335000,5.086250,33.500,170.000,0,OK
43080218,0.332500,5.086250,33.000,167.500,0,OK
43090230,0.330000,5.086250,33.000,167.500,0,OK
43100218,0.332500,5.086250,33.000,167.500,0,OK
43110226,0.330000,5.086250,33.000,167.500,0,OK
43120222,0.335000,5.081250,33.500,170.000,0,OK
43130226,0.332500,5.086250,33.250,170.000,0,OK
43140222,0.337500,5.083750,33.750,172.500,0,OK
43150226,0.330000,5.086250,33.000,167.500,0,OK
43160222,0.332500,5.086250,33.250,170.000,0,OK
43170226,0.330000,5.085000,33.000,167.500,0,OK
43180222,0.330000,5.086250,33.000,167.500,0,OK
43190226,0.335000,5.085000,33.250,170.000,0,OK
43200218,0.335000,5.087500,33.500,170.000,0,OK
43210230,0.332500,5.080000,33.250,167.500,0,OK
43220218,0.345000,5.086250,33.000,167.500,0,OK
43230230,0.332500,5.085000,33.250,170.000,0,OK
43240218,0.330000,5.083750,33.250,170.000,0,OK
43250230,0.332500,5.085000,33.250,170.000,0,OK
43260218,0.332500,5.085000,33.000,167.500,0,OK
43270230,0.335000,5.086250,33.500,170.000,0,OK
43280218,0.335000,5.085000,33.500,170.000,0,OK
43290230,0.332500,5.085000,33.250,170.000,0,OK
43300218,0.332500,5.083750,33.250,170.000,0,OK
43310230,0.337500,5.085000,33.250,170.000,0,OK
43320218,0.335000,5.087500,33.500,170.000,0,OK
43330230,0.330000,5.086250,33.500,170.000,0,OK
43340218,0.335000,5.083750,33.500,170.000,0,OK
43350230,0.330000,5.086250,33.000,167.500,0,OK
43360218,0.332500,5.085000,33.250,170.000,0,OK
43370226,0.335000,5.086250,33.500,170.000,0,OK
43380222,0.332500,5.085000,33.250,170.000,0,OK
43390226,0.332500,5.081250,33.250,167.500,0,OK
43400222,0.340000,5.085000,33.000,167.500,0,OK
43410226,0.335000,5.085000,33.500,170.000,0,OK
43420222,0.327500,5.085000,33.250,170.000,0,OK
43430226,0.330000,5.085000,33.000,167.500,0,OK
43440222,0.332500,5.086250,33.250,167.500,0,OK
43450226,0.335000,5.088750,33.500,170.000,0,OK
43460222,0.332500,5.086250,33.250,167.500,0,OK
43470226,0.330000,5.086250,33.000,167.500,0,OK
43480222,0.332500,5.083750,33.250,170.000,0,OK
43490226,0.335000,5.086250,33.250,170.000,0,OK
43500222,0.335000,5.085000,33.500,170.000,0,OK
43510226,0.332500,5.085000,33.250,170.000,0,OK
43520222,0.330000,5.087500,33.000,167.500,0,OK
43530226,0.332500,5.087500,33.250,167.500,0,OK
43540222,0.330000,5.083750,33.000,167.500,0,OK
43550226,0.332500,5.086250,33.250,167.500,0,OK
43560218,0.332500,5.085000,33.250,170.000,0,OK
43570230,0.332500,5.085000,33.250,170.000,0,OK
43580218,0.330000,5.085000,33.250,170.000,0,OK
43590230,0.332500,5.085000,33.250,170.000,0,OK
43600218,0.330000,5.086250,33.000,167.500,0,OK
43610230,0.330000,5.086250,33.000,167.500,0,OK
43620218,0.332500,5.085000,33.000,167.500,0,OK
43630226,0.332500,5.085000,33.250,170.000,0,OK
43640222,0.335000,5.078750,33.500,170.000,0,OK
43650226,0.332500,5.087500,33.250,170.000,0,OK
43660222,0.335000,5.085000,33.500,170.000,0,OK
43670226,0.330000,5.085000,33.250,170.000,0,OK
43680222,0.332500,5.085000,33.250,170.000,0,OK
43690226,0.332500,5.086250,33.250,170.000,0,OK
43700222,0.332500,5.086250,33.250,170.000,0,OK
43710226,0.335000,5.086250,33.500,170.000,0,OK
43720222,0.332500,5.085000,33.250,170.000,0,OK
43730226,0.332500,5.081250,33.250,167.500,0,OK
43740222,0.332500,5.086250,33.250,170.000,0,OK
43750226,0.332500,5.085000,33.250,170.000,0,OK
43760222,0.332500,5.086250,33.000,167.500,0,OK
43770226,0.335000,5.086250,33.500,170.000,0,OK
43780222,0.335000,5.087500,33.000,167.500,0,OK
43790226,0.330000,5.086250,33.000,167.500,0,OK
43800222,0.332500,5.086250,33.000,167.500,0,OK
43810226,0.330000,5.086250,33.000,167.500,0,OK
43820222,0.330000,5.081250,33.000,167.500,0,OK
43830226,0.345000,5.086250,33.250,170.000,0,OK
43840218,0.332500,5.083750,33.250,170.000,0,OK
43850230,0.332500,5.085000,33.000,167.500,0,OK
43860218,0.335000,5.087500,33.500,170.000,0,OK
43870230,0.332500,5.085000,33.250,170.000,0,OK
43880218,0.330000,5.086250,33.000,167.500,0,OK
43890230,0.335000,5.086250,33.500,170.000,0,OK
43900218,0.330000,5.086250,33.000,167.500,0,OK
43910230,0.330000,5.081250,33.000,167.500,0,OK
43920218,0.342500,5.086250,32.750,166.250,0,OK
43930226,0.332500,5.087500,33.250,170.000,0,OK
43940222,0.332500,5.086250,33.000,167.500,0,OK
43950226,0.332500,5.085000,33.250,170.000,0,OK
43960222,0.332500,5.085000,33.000,167.500,0,OK
43970226,0.335000,5.086250,33.500,170.000,0,OK
43980222,0.332500,5.086250,33.250,167.500,0,OK
43990226,0.332500,5.086250,33.250,170.000,0,OK
44000222,0.335000,5.082500,33.500,170.000,0,OK
44010226,0.337500,5.085000,33.000,167.500,0,OK
44020222,0.330000,5.086250,33.000,167.500,0,OK
44030226,0.330000,5.085000,33.000,167.500,0,OK
44040218,0.330000,5.085000,33.000,167.500,0,OK
44050230,0.335000,5.086250,33.250,170.000,0,OK
44060218,0.332500,5.086250,33.250,170.000,0,OK
44070230,0.332500,5.085000,33.250,167.500,0,OK
44080218,0.330000,5.087500,33.000,167.500,0,OK
44090230,0.332500,5.083750,33.250,170.000,0,OK
44100218,0.332500,5.085000,33.250,170.000,0,OK
44110230,0.332500,5.086250,33.250,170.000,0,OK
44120218,0.332500,5.086250,33.500,170.000,0,OK
44130230,0.332500,5.086250,33.250,170.000,0,OK
44140218,0.332500,5.085000,32.750,167.500,0,OK
44150230,0.330000,5.086250,33.000,167.500,0,OK
44160218,0.332500,5.086250,33.250,167.500,0,OK
44170226,0.332500,5.086250,33.250,170.000,0,OK
44180222,0.335000,5.082500,33.500,170.000,0,OK
44190226,0.335000,5.086250,33.000,167.500,0,OK
44200222,0.335000,5.088750,33.500,170.000,0,OK
44210226,0.332500,5.085000,33.250,170.000,0,OK
44220222,0.332500,5.086250,33.250,170.000,0,OK
44230226,0.332500,5.086250,33.000,167.500,0,OK
44240222,0.332500,5.086250,33.250,170.000,0,OK
44250226,0.335000,5.081250,33.500,170.000,0,OK
44260222,0.330000,5.086250,33.000,167.500,0,OK
44270226,0.335000,5.085000,33.500,170.000,0,OK
44280218,0.335000,5.085000,33.250,170.000,0,OK
44290230,0.335000,5.085000,33.500,170.000,0,OK
44300218,0.337500,5.086250,33.250,170.000,0,OK
44310230,0.330000,5.086250,33.000,167.500,0,OK
44320218,0.332500,5.086250,33.000,167.500,0,OK
44330226,0.330000,5.085000,33.000,167.500,0,OK
44340222,0.335000,5.080000,33.500,170.000,0,OK
44350226,0.330000,5.085000,33.000,167.500,0,OK
44360222,0.335000,5.085000,33.500,170.000,0,OK
44370226,0.330000,5.086250,33.250,170.000,0,OK
44380222,0.330000,5.086250,33.000,167.500,0,OK
44390226,0.330000,5.086250,33.000,167.500,0,OK
44400218,0.330000,5.085000,33.000,167.500,0,OK
44410226,0.335000,5.083750,33.500,170.000,0,OK
44420222,0.332500,5.086250,33.250,170.000,0,OK
44430226,0.327500,5.080000,32.750,166.250,0,OK
44440222,0.332500,5.083750,33.250,170.000,0,OK
44450226,0.332500,5.086250,33.250,170.000,0,OK
44460222,0.332500,5.085000,33.250,170.000,0,OK
44470226,0.332500,5.085000,33.250,170.000,0,OK
44480222,0.332500,5.085000,33.000,167.500,0,OK
44490226,0.330000,5.086250,33.000,167.500,0,OK
44500222,0.335000,5.086250,33.000,170.000,0,OK
44510226,0.330000,5.087500,33.000,167.500,0,OK
44520222,0.335000,5.081250,33.500,170.000,0,OK
44530226,0.342500,5.086250,32.750,166.250,0,OK
44540222,0.332500,5.085000,33.250,170.000,0,OK
44550226,0.330000,5.086250,33.000,167.500,0,OK
44560222,0.335000,5.086250,33.500,170.000,0,OK
44570226,0.330000,5.085000,33.250,167.500,0,OK
44580222,0.330000,5.085000,33.000,167.500,0,OK
44590226,0.335000,5.086250,33.500,170.000,0,OK
44600222,0.330000,5.086250,33.000,167.500,0,OK
44610226,0.332500,5.082500,33.250,170.000,0,OK
44620218,0.335000,5.086250,33.000,167.500,0,OK
44630230,0.332500,5.086250,33.250,170.000,0,OK
44640218,0.332500,5.085000,32.750,166.250,0,OK
44650230,0.332500,5.087500,33.250,170.000,0,OK
44660218,0.335000,5.085000,33.000,170.000,0,OK
44670230,0.332500,5.086250,33.250,170.000,0,OK
44680218,0.332500,5.086250,33.250,167.500,0,OK
44690230,0.332500,5.086250,33.250,170.000,0,OK
44700218,0.332500,5.085000,33.250,170.000,0,OK
44710230,0.335000,5.085000,33.250,170.000,0,OK
44720218,0.332500,5.086250,33.250,170.000,0,OK
44730230,0.330000,5.085000,33.250,170.000,0,OK
44740218,0.332500,5.085000,33.250,170.000,0,OK
44750230,0.335000,5.083750,33.250,170.000,0,OK
44760218,0.330000,5.086250,33.000,167.500,0,OK
44770230,0.335000,5.085000,33.500,170.000,0,OK
44780218,0.330000,5.086250,33.000,167.500,0,OK
44790230,0.330000,5.083750,33.000,167.500,0,OK
44800218,0.332500,5.085000,33.000,167.500,0,OK
44810226,0.335000,5.087500,33.500,170.000,0,OK
44820222,0.330000,5.086250,33.250,170.000,0,OK
44830226,0.330000,5.085000,33.000,167.500,0,OK
44840222,0.335000,5.085000,33.000,170.000,0,OK
44850226,0.332500,5.086250,33.250,170.000,0,OK
44860222,0.332500,5.081250,33.250,167.500,0,OK
44870226,0.330000,5.086250,33.000,167.500,0,OK
44880222,0.332500,5.086250,33.250,170.000,0,OK
44890226,0.332500,5.085000,33.250,170.000,0,OK
44900222,0.332500,5.086250,33.250,170.000,0,OK
44910226,0.332500,5.086250,33.250,170.000,0,OK
44920222,0.330000,5.085000,33.000,167.500,0,OK
44930226,0.332500,5.086250,33.250,167.500,0,OK
44940222,0.327500,5.086250,32.750,166.250,0,OK
44950226,0.335000,5.080000,33.500,170.000,0,OK
44960218,0.332500,5.085000,33.250,170.000,0,OK
44970230,0.335000,5.086250,33.500,170.000,0,OK
44980218,0.330000,5.086250,33.250,170.000,0,OK
44990230,0.330000,5.083750,33.000,167.500,0,OK
45000218,0.335000,5.085000,33.000,167.500,0,OK
45010226,0.330000,5.086250,33.000,167.500,0,OK
45020222,0.330000,5.086250,33.000,167.500,0,OK
45030226,0.330000,5.086250,33.000,167.500,0,OK
45040218,0.330000,5.080000,33.000,167.500,0,OK
45050226,0.332500,5.085000,33.250,170.000,0,OK
45060218,0.335000,5.087500,33.500,170.000,0,OK
45070230,0.330000,5.083750,33.250,170.000,0,OK
45080218,0.335000,5.086250,33.500,170.000,0,OK
45090230,0.332500,5.086250,33.250,170.000,0,OK
45100218,0.330000,5.086250,33.000,167.500,0,OK
45110230,0.337500,5.086250,33.250,172.500,0,OK
45120218,0.332500,5.086250,33.250,170.000,0,OK
45130230,0.335000,5.081250,33.500,170.000,0,OK
45140218,0.345000,5.085000,33.250,170.000,0,OK
45150230,0.332500,5.085000,33.250,170.000,0,OK
45160218,0.330000,5.085000,33.250,170.000,0,OK
45170230,0.332500,5.085000,33.250,170.000,0,OK
45180218,0.335000,5.085000,33.000,170.000,0,OK
45190230,0.330000,5.085000,33.000,167.500,0,OK
45200218,0.332500,5.086250,33.250,167.500,0,OK
45210230,0.332500,5.086250,33.250,170.000,0,OK
45220218,0.332500,5.083750,33.250,170.000,0,OK
45230230,0.337500,5.086250,33.250,170.000,0,OK
45240218,0.332500,5.085000,33.250,170.000,0,OK
45250230,0.330000,5.085000,33.000,167.500,0,OK
45260218,0.327500,5.086250,32.750,166.250,0,OK
45270230,0.332500,5.086250,33.000,167.500,0,OK
45280218,0.332500,5.086250,33.250,170.000,0,OK
45290230,0.332500,5.086250,33.250,167.500,0,OK
45300218,0.332500,5.086250,33.250,170.000,0,OK
45310230,0.332500,5.083750,33.250,170.000,0,OK
45320218,0.335000,5.086250,33.250,170.000,0,OK
45330230,0.332500,5.086250,33.250,170.000,0,OK
45340218,0.332500,5.085000,33.250,170.000,0,OK
45350230,0.330000,5.086250,33.000,167.500,0,OK
45360218,0.332500,5.085000,33.250,167.500,0,OK
45370226,0.330000,5.085000,33.000,167.500,0,OK
45380222,0.330000,5.086250,33.000,167.500,0,OK
45390226,0.332500,5.086250,33.250,170.000,0,OK
45400218,0.335000,5.085000,33.500,170.000,0,OK
45410230,0.332500,5.085000,32.750,166.250,0,OK
45420218,0.335000,5.086250,33.500,170.000,0,OK
45430230,0.335000,5.086250,33.500,170.000,0,OK
45440218,0.332500,5.085000,33.250,170.000,0,OK
45450230,0.332500,5.086250,33.250,167.500,0,OK
45460218,0.330000,5.085000,33.000,167.500,0,OK
45470230,0.335000,5.080000,33.500,170.000,0,OK
45480218,0.332500,5.085000,33.250,170.000,0,OK
45490230,0.332500,5.083750,33.250,170.000,0,OK
45500218,0.330000,5.083750,33.250,170.000,0,OK
45510230,0.330000,5.085000,33.000,167.500,0,OK
45520218,0.332500,5.086250,33.250,170.000,0,OK
45530230,0.332500,5.085000,33.250,170.000,0,OK
45540218,0.332500,5.086250,33.250,167.500,0,OK
45550230,0.332500,5.086250,33.250,170.000,0,OK
45560218,0.332500,5.080000,33.250,167.500,0,OK
45570230,0.330000,5.087500,33.000,167.500,0,OK
45580218,0.335000,5.083750,33.500,170.000,0,OK
45590230,0.330000,5.087500,33.000,167.500,0,OK
45600218,0.332500,5.087500,33.250,170.000,0,OK
45610230,0.332500,5.085000,32.750,166.250,0,OK
45620218,0.327500,5.087500,32.750,166.250,0,OK
45630230,0.335000,5.086250,33.500,170.000,0,OK
45640218,0.332500,5.085000,33.250,170.000,0,OK
45650230,0.332500,5.078750,33.250,167.500,0,OK
45660218,0.327500,5.085000,32.750,166.250,0,OK
45670230,0.332500,5.086250,33.250,170.000,0,OK
45680218,0.332500,5.086250,33.250,170.000,0,OK
45690230,0.335000,5.085000,33.500,170.000,0,OK
45700218,0.332500,5.086250,33.250,170.000,0,OK
45710230,0.330000,5.085000,33.000,167.500,0,OK
45720218,0.332500,5.086250,33.000,167.500,0,OK
45730230,0.332500,5.086250,33.250,170.000,0,OK
45740218,0.332500,5.081250,33.250,167.500,0,OK
45750230,0.345000,5.086250,33.000,167.500,0,OK
45760218,0.332500,5.085000,33.250,170.000,0,OK
45770226,0.327500,5.085000,33.250,170.000,0,OK
45780222,0.335000,5.086250,33.500,170.000,0,OK
45790226,0.332500,5.086250,33.000,167.500,0,OK
45800222,0.332500,5.086250,33.250,170.000,0,OK
45810226,0.330000,5.086250,33.000,167.500,0,OK
45820222,0.332500,5.086250,33.250,170.000,0,OK
45830226,0.332500,5.083750,33.250,170.000,0,OK
45840222,0.342500,5.085000,33.250,170.000,0,OK
45850226,0.332500,5.085000,33.250,170.000,0,OK
45860222,0.330000,5.085000,33.250,170.000,0,OK
45870226,0.332500,5.085000,33.250,170.000,0,OK
45880222,0.332500,5.087500,33.000,167.500,0,OK
45890226,0.335000,5.086250,33.500,170.000,0,OK
45900222,0.335000,5.085000,33.500,170.000,0,OK
45910226,0.332500,5.086250,33.250,170.000,0,OK
45920222,0.332500,5.082500,33.250,170.000,0,OK
45930226,0.335000,5.085000,33.500,170.000,0,OK
45940222,0.332500,5.085000,33.250,170.000,0,OK
45950226,0.330000,5.086250,33.500,170.000,0,OK
45960222,0.327500,5.086250,32.750,166.250,0,OK
45970226,0.332500,5.086250,33.250,167.500,0,OK
45980218,0.330000,5.085000,33.000,167.500,0,OK
45990230,0.335000,5.086250,33.500,170.000,0,OK
46000218,0.330000,5.083750,33.000,167.500,0,OK
46010230,0.332500,5.083750,33.250,170.000,0,OK
46020218,0.332500,5.086250,33.000,167.500,0,OK
46030230,0.332500,5.087500,33.250,170.000,0,OK
46040218,0.327500,5.086250,33.250,170.000,0,OK
46050230,0.330000,5.085000,33.000,167.500,0,OK
46060218,0.330000,5.085000,32.750,167.500,0,OK
46070230,0.335000,5.085000,33.500,170.000,0,OK
46080218,0.330000,5.076250,33.000,167.500,0,OK
46090230,0.330000,5.085000,33.000,167.500,0,OK
46100218,0.332500,5.085000,33.250,170.000,0,OK
46110230,0.330000,5.085000,33.250,170.000,0,OK
46120218,0.330000,5.083750,33.000,167.500,0,OK
46130230,0.330000,5.085000,33.250,170.000,0,OK
46140218,0.330000,5.085000,33.000,167.500,0,OK
46150230,0.332500,5.086250,33.250,167.500,0,OK
46160218,0.327500,5.086250,32.750,166.250,0,OK
46170230,0.330000,5.080000,33.000,167.500,0,OK
46180218,0.332500,5.083750,33.250,170.000,0,OK
46190226,0.335000,5.083750,33.500,170.000,0,OK
46200222,0.332500,5.085000,33.250,170.000,0,OK
46210226,0.330000,5.086250,33.000,167.500,0,OK
46220222,0.332500,5.085000,33.250,170.000,0,OK
46230226,0.332500,5.083750,33.250,170.000,0,OK
46240222,0.330000,5.086250,33.000,167.500,0,OK
46250226,0.332500,5.087500,33.250,170.000,0,OK
46260218,0.330000,5.083750,33.000,167.500,0,OK
46270230,0.330000,5.086250,33.000,167.500,0,OK
46280218,0.332500,5.086250,33.250,170.000,0,OK
46290226,0.330000,5.085000,33.250,170.000,0,OK
46300222,0.332500,5.086250,33.250,170.000,0,OK
46310226,0.335000,5.085000,33.250,170.000,0,OK
46320222,0.335000,5.087500,33.500,170.000,0,OK
46330226,0.332500,5.086250,33.250,167.500,0,OK
46340222,0.330000,5.085000,33.000,167.500,0,OK
46350226,0.335000,5.082500,33.500,170.000,0,OK
46360222,0.342500,5.085000,33.250,170.000,0,OK
46370226,0.335000,5.086250,33.500,170.000,0,OK
46380222,0.332500,5.085000,33.250,170.000,0,OK
46390226,0.330000,5.083750,33.000,167.500,0,OK
46400222,0.335000,5.085000,32.750,166.250,0,OK
46410226,0.332500,5.086250,33.250,170.000,0,OK
46420222,0.332500,5.085000,33.250,167.500,0,OK
46430226,0.332500,5.086250,33.250,170.000,0,OK
46440222,0.332500,5.081250,33.250,167.500,0,OK
46450226,0.340000,5.085000,33.250,170.000,0,OK
46460222,0.332500,5.086250,33.250,170.000,0,OK
46470226,0.332500,5.086250,33.250,170.000,0,OK
46480222,0.332500,5.083750,33.250,170.000,0,OK
46490226,0.332500,5.086250,33.250,167.500,0,OK
46500222,0.332500,5.085000,33.250,170.000,0,OK
46510226,0.335000,5.087500,33.500,170.000,0,OK
46520222,0.337500,5.086250,33.750,172.500,0,OK
46530226,0.332500,5.082500,33.250,170.000,0,OK
46540222,0.332500,5.085000,33.250,170.000,0,OK
46550226,0.332500,5.085000,33.250,170.000,0,OK
46560222,0.330000,5.083750,33.250,170.000,0,OK
46570226,0.332500,5.085000,33.250,170.000,0,OK
46580222,0.332500,5.085000,33.000,167.500,0,OK
46590226,0.332500,5.085000,33.250,170.000,0,OK
46600222,0.332500,5.086250,33.250,167.500,0,OK
46610226,0.330000,5.086250,33.000,167.500,0,OK
46620222,0.332500,5.085000,33.250,170.000,0,OK
46630226,0.335000,5.085000,33.000,167.500,0,OK
46640222,0.332500,5.085000,33.250,170.000,0,OK
46650226,0.332500,5.086250,33.250,170.000,0,OK
46660222,0.330000,5.086250,33.000,167.500,0,OK
46670226,0.332500,5.086250,33.250,167.500,0,OK
46680218,0.330000,5.085000,33.000,167.500,0,OK
46690230,0.335000,5.086250,33.500,170.000,0,OK
46700218,0.330000,5.085000,33.000,167.500,0,OK
46710230,0.335000,5.085000,33.500,170.000,0,OK
46720218,0.335000,5.086250,33.000,167.500,0,OK
46730230,0.332500,5.085000,33.250,170.000,0,OK
46740218,0.332500,5.085000,33.000,167.500,0,OK
46750230,0.332500,5.085000,33.250,170.000,0,OK
46760218,0.332500,5.085000,32.750,167.500,0,OK
46770230,0.332500,5.085000,33.250,170.000,0,OK
46780218,0.335000,5.078750,33.500,170.000,0,OK
46790230,0.330000,5.086250,33.000,167.500,0,OK
46800218,0.332500,5.085000,33.250,170.000,0,OK
46810226,0.332500,5.086250,33.250,170.000,0,OK
46820222,0.330000,5.086250,33.000,167.500,0,OK
46830226,0.335000,5.085000,33.250,170.000,0,OK
46840218,0.332500,5.085000,33.250,170.000,0,OK
46850230,0.332500,5.086250,33.000,167.500,0,OK
46860218,0.330000,5.085000,33.000,167.500,0,OK
46870230,0.332500,5.081250,33.250,167.500,0,OK
46880218,0.330000,5.083750,33.000,167.500,0,OK
46890230,0.332500,5.083750,33.250,170.000,0,OK
46900218,0.332500,5.085000,33.500,170.000,0,OK
46910230,0.335000,5.085000,33.500,170.000,0,OK
46920218,0.337500,5.087500,33.250,170.000,0,OK
46930230,0.330000,5.083750,33.000,167.500,0,OK
46940218,0.332500,5.086250,33.250,167.500,0,OK
46950226,0.330000,5.086250,33.000,167.500,0,OK
46960222,0.335000,5.080000,33.500,170.000,0,OK
46970226,0.347500,5.085000,33.000,167.500,0,OK
46980222,0.332500,5.086250,33.250,170.000,0,OK
46990226,0.330000,5.085000,33.250,170.000,0,OK
47000222,0.335000,5.087500,33.500,170.000,0,OK
47010226,0.332500,5.085000,33.250,170.000,0,OK
47020222,0.332500,5.086250,33.250,170.000,0,OK
47030226,0.332500,5.085000,33.250,167.500,0,OK
47040222,0.330000,5.085000,33.000,167.500,0,OK
47050226,0.335000,5.082500,33.500,170.000,0,OK
47060222,0.340000,5.085000,33.250,170.000,0,OK
47070226,0.332500,5.085000,33.250,170.000,0,OK
47080222,0.332500,5.085000,33.250,170.000,0,OK
47090226,0.332500,5.085000,33.250,170.000,0,OK
47100222,0.332500,5.086250,33.000,167.500,0,OK
47110226,0.330000,5.086250,33.000,167.500,0,OK
47120222,0.332500,5.086250,33.250,167.500,0,OK
47130226,0.332500,5.085000,33.250,170.000,0,OK
47140222,0.332500,5.082500,33.250,170.000,0,OK
47150226,0.335000,5.085000,33.250,170.000,0,OK
47160222,0.335000,5.086250,33.500,170.000,0,OK
47170226,0.332500,5.085000,33.250,170.000,0,OK
47180222,0.332500,5.086250,33.250,170.000,0,OK
47190226,0.327500,5.086250,33.250,166.250,0,OK
47200222,0.330000,5.085000,33.000,167.500,0,OK
47210226,0.332500,5.085000,33.250,167.500,0,OK
47220222,0.332500,5.085000,33.250,170.000,0,OK
47230226,0.335000,5.085000,33.500,170.000,0,OK
47240222,0.332500,5.086250,33.250,170.000,0,OK
47250226,0.332500,5.085000,33.250,170.000,0,OK
47260222,0.330000,5.085000,33.250,170.000,0,OK
47270226,0.330000,5.086250,33.000,167.500,0,OK
47280222,0.335000,5.086250,33.250,170.000,0,OK
47290226,0.330000,5.083750,33.000,167.500,0,OK
47300222,0.335000,5.086250,33.500,170.000,0,OK
47310226,0.330000,5.083750,33.000,167.500,0,OK
47320222,0.335000,5.082500,33.500,170.000,0,OK
47330226,0.332500,5.086250,33.250,170.000,0,OK
47340222,0.332500,5.085000,33.250,170.000,0,OK
47350226,0.327500,5.086250,33.000,167.500,0,OK
47360222,0.332500,5.086250,33.250,170.000,0,OK
47370226,0.337500,5.086250,33.250,172.500,0,OK
47380222,0.332500,5.086250,33.250,170.000,0,OK
47390226,0.335000,5.080000,33.500,170.000,0,OK
47400222,0.330000,5.085000,33.000,167.500,0,OK
47410226,0.332500,5.085000,33.250,170.000,0,OK
47420222,0.330000,5.083750,33.250,170.000,0,OK
47430226,0.335000,5.085000,33.500,170.000,0,OK
47440222,0.330000,5.087500,33.000,167.500,0,OK
47450226,0.330000,5.085000,33.000,167.500,0,OK
47460222,0.335000,5.085000,33.250,170.000,0,OK
47470226,0.332500,5.086250,33.250,170.000,0,OK
47480222,0.332500,5.081250,33.250,167.500,0,OK
47490226,0.330000,5.085000,33.000,167.500,0,OK
47500222,0.335000,5.086250,33.500,170.000,0,OK
47510226,0.332500,5.085000,33.250,170.000,0,OK
47520222,0.335000,5.086250,33.500,170.000,0,OK
47530226,0.332500,5.085000,33.000,167.500,0,OK
47540222,0.335000,5.085000,33.500,170.000,0,OK
47550226,0.332500,5.086250,33.250,167.500,0,OK
47560222,0.330000,5.086250,33.000,167.500,0,OK
47570226,0.327500,5.081250,32.750,166.250,0,OK
47580218,0.347500,5.086250,33.000,167.500,0,OK
47590226,0.335000,5.085000,33.500,170.000,0,OK
47600218,0.332500,5.085000,33.000,167.500,0,OK
47610230,0.332500,5.087500,33.250,170.000,0,OK
47620218,0.337500,5.085000,33.000,167.500,0,OK
47630230,0.330000,5.086250,33.000,167.500,0,OK
47640218,0.335000,5.086250,33.500,170.000,0,OK
47650226,0.332500,5.086250,33.250,170.000,0,OK
47660222,0.332500,5.081250,33.250,167.500,0,OK
47670226,0.340000,5.086250,33.000,167.500,0,OK
47680222,0.335000,5.085000,33.500,170.000,0,OK
47690226,0.335000,5.086250,33.250,170.000,0,OK
47700222,0.330000,5.086250,33.000,167.500,0,OK
47710226,0.330000,5.085000,33.250,167.500,0,OK
47720218,0.330000,5.086250,33.000,167.500,0,OK
47730230,0.332500,5.086250,33.250,167.500,0,OK
47740218,0.332500,5.083750,33.250,170.000,0,OK
47750230,0.335000,5.082500,33.500,170.000,0,OK
47760218,0.337500,5.085000,33.000,167.500,0,OK
47770230,0.335000,5.086250,33.500,170.000,0,OK
47780218,0.330000,5.086250,33.000,167.500,0,OK
47790230,0.332500,5.085000,33.250,170.000,0,OK
47800218,0.337500,5.086250,33.250,172.500,0,OK
47810230,0.332500,5.085000,33.250,170.000,0,OK
47820218,0.335000,5.085000,33.500,170.000,0,OK
47830230,0.332500,5.086250,33.250,170.000,0,OK
47840218,0.332500,5.082500,33.250,170.000,0,OK
47850230,0.332500,5.085000,33.250,170.000,0,OK
47860218,0.332500,5.085000,33.250,170.000,0,OK
47870230,0.332500,5.085000,33.000,167.500,0,OK
47880218,0.330000,5.085000,33.000,167.500,0,OK
47890230,0.332500,5.085000,33.000,167.500,0,OK
47900218,0.332500,5.085000,33.250,170.000,0,OK
47910230,0.335000,5.085000,33.500,170.000,0,OK
47920218,0.332500,5.086250,33.250,170.000,0,OK
47930230,0.332500,5.081250,33.250,167.500,0,OK
47940218,0.330000,5.085000,33.000,167.500,0,OK
47950230,0.337500,5.085000,33.750,172.500,0,OK
47960218,0.332500,5.083750,33.000,167.500,0,OK
47970230,0.332500,5.086250,33.250,170.000,0,OK
47980218,0.332500,5.086250,32.750,167.500,0,OK
47990230,0.332500,5.085000,33.250,170.000,0,OK
48000218,0.335000,5.078750,33.500,170.000,0,OK
48010230,0.330000,5.085000,33.000,167.500,0,OK
48020218,0.332500,5.085000,33.250,170.000,0,OK
48030230,0.332500,5.085000,33.000,167.500,0,OK
48040218,0.332500,5.085000,33.250,170.000,0,OK
48050230,0.332500,5.085000,33.250,170.000,0,OK
48060218,0.332500,5.085000,33.250,170.000,0,OK
48070230,0.332500,5.085000,33.250,167.500,0,OK
48080218,0.332500,5.085000,33.250,170.000,0,OK
48090230,0.337500,5.080000,33.750,172.500,0,OK
48100218,0.332500,5.083750,33.250,170.000,0,OK
48110230,0.332500,5.083750,33.250,170.000,0,OK
48120218,0.330000,5.085000,33.000,167.500,0,OK
48130230,0.335000,5.085000,33.500,170.000,0,OK
48140218,0.332500,5.085000,33.250,170.000,0,OK
48150230,0.332500,5.085000,33.250,170.000,0,OK
48160218,0.330000,5.085000,33.000,167.500,0,OK
48170230,0.332500,5.085000,33.250,170.000,0,OK
48180218,0.332500,5.081250,33.250,167.500,0,OK
48190230,0.345000,5.085000,33.250,170.000,0,OK
48200218,0.332500,5.085000,33.250,170.000,0,OK
48210230,0.332500,5.085000,33.250,170.000,0,OK
48220218,0.332500,5.085000,33.250,170.000,0,OK
48230230,0.332500,5.085000,33.000,167.500,0,OK
48240218,0.332500,5.085000,33.250,170.000,0,OK
48250230,0.335000,5.085000,33.500,170.000,0,OK
48260218,0.332500,5.085000,33.250,170.000,0,OK
48270230,0.332500,5.080000,33.250,167.500,0,OK
48280218,0.342500,5.085000,33.000,167.500,0,OK
48290230,0.332500,5.085000,33.250,170.000,0,OK
48300218,0.335000,5.085000,33.250,170.000,0,OK
48310230,0.332500,5.083750,33.250,170.000,0,OK
48320218,0.332500,5.085000,33.250,167.500,0,OK
48330230,0.332500,5.083750,33.250,170.000,0,OK
48340218,0.332500,5.085000,33.250,167.500,0,OK
48350230,0.332500,5.083750,33.250,170.000,0,OK
48360218,0.335000,5.082500,33.500,170.000,0,OK
48370230,0.340000,5.085000,33.250,170.000,0,OK
48380218,0.332500,5.086250,33.250,170.000,0,OK
48390230,0.332500,5.086250,33.250,170.000,0,OK
48400218,0.332500,5.085000,33.250,170.000,0,OK
48410230,0.332500,5.085000,33.250,167.500,0,OK
48420218,0.332500,5.085000,33.250,170.000,0,OK
48430230,0.335000,5.086250,33.500,170.000,0,OK
48440218,0.330000,5.083750,33.000,167.500,0,OK
48450230,0.332500,5.082500,33.250,170.000,0,OK
48460218,0.335000,5.085000,33.000,167.500,0,OK
48470230,0.332500,5.085000,33.250,170.000,0,OK
48480218,0.330000,5.085000,33.500,170.000,0,OK
48490230,0.330000,5.083750,33.000,167.500,0,OK
48500218,0.335000,5.085000,33.250,170.000,0,OK
48510226,0.330000,5.086250,33.000,167.500,0,OK
48520222,0.332500,5.085000,33.250,167.500,0,OK
48530226,0.332500,5.085000,33.250,170.000,0,OK
48540222,0.332500,5.082500,33.250,170.000,0,OK
48550226,0.330000,5.085000,33.000,167.500,0,OK
48560222,0.335000,5.085000,33.500,170.000,0,OK
48570226,0.330000,5.085000,33.250,170.000,0,OK
48580222,0.327500,5.085000,32.750,166.250,0,OK
48590226,0.332500,5.085000,33.250,167.500,0,OK
48600222,0.332500,5.083750,33.250,170.000,0,OK
48610226,0.332500,5.078750,33.250,167.500,0,OK
48620222,0.332500,5.086250,33.250,170.000,0,OK
48630226,0.332500,5.082500,33.250,170.000,0,OK
48640222,0.332500,5.085000,32.750,166.250,0,OK
48650226,0.332500,5.086250,33.250,170.000,0,OK
48660222,0.330000,5.085000,33.250,170.000,0,OK
48670226,0.332500,5.083750,33.250,170.000,0,OK
48680222,0.332500,5.085000,33.000,167.500,0,OK
48690226,0.335000,5.083750,33.500,170.000,0,OK
48700222,0.332500,5.081250,33.250,167.500,0,OK
48710226,0.330000,5.086250,33.000,167.500,0,OK
48720222,0.330000,5.086250,33.000,167.500,0,OK
48730226,0.332500,5.086250,33.250,170.000,0,OK
48740218,0.332500,5.085000,33.250,170.000,0,OK
48750230,0.335000,5.085000,33.250,170.000,0,OK
48760218,0.332500,5.085000,33.250,170.000,0,OK
48770230,0.332500,5.085000,33.000,167.500,0,OK
48780218,0.330000,5.085000,33.000,167.500,0,OK
48790230,0.327500,5.080000,32.750,166.250,0,OK
48800218,0.350000,5.085000,33.250,170.000,0,OK
48810226,0.332500,5.085000,33.250,170.000,0,OK
48820222,0.327500,5.085000,32.750,166.250,0,OK
48830226,0.337500,5.086250,33.750,172.500,0,OK
48840222,0.332500,5.086250,33.250,170.000,0,OK
48850226,0.330000,5.085000,33.000,167.500,0,OK
48860222,0.335000,5.085000,33.500,170.000,0,OK
48870226,0.330000,5.085000,33.000,167.500,0,OK
48880222,0.335000,5.081250,33.500,170.000,0,OK
48890226,0.342500,5.085000,33.250,170.000,0,OK
48900222,0.332500,5.086250,33.250,170.000,0,OK
48910226,0.330000,5.083750,33.250,170.000,0,OK
48920222,0.332500,5.085000,33.250,170.000,0,OK
48930226,0.332500,5.086250,33.000,167.500,0,OK
48940222,0.335000,5.085000,33.500,170.000,0,OK
48950226,0.332500,5.086250,33.250,167.500,0,OK
48960222,0.332500,5.086250,33.250,170.000,0,OK
48970226,0.332500,5.083750,33.250,170.000,0,OK
48980222,0.337500,5.085000,33.250,170.000,0,OK
48990226,0.332500,5.085000,33.250,170.000,0,OK
49000222,0.330000,5.086250,33.250,170.000,0,OK
49010226,0.335000,5.085000,33.500,170.000,0,OK
49020222,0.335000,5.087500,33.250,170.000,0,OK
49030226,0.332500,5.085000,33.250,170.000,0,OK
49040222,0.335000,5.085000,33.500,170.000,0,OK
49050226,0.332500,5.085000,33.250,170.000,0,OK
49060222,0.332500,5.083750,33.250,170.000,0,OK
49070226,0.335000,5.085000,33.250,170.000,0,OK
49080222,0.332500,5.086250,33.250,170.000,0,OK
49090226,0.327500,5.085000,32.750,166.250,0,OK
49100222,0.332500,5.086250,33.250,170.000,0,OK
49110226,0.332500,5.086250,32.750,167.500,0,OK
49120222,0.330000,5.085000,33.000,167.500,0,OK
49130226,0.332500,5.086250,33.250,167.500,0,OK
49140222,0.332500,5.085000,33.250,170.000,0,OK
49150226,0.330000,5.085000,33.000,167.500,0,OK
49160222,0.330000,5.085000,33.250,170.000,0,OK
49170226,0.332500,5.085000,33.250,170.000,0,OK
49180222,0.332500,5.085000,33.250,170.000,0,OK
49190226,0.332500,5.085000,33.250,170.000,0,OK
49200222,0.332500,5.086250,33.500,167.500,0,OK
49210226,0.330000,5.085000,33.000,167.500,0,OK
49220222,0.335000,5.078750,33.500,170.000,0,OK
49230226,0.330000,5.086250,33.000,167.500,0,OK
49240222,0.330000,5.083750,33.000,167.500,0,OK
49250226,0.327500,5.085000,33.000,167.500,0,OK
49260218,0.335000,5.087500,33.500,170.000,0,OK
49270230,0.332500,5.086250,33.250,170.000,0,OK
49280218,0.330000,5.085000,33.000,167.500,0,OK
49290230,0.332500,5.085000,33.250,167.500,0,OK
49300218,0.335000,5.085000,33.500,170.000,0,OK
49310230,0.332500,5.077500,33.250,167.500,0,OK
49320218,0.332500,5.086250,33.250,170.000,0,OK
49330230,0.332500,5.085000,33.250,170.000,0,OK
49340218,0.330000,5.085000,33.250,170.000,0,OK
49350230,0.330000,5.086250,33.000,167.500,0,OK
49360218,0.332500,5.085000,33.000,167.500,0,OK
49370226,0.332500,5.085000,33.250,170.000,0,OK
49380222,0.335000,5.086250,33.000,170.000,0,OK
49390226,0.332500,5.083750,33.250,170.000,0,OK
49400222,0.330000,5.081250,33.000,167.500,0,OK
49410226,0.347500,5.086250,33.000,167.500,0,OK
49420218,0.332500,5.086250,33.250,170.000,0,OK
49430226,0.330000,5.085000,33.000,167.500,0,OK
49440222,0.335000,5.086250,33.500,170.000,0,OK
49450226,0.332500,5.085000,33.250,170.000,0,OK
49460222,0.330000,5.083750,33.000,167.500,0,OK
49470226,0.335000,5.085000,33.500,170.000,0,OK
49480218,0.332500,5.085000,33.250,170.000,0,OK
49490230,0.332500,5.081250,33.250,167.500,0,OK
49500218,0.342500,5.085000,33.250,170.000,0,OK
49510230,0.335000,5.086250,33.500,170.000,0,OK
49520218,0.330000,5.083750,33.000,167.500,0,OK
49530230,0.330000,5.085000,33.000,167.500,0,OK
49540218,0.330000,5.086250,33.250,167.500,0,OK
49550230,0.332500,5.083750,33.250,170.000,0,OK
49560218,0.337500,5.085000,33.750,172.500,0,OK
49570230,0.332500,5.085000,33.250,170.000,0,OK
49580218,0.332500,5.083750,33.250,170.000,0,OK
49590230,0.337500,5.085000,33.000,167.500,0,OK
49600218,0.332500,5.085000,33.250,170.000,0,OK
49610230,0.330000,5.085000,33.500,170.000,0,OK
49620218,0.332500,5.085000,33.250,170.000,0,OK
49630230,0.332500,5.086250,33.250,167.500,0,OK
49640218,0.330000,5.083750,33.000,167.500,0,OK
49650230,0.335000,5.085000,33.500,170.000,0,OK
49660218,0.332500,5.085000,33.250,170.000,0,OK
49670230,0.332500,5.082500,33.250,170.000,0,OK
49680218,0.335000,5.085000,33.000,167.500,0,OK
49690230,0.332500,5.085000,33.250,170.000,0,OK
49700218,0.330000,5.086250,33.000,167.500,0,OK
49710230,0.332500,5.086250,33.250,170.000,0,OK
49720218,0.332500,5.086250,33.000,167.500,0,OK
49730230,0.330000,5.085000,33.000,167.500,0,OK
49740218,0.335000,5.085000,33.500,170.000,0,OK
49750230,0.327500,5.085000,32.750,166.250,0,OK
49760218,0.332500,5.083750,33.250,170.000,0,OK
49770230,0.330000,5.085000,33.250,170.000,0,OK
49780218,0.332500,5.083750,33.250,170.000,0,OK
49790230,0.332500,5.085000,33.250,170.000,0,OK
49800218,0.330000,5.085000,33.000,167.500,0,OK
49810230,0.335000,5.085000,33.250,170.000,0,OK
49820218,0.332500,5.083750,33.250,170.000,0,OK
49830230,0.335000,5.077500,33.500,170.000,0,OK
49840218,0.332500,5.085000,33.250,170.000,0,OK
49850230,0.332500,5.083750,33.250,170.000,0,OK
49860218,0.330000,5.083750,32.750,166.250,0,OK
49870230,0.332500,5.085000,33.250,170.000,0,OK
49880218,0.330000,5.085000,32.750,166.250,0,OK
49890230,0.330000,5.083750,33.000,167.500,0,OK
49900218,0.335000,5.085000,32.750,170.000,0,OK
49910226,0.330000,5.086250,33.000,167.500,0,OK
49920222,0.332500,5.078750,33.250,167.500,0,OK
49930226,0.332500,5.085000,33.250,170.000,0,OK
49940222,0.332500,5.085000,33.250,170.000,0,OK
49950226,0.332500,5.085000,33.250,170.000,0,OK
49960222,0.332500,5.085000,33.250,170.000,0,OK
49970226,0.332500,5.083750,33.250,170.000,0,OK
49980222,0.332500,5.085000,33.250,170.000,0,OK
49990226,0.332500,5.085000,33.250,167.500,0,OK
50000222,0.330000,5.085000,33.000,167.500,0,OK
50010226,0.332500,5.078750,33.250,167.500,0,OK
50020222,0.342500,5.085000,33.250,170.000,0,OK
50030226,0.335000,5.086250,33.500,170.000,0,OK
50040222,0.330000,5.083750,33.000,167.500,0,OK
50050226,0.332500,5.086250,33.250,170.000,0,OK
50060218,0.332500,5.085000,33.000,167.500,0,OK
50070230,0.330000,5.085000,33.000,167.500,0,OK
50080218,0.332500,5.085000,33.250,167.500,0,OK
50090230,0.332500,5.083750,33.250,170.000,0,OK
50100218,0.335000,5.081250,33.500,170.000,0,OK
50110230,0.342500,5.083750,33.250,170.000,0,OK
50120218,0.332500,5.085000,33.250,170.000,0,OK
50130230,0.330000,5.083750,33.500,170.000,0,OK
50140218,0.330000,5.083750,33.000,167.500,0,OK
50150230,0.332500,5.086250,33.000,167.500,0,OK
50160218,0.330000,5.083750,33.000,167.500,0,OK
50170230,0.335000,5.085000,33.500,170.000,0,OK
50180218,0.332500,5.086250,33.250,170.000,0,OK
50190230,0.330000,5.081250,33.000,167.500,0,OK
50200218,0.340000,5.085000,33.250,170.000,0,OK
50210226,0.335000,5.085000,33.500,170.000,0,OK
50220222,0.332500,5.085000,33.000,167.500,0,OK
50230226,0.330000,5.085000,33.000,167.500,0,OK
50240222,0.332500,5.085000,33.000,167.500,0,OK
50250226,0.332500,5.085000,33.250,170.000,0,OK
50260222,0.332500,5.083750,33.250,167.500,0,OK
50270226,0.327500,5.086250,32.750,166.250,0,OK
50280222,0.335000,5.083750,33.500,170.000,0,OK
50290226,0.335000,5.085000,33.000,167.500,0,OK
50300222,0.335000,5.088750,33.500,170.000,0,OK
50310226,0.330000,5.085000,33.500,170.000,0,OK
50320222,0.332500,5.086250,33.250,170.000,0,OK
50330226,0.330000,5.083750,33.000,167.500,0,OK
50340222,0.330000,5.086250,33.000,167.500,0,OK
50350226,0.332500,5.086250,33.250,167.500,0,OK
50360218,0.330000,5.085000,33.000,167.500,0,OK
50370230,0.335000,5.086250,33.500,170.000,0,OK
50380218,0.332500,5.085000,33.250,170.000,0,OK
50390230,0.332500,5.086250,33.250,170.000,0,OK
50400218,0.332500,5.083750,33.000,167.500,0,OK
50410230,0.330000,5.086250,33.000,167.500,0,OK
50420218,0.335000,5.087500,33.000,170.000,0,OK
50430226,0.330000,5.086250,33.000,167.500,0,OK
50440222,0.335000,5.078750,33.500,170.000,0,OK
50450226,0.330000,5.083750,33.000,167.500,0,OK
50460222,0.330000,5.085000,33.000,167.500,0,OK
50470226,0.332500,5.083750,32.750,166.250,0,OK
50480222,0.335000,5.086250,33.500,170.000,0,OK
50490226,0.335000,5.085000,33.000,167.500,0,OK
50500222,0.332500,5.085000,33.250,170.000,0,OK
50510226,0.332500,5.086250,33.000,167.500,0,OK
50520222,0.330000,5.085000,33.000,167.500,0,OK
50530226,0.335000,5.080000,33.500,170.000,0,OK
50540222,0.330000,5.085000,33.000,167.500,0,OK
50550226,0.332500,5.086250,33.250,170.000,0,OK
50560222,0.332500,5.085000,33.000,167.500,0,OK
50570226,0.335000,5.086250,33.500,170.000,0,OK
50580222,0.332500,5.086250,33.250,170.000,0,OK
50590226,0.330000,5.085000,33.000,167.500,0,OK
50600222,0.335000,5.085000,33.250,170.000,0,OK
50610226,0.332500,5.085000,33.250,170.000,0,OK
50620222,0.332500,5.082500,33.250,170.000,0,OK
50630226,0.332500,5.086250,33.250,170.000,0,OK
50640222,0.330000,5.083750,33.000,167.500,0,OK
50650226,0.332500,5.085000,33.000,167.500,0,OK
50660218,0.335000,5.085000,33.500,170.000,0,OK
50670230,0.332500,5.087500,33.000,167.500,0,OK
50680218,0.335000,5.085000,33.500,170.000,0,OK
50690230,0.332500,5.085000,33.250,167.500,0,OK
50700218,0.332500,5.086250,33.250,170.000,0,OK
50710230,0.332500,5.081250,33.250,167.500,0,OK
50720218,0.342500,5.085000,33.000,167.500,0,OK
50730230,0.332500,5.085000,33.250,170.000,0,OK
50740218,0.335000,5.085000,32.750,166.250,0,OK
50750230,0.330000,5.087500,33.000,167.500,0,OK
50760218,0.332500,5.085000,33.000,167.500,0,OK
50770230,0.327500,5.086250,32.750,166.250,0,OK
50780218,0.335000,5.086250,33.500,170.000,0,OK
50790226,0.330000,5.086250,33.000,167.500,0,OK
50800222,0.335000,5.081250,33.500,170.000,0,OK
50810226,0.340000,5.085000,33.500,170.000,0,OK
50820222,0.332500,5.086250,33.250,170.000,0,OK
50830226,0.332500,5.086250,33.500,170.000,0,OK
50840222,0.330000,5.083750,33.000,167.500,0,OK
50850226,0.332500,5.086250,33.000,167.500,0,OK
50860218,0.330000,5.085000,33.000,167.500,0,OK
50870230,0.335000,5.086250,33.500,170.000,0,OK
50880218,0.332500,5.086250,33.250,170.000,0,OK
50890230,0.332500,5.081250,33.250,167.500,0,OK
50900218,0.337500,5.085000,33.250,170.000,0,OK
50910230,0.335000,5.083750,33.500,170.000,0,OK
50920218,0.332500,5.085000,33.000,167.500,0,OK
50930230,0.330000,5.085000,33.000,167.500,0,OK
50940218,0.330000,5.083750,33.250,167.500,0,OK
50950230,0.332500,5.085000,33.250,170.000,0,OK
50960218,0.332500,5.085000,33.250,167.500,0,OK
50970230,0.332500,5.085000,33.250,170.000,0,OK
50980218,0.337500,5.082500,33.750,172.500,0,OK
50990230,0.335000,5.086250,33.250,170.000,0,OK
51000218,0.332500,5.085000,33.250,170.000,0,OK
51010230,0.330000,5.085000,33.250,170.000,0,OK
51020218,0.330000,5.083750,33.000,167.500,0,OK
51030230,0.335000,5.085000,33.250,170.000,0,OK
51040218,0.330000,5.085000,33.000,167.500,0,OK
51050230,0.335000,5.077500,33.500,170.000,0,OK
51060218,0.332500,5.085000,33.250,170.000,0,OK
51070230,0.335000,5.085000,33.500,170.000,0,OK
51080218,0.330000,5.085000,33.250,170.000,0,OK
51090230,0.335000,5.086250,33.500,170.000,0,OK
51100218,0.332500,5.085000,33.000,167.500,0,OK
51110230,0.332500,5.083750,33.250,170.000,0,OK
51120218,0.335000,5.085000,33.250,170.000,0,OK
51130230,0.330000,5.083750,33.000,167.500,0,OK
51140218,0.335000,5.078750,33.500,170.000,0,OK
51150226,0.332500,5.085000,33.250,170.000,0,OK
51160222,0.330000,5.083750,33.000,167.500,0,OK
51170226,0.330000,5.085000,33.250,170.000,0,OK
51180218,0.327500,5.085000,32.750,166.250,0,OK
51190230,0.335000,5.086250,33.000,167.500,0,OK
51200218,0.330000,5.083750,33.000,167.500,0,OK
51210226,0.332500,5.085000,33.000,167.500,0,OK
51220218,0.330000,5.085000,33.000,167.500,0,OK
51230230,0.332500,5.078750,33.250,167.500,0,OK
51240218,0.330000,5.085000,33.000,167.500,0,OK
51250230,0.337500,5.083750,33.750,172.500,0,OK
51260218,0.332500,5.085000,33.250,170.000,0,OK
51270230,0.332500,5.085000,33.250,170.000,0,OK
51280218,0.332500,5.085000,33.000,167.500,0,OK
51290230,0.330000,5.083750,33.000,167.500,0,OK
51300218,0.332500,5.085000,33.250,167.500,0,OK
51310226,0.332500,5.085000,33.250,170.000,0,OK
51320222,0.335000,5.080000,33.500,170.000,0,OK
51330226,0.342500,5.083750,33.250,170.000,0,OK
51340222,0.332500,5.085000,33.250,170.000,0,OK
51350226,0.330000,5.086250,33.000,167.500,0,OK
51360222,0.332500,5.086250,33.250,170.000,0,OK
51370226,0.332500,5.085000,33.250,167.500,0,OK
51380222,0.332500,5.083750,33.250,170.000,0,OK
51390226,0.332500,5.083750,33.250,167.500,0,OK
51400222,0.327500,5.083750,32.750,166.250,0,OK
51410226,0.337500,5.080000,33.750,172.500,0,OK
51420218,0.340000,5.085000,33.250,170.000,0,OK
51430230,0.330000,5.083750,33.000,167.500,0,OK
51440218,0.332500,5.083750,33.000,167.500,0,OK
51450226,0.330000,5.085000,33.000,167.500,0,OK
51460222,0.330000,5.085000,33.000,167.500,0,OK
51470226,0.330000,5.085000,33.000,167.500,0,OK
51480222,0.335000,5.085000,33.500,170.000,0,OK
51490226,0.332500,5.083750,33.250,170.000,0,OK
51500222,0.332500,5.081250,33.250,167.500,0,OK
51510226,0.335000,5.085000,33.250,170.000,0,OK
51520222,0.335000,5.083750,33.500,170.000,0,OK
51530226,0.335000,5.083750,33.250,170.000,0,OK
51540222,0.330000,5.085000,33.000,167.500,0,OK
51550226,0.330000,5.085000,33.250,167.500,0,OK
51560222,0.335000,5.085000,33.500,170.000,0,OK
51570226,0.335000,5.085000,33.500,170.000,0,OK
51580222,0.332500,5.086250,33.250,170.000,0,OK
51590226,0.332500,5.082500,33.250,170.000,0,OK
51600222,0.330000,5.085000,33.000,167.500,0,OK
51610226,0.332500,5.086250,33.250,170.000,0,OK
51620222,0.330000,5.083750,33.000,167.500,0,OK
51630226,0.332500,5.086250,33.250,170.000,0,OK
51640218,0.332500,5.086250,33.250,167.500,0,OK
51650230,0.335000,5.083750,33.500,170.000,0,OK
51660218,0.335000,5.077500,33.500,170.000,0,OK
51670230,0.332500,5.085000,33.250,170.000,0,OK
51680218,0.332500,5.083750,33.250,170.000,0,OK
51690230,0.330000,5.085000,33.250,170.000,0,OK
51700218,0.332500,5.083750,33.250,170.000,0,OK
51710230,0.327500,5.085000,33.000,167.500,0,OK
51720218,0.327500,5.083750,32.750,166.250,0,OK
51730230,0.332500,5.085000,33.250,167.500,0,OK
51740218,0.332500,5.085000,33.250,170.000,0,OK
51750230,0.332500,5.078750,33.250,167.500,0,OK
51760218,0.332500,5.086250,33.250,170.000,0,OK
51770230,0.337500,5.085000,33.750,172.500,0,OK
51780218,0.332500,5.086250,32.750,166.250,0,OK
51790230,0.335000,5.083750,33.500,170.000,0,OK
51800218,0.330000,5.087500,33.250,170.000,0,OK
51810230,0.330000,5.085000,33.000,167.500,0,OK
51820218,0.332500,5.086250,33.000,167.500,0,OK
51830230,0.330000,5.086250,33.000,167.500,0,OK
51840218,0.332500,5.078750,33.250,167.500,0,OK
51850226,0.332500,5.086250,33.250,170.000,0,OK
51860222,0.330000,5.083750,33.000,167.500,0,OK
51870226,0.330000,5.085000,33.250,170.000,0,OK
51880218,0.335000,5.086250,33.500,170.000,0,OK
51890230,0.332500,5.085000,33.250,170.000,0,OK
51900218,0.330000,5.086250,33.000,167.500,0,OK
51910230,0.330000,5.085000,33.250,167.500,0,OK
51920218,0.330000,5.085000,33.000,167.500,0,OK
51930230,0.332500,5.082500,33.250,170.000,0,OK
51940218,0.342500,5.083750,33.250,170.000,0,OK
51950230,0.332500,5.085000,33.250,170.000,0,OK
51960218,0.332500,5.086250,33.250,170.000,0,OK
51970230,0.332500,5.085000,33.250,170.000,0,OK
51980218,0.332500,5.086250,32.750,167.500,0,OK
51990230,0.330000,5.085000,33.000,167.500,0,OK
52000218,0.335000,5.086250,33.500,170.000,0,OK
52010230,0.332500,5.085000,33.250,170.000,0,OK
52020218,0.335000,5.081250,33.500,170.000,0,OK
52030230,0.340000,5.085000,33.250,170.000,0,OK
52040218,0.332500,5.085000,33.250,170.000,0,OK
52050230,0.335000,5.085000,33.000,167.500,0,OK
52060218,0.332500,5.085000,33.250,170.000,0,OK
52070230,0.332500,5.086250,33.000,167.500,0,OK
52080218,0.330000,5.085000,33.000,167.500,0,OK
52090230,0.332500,5.083750,33.250,167.500,0,OK
52100218,0.330000,5.085000,33.000,167.500,0,OK
52110230,0.332500,5.081250,33.250,167.500,0,OK
52120218,0.335000,5.085000,33.250,170.000,0,OK
52130230,0.335000,5.086250,33.500,170.000,0,OK
52140218,0.332500,5.086250,33.250,170.000,0,OK
52150230,0.332500,5.086250,33.250,170.000,0,OK
52160218,0.332500,5.085000,33.000,167.500,0,OK
52170230,0.332500,5.086250,33.250,170.000,0,OK
52180218,0.335000,5.086250,33.500,170.000,0,OK
52190230,0.332500,5.086250,33.250,170.000,0,OK
52200218,0.332500,5.085000,33.250,170.000,0,OK
52210230,0.332500,5.086250,33.250,170.000,0,OK
52220218,0.332500,5.086250,33.250,170.000,0,OK
52230230,0.332500,5.085000,33.500,170.000,0,OK
52240218,0.332500,5.085000,33.250,170.000,0,OK
52250230,0.332500,5.085000,33.250,167.500,0,OK
52260218,0.332500,5.085000,33.250,170.000,0,OK
52270230,0.335000,5.086250,33.500,170.000,0,OK
52280218,0.327500,5.083750,32.750,166.250,0,OK
52290230,0.332500,5.083750,33.250,170.000,0,OK
52300218,0.332500,5.085000,33.000,167.500,0,OK
52310230,0.332500,5.085000,33.250,170.000,0,OK
52320218,0.330000,5.086250,33.250,170.000,0,OK
52330230,0.332500,5.086250,33.250,170.000,0,OK
52340218,0.332500,5.085000,33.250,167.500,0,OK
52350230,0.330000,5.086250,33.000,167.500,0,OK
52360218,0.335000,5.080000,33.500,170.000,0,OK
52370226,0.332500,5.083750,33.250,170.000,0,OK
52380222,0.332500,5.085000,33.250,170.000,0,OK
52390226,0.330000,5.085000,33.250,170.000,0,OK
52400222,0.332500,5.087500,33.250,170.000,0,OK
52410226,0.332500,5.085000,33.000,167.500,0,OK
52420222,0.330000,5.086250,33.000,167.500,0,OK
52430226,0.330000,5.086250,33.250,167.500,0,OK
52440218,0.335000,5.085000,33.500,170.000,0,OK
52450230,0.330000,5.080000,33.000,167.500,0,OK
52460218,0.330000,5.085000,33.000,167.500,0,OK
52470226,0.335000,5.085000,33.500,170.000,0,OK
52480222,0.332500,5.085000,33.000,167.500,0,OK
52490226,0.332500,5.085000,33.250,170.000,0,OK
52500222,0.337500,5.085000,33.250,170.000,0,OK
52510226,0.332500,5.086250,33.250,170.000,0,OK
52520222,0.330000,5.086250,33.000,167.500,0,OK
52530226,0.332500,5.086250,33.250,170.000,0,OK
52540218,0.337500,5.080000,33.750,172.500,0,OK
52550230,0.340000,5.085000,33.250,170.000,0,OK
52560218,0.332500,5.086250,33.250,170.000,0,OK
52570230,0.327500,5.085000,32.750,166.250,0,OK
52580218,0.335000,5.085000,33.500,170.000,0,OK
52590230,0.330000,5.085000,33.250,170.000,0,OK
52600218,0.330000,5.086250,33.000,167.500,0,OK
52610230,0.335000,5.085000,33.500,170.000,0,OK
52620218,0.330000,5.085000,33.000,167.500,0,OK
52630230,0.332500,5.083750,33.250,170.000,0,OK
52640218,0.342500,5.083750,33.250,170.000,0,OK
52650230,0.332500,5.086250,33.250,170.000,0,OK
52660218,0.330000,5.085000,33.250,170.000,0,OK
52670230,0.330000,5.086250,33.000,167.500,0,OK
52680218,0.332500,5.085000,33.250,167.500,0,OK
52690226,0.330000,5.086250,33.000,167.500,0,OK
52700222,0.335000,5.086250,33.500,170.000,0,OK
52710226,0.330000,5.086250,33.000,167.500,0,OK
52720222,0.332500,5.083750,33.250,170.000,0,OK
52730226,0.340000,5.086250,33.000,167.500,0,OK
52740222,0.332500,5.086250,33.250,170.000,0,OK
52750226,0.330000,5.085000,33.250,170.000,0,OK
52760222,0.332500,5.083750,33.250,170.000,0,OK
52770226,0.332500,5.086250,33.250,167.500,0,OK
52780222,0.332500,5.086250,33.250,170.000,0,OK
52790226,0.335000,5.086250,33.500,170.000,0,OK
52800222,0.327500,5.086250,32.750,166.250,0,OK
52810226,0.335000,5.082500,33.500,170.000,0,OK
52820218,0.332500,5.085000,33.250,170.000,0,OK
52830230,0.335000,5.085000,33.500,170.000,0,OK
52840218,0.330000,5.085000,33.000,167.500,0,OK
52850230,0.332500,5.086250,33.250,170.000,0,OK
52860218,0.337500,5.085000,32.750,172.500,0,OK
52870230,0.332500,5.086250,33.250,170.000,0,OK
52880218,0.332500,5.086250,33.250,167.500,0,OK
52890230,0.330000,5.085000,33.000,167.500,0,OK
52900218,0.335000,5.083750,33.500,170.000,0,OK
52910230,0.332500,5.085000,33.250,170.000,0,OK
52920218,0.335000,5.086250,33.500,170.000,0,OK
52930230,0.332500,5.086250,33.000,167.500,0,OK
52940218,0.332500,5.085000,33.250,170.000,0,OK
52950230,0.332500,5.086250,33.000,167.500,0,OK
52960218,0.332500,5.085000,33.250,170.000,0,OK
52970230,0.332500,5.081250,33.250,167.500,0,OK
52980218,0.330000,5.086250,33.000,167.500,0,OK
52990230,0.335000,5.083750,33.500,170.000,0,OK
53000218,0.330000,5.085000,33.250,170.000,0,OK
53010230,0.335000,5.086250,33.500,170.000,0,OK
53020218,0.335000,5.086250,33.250,170.000,0,OK
53030230,0.332500,5.085000,33.250,170.000,0,OK
53040218,0.330000,5.085000,33.000,167.500,0,OK
53050230,0.332500,5.085000,33.250,170.000,0,OK
53060218,0.332500,5.080000,33.250,167.500,0,OK
53070230,0.327500,5.085000,32.750,166.250,0,OK
53080218,0.330000,5.086250,33.000,167.500,0,OK
53090230,0.332500,5.085000,33.000,167.500,0,OK
53100218,0.335000,5.086250,33.500,170.000,0,OK
53110230,0.332500,5.085000,33.000,167.500,0,OK
53120218,0.330000,5.086250,33.000,167.500,0,OK
53130230,0.330000,5.083750,33.000,167.500,0,OK
53140218,0.330000,5.085000,33.000,167.500,0,OK
53150226,0.330000,5.081250,33.000,167.500,0,OK
53160222,0.347500,5.083750,33.250,170.000,0,OK
53170226,0.332500,5.086250,33.250,170.000,0,OK
53180222,0.330000,5.085000,33.250,170.000,0,OK
53190226,0.332500,5.085000,33.250,170.000,0,OK
53200222,0.332500,5.085000,33.000,167.500,0,OK
53210226,0.332500,5.085000,33.250,170.000,0,OK
53220222,0.332500,5.086250,33.250,167.500,0,OK
53230226,0.330000,5.085000,33.000,167.500,0,OK
53240222,0.337500,5.082500,33.750,172.500,0,OK
53250226,0.342500,5.086250,33.000,167.500,0,OK
53260222,0.332500,5.083750,33.250,170.000,0,OK
53270226,0.332500,5.085000,33.000,167.500,0,OK
53280222,0.332500,5.085000,33.250,170.000,0,OK
53290226,0.332500,5.085000,33.250,167.500,0,OK
53300222,0.330000,5.085000,33.000,167.500,0,OK
53310226,0.332500,5.085000,33.250,167.500,0,OK
53320222,0.332500,5.086250,33.250,170.000,0,OK
53330226,0.335000,5.082500,33.500,170.000,0,OK
53340222,0.335000,5.085000,33.000,167.500,0,OK
53350226,0.337500,5.087500,33.750,172.500,0,OK
53360222,0.332500,5.083750,33.250,170.000,0,OK
53370226,0.330000,5.085000,33.000,167.500,0,OK
53380222,0.332500,5.085000,32.750,167.500,0,OK
53390226,0.327500,5.083750,32.750,166.250,0,OK
53400222,0.335000,5.085000,33.500,170.000,0,OK
53410226,0.330000,5.086250,33.000,167.500,0,OK
53420222,0.332500,5.083750,33.250,170.000,0,OK
53430226,0.337500,5.085000,32.750,166.250,0,OK
53440222,0.332500,5.086250,33.250,170.000,0,OK
53450226,0.330000,5.083750,33.250,170.000,0,OK
53460222,0.330000,5.085000,33.000,167.500,0,OK
53470226,0.335000,5.086250,33.250,170.000,0,OK
53480222,0.327500,5.085000,32.750,166.250,0,OK
53490226,0.332500,5.086250,33.250,167.500,0,OK
53500222,0.332500,5.085000,33.250,170.000,0,OK
53510226,0.332500,5.085000,33.250,170.000,0,OK
53520222,0.332500,5.086250,33.000,167.500,0,OK
53530226,0.335000,5.086250,33.500,170.000,0,OK
53540222,0.335000,5.085000,33.000,167.500,0,OK
53550226,0.330000,5.086250,33.000,167.500,0,OK
53560222,0.335000,5.085000,33.000,170.000,0,OK
53570226,0.332500,5.086250,33.250,170.000,0,OK
53580222,0.332500,5.080000,33.250,167.500,0,OK
53590226,0.330000,5.085000,33.000,167.500,0,OK
53600222,0.335000,5.085000,33.500,170.000,0,OK
53610226,0.330000,5.083750,33.500,170.000,0,OK
53620222,0.335000,5.086250,33.500,170.000,0,OK
53630226,0.332500,5.086250,33.250,170.000,0,OK
53640222,0.330000,5.083750,33.000,167.500,0,OK
53650226,0.330000,5.085000,33.250,167.500,0,OK
53660218,0.330000,5.086250,33.000,167.500,0,OK
53670230,0.332500,5.081250,33.250,167.500,0,OK
53680218,0.330000,5.086250,33.000,167.500,0,OK
53690230,0.330000,5.085000,33.000,167.500,0,OK
53700218,0.330000,5.085000,33.000,167.500,0,OK
53710230,0.332500,5.086250,33.250,170.000,0,OK
53720218,0.332500,5.086250,33.250,170.000,0,OK
53730230,0.332500,5.086250,33.250,170.000,0,OK
53740218,0.335000,5.086250,33.000,170.000,0,OK
53750230,0.332500,5.087500,33.250,170.000,0,OK
53760218,0.332500,5.080000,33.250,167.500,0,OK
53770230,0.345000,5.086250,33.000,167.500,0,OK
53780218,0.332500,5.085000,33.250,170.000,0,OK
53790226,0.332500,5.083750,33.000,167.500,0,OK
53800222,0.335000,5.086250,33.500,170.000,0,OK
53810226,0.335000,5.083750,33.250,170.000,0,OK
53820222,0.330000,5.085000,33.000,167.500,0,OK
53830226,0.332500,5.086250,33.250,167.500,0,OK
53840222,0.330000,5.086250,33.000,167.500,0,OK
53850226,0.337500,5.083750,33.750,172.500,0,OK
53860218,0.340000,5.086250,33.000,167.500,0,OK
53870230,0.335000,5.085000,33.500,170.000,0,OK
53880218,0.330000,5.086250,33.250,170.000,0,OK
53890230,0.332500,5.085000,33.250,170.000,0,OK
53900218,0.330000,5.085000,33.250,167.500,0,OK
53910230,0.332500,5.085000,33.250,170.000,0,OK
53920218,0.332500,5.086250,33.250,167.500,0,OK
53930230,0.332500,5.085000,33.250,170.000,0,OK
53940218,0.335000,5.082500,33.500,170.000,0,OK
53950230,0.335000,5.086250,33.000,167.500,0,OK
53960218,0.335000,5.086250,33.500,170.000,0,OK
53970226,0.332500,5.086250,33.250,170.000,0,OK
53980222,0.332500,5.086250,33.250,170.000,0,OK
53990226,0.337500,5.086250,33.500,172.500,0,OK
54000222,0.332500,5.086250,33.250,170.000,0,OK
54010226,0.335000,5.086250,33.500,170.000,0,OK
54020222,0.330000,5.085000,33.000,167.500,0,OK
54030226,0.335000,5.083750,33.500,170.000,0,OK
54040222,0.335000,5.085000,33.250,170.000,0,OK
54050226,0.332500,5.086250,33.250,170.000,0,OK
54060222,0.332500,5.086250,33.250,170.000,0,OK
54070226,0.332500,5.086250,33.250,170.000,0,OK
54080222,0.332500,5.086250,33.250,167.500,0,OK
54090226,0.335000,5.086250,33.500,170.000,0,OK
54100222,0.332500,5.086250,33.250,167.500,0,OK
54110226,0.332500,5.085000,33.250,170.000,0,OK
54120222,0.335000,5.085000,33.500,170.000,0,OK
54130226,0.330000,5.086250,33.250,170.000,0,OK
54140222,0.330000,5.086250,33.000,167.500,0,OK
54150226,0.330000,5.086250,33.250,170.000,0,OK
54160218,0.335000,5.086250,33.500,170.000,0,OK
54170230,0.332500,5.086250,33.250,167.500,0,OK
54180218,0.332500,5.086250,33.250,170.000,0,OK
54190230,0.332500,5.080000,33.250,167.500,0,OK
54200218,0.332500,5.086250,33.250,170.000,0,OK
54210230,0.332500,5.085000,33.250,170.000,0,OK
54220218,0.335000,5.085000,33.250,170.000,0,OK
54230230,0.337500,5.086250,33.750,172.500,0,OK
54240218,0.335000,5.085000,33.250,170.000,0,OK
54250230,0.330000,5.086250,33.000,167.500,0,OK
54260218,0.335000,5.085000,33.000,170.000,0,OK
54270226,0.332500,5.085000,33.250,170.000,0,OK
54280222,0.335000,5.080000,33.500,170.000,0,OK
54290226,0.330000,5.085000,33.000,167.500,0,OK
54300222,0.332500,5.083750,33.250,170.000,0,OK
54310226,0.332500,5.083750,33.000,167.500,0,OK
54320222,0.332500,5.086250,33.250,170.000,0,OK
54330226,0.332500,5.086250,33.250,170.000,0,OK
54340222,0.332500,5.083750,33.250,170.000,0,OK
54350226,0.332500,5.086250,33.250,167.500,0,OK
54360222,0.332500,5.086250,33.250,170.000,0,OK
54370226,0.335000,5.081250,33.500,170.000,0,OK
54380222,0.345000,5.085000,33.250,170.000,0,OK
54390226,0.335000,5.086250,33.500,170.000,0,OK
54400222,0.330000,5.082500,33.250,170.000,0,OK
54410226,0.335000,5.085000,33.500,170.000,0,OK
54420222,0.332500,5.085000,33.000,167.500,0,OK
54430226,0.332500,5.086250,33.250,170.000,0,OK
54440222,0.332500,5.086250,33.250,167.500,0,OK
54450226,0.330000,5.085000,33.000,167.500,0,OK
54460222,0.332500,5.081250,33.250,167.500,0,OK
54470226,0.340000,5.083750,33.000,167.500,0,OK
54480222,0.332500,5.085000,33.250,170.000,0,OK
54490226,0.332500,5.085000,33.250,170.000,0,OK
54500222,0.332500,5.086250,33.250,170.000,0,OK
54510226,0.332500,5.085000,33.000,167.500,0,OK
54520222,0.332500,5.086250,33.250,170.000,0,OK
54530226,0.335000,5.086250,33.500,170.000,0,OK
54540222,0.332500,5.085000,33.250,170.000,0,OK
54550226,0.332500,5.082500,33.250,170.000,0,OK
54560222,0.340000,5.085000,33.250,170.000,0,OK
54570226,0.330000,5.083750,33.000,167.500,0,OK
54580222,0.332500,5.083750,33.000,167.500,0,OK
54590226,0.332500,5.085000,33.250,170.000,0,OK
54600222,0.332500,5.085000,33.500,167.500,0,OK
54610226,0.330000,5.085000,33.000,167.500,0,OK
54620222,0.332500,5.085000,33.250,167.500,0,OK
54630226,0.332500,5.086250,33.250,170.000,0,OK
54640222,0.332500,5.083750,33.250,170.000,0,OK
54650226,0.335000,5.086250,33.000,167.500,0,OK
54660222,0.335000,5.086250,33.500,170.000,0,OK
54670226,0.330000,5.085000,33.250,170.000,0,OK
54680222,0.330000,5.086250,33.000,167.500,0,OK
54690226,0.332500,5.085000,33.250,167.500,0,OK
54700218,0.332500,5.085000,33.250,170.000,0,OK
54710230,0.332500,5.085000,33.250,167.500,0,OK
54720218,0.330000,5.086250,33.000,167.500,0,OK
54730230,0.337500,5.083750,33.750,172.500,0,OK
54740218,0.330000,5.085000,33.250,170.000,0,OK
54750230,0.332500,5.085000,33.250,170.000,0,OK
54760218,0.330000,5.086250,33.250,170.000,0,OK
54770230,0.332500,5.085000,33.250,170.000,0,OK
54780218,0.332500,5.085000,33.000,167.500,0,OK
54790230,0.330000,5.086250,33.000,167.500,0,OK
54800218,0.337500,5.080000,33.750,172.500,0,OK
54810226,0.330000,5.085000,33.000,167.500,0,OK
54820222,0.330000,5.085000,33.000,167.500,0,OK
54830226,0.332500,5.085000,33.000,167.500,0,OK
54840222,0.332500,5.085000,33.250,170.000,0,OK
54850226,0.332500,5.085000,33.250,170.000,0,OK
54860222,0.330000,5.086250,33.000,167.500,0,OK
54870226,0.335000,5.085000,33.500,170.000,0,OK
54880218,0.332500,5.085000,33.250,170.000,0,OK
54890230,0.332500,5.078750,33.250,167.500,0,OK
54900218,0.330000,5.085000,33.000,167.500,0,OK
54910230,0.332500,5.085000,33.250,170.000,0,OK
54920218,0.330000,5.085000,33.250,170.000,0,OK
54930230,0.335000,5.085000,33.500,170.000,0,OK
54940218,0.330000,5.083750,33.250,170.000,0,OK
54950230,0.330000,5.085000,33.000,167.500,0,OK
54960218,0.335000,5.086250,33.000,170.000,0,OK
54970230,0.332500,5.085000,33.250,170.000,0,OK
54980218,0.330000,5.081250,33.000,167.500,0,OK
54990230,0.345000,5.085000,33.250,170.000,0,OK
55000218,0.332500,5.086250,33.250,170.000,0,OK
55010230,0.332500,5.085000,33.250,170.000,0,OK
55020218,0.332500,5.086250,33.250,170.000,0,OK
55030230,0.332500,5.086250,33.250,170.000,0,OK
55040218,0.332500,5.083750,33.250,170.000,0,OK
55050230,0.335000,5.086250,33.500,170.000,0,OK
55060218,0.330000,5.086250,33.000,167.500,0,OK
55070230,0.332500,5.082500,33.250,170.000,0,OK
55080218,0.337500,5.085000,33.250,170.000,0,OK
55090230,0.335000,5.085000,33.500,170.000,0,OK
55100218,0.332500,5.085000,33.000,167.500,0,OK
55110230,0.332500,5.086250,33.250,170.000,0,OK
55120218,0.335000,5.086250,33.250,170.000,0,OK
55130230,0.332500,5.085000,33.250,170.000,0,OK
55140218,0.330000,5.086250,33.000,167.500,0,OK
55150230,0.330000,5.085000,33.000,167.500,0,OK
55160218,0.332500,5.082500,33.250,170.000,0,OK
55170230,0.337500,5.086250,33.250,170.000,0,OK
55180218,0.332500,5.085000,33.250,170.000,0,OK
55190230,0.330000,5.083750,33.250,170.000,0,OK
55200218,0.330000,5.087500,33.000,167.500,0,OK
55210230,0.335000,5.085000,33.250,170.000,0,OK
55220218,0.332500,5.086250,33.250,170.000,0,OK
55230230,0.335000,5.085000,33.500,170.000,0,OK
55240218,0.332500,5.083750,33.250,170.000,0,OK
55250230,0.332500,5.083750,33.250,170.000,0,OK
55260218,0.335000,5.085000,32.750,166.250,0,OK
55270230,0.337500,5.085000,33.750,172.500,0,OK
55280218,0.332500,5.085000,33.250,170.000,0,OK
55290230,0.332500,5.085000,33.250,170.000,0,OK
55300218,0.337500,5.085000,33.000,172.500,0,OK
55310230,0.330000,5.086250,33.000,167.500,0,OK
55320218,0.332500,5.086250,33.250,167.500,0,OK
55330226,0.335000,5.086250,33.500,170.000,0,OK
55340222,0.332500,5.082500,33.250,170.000,0,OK
55350226,0.332500,5.085000,33.000,167.500,0,OK
55360222,0.332500,5.085000,33.250,170.000,0,OK
55370226,0.330000,5.086250,33.250,170.000,0,OK
55380222,0.330000,5.085000,33.000,167.500,0,OK
55390226,0.332500,5.086250,33.000,167.500,0,OK
55400222,0.330000,5.086250,33.000,167.500,0,OK
55410226,0.332500,5.085000,33.250,167.500,0,OK
55420218,0.330000,5.085000,33.000,167.500,0,OK
55430230,0.332500,5.085000,33.250,170.000,0,OK
55440218,0.332500,5.085000,32.750,166.250,0,OK
55450230,0.335000,5.085000,33.500,170.000,0,OK
55460218,0.330000,5.085000,33.500,170.000,0,OK
55470230,0.332500,5.086250,33.250,170.000,0,OK
55480218,0.332500,5.086250,33.250,167.500,0,OK
55490230,0.332500,5.086250,33.250,170.000,0,OK
55500218,0.332500,5.080000,33.250,167.500,0,OK
55510230,0.332500,5.085000,33.250,170.000,0,OK
55520218,0.335000,5.083750,33.500,170.000,0,OK
55530230,0.330000,5.085000,33.250,170.000,0,OK
55540218,0.332500,5.085000,33.250,170.000,0,OK
55550230,0.332500,5.085000,33.250,170.000,0,OK
55560218,0.330000,5.085000,33.000,167.500,0,OK
55570230,0.335000,5.083750,33.000,170.000,0,OK
55580218,0.330000,5.086250,33.000,167.500,0,OK
55590230,0.330000,5.080000,33.000,167.500,0,OK
55600218,0.327500,5.086250,32.750,166.250,0,OK
55610226,0.335000,5.085000,33.500,170.000,0,OK
55620218,0.332500,5.085000,33.250,170.000,0,OK
55630230,0.335000,5.086250,33.500,170.000,0,OK
55640218,0.335000,5.085000,33.250,170.000,0,OK
55650230,0.330000,5.085000,33.000,167.500,0,OK
55660218,0.337500,5.085000,33.750,172.500,0,OK
55670230,0.330000,5.086250,33.000,167.500,0,OK
55680218,0.335000,5.081250,33.500,170.000,0,OK
55690226,0.347500,5.085000,33.000,167.500,0,OK
55700222,0.335000,5.086250,33.500,170.000,0,OK
55710226,0.330000,5.085000,33.000,167.500,0,OK
55720222,0.330000,5.085000,33.000,167.500,0,OK
55730226,0.332500,5.085000,33.500,167.500,0,OK
55740222,0.332500,5.086250,33.250,170.000,0,OK
55750226,0.335000,5.085000,33.500,170.000,0,OK
55760222,0.330000,5.085000,33.000,167.500,0,OK
55770226,0.332500,5.082500,33.250,170.000,0,OK
55780222,0.340000,5.085000,33.000,167.500,0,OK
55790226,0.332500,5.086250,33.250,170.000,0,OK
55800222,0.332500,5.085000,33.000,167.500,0,OK
55810226,0.330000,5.085000,33.000,167.500,0,OK
55820222,0.335000,5.086250,33.250,170.000,0,OK
55830226,0.335000,5.086250,33.500,170.000,0,OK
55840222,0.332500,5.086250,33.250,167.500,0,OK
55850226,0.335000,5.086250,33.500,170.000,0,OK
55860222,0.332500,5.083750,33.250,170.000,0,OK
55870226,0.332500,5.086250,33.250,170.000,0,OK
55880222,0.332500,5.086250,33.250,170.000,0,OK
55890226,0.330000,5.085000,33.250,170.000,0,OK
55900222,0.330000,5.085000,33.000,167.500,0,OK
55910226,0.332500,5.085000,33.250,167.500,0,OK
55920222,0.330000,5.085000,33.000,167.500,0,OK
55930226,0.332500,5.085000,33.250,167.500,0,OK
55940222,0.330000,5.085000,33.000,167.500,0,OK
55950226,0.332500,5.082500,33.250,170.000,0,OK
55960222,0.332500,5.083750,33.250,170.000,0,OK
55970226,0.332500,5.086250,33.250,170.000,0,OK
55980222,0.332500,5.085000,33.250,170.000,0,OK
55990226,0.332500,5.085000,33.250,170.000,0,OK
56000222,0.335000,5.086250,33.000,170.000,0,OK
56010226,0.330000,5.085000,33.000,167.500,0,OK
56020222,0.335000,5.086250,33.500,170.000,0,OK
56030226,0.335000,5.085000,33.500,170.000,0,OK
56040222,0.330000,5.082500,33.000,167.500,0,OK
56050226,0.330000,5.085000,32.750,166.250,0,OK
56060218,0.332500,5.087500,33.250,170.000,0,OK
56070230,0.330000,5.086250,33.250,170.000,0,OK
56080218,0.335000,5.086250,33.500,170.000,0,OK
56090230,0.335000,5.085000,33.500,170.000,0,OK
56100218,0.330000,5.085000,33.000,167.500,0,OK
56110230,0.332500,5.081250,33.250,167.500,0,OK
56120218,0.335000,5.086250,33.500,170.000,0,OK
56130230,0.330000,5.085000,33.000,167.500,0,OK
56140218,0.330000,5.085000,33.250,170.000,0,OK
56150230,0.332500,5.087500,33.250,170.000,0,OK
56160218,0.332500,5.086250,33.250,170.000,0,OK
56170230,0.332500,5.085000,33.250,170.000,0,OK
56180218,0.332500,5.085000,33.250,167.500,0,OK
56190230,0.330000,5.083750,33.000,167.500,0,OK
56200218,0.330000,5.081250,33.000,167.500,0,OK
56210226,0.332500,5.086250,33.250,170.000,0,OK
56220218,0.330000,5.085000,33.000,167.500,0,OK
56230230,0.330000,5.083750,33.250,170.000,0,OK
56240218,0.332500,5.085000,33.250,170.000,0,OK
56250230,0.332500,5.085000,33.250,170.000,0,OK
56260218,0.335000,5.086250,33.500,170.000,0,OK
56270230,0.335000,5.085000,33.000,170.000,0,OK
56280218,0.337500,5.086250,33.750,172.500,0,OK
56290230,0.332500,5.080000,33.250,167.500,0,OK
56300218,0.342500,5.085000,33.000,167.500,0,OK
56310230,0.330000,5.086250,33.000,167.500,0,OK
56320218,0.327500,5.085000,33.250,170.000,0,OK
56330226,0.330000,5.083750,33.000,167.500,0,OK
56340222,0.330000,5.085000,33.000,167.500,0,OK
56350226,0.332500,5.085000,33.250,170.000,0,OK
56360222,0.332500,5.085000,33.250,167.500,0,OK
56370226,0.332500,5.085000,33.250,170.000,0,OK
56380222,0.332500,5.082500,33.250,170.000,0,OK
56390226,0.340000,5.085000,33.250,170.000,0,OK
56400222,0.332500,5.086250,33.250,170.000,0,OK
56410226,0.330000,5.085000,33.250,170.000,0,OK
56420222,0.330000,5.085000,33.000,167.500,0,OK
56430226,0.332500,5.085000,33.250,167.500,0,OK
56440222,0.332500,5.085000,33.250,170.000,0,OK
56450226,0.332500,5.086250,33.250,167.500,0,OK
56460222,0.332500,5.085000,33.250,170.000,0,OK
56470226,0.332500,5.081250,33.250,167.500,0,OK
56480222,0.337500,5.085000,33.250,170.000,0,OK
56490226,0.335000,5.086250,33.500,170.000,0,OK
56500222,0.330000,5.085000,33.250,170.000,0,OK
56510226,0.332500,5.085000,33.250,170.000,0,OK
56520222,0.335000,5.085000,33.000,170.000,0,OK
56530226,0.332500,5.085000,33.250,170.000,0,OK
56540222,0.332500,5.086250,33.250,167.500,0,OK
56550226,0.335000,5.086250,33.500,170.000,0,OK
56560222,0.337500,5.083750,33.750,172.500,0,OK
56570226,0.335000,5.085000,33.000,167.500,0,OK
56580222,0.332500,5.085000,33.250,170.000,0,OK
56590226,0.330000,5.086250,33.250,170.000,0,OK
56600222,0.330000,5.086250,33.000,167.500,0,OK
56610226,0.332500,5.086250,33.250,167.500,0,OK
56620218,0.330000,5.085000,33.000,167.500,0,OK
56630230,0.332500,5.086250,33.250,167.500,0,OK
56640218,0.332500,5.085000,33.250,170.000,0,OK
56650230,0.332500,5.085000,33.250,170.000,0,OK
56660218,0.330000,5.086250,32.750,166.250,0,OK
56670230,0.332500,5.085000,33.250,170.000,0,OK
56680218,0.332500,5.086250,33.000,167.500,0,OK
56690230,0.330000,5.085000,33.000,167.500,0,OK
56700218,0.332500,5.087500,33.250,167.500,0,OK
56710230,0.332500,5.086250,33.250,170.000,0,OK
56720218,0.335000,5.081250,33.500,170.000,0,OK
56730230,0.327500,5.086250,32.750,166.250,0,OK
56740218,0.332500,5.082500,33.250,170.000,0,OK
56750226,0.332500,5.085000,33.500,170.000,0,OK
56760222,0.335000,5.086250,33.500,170.000,0,OK
56770226,0.332500,5.087500,32.750,166.250,0,OK
56780222,0.332500,5.085000,33.250,170.000,0,OK
56790226,0.330000,5.086250,33.500,167.500,0,OK
56800222,0.330000,5.085000,33.000,167.500,0,OK
56810226,0.335000,5.080000,33.500,170.000,0,OK
56820222,0.335000,5.085000,33.500,170.000,0,OK
56830226,0.335000,5.085000,33.500,170.000,0,OK
56840222,0.332500,5.085000,33.250,170.000,0,OK
56850226,0.335000,5.086250,33.500,170.000,0,OK
56860222,0.335000,5.086250,33.250,170.000,0,OK
56870226,0.332500,5.086250,33.250,170.000,0,OK
56880222,0.332500,5.086250,33.250,167.500,0,OK
56890226,0.332500,5.085000,33.250,170.000,0,OK
56900222,0.330000,5.081250,33.000,167.500,0,OK
56910226,0.345000,5.086250,33.250,170.000,0,OK
56920218,0.335000,5.088750,33.500,170.000,0,OK
56930230,0.332500,5.085000,33.250,170.000,0,OK
56940218,0.330000,5.085000,33.000,167.500,0,OK
56950230,0.330000,5.085000,33.250,170.000,0,OK
56960218,0.332500,5.085000,33.250,170.000,0,OK
56970230,0.335000,5.085000,33.500,170.000,0,OK
56980218,0.332500,5.085000,33.250,170.000,0,OK
56990230,0.332500,5.081250,33.250,167.500,0,OK
57000218,0.337500,5.086250,33.000,167.500,0,OK
57010230,0.332500,5.086250,33.250,170.000,0,OK
57020218,0.332500,5.086250,33.250,170.000,0,OK
57030230,0.330000,5.087500,33.000,167.500,0,OK
57040218,0.332500,5.085000,33.500,167.500,0,OK
57050230,0.332500,5.085000,33.250,170.000,0,OK
57060218,0.332500,5.085000,33.250,167.500,0,OK
57070230,0.332500,5.086250,33.250,170.000,0,OK
57080218,0.332500,5.083750,33.250,170.000,0,OK
57090230,0.340000,5.086250,33.250,170.000,0,OK
57100218,0.337500,5.086250,33.750,172.500,0,OK
57110230,0.330000,5.085000,33.250,170.000,0,OK
57120218,0.327500,5.085000,32.750,166.250,0,OK
57130230,0.335000,5.085000,33.000,170.000,0,OK
57140218,0.332500,5.083750,33.250,170.000,0,OK
57150230,0.330000,5.085000,33.000,167.500,0,OK
57160218,0.332500,5.085000,33.250,170.000,0,OK
57170230,0.332500,5.083750,33.250,170.000,0,OK
57180218,0.332500,5.085000,33.250,170.000,0,OK
57190230,0.335000,5.086250,33.500,170.000,0,OK
57200218,0.330000,5.085000,33.250,170.000,0,OK
57210230,0.327500,5.086250,32.750,166.250,0,OK
57220218,0.330000,5.086250,33.250,167.500,0,OK
57230226,0.330000,5.083750,33.000,167.500,0,OK
57240222,0.335000,5.085000,33.500,170.000,0,OK
57250226,0.330000,5.083750,33.000,167.500,0,OK
57260222,0.332500,5.083750,33.250,170.000,0,OK
57270226,0.332500,5.086250,33.500,170.000,0,OK
57280222,0.330000,5.083750,33.000,167.500,0,OK
57290226,0.332500,5.086250,33.500,170.000,0,OK
57300218,0.332500,5.085000,33.250,170.000,0,OK
57310230,0.335000,5.085000,32.750,170.000,0,OK
57320218,0.332500,5.085000,33.250,170.000,0,OK
57330230,0.335000,5.080000,33.500,170.000,0,OK
57340218,0.330000,5.085000,33.000,167.500,0,OK
57350230,0.332500,5.083750,33.250,170.000,0,OK
57360218,0.332500,5.085000,33.000,167.500,0,OK
57370230,0.332500,5.086250,33.250,170.000,0,OK
57380218,0.330000,5.086250,33.250,170.000,0,OK
57390230,0.335000,5.085000,33.500,170.000,0,OK
57400218,0.332500,5.085000,33.250,167.500,0,OK
57410230,0.332500,5.083750,33.250,170.000,0,OK
57420218,0.330000,5.081250,33.000,167.500,0,OK
57430230,0.332500,5.085000,33.250,170.000,0,OK
57440218,0.332500,5.085000,33.250,170.000,0,OK
57450230,0.332500,5.086250,33.250,170.000,0,OK
57460218,0.332500,5.086250,33.250,170.000,0,OK
57470230,0.335000,5.086250,33.250,170.000,0,OK
57480218,0.332500,5.086250,33.250,170.000,0,OK
57490230,0.335000,5.085000,33.000,170.000,0,OK
57500218,0.332500,5.083750,33.250,170.000,0,OK
57510230,0.332500,5.081250,33.250,167.500,0,OK
57520218,0.342500,5.085000,33.000,167.500,0,OK
57530230,0.332500,5.085000,33.250,170.000,0,OK
57540218,0.330000,5.085000,33.000,167.500,0,OK
57550230,0.332500,5.086250,33.250,170.000,0,OK
57560218,0.332500,5.085000,33.000,167.500,0,OK
57570230,0.332500,5.086250,33.250,170.000,0,OK
57580218,0.332500,5.086250,33.250,167.500,0,OK
57590230,0.330000,5.085000,33.000,167.500,0,OK
57600218,0.335000,5.082500,33.500,170.000,0,OK
57610230,0.342500,5.085000,33.250,170.000,0,OK
57620218,0.337500,5.085000,33.750,172.500,0,OK
57630230,0.330000,5.085000,33.000,167.500,0,OK
57640218,0.330000,5.083750,33.000,167.500,0,OK
57650230,0.332500,5.085000,33.250,167.500,0,OK
57660218,0.332500,5.085000,33.250,170.000,0,OK
57670230,0.332500,5.085000,33.250,167.500,0,OK
57680218,0.332500,5.086250,33.250,170.000,0,OK
57690230,0.332500,5.081250,33.250,167.500,0,OK
57700218,0.335000,5.086250,33.250,170.000,0,OK
57710230,0.335000,5.085000,33.500,170.000,0,OK
57720218,0.330000,5.085000,33.000,167.500,0,OK
57730230,0.332500,5.086250,33.250,170.000,0,OK
57740218,0.332500,5.086250,33.250,167.500,0,OK
57750230,0.332500,5.085000,33.250,170.000,0,OK
57760218,0.332500,5.086250,33.250,167.500,0,OK
57770230,0.335000,5.086250,33.500,170.000,0,OK
57780218,0.335000,5.082500,33.500,170.000,0,OK
57790230,0.335000,5.086250,33.250,170.000,0,OK
57800218,0.332500,5.086250,33.250,170.000,0,OK
57810230,0.327500,5.085000,33.250,170.000,0,OK
57820218,0.332500,5.086250,33.250,170.000,0,OK
57830230,0.335000,5.085000,33.250,170.000,0,OK
57840218,0.330000,5.083750,33.000,167.500,0,OK
57850230,0.332500,5.083750,33.250,167.500,0,OK
57860218,0.330000,5.086250,33.000,167.500,0,OK
57870230,0.330000,5.083750,33.000,167.500,0,OK
57880218,0.332500,5.085000,33.000,167.500,0,OK
57890226,0.337500,5.086250,33.750,172.500,0,OK
57900222,0.330000,5.086250,33.250,170.000,0,OK
57910226,0.332500,5.085000,33.250,170.000,0,OK
57920222,0.332500,5.085000,33.000,167.500,0,OK
57930226,0.332500,5.085000,33.250,170.000,0,OK
57940222,0.335000,5.078750,33.500,170.000,0,OK
57950226,0.332500,5.085000,33.250,170.000,0,OK
57960222,0.330000,5.085000,33.000,167.500,0,OK
57970226,0.332500,5.085000,33.500,170.000,0,OK
57980222,0.335000,5.086250,33.500,170.000,0,OK
57990226,0.332500,5.086250,33.250,170.000,0,OK
58000222,0.335000,5.085000,33.500,170.000,0,OK
58010226,0.332500,5.086250,33.250,167.500,0,OK
58020222,0.330000,5.086250,33.000,167.500,0,OK
58030226,0.330000,5.078750,33.000,167.500,0,OK
58040218,0.330000,5.086250,33.000,167.500,0,OK
58050226,0.335000,5.087500,33.500,170.000,0,OK
58060218,0.330000,5.085000,33.250,170.000,0,OK
58070230,0.332500,5.085000,33.250,170.000,0,OK
58080218,0.332500,5.086250,32.750,166.250,0,OK
58090230,0.330000,5.085000,33.000,167.500,0,OK
58100218,0.335000,5.086250,33.250,170.000,0,OK
58110230,0.332500,5.086250,33.250,170.000,0,OK
58120218,0.330000,5.081250,33.000,167.500,0,OK
58130230,0.345000,5.086250,33.000,167.500,0,OK
58140218,0.330000,5.085000,33.000,167.500,0,OK
58150226,0.330000,5.085000,33.250,170.000,0,OK
58160222,0.332500,5.086250,33.250,170.000,0,OK
58170226,0.332500,5.086250,33.250,170.000,0,OK
58180222,0.330000,5.086250,33.000,167.500,0,OK
58190226,0.332500,5.086250,33.250,167.500,0,OK
58200218,0.327500,5.085000,32.750,166.250,0,OK
58210230,0.335000,5.081250,33.500,170.000,0,OK
58220218,0.342500,5.086250,33.250,170.000,0,OK
58230230,0.332500,5.085000,33.250,170.000,0,OK
58240218,0.330000,5.085000,33.250,170.000,0,OK
58250230,0.335000,5.086250,33.500,170.000,0,OK
58260218,0.332500,5.086250,33.000,167.500,0,OK
58270230,0.332500,5.086250,33.250,170.000,0,OK
58280218,0.332500,5.086250,33.250,167.500,0,OK
58290230,0.330000,5.085000,33.000,167.500,0,OK
58300218,0.330000,5.082500,33.000,167.500,0,OK
58310230,0.335000,5.085000,33.250,170.000,0,OK
58320218,0.332500,5.086250,33.250,170.000,0,OK
58330230,0.330000,5.086250,33.250,170.000,0,OK
58340218,0.332500,5.085000,33.250,170.000,0,OK
58350230,0.332500,5.085000,33.000,167.500,0,OK
58360218,0.332500,5.085000,33.250,170.000,0,OK
58370230,0.335000,5.085000,33.500,170.000,0,OK
58380218,0.330000,5.086250,33.000,167.500,0,OK
58390230,0.332500,5.082500,33.250,170.000,0,OK
58400218,0.332500,5.083750,33.000,167.500,0,OK
58410230,0.335000,5.086250,33.500,170.000,0,OK
58420218,0.330000,5.086250,33.000,167.500,0,OK
58430230,0.332500,5.086250,33.250,170.000,0,OK
58440218,0.335000,5.086250,33.000,170.000,0,OK
58450230,0.327500,5.085000,32.750,166.250,0,OK
58460218,0.337500,5.085000,33.750,172.500,0,OK
58470230,0.332500,5.086250,33.250,170.000,0,OK
58480218,0.330000,5.085000,33.000,167.500,0,OK
58490230,0.332500,5.085000,33.250,170.000,0,OK
58500218,0.335000,5.086250,33.500,170.000,0,OK
58510230,0.330000,5.085000,33.250,170.000,0,OK
58520218,0.330000,5.085000,33.000,167.500,0,OK
58530230,0.335000,5.085000,33.000,170.000,0,OK
58540218,0.332500,5.086250,33.250,170.000,0,OK
58550230,0.332500,5.081250,33.250,167.500,0,OK
58560218,0.332500,5.085000,33.250,170.000,0,OK
58570230,0.335000,5.085000,33.500,170.000,0,OK
58580218,0.330000,5.085000,33.250,170.000,0,OK
58590230,0.332500,5.085000,33.250,170.000,0,OK
58600218,0.330000,5.085000,32.750,166.250,0,OK
58610230,0.330000,5.085000,33.000,167.500,0,OK
58620218,0.332500,5.086250,33.000,167.500,0,OK
58630230,0.330000,5.085000,33.000,167.500,0,OK
58640218,0.335000,5.080000,33.500,170.000,0,OK
58650230,0.327500,5.086250,32.750,166.250,0,OK
58660218,0.332500,5.085000,33.250,170.000,0,OK
58670226,0.332500,5.085000,32.750,166.250,0,OK
58680222,0.332500,5.086250,33.250,170.000,0,OK
58690226,0.332500,5.086250,33.250,170.000,0,OK
58700222,0.330000,5.086250,33.000,167.500,0,OK
58710226,0.335000,5.086250,33.250,170.000,0,OK
58720218,0.330000,5.085000,33.000,167.500,0,OK
58730230,0.332500,5.081250,33.250,167.500,0,OK
58740218,0.342500,5.083750,33.250,170.000,0,OK
58750230,0.335000,5.086250,33.500,170.000,0,OK
58760218,0.332500,5.085000,33.500,170.000,0,OK
58770230,0.335000,5.085000,33.500,170.000,0,OK
58780218,0.332500,5.085000,33.250,170.000,0,OK
58790230,0.330000,5.083750,33.000,167.500,0,OK
58800218,0.332500,5.086250,33.250,167.500,0,OK
58810226,0.332500,5.086250,33.250,170.000,0,OK
58820222,0.332500,5.081250,33.250,167.500,0,OK
58830226,0.342500,5.085000,33.000,167.500,0,OK
58840222,0.332500,5.086250,33.250,170.000,0,OK
58850226,0.330000,5.085000,33.250,170.000,0,OK
58860222,0.332500,5.083750,33.250,170.000,0,OK
58870226,0.335000,5.085000,33.000,170.000,0,OK
58880222,0.332500,5.086250,33.250,170.000,0,OK
58890226,0.332500,5.086250,33.250,167.500,0,OK
58900222,0.330000,5.085000,33.000,167.500,0,OK
58910226,0.335000,5.081250,33.500,170.000,0,OK
58920222,0.335000,5.083750,33.500,170.000,0,OK
58930226,0.335000,5.085000,33.500,170.000,0,OK
58940222,0.330000,5.085000,33.250,170.000,0,OK
58950226,0.332500,5.085000,33.250,170.000,0,OK
58960222,0.332500,5.083750,32.750,167.500,0,OK
58970226,0.332500,5.083750,33.250,170.000,0,OK
58980222,0.332500,5.085000,33.250,167.500,0,OK
58990226,0.327500,5.083750,32.750,166.250,0,OK
59000222,0.332500,5.082500,33.250,170.000,0,OK
59010226,0.332500,5.085000,33.250,170.000,0,OK
59020222,0.335000,5.085000,33.500,170.000,0,OK
59030226,0.332500,5.086250,33.250,170.000,0,OK
59040222,0.332500,5.085000,33.250,170.000,0,OK
59050226,0.332500,5.085000,33.250,167.500,0,OK
59060222,0.332500,5.086250,33.250,170.000,0,OK
59070226,0.332500,5.083750,33.250,167.500,0,OK
59080222,0.330000,5.085000,33.000,167.500,0,OK
59090226,0.335000,5.083750,33.500,170.000,0,OK
59100222,0.330000,5.085000,33.000,167.500,0,OK
59110226,0.330000,5.083750,33.000,167.500,0,OK
59120222,0.335000,5.085000,33.250,170.000,0,OK
59130226,0.332500,5.083750,33.250,170.000,0,OK
59140222,0.332500,5.086250,33.000,167.500,0,OK
59150226,0.330000,5.085000,33.000,167.500,0,OK
59160222,0.335000,5.077500,33.500,170.000,0,OK
59170226,0.335000,5.085000,33.500,170.000,0,OK
59180222,0.332500,5.083750,33.250,170.000,0,OK
59190226,0.335000,5.083750,33.250,170.000,0,OK
59200222,0.332500,5.083750,33.250,170.000,0,OK
59210226,0.335000,5.085000,33.000,167.500,0,OK
59220222,0.330000,5.085000,33.000,167.500,0,OK
59230226,0.332500,5.085000,33.250,167.500,0,OK
59240222,0.332500,5.085000,33.250,170.000,0,OK
59250226,0.332500,5.078750,33.250,167.500,0,OK
59260222,0.332500,5.083750,33.250,170.000,0,OK
59270226,0.332500,5.083750,33.250,170.000,0,OK
59280222,0.335000,5.085000,33.000,167.500,0,OK
59290226,0.337500,5.085000,33.750,172.500,0,OK
59300222,0.332500,5.085000,33.000,167.500,0,OK
59310226,0.335000,5.086250,33.500,170.000,0,OK
59320222,0.332500,5.085000,33.000,167.500,0,OK
59330226,0.330000,5.085000,33.000,167.500,0,OK
59340222,0.332500,5.080000,33.250,167.500,0,OK
59350226,0.330000,5.085000,33.000,167.500,0,OK
59360222,0.332500,5.085000,33.250,170.000,0,OK
59370226,0.332500,5.085000,33.250,170.000,0,OK
59380222,0.332500,5.083750,33.250,170.000,0,OK
59390226,0.332500,5.085000,32.750,166.250,0,OK
59400222,0.332500,5.085000,33.250,170.000,0,OK
59410226,0.332500,5.086250,33.250,167.500,0,OK
59420222,0.332500,5.086250,33.250,170.000,0,OK
59430226,0.335000,5.080000,33.500,170.000,0,OK
59440222,0.342500,5.085000,33.250,170.000,0,OK
59450226,0.332500,5.086250,33.250,170.000,0,OK
59460222,0.330000,5.085000,33.250,170.000,0,OK
59470226,0.327500,5.085000,32.750,166.250,0,OK
59480222,0.335000,5.085000,33.000,170.000,0,OK
59490226,0.332500,5.083750,33.250,170.000,0,OK
59500222,0.337500,5.086250,33.750,172.500,0,OK
59510226,0.332500,5.085000,33.250,170.000,0,OK
59520222,0.332500,5.081250,33.250,167.500,0,OK
59530226,0.340000,5.085000,32.750,166.250,0,OK
59540222,0.332500,5.085000,33.250,170.000,0,OK
59550226,0.330000,5.085000,33.000,167.500,0,OK
59560222,0.327500,5.085000,32.750,166.250,0,OK
59570226,0.335000,5.085000,33.250,170.000,0,OK
59580222,0.332500,5.083750,33.250,170.000,0,OK
59590226,0.335000,5.083750,33.500,170.000,0,OK
59600222,0.330000,5.085000,33.000,167.500,0,OK
59610226,0.332500,5.082500,33.250,170.000,0,OK
59620222,0.337500,5.085000,33.250,170.000,0,OK
59630226,0.330000,5.085000,33.000,167.500,0,OK
59640222,0.332500,5.085000,33.000,167.500,0,OK
59650226,0.332500,5.085000,33.250,170.000,0,OK
59660222,0.332500,5.086250,33.000,167.500,0,OK
59670226,0.332500,5.085000,33.250,170.000,0,OK
59680222,0.330000,5.085000,33.000,167.500,0,OK
59690226,0.332500,5.083750,33.250,170.000,0,OK
59700222,0.332500,5.082500,33.250,170.000,0,OK
59710226,0.332500,5.083750,33.250,170.000,0,OK
59720222,0.332500,5.086250,33.250,170.000,0,OK
59730226,0.330000,5.085000,33.250,170.000,0,OK
59740222,0.330000,5.083750,33.000,167.500,0,OK
59750226,0.332500,5.085000,33.000,167.500,0,OK
59760218,0.330000,5.085000,33.000,167.500,0,OK
59770230,0.332500,5.077500,33.250,167.500,0,OK
59780218,0.332500,5.085000,33.250,170.000,0,OK
59790230,0.335000,5.083750,33.500,170.000,0,OK
59800218,0.332500,5.085000,33.250,170.000,0,OK
59810230,0.335000,5.085000,33.500,170.000,0,OK
59820218,0.332500,5.085000,33.000,167.500,0,OK
59830230,0.332500,5.085000,33.250,170.000,0,OK
59840218,0.335000,5.083750,33.250,170.000,0,OK
59850230,0.332500,5.085000,33.250,170.000,0,OK
59860218,0.335000,5.077500,33.500,170.000,0,OK
59870230,0.335000,5.086250,33.500,170.000,0,OK
59880218,0.335000,5.083750,33.500,170.000,0,OK
59890230,0.330000,5.086250,33.250,170.000,0,OK
59900218,0.332500,5.083750,33.250,170.000,0,OK
59910230,0.332500,5.083750,33.500,170.000,0,OK
59920218,0.332500,5.083750,33.250,170.000,0,OK
59930230,0.332500,5.086250,33.000,167.500,0,OK
59940218,0.330000,5.085000,33.000,167.500,0,OK
59950230,0.330000,5.080000,33.000,167.500,0,OK
59960218,0.332500,5.085000,33.250,170.000,0,OK
59970226,0.332500,5.085000,33.250,170.000,0,OK
59980222,0.335000,5.086250,33.250,170.000,0,OK
59990226,0.335000,5.085000,33.500,170.000,0,OK
# dropped_samples=0
# experiment_complete
[0;32mI (61572) main_task: Returned from app_main()[0m
