timestamp_us,shunt_voltage_mV,bus_voltage_V,current_mA,power_mW,workload_state,status
10242,0.330000,5.083750,33.000,167.500,0,OK
20218,0.335000,5.085000,32.750,170.000,0,OK
30226,0.330000,5.082500,33.000,167.500,0,OK
40222,0.335000,5.083750,33.500,170.000,0,OK
50226,0.332500,5.082500,33.250,170.000,0,OK
60222,0.332500,5.082500,33.250,170.000,0,OK
70226,0.337500,5.082500,33.250,170.000,0,OK
80222,0.332500,5.083750,33.250,170.000,0,OK
90226,0.332500,5.082500,33.250,170.000,0,OK
100222,0.330000,5.083750,33.000,167.500,0,OK
110226,0.332500,5.083750,33.000,167.500,0,OK
120218,0.330000,5.082500,33.000,167.500,0,OK
130230,0.332500,5.077500,33.250,167.500,0,OK
140218,0.332500,5.082500,33.250,170.000,0,OK
150230,0.332500,5.082500,33.250,170.000,0,OK
160218,0.332500,5.083750,33.250,170.000,0,OK
170230,0.335000,5.083750,33.500,170.000,0,OK
180218,0.330000,5.082500,33.000,167.500,0,OK
190230,0.332500,5.082500,33.250,170.000,0,OK
200218,0.332500,5.083750,33.000,167.500,0,OK
210230,0.330000,5.083750,33.000,167.500,0,OK
220218,0.332500,5.078750,33.250,167.500,0,OK
230226,0.332500,5.083750,33.250,170.000,0,OK
240222,0.332500,5.082500,33.250,170.000,0,OK
250226,0.332500,5.083750,33.250,170.000,0,OK
260222,0.332500,5.083750,33.250,170.000,0,OK
270226,0.330000,5.083750,33.250,170.000,0,OK
280222,0.335000,5.083750,33.500,170.000,0,OK
290226,0.335000,5.083750,33.250,170.000,0,OK
300222,0.332500,5.083750,33.250,170.000,0,OK
310226,0.332500,5.080000,33.250,167.500,0,OK
320222,0.345000,5.083750,33.500,170.000,0,OK
330226,0.337500,5.083750,33.750,172.500,0,OK
340222,0.332500,5.082500,33.250,170.000,0,OK
350226,0.332500,5.083750,33.250,170.000,0,OK
360222,0.335000,5.085000,33.500,170.000,0,OK
370226,0.332500,5.082500,33.250,170.000,0,OK
380222,0.335000,5.083750,33.500,170.000,0,OK
390226,0.332500,5.082500,33.250,170.000,0,OK
400222,0.335000,5.080000,33.500,170.000,0,OK
410226,0.342500,5.082500,33.250,170.000,0,OK
420222,0.337500,5.083750,33.750,172.500,0,OK
430226,0.332500,5.082500,33.000,167.500,0,OK
440222,0.332500,5.085000,33.250,170.000,0,OK
450226,0.335000,5.085000,32.750,170.000,0,OK
460222,0.330000,5.082500,33.000,167.500,0,OK
470226,0.335000,5.083750,33.500,170.000,0,OK
480218,0.332500,5.083750,33.250,170.000,0,OK
490230,0.332500,5.080000,33.250,167.500,0,OK
500218,0.340000,5.083750,33.500,170.000,0,OK
510230,0.332500,5.083750,33.250,170.000,0,OK
520218,0.332500,5.083750,33.250,170.000,0,OK
530230,0.332500,5.083750,33.250,170.000,0,OK
540218,0.332500,5.083750,33.250,167.500,0,OK
550230,0.330000,5.083750,33.000,167.500,0,OK
560218,0.332500,5.083750,33.250,167.500,0,OK
570226,0.332500,5.083750,33.250,170.000,0,OK
580222,0.335000,5.081250,33.500,170.000,0,OK
590226,0.332500,5.082500,33.250,170.000,0,OK
600222,0.335000,5.083750,33.500,170.000,0,OK
610226,0.332500,5.083750,33.000,167.500,0,OK
620222,0.332500,5.083750,33.250,170.000,0,OK
630226,0.332500,5.083750,33.250,167.500,0,OK
640222,0.330000,5.083750,33.000,167.500,0,OK
650226,0.335000,5.083750,33.500,170.000,0,OK
660218,0.332500,5.083750,33.250,170.000,0,OK
670230,0.330000,5.082500,33.000,167.500,0,OK
680218,0.335000,5.083750,33.250,170.000,0,OK
690226,0.332500,5.082500,33.250,170.000,0,OK
700222,0.335000,5.082500,33.250,170.000,0,OK
710226,0.332500,5.083750,33.250,170.000,0,OK
720222,0.337500,5.085000,33.500,172.500,0,OK
730226,0.335000,5.082500,33.500,170.000,0,OK
740222,0.337500,5.077500,33.750,172.500,0,OK
750226,0.332500,5.082500,33.250,170.000,0,OK
760222,0.340000,5.081250,34.000,172.500,0,OK
770226,0.330000,5.085000,33.250,170.000,0,OK
780222,0.335000,5.082500,33.500,170.000,0,OK
790226,0.332500,5.083750,33.250,170.000,0,OK
800222,0.335000,5.083750,33.500,170.000,0,OK
810226,0.335000,5.083750,33.250,170.000,0,OK
820222,0.335000,5.083750,33.500,170.000,0,OK
830226,0.337500,5.077500,33.750,172.500,0,OK
840222,0.335000,5.082500,33.500,170.000,0,OK
850226,0.337500,5.083750,33.750,172.500,0,OK
860222,0.340000,5.082500,34.000,172.500,0,OK
870226,0.332500,5.083750,33.250,170.000,0,OK
880222,0.337500,5.082500,33.750,172.500,0,OK
890226,0.330000,5.082500,33.000,167.500,0,OK
900222,0.340000,5.080000,33.500,172.500,0,OK
910226,0.332500,5.083750,33.250,170.000,0,OK
920222,0.337500,5.077500,33.750,172.500,0,OK
930226,0.332500,5.083750,33.250,170.000,0,OK
940222,0.337500,5.082500,33.750,172.500,0,OK
950226,0.335000,5.083750,33.000,167.500,0,OK
960222,0.330000,5.081250,33.000,167.500,0,OK
970226,0.332500,5.083750,33.500,170.000,0,OK
980218,0.335000,5.082500,33.500,170.000,0,OK
990230,0.332500,5.082500,33.250,167.500,0,OK
1000218,0.335000,5.082500,33.500,170.000,0,OK
1010230,0.337500,5.078750,33.750,172.500,0,OK
1020218,0.345000,5.083750,33.250,170.000,0,OK
1030230,0.332500,5.086250,33.250,170.000,0,OK
1040218,0.332500,5.083750,33.500,170.000,0,OK
1050230,0.332500,5.085000,33.250,170.000,0,OK
1060218,0.337500,5.083750,33.500,172.500,0,OK
1070230,0.332500,5.083750,33.250,170.000,0,OK
1080218,0.335000,5.083750,33.500,170.000,0,OK
1090230,0.330000,5.082500,33.000,167.500,0,OK
1100218,0.335000,5.080000,33.500,170.000,0,OK
1110226,0.340000,5.083750,33.000,167.500,0,OK
1120222,0.337500,5.083750,33.750,172.500,0,OK
1130226,0.330000,5.083750,33.500,170.000,0,OK
1140222,0.335000,5.082500,33.500,170.000,0,OK
1150226,0.332500,5.083750,33.250,167.500,0,OK
1160222,0.335000,5.082500,33.500,170.000,0,OK
1170226,0.335000,5.083750,33.500,170.000,0,OK
1180222,0.337500,5.083750,33.750,172.500,0,OK
1190226,0.335000,5.080000,33.500,170.000,0,OK
1200222,0.337500,5.081250,33.250,167.500,0,OK
1210226,0.332500,5.085000,33.250,170.000,0,OK
1220222,0.332500,5.082500,33.250,170.000,0,OK
1230226,0.332500,5.083750,33.250,170.000,0,OK
1240222,0.335000,5.083750,33.250,170.000,0,OK
1250226,0.330000,5.082500,33.000,167.500,0,OK
1260222,0.335000,5.083750,33.500,170.000,0,OK
1270226,0.327500,5.082500,32.750,166.250,0,OK
1280222,0.335000,5.081250,33.500,170.000,0,OK
1290226,0.332500,5.083750,32.750,166.250,0,OK
1300222,0.332500,5.083750,33.250,170.000,0,OK
1310226,0.330000,5.083750,33.250,170.000,0,OK
1320222,0.332500,5.083750,33.250,170.000,0,OK
1330226,0.332500,5.083750,33.000,167.500,0,OK
1340222,0.337500,5.082500,33.750,172.500,0,OK
1350226,0.335000,5.077500,33.500,170.000,0,OK
1360222,0.332500,5.082500,33.250,170.000,0,OK
1370226,0.335000,5.082500,33.500,170.000,0,OK
1380222,0.332500,5.082500,33.250,170.000,0,OK
1390226,0.330000,5.083750,33.000,167.500,0,OK
1400222,0.335000,5.083750,33.500,170.000,0,OK
1410226,0.332500,5.083750,33.250,170.000,0,OK
1420222,0.340000,5.082500,33.250,172.500,0,OK
1430226,0.337500,5.083750,33.750,172.500,0,OK
1440222,0.332500,5.077500,33.250,167.500,0,OK
1450226,0.332500,5.083750,33.250,170.000,0,OK
1460222,0.337500,5.082500,33.750,172.500,0,OK
1470226,0.332500,5.083750,33.250,170.000,0,OK
1480222,0.335000,5.083750,33.500,170.000,0,OK
1490226,0.335000,5.083750,33.250,170.000,0,OK
1500222,0.332500,5.083750,33.250,170.000,0,OK
1510226,0.330000,5.085000,33.000,167.500,0,OK
1520222,0.332500,5.083750,33.250,170.000,0,OK
1530226,0.327500,5.078750,32.750,166.250,0,OK
1540222,0.337500,5.082500,33.750,172.500,0,OK
1550226,0.332500,5.082500,33.250,170.000,0,OK
1560222,0.330000,5.082500,33.250,170.000,0,OK
1570226,0.332500,5.083750,33.250,170.000,0,OK
1580222,0.332500,5.083750,33.000,167.500,0,OK
1590226,0.330000,5.083750,33.000,167.500,0,OK
1600222,0.337500,5.083750,33.750,172.500,0,OK
1610226,0.332500,5.083750,33.250,170.000,0,OK
1620222,0.335000,5.080000,33.500,170.000,0,OK
1630226,0.345000,5.083750,33.250,170.000,0,OK
1640222,0.337500,5.082500,33.750,172.500,0,OK
1650226,0.332500,5.083750,33.500,170.000,0,OK
1660222,0.332500,5.083750,33.250,170.000,0,OK
1670226,0.335000,5.082500,33.000,170.000,0,OK
1680222,0.335000,5.082500,33.500,170.000,0,OK
1690226,0.332500,5.082500,33.250,167.500,0,OK
1700222,0.332500,5.083750,33.250,170.000,0,OK
1710226,0.332500,5.080000,33.250,167.500,0,OK
1720222,0.340000,5.085000,33.250,170.000,0,OK
1730226,0.332500,5.083750,33.250,170.000,0,OK
1740222,0.332500,5.082500,33.250,170.000,0,OK
1750226,0.330000,5.083750,33.000,167.500,0,OK
1760222,0.332500,5.083750,33.250,167.500,0,OK
1770226,0.332500,5.083750,33.250,170.000,0,OK
1780222,0.337500,5.083750,33.750,172.500,0,OK
1790226,0.332500,5.082500,33.250,170.000,0,OK
1800222,0.337500,5.081250,33.750,172.500,0,OK
1810226,0.335000,5.083750,33.000,167.500,0,OK
1820222,0.335000,5.083750,33.500,170.000,0,OK
1830226,0.332500,5.082500,33.000,167.500,0,OK
1840222,0.332500,5.083750,33.250,170.000,0,OK
1850226,0.332500,5.083750,33.500,167.500,0,OK
1860222,0.332500,5.082500,33.250,170.000,0,OK
1870226,0.335000,5.083750,33.500,170.000,0,OK
1880222,0.332500,5.082500,33.250,170.000,0,OK
1890226,0.332500,5.081250,33.250,167.500,0,OK
1900222,0.335000,5.082500,33.500,170.000,0,OK
1910226,0.332500,5.083750,33.250,170.000,0,OK
1920222,0.332500,5.082500,33.250,170.000,0,OK
1930226,0.332500,5.082500,33.250,170.000,0,OK
1940222,0.337500,5.083750,33.250,172.500,0,OK
1950226,0.332500,5.083750,33.250,170.000,0,OK
1960222,0.335000,5.076250,33.500,170.000,0,OK
1970226,0.332500,5.085000,33.250,170.000,0,OK
1980222,0.332500,5.082500,33.250,170.000,0,OK
1990226,0.332500,5.082500,33.250,170.000,0,OK
2000222,0.335000,5.082500,33.500,170.000,0,OK
2010226,0.332500,5.083750,33.000,167.500,0,OK
2020222,0.332500,5.082500,33.250,170.000,0,OK
2030226,0.337500,5.083750,33.250,172.500,0,OK
2040222,0.335000,5.081250,33.500,170.000,0,OK
2050226,0.335000,5.077500,33.500,170.000,0,OK
2060222,0.335000,5.082500,33.500,170.000,0,OK
2070226,0.335000,5.082500,33.500,170.000,0,OK
2080222,0.332500,5.082500,33.500,170.000,0,OK
2090226,0.332500,5.083750,33.250,170.000,0,OK
2100222,0.332500,5.083750,33.500,170.000,0,OK
2110226,0.330000,5.083750,33.000,167.500,0,OK
2120222,0.337500,5.082500,33.500,172.500,0,OK
2130226,0.332500,5.083750,33.250,170.000,0,OK
2140222,0.332500,5.077500,33.250,167.500,0,OK
2150226,0.332500,5.082500,33.250,170.000,0,OK
2160222,0.335000,5.082500,33.500,170.000,0,OK
2170226,0.332500,5.082500,33.000,167.500,0,OK
2180222,0.335000,5.083750,33.500,170.000,0,OK
2190226,0.332500,5.083750,33.000,167.500,0,OK
2200222,0.332500,5.082500,33.250,170.000,0,OK
2210226,0.335000,5.083750,33.000,170.000,0,OK
2220222,0.335000,5.082500,33.500,170.000,0,OK
2230226,0.332500,5.078750,33.250,167.500,0,OK
2240222,0.342500,5.082500,33.000,167.500,0,OK
2250226,0.335000,5.083750,33.500,170.000,0,OK
2260222,0.332500,5.083750,33.250,170.000,0,OK
2270226,0.330000,5.082500,33.000,167.500,0,OK
2280222,0.335000,5.083750,33.000,170.000,0,OK
2290226,0.330000,5.083750,33.000,167.500,0,OK
2300222,0.332500,5.083750,33.250,167.500,0,OK
2310226,0.332500,5.082500,33.250,170.000,0,OK
2320222,0.332500,5.080000,33.250,167.500,0,OK
2330226,0.340000,5.083750,33.000,167.500,0,OK
2340222,0.335000,5.083750,33.500,170.000,0,OK
2350226,0.330000,5.083750,33.250,170.000,0,OK
2360222,0.332500,5.082500,33.250,170.000,0,OK
2370226,0.332500,5.083750,33.250,167.500,0,OK
2380222,0.335000,5.083750,33.500,170.000,0,OK
2390226,0.335000,5.082500,33.500,170.000,0,OK
2400222,0.332500,5.082500,33.250,170.000,0,OK
2410226,0.335000,5.081250,33.500,170.000,0,OK
2420222,0.337500,5.083750,33.000,167.500,0,OK
2430226,0.330000,5.083750,33.000,167.500,0,OK
2440218,0.335000,5.082500,33.250,170.000,0,OK
2450226,0.332500,5.082500,33.250,170.000,0,OK
2460222,0.332500,5.083750,33.000,167.500,0,OK
2470226,0.332500,5.083750,33.250,170.000,0,OK
2480222,0.335000,5.083750,33.500,170.000,0,OK
2490226,0.332500,5.083750,33.250,170.000,0,OK
2500222,0.335000,5.081250,33.500,170.000,0,OK
2510226,0.335000,5.082500,33.250,170.000,0,OK
2520222,0.332500,5.083750,33.250,170.000,0,OK
2530226,0.330000,5.083750,33.500,170.000,0,OK
2540222,0.327500,5.083750,32.750,166.250,0,OK
2550226,0.332500,5.083750,33.250,167.500,0,OK
2560218,0.332500,5.082500,33.250,170.000,0,OK
2570230,0.332500,5.083750,33.250,167.500,0,OK
2580218,0.335000,5.083750,33.500,170.000,0,OK
2590230,0.337500,5.082500,33.750,172.500,0,OK
2600218,0.332500,5.083750,33.000,167.500,0,OK
2610230,0.332500,5.085000,33.250,170.000,0,OK
2620218,0.335000,5.083750,33.250,170.000,0,OK
2630230,0.327500,5.083750,32.750,166.250,0,OK
2640218,0.337500,5.083750,33.250,172.500,0,OK
2650226,0.330000,5.083750,33.000,167.500,0,OK
2660222,0.332500,5.077500,33.250,167.500,0,OK
2670226,0.330000,5.083750,33.000,167.500,0,OK
2680222,0.332500,5.082500,33.250,170.000,0,OK
2690226,0.330000,5.081250,33.250,167.500,0,OK
2700222,0.335000,5.083750,33.500,170.000,0,OK
2710226,0.332500,5.083750,33.250,170.000,0,OK
2720222,0.335000,5.083750,33.500,170.000,0,OK
2730226,0.332500,5.083750,33.250,167.500,0,OK
2740222,0.330000,5.085000,33.000,167.500,0,OK
2750226,0.332500,5.078750,33.250,167.500,0,OK
2760222,0.330000,5.083750,33.000,167.500,0,OK
2770226,0.332500,5.082500,33.250,170.000,0,OK
2780218,0.332500,5.083750,33.250,170.000,0,OK
2790230,0.335000,5.083750,33.500,170.000,0,OK
2800218,0.330000,5.083750,33.250,170.000,0,OK
2810230,0.332500,5.083750,33.250,170.000,0,OK
2820218,0.335000,5.083750,33.250,170.000,0,OK
2830230,0.332500,5.085000,33.250,170.000,0,OK
2840218,0.335000,5.077500,33.500,170.000,0,OK
2850230,0.342500,5.083750,33.000,167.500,0,OK
2860218,0.337500,5.083750,33.750,172.500,0,OK
2870230,0.330000,5.083750,33.250,170.000,0,OK
2880218,0.332500,5.083750,33.250,170.000,0,OK
2890230,0.332500,5.083750,33.000,167.500,0,OK
2900218,0.332500,5.083750,33.250,170.000,0,OK
2910230,0.335000,5.083750,33.500,170.000,0,OK
2920218,0.330000,5.082500,33.000,167.500,0,OK
2930230,0.335000,5.080000,33.500,170.000,0,OK
2940218,0.340000,5.083750,33.250,170.000,0,OK
2950230,0.332500,5.083750,33.250,170.000,0,OK
2960218,0.332500,5.083750,33.250,170.000,0,OK
2970230,0.332500,5.085000,33.250,170.000,0,OK
2980218,0.335000,5.082500,33.250,170.000,0,OK
2990230,0.330000,5.083750,33.000,167.500,0,OK
3000218,0.337500,5.082500,33.750,172.500,0,OK
3010226,0.335000,5.083750,33.500,170.000,0,OK
3020222,0.337500,5.080000,33.750,172.500,0,OK
3030226,0.337500,5.081250,33.250,167.500,0,OK
3040222,0.332500,5.083750,33.250,170.000,0,OK
3050226,0.327500,5.082500,33.250,170.000,0,OK
3060222,0.330000,5.082500,33.000,167.500,0,OK
3070226,0.335000,5.083750,33.000,170.000,0,OK
3080218,0.335000,5.083750,33.500,170.000,0,OK
3090230,0.332500,5.082500,33.250,167.500,0,OK
3100218,0.332500,5.085000,33.250,170.000,0,OK
3110230,0.332500,5.081250,33.250,167.500,0,OK
3120218,0.332500,5.082500,32.750,166.250,0,OK
3130230,0.332500,5.083750,33.250,170.000,0,OK
3140218,0.332500,5.082500,33.000,167.500,0,OK
3150230,0.330000,5.083750,33.000,167.500,0,OK
3160218,0.335000,5.083750,33.250,170.000,0,OK
3170226,0.327500,5.082500,32.750,166.250,0,OK
3180222,0.335000,5.085000,33.500,170.000,0,OK
3190226,0.330000,5.082500,33.000,167.500,0,OK
3200222,0.335000,5.081250,33.500,170.000,0,OK
3210226,0.332500,5.083750,33.250,170.000,0,OK
3220222,0.335000,5.082500,33.500,170.000,0,OK
3230226,0.327500,5.083750,33.250,170.000,0,OK
3240222,0.335000,5.083750,33.500,170.000,0,OK
3250226,0.335000,5.082500,33.250,170.000,0,OK
3260222,0.332500,5.085000,33.250,170.000,0,OK
3270226,0.337500,5.076250,33.750,172.500,0,OK
3280222,0.332500,5.082500,33.250,170.000,0,OK
3290226,0.335000,5.081250,33.500,170.000,0,OK
3300222,0.330000,5.082500,33.250,170.000,0,OK
3310226,0.332500,5.083750,33.250,170.000,0,OK
3320222,0.332500,5.081250,33.250,167.500,0,OK
3330226,0.330000,5.082500,33.000,167.500,0,OK
3340222,0.335000,5.082500,33.250,170.000,0,OK
3350226,0.332500,5.082500,33.250,170.000,0,OK
3360222,0.332500,5.078750,33.250,167.500,0,OK
3370226,0.330000,5.082500,33.000,167.500,0,OK
3380222,0.332500,5.082500,33.250,170.000,0,OK
3390226,0.332500,5.083750,33.250,170.000,0,OK
3400222,0.335000,5.082500,33.500,170.000,0,OK
3410226,0.335000,5.083750,33.250,170.000,0,OK
3420222,0.330000,5.082500,33.000,167.500,0,OK
3430226,0.332500,5.083750,33.250,167.500,0,OK
3440218,0.330000,5.082500,33.000,167.500,0,OK
3450230,0.330000,5.078750,33.000,167.500,0,OK
3460218,0.350000,5.082500,33.250,170.000,0,OK
3470226,0.337500,5.083750,33.750,172.500,0,OK
3480222,0.332500,5.082500,33.250,170.000,0,OK
3490226,0.335000,5.083750,33.500,170.000,0,OK
3500222,0.332500,5.083750,33.500,170.000,0,OK
3510226,0.332500,5.083750,33.250,170.000,0,OK
3520222,0.332500,5.083750,33.250,167.500,0,OK
3530226,0.332500,5.082500,33.250,170.000,0,OK
3540222,0.335000,5.078750,33.500,170.000,0,OK
3550226,0.340000,5.082500,33.250,170.000,0,OK
3560222,0.335000,5.082500,33.500,170.000,0,OK
3570226,0.330000,5.082500,32.750,166.250,0,OK
3580222,0.335000,5.082500,33.500,170.000,0,OK
3590226,0.332500,5.082500,33.500,167.500,0,OK
3600222,0.332500,5.085000,33.250,170.000,0,OK
3610226,0.335000,5.083750,33.500,170.000,0,OK
3620222,0.330000,5.085000,33.000,167.500,0,OK
3630226,0.337500,5.080000,33.750,172.500,0,OK
3640222,0.335000,5.082500,33.250,170.000,0,OK
3650226,0.332500,5.083750,33.250,170.000,0,OK
3660222,0.335000,5.082500,33.250,170.000,0,OK
3670226,0.330000,5.083750,33.000,167.500,0,OK
3680222,0.335000,5.082500,32.750,170.000,0,OK
3690226,0.330000,5.082500,33.000,167.500,0,OK
3700222,0.337500,5.083750,33.750,172.500,0,OK
3710226,0.332500,5.082500,33.250,170.000,0,OK
3720222,0.337500,5.080000,33.750,172.500,0,OK
3730226,0.332500,5.082500,33.500,170.000,0,OK
3740222,0.332500,5.083750,33.250,170.000,0,OK
3750226,0.330000,5.083750,33.000,167.500,0,OK
3760222,0.332500,5.083750,33.250,170.000,0,OK
3770226,0.332500,5.083750,33.000,167.500,0,OK
3780222,0.332500,5.082500,33.250,170.000,0,OK
3790226,0.332500,5.083750,33.250,167.500,0,OK
3800222,0.330000,5.083750,33.000,167.500,0,OK
3810226,0.335000,5.081250,33.500,170.000,0,OK
3820218,0.335000,5.083750,33.250,170.000,0,OK
3830230,0.332500,5.083750,33.250,170.000,0,OK
3840218,0.335000,5.083750,33.500,170.000,0,OK
3850230,0.330000,5.082500,33.000,167.500,0,OK
3860218,0.332500,5.083750,33.250,167.500,0,OK
3870226,0.332500,5.082500,33.250,170.000,0,OK
3880222,0.332500,5.077500,33.250,167.500,0,OK
3890226,0.332500,5.083750,33.250,170.000,0,OK
3900222,0.332500,5.081250,33.250,167.500,0,OK
3910226,0.330000,5.083750,33.250,170.000,0,OK
3920222,0.335000,5.083750,33.500,170.000,0,OK
3930226,0.332500,5.083750,33.250,170.000,0,OK
3940222,0.330000,5.082500,33.000,167.500,0,OK
3950226,0.332500,5.083750,33.000,167.500,0,OK
3960218,0.335000,5.083750,33.500,170.000,0,OK
3970230,0.332500,5.078750,33.250,167.500,0,OK
3980218,0.332500,5.082500,33.250,170.000,0,OK
3990230,0.332500,5.081250,33.250,167.500,0,OK
4000218,0.335000,5.082500,33.250,170.000,0,OK
4010230,0.335000,5.082500,33.500,170.000,0,OK
4020218,0.332500,5.082500,33.000,167.500,0,OK
4030230,0.330000,5.082500,33.000,167.500,0,OK
4040218,0.332500,5.083750,33.250,167.500,0,OK
4050226,0.332500,5.082500,33.250,170.000,0,OK
4060222,0.327500,5.078750,32.750,166.250,0,OK
4070226,0.350000,5.083750,32.750,166.250,0,OK
4080218,0.335000,5.082500,33.500,170.000,0,OK
4090226,0.332500,5.082500,33.000,167.500,0,OK
4100222,0.335000,5.083750,33.500,170.000,0,OK
4110226,0.337500,5.082500,33.250,170.000,0,OK
4120222,0.330000,5.082500,33.000,167.500,0,OK
4130226,0.335000,5.083750,33.500,170.000,0,OK
4140218,0.330000,5.082500,33.000,167.500,0,OK
4150230,0.332500,5.078750,33.250,167.500,0,OK
4160218,0.342500,5.081250,33.000,167.500,0,OK
4170230,0.337500,5.083750,33.750,172.500,0,OK
4180218,0.332500,5.083750,33.250,170.000,0,OK
4190230,0.332500,5.083750,33.250,170.000,0,OK
4200218,0.332500,5.083750,33.250,167.500,0,OK
4210230,0.332500,5.083750,33.250,170.000,0,OK
4220218,0.335000,5.085000,33.500,170.000,0,OK
4230230,0.332500,5.083750,33.250,170.000,0,OK
4240218,0.332500,5.081250,33.250,167.500,0,OK
4250230,0.337500,5.083750,33.250,170.000,0,OK
4260218,0.335000,5.083750,33.500,170.000,0,OK
4270230,0.330000,5.083750,33.250,170.000,0,OK
4280218,0.332500,5.083750,33.250,170.000,0,OK
4290230,0.335000,5.082500,33.000,170.000,0,OK
4300218,0.332500,5.082500,33.250,170.000,0,OK
4310230,0.335000,5.085000,33.500,170.000,0,OK
4320218,0.335000,5.083750,33.500,170.000,0,OK
4330230,0.335000,5.081250,33.500,170.000,0,OK
4340218,0.335000,5.083750,33.000,167.500,0,OK
4350230,0.332500,5.083750,33.250,170.000,0,OK
4360218,0.330000,5.083750,33.250,170.000,0,OK
4370230,0.332500,5.083750,33.250,170.000,0,OK
4380218,0.335000,5.082500,33.000,170.000,0,OK
4390230,0.330000,5.083750,33.000,167.500,0,OK
4400218,0.335000,5.085000,33.500,170.000,0,OK
4410226,0.332500,5.082500,33.250,170.000,0,OK
4420222,0.335000,5.080000,33.500,170.000,0,OK
4430226,0.332500,5.082500,33.250,170.000,0,OK
4440222,0.335000,5.082500,33.500,170.000,0,OK
4450226,0.332500,5.083750,33.250,170.000,0,OK
4460222,0.337500,5.082500,33.750,172.500,0,OK
4470226,0.332500,5.083750,33.250,167.500,0,OK
4480222,0.332500,5.082500,33.250,170.000,0,OK
4490226,0.335000,5.077500,33.500,170.000,0,OK
4500222,0.332500,5.085000,33.250,170.000,0,OK
4510226,0.335000,5.083750,33.500,170.000,0,OK
4520222,0.332500,5.082500,33.250,170.000,0,OK
4530226,0.335000,5.082500,33.500,170.000,0,OK
4540222,0.332500,5.083750,33.250,170.000,0,OK
4550226,0.335000,5.083750,33.500,170.000,0,OK
4560222,0.332500,5.085000,33.250,167.500,0,OK
4570226,0.330000,5.082500,33.000,167.500,0,OK
4580222,0.337500,5.078750,33.750,172.500,0,OK
4590226,0.332500,5.082500,33.250,170.000,0,OK
4600222,0.335000,5.082500,33.500,170.000,0,OK
4610226,0.332500,5.083750,33.250,170.000,0,OK
4620222,0.335000,5.083750,33.500,170.000,0,OK
4630226,0.335000,5.083750,33.250,170.000,0,OK
4640222,0.330000,5.082500,33.000,167.500,0,OK
4650226,0.337500,5.083750,33.250,172.500,0,OK
4660218,0.335000,5.082500,33.500,170.000,0,OK
4670230,0.332500,5.077500,33.250,167.500,0,OK
4680218,0.345000,5.082500,33.000,167.500,0,OK
4690230,0.335000,5.082500,33.500,170.000,0,OK
4700218,0.335000,5.082500,33.000,167.500,0,OK
4710230,0.332500,5.082500,33.250,170.000,0,OK
4720218,0.335000,5.082500,33.500,170.000,0,OK
4730230,0.330000,5.083750,33.000,167.500,0,OK
4740218,0.332500,5.082500,33.250,167.500,0,OK
4750226,0.335000,5.083750,33.500,170.000,0,OK
4760222,0.330000,5.080000,33.000,167.500,0,OK
4770226,0.342500,5.083750,33.250,170.000,0,OK
4780218,0.335000,5.082500,33.500,170.000,0,OK
4790230,0.330000,5.083750,33.500,170.000,0,OK
4800218,0.335000,5.082500,33.500,170.000,0,OK
4810230,0.332500,5.083750,33.000,167.500,0,OK
4820218,0.332500,5.082500,33.250,170.000,0,OK
4830230,0.332500,5.083750,33.250,167.500,0,OK
4840218,0.332500,5.083750,33.250,170.000,0,OK
4850230,0.332500,5.080000,33.250,167.500,0,OK
4860218,0.337500,5.083750,33.250,170.000,0,OK
4870230,0.332500,5.083750,33.250,170.000,0,OK
4880218,0.330000,5.082500,33.000,167.500,0,OK
4890230,0.332500,5.082500,33.250,170.000,0,OK
4900218,0.337500,5.082500,33.000,172.500,0,OK
4910230,0.332500,5.083750,33.250,170.000,0,OK
4920218,0.332500,5.082500,33.250,167.500,0,OK
4930230,0.335000,5.083750,33.500,170.000,0,OK
4940218,0.335000,5.080000,33.500,170.000,0,OK
4950230,0.332500,5.083750,33.500,170.000,0,OK
4960218,0.335000,5.081250,33.500,170.000,0,OK
4970230,0.332500,5.082500,33.250,170.000,0,OK
4980218,0.332500,5.082500,33.250,170.000,0,OK
4990230,0.332500,5.083750,33.250,167.500,0,OK
5000218,0.332500,5.082500,33.250,170.000,0,OK
5010230,0.332500,5.083750,33.250,167.500,0,OK
5020218,0.332500,5.082500,33.250,170.000,0,OK
5030230,0.335000,5.082500,33.500,170.000,0,OK
5040218,0.332500,5.082500,33.250,170.000,0,OK
5050230,0.335000,5.083750,33.500,170.000,0,OK
5060218,0.332500,5.082500,33.250,170.000,0,OK
5070230,0.332500,5.082500,33.250,170.000,0,OK
5080218,0.332500,5.083750,33.250,167.500,0,OK
5090230,0.332500,5.082500,33.250,170.000,0,OK
5100218,0.335000,5.076250,33.500,170.000,0,OK
5110230,0.330000,5.082500,33.000,167.500,0,OK
5120218,0.332500,5.083750,33.250,170.000,0,OK
5130226,0.330000,5.083750,33.250,170.000,0,OK
5140222,0.335000,5.082500,33.500,170.000,0,OK
5150226,0.330000,5.082500,33.250,170.000,0,OK
5160222,0.332500,5.083750,33.250,170.000,0,OK
5170226,0.332500,5.083750,33.000,167.500,0,OK
5180222,0.330000,5.082500,33.000,167.500,0,OK
5190226,0.332500,5.077500,33.250,167.500,0,OK
5200218,0.332500,5.083750,33.250,170.000,0,OK
5210230,0.332500,5.082500,33.250,170.000,0,OK
5220218,0.330000,5.082500,33.000,167.500,0,OK
5230230,0.332500,5.083750,33.250,170.000,0,OK
5240218,0.332500,5.083750,33.250,170.000,0,OK
5250230,0.330000,5.082500,33.000,167.500,0,OK
5260218,0.332500,5.083750,33.250,167.500,0,OK
5270226,0.330000,5.083750,33.000,167.500,0,OK
5280222,0.332500,5.078750,33.250,167.500,0,OK
5290226,0.347500,5.083750,33.250,170.000,0,OK
5300222,0.335000,5.082500,33.500,170.000,0,OK
5310226,0.332500,5.082500,33.250,170.000,0,OK
5320222,0.332500,5.082500,33.250,170.000,0,OK
5330226,0.332500,5.083750,33.250,170.000,0,OK
5340222,0.332500,5.082500,33.250,170.000,0,OK
5350226,0.332500,5.083750,33.250,167.500,0,OK
5360222,0.335000,5.082500,33.500,170.000,0,OK
5370226,0.335000,5.080000,33.500,170.000,0,OK
5380222,0.342500,5.082500,33.250,170.000,0,OK
5390226,0.332500,5.082500,33.250,170.000,0,OK
5400222,0.332500,5.082500,33.250,170.000,0,OK
5410226,0.332500,5.083750,33.250,170.000,0,OK
5420222,0.332500,5.083750,33.250,167.500,0,OK
5430226,0.330000,5.083750,33.000,167.500,0,OK
5440222,0.335000,5.082500,33.500,170.000,0,OK
5450226,0.330000,5.083750,33.000,167.500,0,OK
5460222,0.332500,5.078750,33.250,167.500,0,OK
5470226,0.340000,5.082500,33.250,170.000,0,OK
5480222,0.332500,5.082500,33.250,170.000,0,OK
5490226,0.332500,5.082500,33.000,167.500,0,OK
5500222,0.332500,5.083750,33.250,170.000,0,OK
5510226,0.332500,5.083750,33.000,167.500,0,OK
5520222,0.332500,5.081250,33.250,167.500,0,OK
5530226,0.335000,5.083750,33.500,170.000,0,OK
5540222,0.330000,5.082500,33.000,167.500,0,OK
5550226,0.335000,5.081250,33.500,170.000,0,OK
5560218,0.337500,5.082500,33.250,170.000,0,OK
5570230,0.335000,5.083750,33.500,170.000,0,OK
5580218,0.335000,5.082500,33.250,170.000,0,OK
5590230,0.330000,5.082500,33.000,167.500,0,OK
5600218,0.335000,5.082500,33.250,170.000,0,OK
5610226,0.330000,5.082500,33.000,167.500,0,OK
5620222,0.335000,5.083750,33.500,170.000,0,OK
5630226,0.332500,5.083750,33.250,170.000,0,OK
5640222,0.335000,5.081250,33.500,170.000,0,OK
5650226,0.330000,5.083750,33.000,167.500,0,OK
5660222,0.332500,5.083750,33.250,170.000,0,OK
5670226,0.332500,5.082500,33.500,170.000,0,OK
5680222,0.335000,5.082500,33.500,170.000,0,OK
5690226,0.335000,5.082500,32.750,170.000,0,OK
5700222,0.332500,5.083750,33.250,170.000,0,OK
5710226,0.332500,5.083750,33.250,167.500,0,OK
5720222,0.330000,5.083750,33.000,167.500,0,OK
5730226,0.332500,5.082500,33.250,170.000,0,OK
5740218,0.332500,5.082500,33.250,170.000,0,OK
5750230,0.332500,5.083750,33.250,170.000,0,OK
5760218,0.332500,5.083750,33.250,170.000,0,OK
5770230,0.335000,5.083750,33.500,170.000,0,OK
5780218,0.332500,5.082500,33.500,167.500,0,OK
5790230,0.330000,5.082500,33.000,167.500,0,OK
5800218,0.332500,5.077500,33.250,167.500,0,OK
5810226,0.335000,5.082500,33.500,170.000,0,OK
5820222,0.335000,5.083750,33.500,170.000,0,OK
5830226,0.332500,5.081250,33.250,167.500,0,OK
5840222,0.332500,5.082500,33.250,170.000,0,OK
5850226,0.335000,5.081250,33.250,167.500,0,OK
5860222,0.332500,5.082500,33.250,170.000,0,OK
5870226,0.332500,5.082500,33.250,167.500,0,OK
5880222,0.335000,5.082500,33.500,170.000,0,OK
5890226,0.332500,5.078750,33.250,167.500,0,OK
5900222,0.345000,5.082500,33.250,170.000,0,OK
5910226,0.332500,5.083750,33.250,170.000,0,OK
5920222,0.330000,5.082500,33.250,170.000,0,OK
5930226,0.332500,5.082500,33.250,170.000,0,OK
5940222,0.332500,5.082500,33.250,170.000,0,OK
5950226,0.330000,5.083750,33.000,167.500,0,OK
5960222,0.332500,5.083750,33.250,167.500,0,OK
5970226,0.332500,5.082500,33.250,170.000,0,OK
5980222,0.335000,5.078750,33.500,170.000,0,OK
5990226,0.342500,5.081250,33.250,167.500,0,OK
6000222,0.332500,5.082500,33.250,170.000,0,OK
6010226,0.330000,5.083750,33.000,167.500,0,OK
6020222,0.332500,5.085000,33.250,170.000,0,OK
6030226,0.335000,5.082500,33.250,170.000,0,OK
6040222,0.332500,5.082500,33.250,170.000,0,OK
6050226,0.332500,5.082500,33.250,167.500,0,OK
6060222,0.332500,5.081250,33.250,167.500,0,OK
6070226,0.335000,5.078750,33.500,170.000,0,OK
6080222,0.342500,5.082500,33.500,170.000,0,OK
6090226,0.332500,5.083750,33.250,170.000,0,OK
6100222,0.332500,5.082500,33.500,170.000,0,OK
6110226,0.332500,5.082500,33.250,170.000,0,OK
6120222,0.330000,5.083750,33.250,167.500,0,OK
6130226,0.330000,5.083750,33.000,167.500,0,OK
6140222,0.335000,5.082500,33.500,170.000,0,OK
6150226,0.332500,5.083750,33.250,170.000,0,OK
6160222,0.332500,5.080000,33.250,167.500,0,OK
6170226,0.337500,5.082500,33.500,170.000,0,OK
6180222,0.335000,5.082500,33.500,170.000,0,OK
6190226,0.332500,5.082500,33.500,170.000,0,OK
6200222,0.332500,5.082500,33.250,170.000,0,OK
6210226,0.337500,5.083750,33.250,172.500,0,OK
6220222,0.335000,5.083750,33.500,170.000,0,OK
6230226,0.332500,5.083750,33.250,167.500,0,OK
6240222,0.332500,5.082500,33.250,170.000,0,OK
6250226,0.332500,5.081250,33.250,167.500,0,OK
6260222,0.332500,5.082500,33.000,167.500,0,OK
6270226,0.330000,5.083750,33.000,167.500,0,OK
6280222,0.332500,5.082500,33.250,170.000,0,OK
6290226,0.332500,5.082500,33.250,170.000,0,OK
6300222,0.335000,5.083750,33.000,170.000,0,OK
6310226,0.330000,5.082500,33.000,167.500,0,OK
6320222,0.332500,5.082500,33.250,167.500,0,OK
6330226,0.332500,5.082500,33.250,170.000,0,OK
6340222,0.335000,5.080000,33.500,170.000,0,OK
6350226,0.332500,5.082500,33.000,167.500,0,OK
6360222,0.335000,5.082500,33.500,170.000,0,OK
6370226,0.332500,5.082500,33.250,170.000,0,OK
6380222,0.332500,5.082500,33.250,170.000,0,OK
6390226,0.332500,5.082500,33.000,167.500,0,OK
6400222,0.327500,5.082500,32.750,166.250,0,OK
6410226,0.335000,5.076250,33.500,170.000,0,OK
6420218,0.332500,5.083750,33.250,170.000,0,OK
6430230,0.332500,5.082500,33.250,170.000,0,OK
6440218,0.332500,5.082500,33.000,167.500,0,OK
6450230,0.332500,5.083750,33.250,170.000,0,OK
6460218,0.335000,5.082500,32.750,166.250,0,OK
6470230,0.332500,5.082500,33.250,170.000,0,OK
6480218,0.337500,5.082500,33.000,172.500,0,OK
6490230,0.330000,5.083750,33.000,167.500,0,OK
6500218,0.332500,5.077500,33.250,167.500,0,OK
6510226,0.330000,5.082500,33.000,167.500,0,OK
6520222,0.337500,5.082500,33.750,172.500,0,OK
6530226,0.332500,5.083750,32.750,166.250,0,OK
6540222,0.332500,5.083750,33.250,170.000,0,OK
6550226,0.332500,5.083750,33.250,170.000,0,OK
6560222,0.332500,5.081250,33.250,167.500,0,OK
6570226,0.335000,5.083750,33.250,170.000,0,OK
6580222,0.330000,5.082500,33.000,167.500,0,OK
6590226,0.332500,5.078750,33.250,167.500,0,OK
6600218,0.345000,5.083750,33.250,170.000,0,OK
6610230,0.332500,5.083750,33.250,170.000,0,OK
6620218,0.332500,5.082500,33.000,167.500,0,OK
6630230,0.335000,5.083750,33.500,170.000,0,OK
6640218,0.332500,5.083750,33.250,170.000,0,OK
6650230,0.327500,5.083750,32.750,166.250,0,OK
6660218,0.335000,5.085000,33.500,170.000,0,OK
6670226,0.327500,5.082500,32.750,166.250,0,OK
6680222,0.332500,5.081250,33.250,167.500,0,OK
6690226,0.337500,5.081250,33.000,167.500,0,OK
6700222,0.337500,5.082500,33.750,172.500,0,OK
6710226,0.332500,5.081250,33.000,167.500,0,OK
6720222,0.335000,5.082500,33.500,170.000,0,OK
6730226,0.337500,5.082500,33.250,172.500,0,OK
6740222,0.332500,5.082500,33.250,170.000,0,OK
6750226,0.335000,5.082500,33.500,170.000,0,OK
6760222,0.330000,5.082500,33.000,167.500,0,OK
6770226,0.335000,5.080000,33.500,170.000,0,OK
6780218,0.337500,5.083750,33.000,167.500,0,OK
6790230,0.332500,5.082500,33.250,170.000,0,OK
6800218,0.332500,5.083750,33.250,170.000,0,OK
6810230,0.330000,5.081250,33.000,167.500,0,OK
6820218,0.332500,5.083750,33.250,167.500,0,OK
6830226,0.330000,5.082500,33.000,167.500,0,OK
6840222,0.335000,5.083750,33.500,170.000,0,OK
6850226,0.330000,5.083750,33.000,167.500,0,OK
6860222,0.337500,5.080000,33.750,172.500,0,OK
6870226,0.335000,5.083750,33.250,170.000,0,OK
6880222,0.337500,5.083750,33.750,172.500,0,OK
6890226,0.335000,5.082500,33.250,170.000,0,OK
6900222,0.332500,5.083750,33.250,170.000,0,OK
6910226,0.332500,5.083750,33.000,167.500,0,OK
6920222,0.332500,5.082500,33.250,170.000,0,OK
6930226,0.332500,5.083750,33.250,167.500,0,OK
6940222,0.332500,5.082500,33.250,170.000,0,OK
6950226,0.337500,5.081250,33.750,172.500,0,OK
6960222,0.330000,5.083750,33.000,167.500,0,OK
6970226,0.332500,5.083750,33.250,170.000,0,OK
6980218,0.337500,5.083750,33.500,170.000,0,OK
6990230,0.332500,5.081250,33.250,167.500,0,OK
7000218,0.332500,5.083750,32.750,167.500,0,OK
7010230,0.330000,5.083750,33.000,167.500,0,OK
7020218,0.335000,5.077500,33.500,170.000,0,OK
7030226,0.330000,5.082500,33.000,167.500,0,OK
7040222,0.335000,5.082500,33.500,170.000,0,OK
7050226,0.330000,5.082500,33.000,167.500,0,OK
7060222,0.337500,5.085000,33.750,172.500,0,OK
7070226,0.335000,5.085000,33.250,170.000,0,OK
7080222,0.335000,5.082500,33.500,170.000,0,OK
7090226,0.335000,5.082500,33.000,170.000,0,OK
7100222,0.332500,5.082500,33.250,170.000,0,OK
7110226,0.332500,5.080000,33.250,167.500,0,OK
7120222,0.327500,5.083750,32.750,166.250,0,OK
7130226,0.332500,5.082500,33.250,170.000,0,OK
7140218,0.330000,5.083750,33.250,170.000,0,OK
7150230,0.335000,5.083750,33.500,170.000,0,OK
7160218,0.332500,5.083750,33.250,170.000,0,OK
7170230,0.330000,5.081250,33.000,167.500,0,OK
7180218,0.337500,5.083750,33.000,172.500,0,OK
7190226,0.330000,5.083750,33.000,167.500,0,OK
7200222,0.332500,5.078750,33.250,167.500,0,OK
7210226,0.345000,5.083750,33.000,167.500,0,OK
7220222,0.332500,5.083750,33.250,170.000,0,OK
7230226,0.332500,5.082500,33.250,170.000,0,OK
7240222,0.332500,5.082500,33.250,170.000,0,OK
7250226,0.335000,5.082500,33.250,170.000,0,OK
7260222,0.335000,5.081250,33.500,170.000,0,OK
7270226,0.332500,5.083750,33.250,167.500,0,OK
7280222,0.332500,5.083750,33.250,170.000,0,OK
7290226,0.340000,5.078750,34.000,172.500,0,OK
7300222,0.337500,5.082500,33.250,170.000,0,OK
7310226,0.332500,5.082500,33.250,170.000,0,OK
7320222,0.332500,5.082500,33.250,170.000,0,OK
7330226,0.332500,5.082500,33.250,170.000,0,OK
7340222,0.332500,5.082500,33.250,167.500,0,OK
7350226,0.332500,5.082500,33.250,170.000,0,OK
7360222,0.332500,5.082500,33.250,167.500,0,OK
7370226,0.332500,5.083750,33.250,170.000,0,OK
7380222,0.335000,5.078750,33.500,170.000,0,OK
7390226,0.335000,5.083750,33.000,167.500,0,OK
7400222,0.332500,5.083750,33.250,170.000,0,OK
7410226,0.332500,5.082500,33.250,170.000,0,OK
7420222,0.332500,5.082500,33.250,170.000,0,OK
7430226,0.332500,5.083750,33.250,167.500,0,OK
7440222,0.332500,5.082500,33.250,170.000,0,OK
7450226,0.332500,5.083750,33.250,167.500,0,OK
7460222,0.332500,5.083750,33.250,170.000,0,OK
7470226,0.335000,5.080000,33.500,170.000,0,OK
7480222,0.332500,5.083750,33.250,170.000,0,OK
7490226,0.332500,5.085000,33.250,170.000,0,OK
7500222,0.332500,5.083750,33.500,170.000,0,OK
7510226,0.330000,5.082500,33.000,167.500,0,OK
7520222,0.335000,5.081250,33.250,170.000,0,OK
7530226,0.332500,5.082500,33.250,170.000,0,OK
7540222,0.335000,5.082500,33.500,170.000,0,OK
7550226,0.332500,5.082500,33.250,170.000,0,OK
7560222,0.332500,5.081250,33.250,167.500,0,OK
7570226,0.332500,5.082500,33.500,170.000,0,OK
7580222,0.332500,5.083750,33.250,170.000,0,OK
7590226,0.332500,5.083750,33.250,170.000,0,OK
7600222,0.332500,5.083750,33.250,170.000,0,OK
7610226,0.332500,5.082500,33.250,167.500,0,OK
7620222,0.332500,5.082500,33.250,170.000,0,OK
7630226,0.335000,5.077500,33.500,170.000,0,OK
7640222,0.332500,5.082500,33.250,170.000,0,OK
7650226,0.335000,5.082500,33.500,170.000,0,OK
7660222,0.332500,5.082500,33.250,170.000,0,OK
7670226,0.332500,5.083750,33.250,170.000,0,OK
7680222,0.332500,5.083750,33.250,170.000,0,OK
7690226,0.332500,5.082500,33.250,170.000,0,OK
7700222,0.335000,5.082500,33.250,170.000,0,OK
7710226,0.330000,5.083750,33.000,167.500,0,OK
7720222,0.337500,5.077500,33.750,172.500,0,OK
7730226,0.332500,5.083750,33.250,170.000,0,OK
7740222,0.335000,5.081250,33.500,170.000,0,OK
7750226,0.330000,5.083750,32.750,166.250,0,OK
7760222,0.332500,5.081250,33.250,167.500,0,OK
7770226,0.335000,5.082500,33.250,170.000,0,OK
7780222,0.332500,5.082500,33.250,170.000,0,OK
7790226,0.332500,5.082500,33.000,167.500,0,OK
7800222,0.332500,5.082500,33.250,170.000,0,OK
7810226,0.330000,5.078750,33.000,167.500,0,OK
7820222,0.345000,5.082500,33.250,170.000,0,OK
7830226,0.332500,5.082500,33.250,170.000,0,OK
7840222,0.330000,5.082500,33.000,167.500,0,OK
7850226,0.332500,5.082500,33.250,170.000,0,OK
7860218,0.330000,5.081250,33.000,167.500,0,OK
7870230,0.332500,5.082500,33.250,170.000,0,OK
7880218,0.337500,5.082500,33.750,172.500,0,OK
7890230,0.332500,5.083750,33.250,170.000,0,OK
7900218,0.335000,5.078750,33.500,170.000,0,OK
7910230,0.340000,5.082500,33.250,170.000,0,OK
7920218,0.335000,5.082500,33.500,170.000,0,OK
7930230,0.332500,5.083750,33.000,167.500,0,OK
7940218,0.330000,5.083750,33.000,167.500,0,OK
7950230,0.332500,5.083750,33.000,167.500,0,OK
7960218,0.332500,5.082500,33.250,170.000,0,OK
7970230,0.332500,5.083750,33.250,167.500,0,OK
7980218,0.330000,5.083750,33.000,167.500,0,OK
7990230,0.332500,5.081250,33.250,167.500,0,OK
8000218,0.340000,5.082500,33.250,170.000,0,OK
8010230,0.332500,5.082500,33.250,170.000,0,OK
8020218,0.330000,5.083750,33.000,167.500,0,OK
8030230,0.330000,5.083750,33.000,167.500,0,OK
8040218,0.332500,5.082500,33.250,167.500,0,OK
8050226,0.332500,5.082500,33.250,170.000,0,OK
8060222,0.332500,5.083750,33.250,167.500,0,OK
8070226,0.332500,5.083750,33.250,170.000,0,OK
8080222,0.332500,5.080000,33.250,167.500,0,OK
8090226,0.332500,5.082500,33.250,170.000,0,OK
8100222,0.335000,5.082500,33.500,170.000,0,OK
8110226,0.335000,5.082500,33.250,170.000,0,OK
8120222,0.332500,5.082500,33.250,170.000,0,OK
8130226,0.332500,5.083750,33.000,167.500,0,OK
8140222,0.330000,5.082500,33.000,167.500,0,OK
8150226,0.332500,5.083750,33.250,167.500,0,OK
8160218,0.335000,5.082500,33.500,170.000,0,OK
8170230,0.330000,5.081250,33.000,167.500,0,OK
8180218,0.332500,5.082500,33.250,170.000,0,OK
8190226,0.332500,5.083750,33.250,170.000,0,OK
8200222,0.332500,5.083750,33.000,167.500,0,OK
8210226,0.332500,5.082500,33.250,170.000,0,OK
8220222,0.332500,5.082500,33.000,167.500,0,OK
8230226,0.332500,5.083750,33.250,170.000,0,OK
8240222,0.332500,5.077500,33.250,167.500,0,OK
8250226,0.330000,5.083750,33.000,167.500,0,OK
8260222,0.335000,5.081250,33.500,170.000,0,OK
8270226,0.330000,5.082500,33.000,167.500,0,OK
8280222,0.337500,5.083750,33.750,172.500,0,OK
8290226,0.337500,5.082500,33.500,170.000,0,OK
8300222,0.332500,5.083750,33.250,170.000,0,OK
8310226,0.332500,5.082500,33.250,167.500,0,OK
8320222,0.332500,5.081250,33.250,167.500,0,OK
8330226,0.332500,5.076250,33.250,167.500,0,OK
8340222,0.332500,5.081250,33.250,167.500,0,OK
8350226,0.335000,5.082500,33.500,170.000,0,OK
8360222,0.335000,5.083750,33.250,170.000,0,OK
8370226,0.332500,5.083750,33.250,170.000,0,OK
8380222,0.335000,5.083750,33.250,170.000,0,OK
8390226,0.330000,5.082500,33.000,167.500,0,OK
8400222,0.335000,5.083750,33.000,170.000,0,OK
8410226,0.335000,5.082500,33.500,170.000,0,OK
8420222,0.335000,5.078750,33.500,170.000,0,OK
8430226,0.345000,5.082500,33.250,170.000,0,OK
8440222,0.332500,5.083750,33.250,170.000,0,OK
8450226,0.332500,5.082500,33.250,170.000,0,OK
8460222,0.335000,5.082500,33.500,170.000,0,OK
8470226,0.332500,5.082500,33.750,172.500,0,OK
8480222,0.335000,5.081250,33.500,170.000,0,OK
8490226,0.335000,5.082500,33.500,170.000,0,OK
8500222,0.332500,5.083750,33.250,170.000,0,OK
8510226,0.332500,5.080000,33.250,167.500,0,OK
8520222,0.342500,5.082500,33.250,170.000,0,OK
8530226,0.332500,5.083750,33.250,170.000,0,OK
8540222,0.332500,5.082500,33.250,170.000,0,OK
8550226,0.332500,5.083750,33.250,170.000,0,OK
8560222,0.335000,5.085000,33.250,170.000,0,OK
8570226,0.332500,5.083750,33.250,170.000,0,OK
8580222,0.332500,5.082500,33.250,167.500,0,OK
8590226,0.327500,5.082500,32.750,166.250,0,OK
8600222,0.335000,5.080000,33.500,170.000,0,OK
8610226,0.342500,5.083750,33.250,170.000,0,OK
8620222,0.332500,5.082500,33.250,170.000,0,OK
8630226,0.332500,5.082500,33.000,167.500,0,OK
8640222,0.335000,5.083750,33.500,170.000,0,OK
8650226,0.335000,5.083750,33.000,170.000,0,OK
8660222,0.332500,5.083750,33.250,170.000,0,OK
8670226,0.330000,5.082500,33.000,167.500,0,OK
8680222,0.332500,5.083750,33.250,170.000,0,OK
8690226,0.332500,5.080000,33.250,167.500,0,OK
8700222,0.335000,5.083750,33.250,170.000,0,OK
8710226,0.335000,5.085000,33.500,170.000,0,OK
8720222,0.332500,5.081250,33.250,167.500,0,OK
8730226,0.332500,5.082500,33.250,170.000,0,OK
8740222,0.337500,5.082500,33.000,172.500,0,OK
8750226,0.332500,5.083750,33.250,170.000,0,OK
8760222,0.335000,5.083750,33.500,170.000,0,OK
8770226,0.332500,5.083750,33.250,170.000,0,OK
8780222,0.332500,5.081250,33.250,167.500,0,OK
8790226,0.330000,5.083750,33.250,170.000,0,OK
8800222,0.335000,5.083750,33.500,170.000,0,OK
8810226,0.332500,5.083750,33.250,170.000,0,OK
8820222,0.332500,5.083750,33.250,170.000,0,OK
8830226,0.335000,5.083750,33.250,170.000,0,OK
8840222,0.330000,5.082500,33.000,167.500,0,OK
8850226,0.335000,5.076250,33.500,170.000,0,OK
8860218,0.332500,5.082500,33.250,170.000,0,OK
8870230,0.332500,5.082500,33.250,170.000,0,OK
8880218,0.330000,5.083750,33.000,167.500,0,OK
8890230,0.332500,5.085000,33.250,170.000,0,OK
8900218,0.332500,5.082500,33.500,170.000,0,OK
8910230,0.330000,5.083750,33.000,167.500,0,OK
8920218,0.337500,5.083750,33.000,172.500,0,OK
8930226,0.332500,5.082500,33.250,170.000,0,OK
8940222,0.332500,5.077500,33.250,167.500,0,OK
8950226,0.330000,5.081250,33.000,167.500,0,OK
8960222,0.335000,5.082500,33.500,170.000,0,OK
8970226,0.330000,5.082500,33.250,170.000,0,OK
8980222,0.335000,5.083750,33.500,170.000,0,OK
8990226,0.332500,5.082500,33.250,170.000,0,OK
9000222,0.332500,5.083750,33.250,170.000,0,OK
9010226,0.335000,5.083750,33.250,170.000,0,OK
9020222,0.332500,5.083750,33.250,170.000,0,OK
9030226,0.330000,5.077500,33.000,167.500,0,OK
9040222,0.347500,5.083750,33.250,170.000,0,OK
9050226,0.335000,5.082500,33.500,170.000,0,OK
9060222,0.335000,5.082500,33.250,170.000,0,OK
9070226,0.335000,5.083750,33.500,170.000,0,OK
9080222,0.337500,5.082500,33.250,170.000,0,OK
9090226,0.335000,5.083750,33.500,170.000,0,OK
9100222,0.332500,5.082500,33.250,167.500,0,OK
9110226,0.330000,5.083750,33.000,167.500,0,OK
9120222,0.332500,5.078750,33.250,167.500,0,OK
9130226,0.340000,5.082500,33.250,170.000,0,OK
9140222,0.335000,5.083750,33.500,170.000,0,OK
9150226,0.332500,5.083750,33.000,167.500,0,OK
9160222,0.330000,5.082500,33.000,167.500,0,OK
9170226,0.335000,5.083750,33.250,170.000,0,OK
9180218,0.332500,5.083750,33.250,170.000,0,OK
9190230,0.335000,5.083750,33.500,170.000,0,OK
9200218,0.332500,5.083750,33.250,170.000,0,OK
9210230,0.335000,5.080000,33.500,170.000,0,OK
9220218,0.342500,5.083750,33.250,170.000,0,OK
9230230,0.335000,5.083750,33.500,170.000,0,OK
9240218,0.335000,5.083750,33.250,170.000,0,OK
9250230,0.335000,5.083750,33.500,170.000,0,OK
9260218,0.337500,5.083750,33.250,172.500,0,OK
9270230,0.332500,5.083750,33.250,170.000,0,OK
9280218,0.335000,5.083750,33.500,170.000,0,OK
9290230,0.332500,5.083750,33.250,170.000,0,OK
9300218,0.332500,5.081250,33.250,167.500,0,OK
9310230,0.332500,5.083750,33.250,170.000,0,OK
9320218,0.335000,5.083750,33.500,170.000,0,OK
9330230,0.330000,5.081250,33.250,167.500,0,OK
9340218,0.332500,5.082500,33.250,170.000,0,OK
9350230,0.332500,5.082500,33.250,167.500,0,OK
9360218,0.332500,5.082500,33.250,170.000,0,OK
9370230,0.332500,5.083750,33.250,167.500,0,OK
9380218,0.330000,5.083750,33.000,167.500,0,OK
9390230,0.335000,5.080000,33.500,170.000,0,OK
9400218,0.332500,5.082500,33.250,170.000,0,OK
9410230,0.335000,5.083750,33.500,170.000,0,OK
9420218,0.330000,5.082500,33.250,170.000,0,OK
9430230,0.332500,5.083750,33.250,170.000,0,OK
9440218,0.335000,5.083750,33.250,170.000,0,OK
9450230,0.332500,5.083750,33.250,170.000,0,OK
9460218,0.332500,5.076250,33.250,167.500,0,OK
9470230,0.332500,5.082500,33.250,170.000,0,OK
9480218,0.335000,5.082500,33.500,170.000,0,OK
9490230,0.335000,5.082500,33.250,170.000,0,OK
9500218,0.332500,5.083750,33.250,170.000,0,OK
9510230,0.332500,5.083750,33.250,170.000,0,OK
9520218,0.332500,5.082500,33.250,170.000,0,OK
9530230,0.335000,5.082500,33.250,170.000,0,OK
9540218,0.332500,5.083750,33.250,170.000,0,OK
9550230,0.335000,5.077500,33.500,170.000,0,OK
9560218,0.332500,5.083750,33.250,170.000,0,OK
9570230,0.330000,5.082500,33.000,167.500,0,OK
9580218,0.332500,5.082500,33.000,167.500,0,OK
9590226,0.330000,5.083750,33.000,167.500,0,OK
9600222,0.335000,5.082500,33.000,167.500,0,OK
9610226,0.332500,5.082500,33.250,170.000,0,OK
9620218,0.332500,5.082500,33.250,167.500,0,OK
9630230,0.332500,5.083750,33.250,170.000,0,OK
9640218,0.335000,5.078750,33.500,170.000,0,OK
9650230,0.332500,5.083750,33.250,170.000,0,OK
9660218,0.335000,5.083750,33.500,170.000,0,OK
9670230,0.330000,5.082500,33.000,167.500,0,OK
9680218,0.335000,5.083750,33.500,170.000,0,OK
9690226,0.330000,5.083750,33.000,167.500,0,OK
9700222,0.332500,5.082500,33.250,170.000,0,OK
9710226,0.332500,5.083750,33.250,167.500,0,OK
9720222,0.332500,5.082500,33.250,170.000,0,OK
9730226,0.332500,5.080000,33.250,167.500,0,OK
9740222,0.342500,5.082500,33.250,170.000,0,OK
9750226,0.335000,5.083750,33.500,170.000,0,OK
9760222,0.332500,5.085000,33.250,170.000,0,OK
9770226,0.332500,5.083750,33.250,170.000,0,OK
9780222,0.332500,5.083750,33.500,167.500,0,OK
9790226,0.330000,5.083750,33.000,167.500,0,OK
9800222,0.335000,5.083750,33.500,170.000,0,OK
9810226,0.330000,5.081250,33.000,167.500,0,OK
9820222,0.337500,5.080000,33.750,172.500,0,OK
9830226,0.340000,5.083750,33.250,170.000,0,OK
9840222,0.332500,5.085000,33.250,170.000,0,OK
9850226,0.330000,5.081250,33.250,167.500,0,OK
9860222,0.332500,5.085000,33.250,170.000,0,OK
9870226,0.335000,5.083750,33.500,170.000,0,OK
9880222,0.332500,5.083750,33.250,170.000,0,OK
9890226,0.335000,5.082500,33.500,170.000,0,OK
9900222,0.332500,5.083750,33.250,170.000,0,OK
9910226,0.332500,5.080000,33.250,167.500,0,OK
9920222,0.337500,5.083750,33.250,170.000,0,OK
9930226,0.332500,5.083750,33.250,170.000,0,OK
9940222,0.330000,5.083750,33.250,170.000,0,OK
9950226,0.332500,5.083750,33.250,170.000,0,OK
9960222,0.332500,5.082500,33.000,167.500,0,OK
9970226,0.332500,5.083750,33.250,170.000,0,OK
9980222,0.332500,5.082500,33.250,167.500,0,OK
9990226,0.330000,5.081250,33.000,167.500,0,OK
10000222,0.337500,5.081250,33.750,172.500,0,OK
10010226,0.332500,5.082500,33.250,170.000,0,OK
10020222,0.332500,5.083750,33.250,170.000,0,OK
10030226,0.332500,5.083750,33.250,170.000,0,OK
10040222,0.332500,5.082500,33.250,170.000,0,OK
10050226,0.330000,5.083750,33.000,167.500,0,OK
10060222,0.332500,5.083750,33.250,170.000,0,OK
10070226,0.332500,5.077500,33.250,167.500,0,OK
10080222,0.332500,5.082500,33.250,170.000,0,OK
10090226,0.332500,5.082500,33.250,170.000,0,OK
10100222,0.332500,5.082500,33.250,170.000,0,OK
10110226,0.332500,5.083750,33.250,170.000,0,OK
10120222,0.332500,5.082500,33.000,167.500,0,OK
10130226,0.330000,5.083750,33.000,167.500,0,OK
10140222,0.335000,5.082500,33.000,170.000,0,OK
10150226,0.332500,5.083750,33.250,170.000,0,OK
10160222,0.330000,5.077500,33.000,167.500,0,OK
10170226,0.332500,5.083750,33.250,170.000,0,OK
10180218,0.332500,5.081250,33.250,167.500,0,OK
10190230,0.332500,5.082500,33.000,167.500,0,OK
10200218,0.332500,5.082500,33.250,170.000,0,OK
10210230,0.335000,5.083750,33.500,170.000,0,OK
10220218,0.335000,5.083750,33.500,170.000,0,OK
10230230,0.335000,5.083750,33.250,170.000,0,OK
10240218,0.332500,5.083750,33.250,170.000,0,OK
10250230,0.330000,5.078750,33.000,167.500,0,OK
10260218,0.330000,5.083750,33.000,167.500,0,OK
10270226,0.330000,5.083750,33.000,167.500,0,OK
10280218,0.330000,5.083750,33.000,167.500,0,OK
10290226,0.330000,5.083750,33.000,167.500,0,OK
10300218,0.337500,5.083750,33.000,167.500,0,OK
10310226,0.332500,5.083750,33.250,170.000,0,OK
10320218,0.337500,5.083750,33.750,172.500,0,OK
10330230,0.335000,5.083750,33.500,170.000,0,OK
10340218,0.335000,5.080000,33.500,170.000,0,OK
10350230,0.340000,5.083750,33.250,170.000,0,OK
10360218,0.335000,5.083750,33.500,170.000,0,OK
10370230,0.332500,5.082500,33.000,167.500,0,OK
10380218,0.332500,5.083750,33.250,170.000,0,OK
10390230,0.335000,5.083750,33.250,170.000,0,OK
10400218,0.332500,5.083750,33.250,170.000,0,OK
10410230,0.332500,5.083750,33.250,167.500,0,OK
10420218,0.332500,5.082500,33.250,170.000,0,OK
10430230,0.330000,5.080000,33.000,167.500,0,OK
10440218,0.337500,5.082500,32.750,166.250,0,OK
10450226,0.335000,5.083750,33.500,170.000,0,OK
10460218,0.332500,5.082500,33.000,167.500,0,OK
10470230,0.330000,5.083750,33.000,167.500,0,OK
10480218,0.335000,5.083750,33.250,170.000,0,OK
10490226,0.332500,5.083750,33.250,170.000,0,OK
10500222,0.332500,5.083750,33.250,167.500,0,OK
10510226,0.335000,5.083750,33.500,170.000,0,OK
10520222,0.335000,5.080000,33.500,170.000,0,OK
10530226,0.337500,5.083750,33.250,170.000,0,OK
10540222,0.330000,5.083750,33.000,167.500,0,OK
10550226,0.335000,5.082500,32.750,166.250,0,OK
10560218,0.335000,5.083750,33.500,170.000,0,OK
10570226,0.332500,5.083750,33.250,167.500,0,OK
10580222,0.332500,5.083750,33.250,170.000,0,OK
10590226,0.335000,5.083750,33.500,170.000,0,OK
10600222,0.335000,5.083750,33.500,170.000,0,OK
10610226,0.332500,5.081250,33.250,167.500,0,OK
10620222,0.332500,5.083750,33.250,170.000,0,OK
10630226,0.332500,5.083750,33.250,170.000,0,OK
10640222,0.332500,5.083750,33.500,170.000,0,OK
10650226,0.335000,5.083750,33.500,170.000,0,OK
10660222,0.335000,5.083750,33.250,170.000,0,OK
10670226,0.332500,5.083750,33.250,170.000,0,OK
10680222,0.337500,5.077500,33.750,172.500,0,OK
10690226,0.335000,5.083750,33.500,170.000,0,OK
10700222,0.332500,5.082500,33.250,170.000,0,OK
10710226,0.330000,5.083750,33.250,170.000,0,OK
10720222,0.335000,5.083750,33.500,170.000,0,OK
10730226,0.332500,5.082500,33.000,167.500,0,OK
10740222,0.332500,5.083750,33.250,170.000,0,OK
10750226,0.332500,5.083750,33.250,167.500,0,OK
10760222,0.332500,5.083750,33.250,170.000,0,OK
10770226,0.332500,5.077500,33.250,167.500,0,OK
10780222,0.332500,5.083750,33.250,170.000,0,OK
10790226,0.335000,5.083750,33.500,170.000,0,OK
10800222,0.332500,5.083750,33.250,170.000,0,OK
10810226,0.335000,5.083750,33.500,170.000,0,OK
10820222,0.335000,5.083750,33.250,170.000,0,OK
10830226,0.332500,5.082500,33.250,170.000,0,OK
10840222,0.332500,5.083750,33.250,167.500,0,OK
10850226,0.335000,5.083750,33.500,170.000,0,OK
10860222,0.330000,5.078750,33.000,167.500,0,OK
10870226,0.330000,5.085000,33.000,167.500,0,OK
10880218,0.337500,5.083750,33.750,172.500,0,OK
10890230,0.330000,5.083750,33.250,170.000,0,OK
10900218,0.332500,5.083750,33.250,170.000,0,OK
10910230,0.332500,5.085000,33.250,170.000,0,OK
10920218,0.332500,5.082500,33.250,170.000,0,OK
10930230,0.335000,5.083750,33.250,170.000,0,OK
10940218,0.335000,5.083750,33.500,170.000,0,OK
10950230,0.332500,5.080000,33.250,167.500,0,OK
10960218,0.342500,5.083750,33.000,167.500,0,OK
10970230,0.332500,5.083750,33.250,170.000,0,OK
10980218,0.332500,5.082500,33.250,170.000,0,OK
10990230,0.335000,5.083750,33.500,170.000,0,OK
11000218,0.335000,5.083750,33.250,170.000,0,OK
11010230,0.332500,5.085000,33.250,170.000,0,OK
11020218,0.332500,5.083750,33.250,167.500,0,OK
11030230,0.332500,5.083750,33.250,170.000,0,OK
11040218,0.335000,5.080000,33.500,170.000,0,OK
11050230,0.340000,5.083750,33.250,170.000,0,OK
11060218,0.335000,5.083750,33.500,170.000,0,OK
11070230,0.332500,5.083750,33.250,170.000,0,OK
11080218,0.332500,5.083750,33.250,170.000,0,OK
11090230,0.335000,5.083750,33.000,170.000,0,OK
11100218,0.332500,5.083750,33.250,170.000,0,OK
11110230,0.335000,5.082500,33.500,170.000,0,OK
11120218,0.332500,5.083750,33.250,170.000,0,OK
11130230,0.337500,5.081250,33.750,172.500,0,OK
11140218,0.335000,5.083750,33.500,170.000,0,OK
11150230,0.335000,5.083750,33.500,170.000,0,OK
11160218,0.332500,5.083750,33.500,170.000,0,OK
11170230,0.332500,5.082500,33.250,170.000,0,OK
11180218,0.335000,5.083750,33.250,170.000,0,OK
11190230,0.330000,5.082500,33.000,167.500,0,OK
11200218,0.335000,5.083750,33.500,170.000,0,OK
11210226,0.332500,5.083750,33.250,170.000,0,OK
11220222,0.335000,5.081250,33.500,170.000,0,OK
11230226,0.332500,5.082500,33.000,167.500,0,OK
11240222,0.337500,5.083750,33.750,172.500,0,OK
11250226,0.332500,5.083750,33.000,167.500,0,OK
11260222,0.332500,5.083750,33.250,170.000,0,OK
11270226,0.335000,5.085000,33.250,170.000,0,OK
11280222,0.335000,5.083750,33.500,170.000,0,OK
11290226,0.332500,5.082500,33.250,167.500,0,OK
11300222,0.330000,5.083750,33.000,167.500,0,OK
11310226,0.335000,5.082500,33.500,170.000,0,OK
11320218,0.332500,5.083750,33.000,167.500,0,OK
11330230,0.332500,5.083750,33.250,170.000,0,OK
11340218,0.335000,5.083750,33.250,170.000,0,OK
11350230,0.330000,5.083750,33.000,167.500,0,OK
11360218,0.332500,5.083750,33.250,167.500,0,OK
11370226,0.332500,5.083750,33.250,170.000,0,OK
11380222,0.335000,5.077500,33.500,170.000,0,OK
11390226,0.330000,5.083750,33.000,167.500,0,OK
11400222,0.332500,5.081250,33.250,167.500,0,OK
11410226,0.332500,5.083750,33.250,170.000,0,OK
11420222,0.332500,5.085000,33.250,170.000,0,OK
11430226,0.335000,5.085000,33.500,170.000,0,OK
11440222,0.332500,5.083750,33.250,170.000,0,OK
11450226,0.332500,5.085000,33.500,167.500,0,OK
11460222,0.330000,5.083750,33.000,167.500,0,OK
11470226,0.327500,5.077500,32.750,166.250,0,OK
11480218,0.332500,5.083750,33.250,170.000,0,OK
11490226,0.332500,5.082500,33.250,170.000,0,OK
11500222,0.332500,5.083750,33.250,170.000,0,OK
11510226,0.332500,5.083750,33.250,170.000,0,OK
11520222,0.337500,5.083750,33.250,170.000,0,OK
11530226,0.332500,5.083750,33.250,170.000,0,OK
11540222,0.335000,5.083750,33.250,170.000,0,OK
11550226,0.330000,5.082500,33.000,167.500,0,OK
11560222,0.335000,5.080000,33.500,170.000,0,OK
11570226,0.347500,5.083750,33.000,167.500,0,OK
11580222,0.332500,5.082500,33.250,170.000,0,OK
11590226,0.335000,5.083750,33.250,170.000,0,OK
11600222,0.335000,5.083750,33.500,170.000,0,OK
11610226,0.335000,5.083750,33.250,170.000,0,OK
11620222,0.330000,5.083750,33.000,167.500,0,OK
11630226,0.335000,5.085000,33.500,170.000,0,OK
11640218,0.332500,5.082500,33.250,170.000,0,OK
11650230,0.332500,5.080000,33.250,167.500,0,OK
11660218,0.342500,5.082500,33.000,167.500,0,OK
11670230,0.335000,5.083750,33.500,170.000,0,OK
11680218,0.330000,5.082500,33.250,170.000,0,OK
11690230,0.332500,5.085000,33.250,170.000,0,OK
11700218,0.332500,5.083750,33.250,167.500,0,OK
11710230,0.335000,5.083750,33.500,170.000,0,OK
11720218,0.337500,5.083750,33.750,172.500,0,OK
11730230,0.332500,5.083750,33.250,170.000,0,OK
11740218,0.335000,5.081250,33.500,170.000,0,OK
11750230,0.337500,5.082500,33.250,170.000,0,OK
11760218,0.335000,5.083750,33.500,170.000,0,OK
11770230,0.330000,5.083750,33.250,170.000,0,OK
11780218,0.332500,5.083750,33.250,170.000,0,OK
11790230,0.335000,5.083750,33.250,170.000,0,OK
11800218,0.332500,5.083750,33.250,170.000,0,OK
11810230,0.332500,5.083750,33.250,167.500,0,OK
11820218,0.332500,5.082500,33.250,170.000,0,OK
11830230,0.332500,5.081250,33.250,167.500,0,OK
11840218,0.332500,5.082500,33.000,167.500,0,OK
11850230,0.335000,5.083750,33.500,170.000,0,OK
11860218,0.335000,5.082500,33.250,170.000,0,OK
11870230,0.330000,5.083750,33.000,167.500,0,OK
11880218,0.332500,5.083750,33.500,167.500,0,OK
11890226,0.330000,5.083750,33.000,167.500,0,OK
11900222,0.335000,5.083750,33.500,170.000,0,OK
11910226,0.332500,5.082500,33.250,170.000,0,OK
11920222,0.335000,5.082500,33.500,170.000,0,OK
11930226,0.332500,5.083750,33.500,170.000,0,OK
11940222,0.332500,5.083750,33.250,170.000,0,OK
11950226,0.332500,5.083750,33.000,167.500,0,OK
11960222,0.332500,5.083750,33.250,170.000,0,OK
11970226,0.335000,5.083750,33.000,170.000,0,OK
11980222,0.332500,5.083750,33.250,170.000,0,OK
11990226,0.332500,5.076250,33.250,167.500,0,OK
12000222,0.330000,5.083750,33.000,167.500,0,OK
12010226,0.337500,5.083750,33.750,172.500,0,OK
12020218,0.330000,5.083750,33.250,170.000,0,OK
12030230,0.335000,5.083750,33.500,170.000,0,OK
12040218,0.335000,5.083750,33.250,170.000,0,OK
12050230,0.327500,5.082500,32.750,166.250,0,OK
12060218,0.335000,5.083750,33.250,170.000,0,OK
12070226,0.332500,5.083750,33.250,170.000,0,OK
12080222,0.332500,5.078750,33.250,167.500,0,OK
12090226,0.332500,5.083750,33.250,170.000,0,OK
12100222,0.335000,5.082500,33.500,170.000,0,OK
12110226,0.330000,5.082500,33.250,170.000,0,OK
12120222,0.337500,5.083750,33.750,172.500,0,OK
12130226,0.332500,5.083750,33.250,170.000,0,OK
12140222,0.332500,5.083750,33.250,170.000,0,OK
12150226,0.332500,5.085000,33.250,167.500,0,OK
12160222,0.332500,5.083750,33.250,170.000,0,OK
12170226,0.332500,5.078750,33.250,167.500,0,OK
12180222,0.345000,5.085000,33.250,170.000,0,OK
12190226,0.332500,5.083750,33.250,170.000,0,OK
12200222,0.335000,5.085000,33.500,170.000,0,OK
12210226,0.332500,5.083750,33.250,170.000,0,OK
12220222,0.337500,5.083750,33.250,170.000,0,OK
12230226,0.332500,5.083750,33.250,170.000,0,OK
12240222,0.332500,5.083750,33.250,167.500,0,OK
12250226,0.332500,5.083750,33.250,170.000,0,OK
12260222,0.335000,5.080000,33.500,170.000,0,OK
12270226,0.342500,5.082500,33.000,167.500,0,OK
12280222,0.332500,5.085000,33.250,170.000,0,OK
12290226,0.332500,5.083750,33.000,167.500,0,OK
12300222,0.332500,5.085000,33.250,170.000,0,OK
12310226,0.335000,5.083750,33.250,170.000,0,OK
12320222,0.332500,5.085000,33.250,170.000,0,OK
12330226,0.332500,5.083750,33.250,167.500,0,OK
12340222,0.330000,5.083750,33.000,167.500,0,OK
12350226,0.337500,5.081250,33.750,172.500,0,OK
12360218,0.337500,5.083750,33.500,170.000,0,OK
12370230,0.337500,5.085000,33.750,172.500,0,OK
12380218,0.332500,5.083750,33.000,167.500,0,OK
12390230,0.332500,5.083750,33.250,170.000,0,OK
12400218,0.335000,5.082500,33.250,170.000,0,OK
12410230,0.332500,5.083750,33.250,170.000,0,OK
12420218,0.332500,5.083750,33.250,167.500,0,OK
12430230,0.332500,5.083750,33.250,170.000,0,OK
12440218,0.332500,5.080000,33.250,167.500,0,OK
12450230,0.332500,5.083750,33.250,170.000,0,OK
12460218,0.335000,5.083750,33.500,170.000,0,OK
12470230,0.332500,5.083750,33.250,170.000,0,OK
12480218,0.332500,5.083750,33.250,170.000,0,OK
12490230,0.330000,5.083750,33.250,167.500,0,OK
12500218,0.332500,5.085000,33.250,170.000,0,OK
12510230,0.332500,5.083750,33.250,167.500,0,OK
12520218,0.332500,5.083750,33.250,170.000,0,OK
12530230,0.335000,5.082500,33.500,170.000,0,OK
12540218,0.332500,5.082500,33.000,167.500,0,OK
12550230,0.335000,5.082500,33.500,170.000,0,OK
12560218,0.332500,5.083750,33.250,170.000,0,OK
12570230,0.332500,5.082500,33.250,170.000,0,OK
12580218,0.332500,5.083750,33.500,167.500,0,OK
12590230,0.332500,5.083750,33.250,170.000,0,OK
12600218,0.335000,5.077500,33.500,170.000,0,OK
12610230,0.335000,5.083750,33.500,170.000,0,OK
12620218,0.332500,5.082500,33.250,170.000,0,OK
12630230,0.335000,5.083750,33.000,167.500,0,OK
12640218,0.332500,5.083750,33.250,170.000,0,OK
12650226,0.332500,5.085000,33.250,170.000,0,OK
12660222,0.332500,5.083750,33.250,170.000,0,OK
12670226,0.335000,5.082500,33.000,170.000,0,OK
12680222,0.330000,5.082500,33.000,167.500,0,OK
12690226,0.332500,5.080000,33.250,167.500,0,OK
12700218,0.332500,5.083750,33.250,170.000,0,OK
12710230,0.335000,5.082500,33.500,170.000,0,OK
12720218,0.332500,5.082500,33.250,170.000,0,OK
12730230,0.332500,5.082500,33.250,170.000,0,OK
12740218,0.335000,5.083750,33.000,167.500,0,OK
12750230,0.332500,5.083750,33.250,170.000,0,OK
12760218,0.335000,5.083750,33.250,170.000,0,OK
12770230,0.332500,5.083750,33.250,170.000,0,OK
12780218,0.332500,5.080000,33.250,167.500,0,OK
12790230,0.342500,5.082500,33.000,167.500,0,OK
12800218,0.337500,5.083750,33.750,172.500,0,OK
12810230,0.337500,5.082500,33.250,170.000,0,OK
12820218,0.335000,5.083750,33.500,170.000,0,OK
12830230,0.335000,5.083750,33.000,167.500,0,OK
12840218,0.332500,5.083750,33.250,170.000,0,OK
12850226,0.332500,5.083750,33.250,167.500,0,OK
12860222,0.330000,5.082500,33.000,167.500,0,OK
12870226,0.335000,5.080000,33.500,170.000,0,OK
12880218,0.340000,5.083750,33.250,170.000,0,OK
12890230,0.332500,5.083750,33.250,170.000,0,OK
12900218,0.332500,5.083750,33.000,167.500,0,OK
12910230,0.327500,5.083750,32.750,166.250,0,OK
12920218,0.332500,5.085000,33.000,167.500,0,OK
12930226,0.332500,5.083750,33.250,170.000,0,OK
12940222,0.335000,5.083750,33.500,170.000,0,OK
12950226,0.330000,5.083750,33.000,167.500,0,OK
12960222,0.335000,5.080000,33.500,170.000,0,OK
12970226,0.337500,5.083750,33.250,170.000,0,OK
12980222,0.332500,5.083750,33.250,170.000,0,OK
12990226,0.330000,5.082500,33.250,170.000,0,OK
13000222,0.330000,5.083750,33.000,167.500,0,OK
13010226,0.337500,5.083750,33.250,172.500,0,OK
13020218,0.327500,5.083750,32.750,166.250,0,OK
13030230,0.332500,5.085000,33.250,167.500,0,OK
13040218,0.330000,5.083750,33.000,167.500,0,OK
13050230,0.332500,5.081250,33.250,167.500,0,OK
13060218,0.335000,5.083750,33.250,170.000,0,OK
13070230,0.335000,5.083750,33.500,170.000,0,OK
13080218,0.330000,5.083750,33.000,167.500,0,OK
13090230,0.332500,5.082500,33.250,170.000,0,OK
13100218,0.332500,5.082500,33.000,167.500,0,OK
13110230,0.332500,5.083750,33.250,170.000,0,OK
13120218,0.332500,5.083750,33.250,167.500,0,OK
13130230,0.330000,5.083750,33.000,167.500,0,OK
13140218,0.332500,5.082500,33.250,170.000,0,OK
13150226,0.335000,5.083750,33.250,170.000,0,OK
13160222,0.332500,5.082500,33.250,170.000,0,OK
13170226,0.332500,5.082500,32.750,166.250,0,OK
13180222,0.332500,5.083750,33.250,170.000,0,OK
13190226,0.332500,5.083750,33.500,167.500,0,OK
13200222,0.332500,5.083750,33.250,170.000,0,OK
13210226,0.332500,5.077500,33.250,167.500,0,OK
13220222,0.332500,5.082500,33.250,170.000,0,OK
13230226,0.335000,5.082500,33.500,170.000,0,OK
13240222,0.327500,5.082500,33.500,170.000,0,OK
13250226,0.332500,5.085000,33.250,170.000,0,OK
13260222,0.335000,5.083750,33.000,167.500,0,OK
13270226,0.332500,5.083750,33.250,170.000,0,OK
13280218,0.332500,5.085000,33.000,167.500,0,OK
13290230,0.332500,5.083750,33.250,170.000,0,OK
13300218,0.335000,5.077500,33.500,170.000,0,OK
13310230,0.335000,5.083750,33.500,170.000,0,OK
13320218,0.335000,5.082500,33.500,170.000,0,OK
13330230,0.330000,5.083750,33.000,167.500,0,OK
13340218,0.335000,5.085000,33.500,170.000,0,OK
13350226,0.332500,5.085000,33.000,167.500,0,OK
13360222,0.332500,5.083750,33.250,170.000,0,OK
13370226,0.335000,5.085000,33.250,170.000,0,OK
13380222,0.332500,5.082500,33.250,170.000,0,OK
13390226,0.335000,5.080000,33.500,170.000,0,OK
13400222,0.342500,5.085000,33.750,172.500,0,OK
13410226,0.335000,5.083750,33.500,170.000,0,OK
13420222,0.332500,5.083750,33.250,170.000,0,OK
13430226,0.332500,5.083750,33.250,170.000,0,OK
13440222,0.335000,5.082500,33.000,167.500,0,OK
13450226,0.332500,5.082500,33.250,170.000,0,OK
13460218,0.332500,5.083750,33.250,167.500,0,OK
13470230,0.332500,5.083750,33.250,170.000,0,OK
13480218,0.332500,5.078750,33.250,167.500,0,OK
13490230,0.342500,5.083750,33.500,170.000,0,OK
13500218,0.332500,5.083750,33.250,170.000,0,OK
13510230,0.330000,5.083750,33.250,170.000,0,OK
13520218,0.330000,5.083750,33.000,167.500,0,OK
13530230,0.332500,5.085000,33.250,167.500,0,OK
13540218,0.330000,5.082500,33.000,167.500,0,OK
13550230,0.332500,5.083750,33.250,167.500,0,OK
13560218,0.332500,5.083750,33.250,170.000,0,OK
13570230,0.332500,5.081250,33.250,167.500,0,OK
13580218,0.340000,5.083750,33.250,170.000,0,OK
13590230,0.332500,5.082500,33.250,170.000,0,OK
13600218,0.332500,5.083750,33.000,167.500,0,OK
13610230,0.332500,5.083750,33.250,170.000,0,OK
13620218,0.332500,5.085000,33.250,167.500,0,OK
13630230,0.327500,5.083750,32.750,166.250,0,OK
13640218,0.332500,5.083750,33.250,167.500,0,OK
13650226,0.332500,5.083750,33.250,170.000,0,OK
13660222,0.332500,5.081250,33.250,167.500,0,OK
13670226,0.335000,5.083750,33.250,170.000,0,OK
13680222,0.337500,5.083750,33.750,172.500,0,OK
13690226,0.330000,5.083750,33.250,170.000,0,OK
13700222,0.330000,5.081250,33.000,167.500,0,OK
13710226,0.337500,5.083750,33.000,172.500,0,OK
13720218,0.332500,5.083750,33.250,170.000,0,OK
13730230,0.337500,5.083750,33.750,172.500,0,OK
13740218,0.330000,5.083750,33.000,167.500,0,OK
13750230,0.335000,5.081250,33.500,170.000,0,OK
13760218,0.332500,5.082500,33.250,170.000,0,OK
13770230,0.335000,5.082500,33.500,170.000,0,OK
13780218,0.330000,5.082500,33.250,170.000,0,OK
13790230,0.330000,5.083750,33.000,167.500,0,OK
13800218,0.332500,5.082500,33.250,167.500,0,OK
13810226,0.330000,5.083750,33.000,167.500,0,OK
13820222,0.337500,5.077500,33.750,172.500,0,OK
13830226,0.330000,5.082500,33.000,167.500,0,OK
13840222,0.332500,5.081250,33.250,167.500,0,OK
13850226,0.330000,5.082500,33.250,170.000,0,OK
13860222,0.332500,5.083750,33.250,170.000,0,OK
13870226,0.332500,5.085000,33.250,170.000,0,OK
13880222,0.332500,5.083750,33.250,170.000,0,OK
13890226,0.335000,5.083750,33.250,170.000,0,OK
13900222,0.330000,5.083750,33.000,167.500,0,OK
13910226,0.335000,5.078750,33.500,170.000,0,OK
13920218,0.332500,5.082500,33.250,170.000,0,OK
13930230,0.337500,5.083750,33.750,172.500,0,OK
13940218,0.330000,5.083750,33.000,167.500,0,OK
13950230,0.335000,5.085000,33.500,170.000,0,OK
13960218,0.332500,5.083750,33.250,170.000,0,OK
13970230,0.332500,5.083750,33.250,170.000,0,OK
13980218,0.332500,5.082500,33.250,167.500,0,OK
13990230,0.332500,5.082500,33.250,170.000,0,OK
14000218,0.332500,5.080000,33.250,167.500,0,OK
14010230,0.347500,5.083750,33.000,167.500,0,OK
14020218,0.332500,5.083750,33.250,170.000,0,OK
14030226,0.332500,5.083750,33.250,170.000,0,OK
14040222,0.337500,5.083750,33.750,172.500,0,OK
14050226,0.332500,5.083750,33.250,170.000,0,OK
14060222,0.332500,5.083750,33.250,170.000,0,OK
14070226,0.335000,5.083750,33.500,170.000,0,OK
14080222,0.332500,5.082500,33.250,170.000,0,OK
14090226,0.335000,5.080000,33.500,170.000,0,OK
14100222,0.342500,5.083750,33.250,170.000,0,OK
14110226,0.332500,5.085000,33.250,170.000,0,OK
14120222,0.330000,5.083750,33.250,170.000,0,OK
14130226,0.330000,5.083750,33.000,167.500,0,OK
14140222,0.332500,5.083750,33.250,167.500,0,OK
14150226,0.332500,5.083750,33.250,170.000,0,OK
14160222,0.335000,5.083750,33.500,170.000,0,OK
14170226,0.332500,5.082500,33.250,170.000,0,OK
14180222,0.332500,5.081250,33.250,167.500,0,OK
14190226,0.337500,5.082500,33.000,167.500,0,OK
14200222,0.335000,5.085000,33.500,170.000,0,OK
14210226,0.332500,5.082500,33.250,170.000,0,OK
14220222,0.335000,5.082500,33.500,170.000,0,OK
14230226,0.335000,5.082500,33.250,170.000,0,OK
14240222,0.335000,5.083750,33.500,170.000,0,OK
14250226,0.335000,5.083750,33.500,170.000,0,OK
14260222,0.335000,5.085000,33.500,170.000,0,OK
14270226,0.335000,5.081250,33.500,170.000,0,OK
14280222,0.332500,5.083750,33.500,170.000,0,OK
14290226,0.332500,5.083750,33.250,170.000,0,OK
14300222,0.332500,5.083750,33.250,170.000,0,OK
14310226,0.330000,5.083750,33.000,167.500,0,OK
14320222,0.332500,5.085000,33.000,167.500,0,OK
14330226,0.330000,5.083750,33.000,167.500,0,OK
14340222,0.332500,5.083750,33.250,167.500,0,OK
14350226,0.332500,5.082500,33.250,170.000,0,OK
14360222,0.335000,5.082500,33.500,170.000,0,OK
14370226,0.332500,5.083750,33.500,170.000,0,OK
14380222,0.332500,5.083750,33.250,170.000,0,OK
14390226,0.330000,5.082500,33.250,170.000,0,OK
14400222,0.335000,5.083750,33.500,170.000,0,OK
14410226,0.332500,5.083750,33.250,167.500,0,OK
14420222,0.332500,5.083750,33.250,170.000,0,OK
14430226,0.332500,5.077500,33.250,167.500,0,OK
14440222,0.327500,5.083750,32.750,166.250,0,OK
14450226,0.332500,5.082500,33.250,170.000,0,OK
14460218,0.332500,5.083750,33.250,170.000,0,OK
14470230,0.332500,5.085000,33.250,170.000,0,OK
14480218,0.330000,5.083750,33.250,170.000,0,OK
14490230,0.330000,5.083750,33.000,167.500,0,OK
14500218,0.332500,5.083750,33.250,167.500,0,OK
14510226,0.332500,5.082500,33.250,170.000,0,OK
14520222,0.335000,5.076250,33.500,170.000,0,OK
14530226,0.332500,5.085000,33.250,170.000,0,OK
14540222,0.335000,5.082500,33.500,170.000,0,OK
14550226,0.332500,5.083750,33.500,170.000,0,OK
14560222,0.332500,5.085000,33.250,170.000,0,OK
14570226,0.332500,5.083750,33.000,167.500,0,OK
14580222,0.332500,5.083750,33.250,170.000,0,OK
14590226,0.332500,5.082500,33.250,167.500,0,OK
14600222,0.332500,5.083750,33.250,170.000,0,OK
14610226,0.327500,5.078750,32.750,166.250,0,OK
14620222,0.347500,5.082500,33.500,170.000,0,OK
14630226,0.335000,5.083750,33.500,170.000,0,OK
14640222,0.332500,5.083750,32.750,166.250,0,OK
14650226,0.337500,5.083750,33.750,172.500,0,OK
14660222,0.335000,5.083750,33.000,167.500,0,OK
14670226,0.327500,5.083750,32.750,166.250,0,OK
14680218,0.335000,5.083750,33.250,170.000,0,OK
14690226,0.330000,5.085000,33.000,167.500,0,OK
14700222,0.330000,5.081250,33.000,167.500,0,OK
14710226,0.337500,5.083750,33.250,170.000,0,OK
14720218,0.332500,5.083750,33.250,170.000,0,OK
14730230,0.332500,5.083750,33.000,167.500,0,OK
14740218,0.332500,5.082500,33.250,170.000,0,OK
14750230,0.332500,5.083750,33.250,167.500,0,OK
14760218,0.332500,5.082500,33.250,170.000,0,OK
14770230,0.332500,5.085000,33.250,167.500,0,OK
14780218,0.332500,5.083750,33.250,170.000,0,OK
14790230,0.332500,5.080000,33.250,167.500,0,OK
14800218,0.335000,5.083750,33.000,167.500,0,OK
14810230,0.332500,5.083750,33.250,170.000,0,OK
14820218,0.332500,5.083750,33.250,170.000,0,OK
14830230,0.335000,5.082500,33.500,170.000,0,OK
14840218,0.335000,5.083750,33.500,170.000,0,OK
14850230,0.330000,5.083750,33.000,167.500,0,OK
14860218,0.337500,5.083750,33.750,172.500,0,OK
14870226,0.332500,5.083750,33.250,170.000,0,OK
14880222,0.332500,5.081250,33.250,167.500,0,OK
14890226,0.335000,5.083750,33.000,167.500,0,OK
14900222,0.335000,5.085000,33.500,170.000,0,OK
14910226,0.332500,5.083750,33.250,170.000,0,OK
14920222,0.332500,5.083750,33.250,170.000,0,OK
14930226,0.332500,5.083750,33.500,167.500,0,OK
14940222,0.335000,5.083750,33.500,170.000,0,OK
14950226,0.335000,5.083750,33.500,170.000,0,OK
14960222,0.335000,5.083750,33.500,170.000,0,OK
14970226,0.337500,5.081250,33.750,172.500,0,OK
14980222,0.335000,5.083750,33.250,170.000,0,OK
14990226,0.335000,5.083750,33.500,170.000,0,OK
15000222,0.330000,5.082500,33.000,167.500,0,OK
15010226,0.332500,5.083750,33.250,170.000,0,OK
15020218,0.332500,5.085000,33.250,167.500,0,OK
15030230,0.330000,5.083750,33.000,167.500,0,OK
15040218,0.330000,5.083750,33.000,167.500,0,OK
15050226,0.330000,5.083750,33.000,167.500,0,OK
15060218,0.335000,5.082500,33.500,170.000,0,OK
15070226,0.332500,5.083750,33.250,170.000,0,OK
15080222,0.332500,5.083750,33.250,170.000,0,OK
15090226,0.327500,5.083750,33.500,170.000,0,OK
15100222,0.335000,5.083750,33.500,170.000,0,OK
15110226,0.335000,5.082500,33.250,170.000,0,OK
15120222,0.330000,5.083750,33.000,167.500,0,OK
15130226,0.330000,5.078750,33.000,167.500,0,OK
15140218,0.332500,5.083750,33.250,170.000,0,OK
15150226,0.332500,5.083750,33.250,170.000,0,OK
15160222,0.330000,5.083750,33.250,170.000,0,OK
15170226,0.335000,5.083750,33.500,170.000,0,OK
15180222,0.332500,5.083750,33.250,170.000,0,OK
15190226,0.332500,5.083750,33.250,170.000,0,OK
15200222,0.332500,5.083750,33.250,167.500,0,OK
15210226,0.332500,5.083750,33.250,170.000,0,OK
15220222,0.330000,5.078750,33.000,167.500,0,OK
15230226,0.332500,5.083750,33.250,170.000,0,OK
15240218,0.337500,5.083750,33.750,172.500,0,OK
15250230,0.330000,5.085000,33.250,170.000,0,OK
15260218,0.332500,5.083750,33.250,170.000,0,OK
15270230,0.335000,5.085000,33.250,170.000,0,OK
15280218,0.330000,5.083750,33.000,167.500,0,OK
15290230,0.332500,5.083750,33.000,167.500,0,OK
15300218,0.332500,5.083750,33.250,170.000,0,OK
15310230,0.332500,5.081250,33.250,167.500,0,OK
15320218,0.340000,5.083750,33.250,170.000,0,OK
15330230,0.332500,5.082500,33.250,170.000,0,OK
15340218,0.330000,5.083750,33.000,167.500,0,OK
15350230,0.330000,5.083750,33.000,167.500,0,OK
15360218,0.335000,5.082500,33.250,170.000,0,OK
15370226,0.332500,5.082500,33.250,170.000,0,OK
15380222,0.335000,5.083750,33.500,170.000,0,OK
15390226,0.332500,5.083750,33.250,170.000,0,OK
15400222,0.335000,5.081250,33.500,170.000,0,OK
15410226,0.340000,5.083750,33.000,167.500,0,OK
15420222,0.335000,5.085000,33.500,170.000,0,OK
15430226,0.330000,5.083750,33.250,170.000,0,OK
15440222,0.332500,5.083750,33.250,170.000,0,OK
15450226,0.335000,5.085000,33.250,170.000,0,OK
15460222,0.332500,5.083750,33.250,170.000,0,OK
15470226,0.332500,5.083750,33.250,167.500,0,OK
15480222,0.332500,5.083750,33.250,170.000,0,OK
15490226,0.337500,5.081250,33.750,172.500,0,OK
15500222,0.335000,5.082500,33.250,170.000,0,OK
15510226,0.335000,5.085000,33.500,170.000,0,OK
15520222,0.330000,5.083750,33.250,170.000,0,OK
15530226,0.332500,5.083750,33.250,170.000,0,OK
15540222,0.332500,5.083750,33.250,167.500,0,OK
15550226,0.330000,5.083750,33.000,167.500,0,OK
15560222,0.335000,5.083750,33.500,170.000,0,OK
15570226,0.332500,5.083750,33.250,170.000,0,OK
15580222,0.335000,5.082500,33.500,170.000,0,OK
15590226,0.337500,5.083750,33.000,167.500,0,OK
15600222,0.332500,5.083750,33.250,170.000,0,OK
15610226,0.330000,5.083750,33.250,170.000,0,OK
15620222,0.330000,5.082500,33.000,167.500,0,OK
15630226,0.332500,5.083750,33.500,167.500,0,OK
15640218,0.327500,5.082500,32.750,166.250,0,OK
15650230,0.335000,5.077500,33.500,170.000,0,OK
15660218,0.332500,5.083750,33.250,170.000,0,OK
15670230,0.332500,5.082500,33.250,170.000,0,OK
15680218,0.332500,5.083750,33.500,170.000,0,OK
15690230,0.332500,5.085000,33.250,170.000,0,OK
15700218,0.330000,5.083750,33.500,170.000,0,OK
15710230,0.332500,5.083750,33.250,170.000,0,OK
15720218,0.337500,5.085000,33.250,172.500,0,OK
15730230,0.330000,5.083750,33.000,167.500,0,OK
15740218,0.337500,5.077500,33.750,172.500,0,OK
15750226,0.335000,5.082500,33.500,170.000,0,OK
15760222,0.332500,5.082500,33.250,170.000,0,OK
15770226,0.332500,5.083750,33.250,170.000,0,OK
15780222,0.332500,5.083750,33.250,170.000,0,OK
15790226,0.332500,5.083750,33.250,170.000,0,OK
15800222,0.330000,5.082500,33.000,167.500,0,OK
15810226,0.332500,5.085000,33.000,167.500,0,OK
15820218,0.335000,5.082500,33.500,170.000,0,OK
15830230,0.332500,5.077500,33.250,167.500,0,OK
15840218,0.330000,5.082500,33.000,167.500,0,OK
15850230,0.335000,5.085000,33.500,170.000,0,OK
15860218,0.332500,5.083750,33.000,167.500,0,OK
15870230,0.335000,5.083750,33.500,170.000,0,OK
15880218,0.335000,5.083750,33.000,167.500,0,OK
15890230,0.332500,5.083750,33.250,170.000,0,OK
15900218,0.335000,5.083750,33.250,170.000,0,OK
15910230,0.327500,5.083750,32.750,166.250,0,OK
15920218,0.337500,5.080000,33.750,172.500,0,OK
15930226,0.342500,5.083750,33.250,170.000,0,OK
15940222,0.335000,5.085000,33.500,170.000,0,OK
15950226,0.332500,5.083750,33.000,167.500,0,OK
15960222,0.332500,5.086250,33.250,170.000,0,OK
15970226,0.332500,5.085000,33.000,167.500,0,OK
15980222,0.330000,5.083750,33.000,167.500,0,OK
15990226,0.335000,5.083750,33.500,170.000,0,OK
16000218,0.330000,5.083750,33.000,167.500,0,OK
16010230,0.332500,5.080000,33.250,167.500,0,OK
16020218,0.340000,5.083750,33.500,170.000,0,OK
16030230,0.332500,5.083750,33.250,170.000,0,OK
16040218,0.330000,5.083750,33.500,170.000,0,OK
16050230,0.332500,5.082500,33.250,170.000,0,OK
16060218,0.332500,5.083750,33.250,167.500,0,OK
16070230,0.330000,5.083750,33.000,167.500,0,OK
16080218,0.332500,5.082500,33.250,167.500,0,OK
16090226,0.332500,5.083750,33.250,170.000,0,OK
16100222,0.332500,5.081250,33.250,167.500,0,OK
16110226,0.335000,5.083750,33.000,167.500,0,OK
16120222,0.332500,5.085000,33.250,170.000,0,OK
16130226,0.327500,5.083750,33.000,167.500,0,OK
16140222,0.335000,5.083750,33.500,170.000,0,OK
16150226,0.332500,5.083750,33.250,167.500,0,OK
16160222,0.330000,5.083750,33.000,167.500,0,OK
16170226,0.335000,5.085000,33.500,170.000,0,OK
16180218,0.332500,5.085000,33.250,170.000,0,OK
16190230,0.332500,5.082500,33.250,170.000,0,OK
16200218,0.332500,5.083750,33.250,170.000,0,OK
16210230,0.332500,5.083750,33.250,170.000,0,OK
16220218,0.330000,5.082500,33.500,170.000,0,OK
16230230,0.332500,5.083750,33.250,170.000,0,OK
16240218,0.337500,5.085000,33.250,172.500,0,OK
16250230,0.335000,5.083750,33.500,170.000,0,OK
16260218,0.332500,5.083750,33.250,167.500,0,OK
16270230,0.332500,5.083750,33.250,170.000,0,OK
16280218,0.332500,5.082500,33.250,170.000,0,OK
16290230,0.330000,5.083750,33.000,167.500,0,OK
16300218,0.335000,5.083750,33.500,170.000,0,OK
16310226,0.327500,5.083750,32.750,166.250,0,OK
16320222,0.332500,5.083750,33.250,170.000,0,OK
16330226,0.332500,5.083750,33.250,167.500,0,OK
16340222,0.332500,5.083750,33.250,170.000,0,OK
16350226,0.335000,5.076250,33.500,170.000,0,OK
16360222,0.332500,5.083750,33.250,170.000,0,OK
16370226,0.332500,5.082500,33.250,170.000,0,OK
16380222,0.332500,5.083750,33.250,170.000,0,OK
16390226,0.332500,5.085000,33.250,170.000,0,OK
16400222,0.335000,5.083750,33.500,170.000,0,OK
16410226,0.330000,5.082500,33.000,167.500,0,OK
16420222,0.335000,5.083750,33.250,170.000,0,OK
16430226,0.330000,5.083750,33.000,167.500,0,OK
16440222,0.330000,5.080000,33.000,167.500,0,OK
16450226,0.332500,5.083750,33.250,170.000,0,OK
16460218,0.335000,5.085000,33.500,170.000,0,OK
16470230,0.332500,5.083750,33.500,170.000,0,OK
16480218,0.332500,5.083750,33.250,170.000,0,OK
16490230,0.335000,5.082500,33.250,170.000,0,OK
16500218,0.330000,5.083750,33.000,167.500,0,OK
16510230,0.330000,5.085000,33.000,167.500,0,OK
16520218,0.330000,5.085000,33.000,167.500,0,OK
16530230,0.332500,5.080000,33.250,167.500,0,OK
16540218,0.345000,5.082500,33.250,170.000,0,OK
16550230,0.335000,5.083750,33.500,170.000,0,OK
16560218,0.332500,5.083750,33.250,170.000,0,OK
16570230,0.332500,5.083750,33.250,170.000,0,OK
16580218,0.332500,5.085000,33.250,167.500,0,OK
16590230,0.332500,5.082500,33.250,170.000,0,OK
16600218,0.332500,5.083750,33.250,167.500,0,OK
16610230,0.332500,5.083750,33.250,170.000,0,OK
16620218,0.332500,5.080000,33.250,167.500,0,OK
16630230,0.342500,5.083750,33.250,170.000,0,OK
16640218,0.335000,5.083750,33.500,170.000,0,OK
16650230,0.332500,5.085000,33.250,170.000,0,OK
16660218,0.330000,5.085000,33.000,167.500,0,OK
16670230,0.332500,5.083750,33.250,167.500,0,OK
16680218,0.332500,5.083750,33.250,170.000,0,OK
16690230,0.335000,5.082500,33.500,170.000,0,OK
16700218,0.332500,5.085000,33.250,170.000,0,OK
16710230,0.332500,5.081250,33.250,167.500,0,OK
16720218,0.340000,5.083750,33.250,170.000,0,OK
16730230,0.332500,5.083750,33.250,170.000,0,OK
16740218,0.332500,5.083750,33.250,170.000,0,OK
16750230,0.332500,5.083750,33.250,170.000,0,OK
16760218,0.335000,5.085000,33.250,170.000,0,OK
16770230,0.335000,5.082500,33.500,170.000,0,OK
16780218,0.332500,5.083750,33.250,167.500,0,OK
16790230,0.335000,5.083750,33.500,170.000,0,OK
16800218,0.335000,5.081250,33.500,170.000,0,OK
16810230,0.332500,5.083750,33.250,170.000,0,OK
16820218,0.335000,5.083750,33.500,170.000,0,OK
16830230,0.332500,5.083750,33.500,170.000,0,OK
16840218,0.330000,5.083750,33.000,167.500,0,OK
16850230,0.332500,5.085000,33.250,167.500,0,OK
16860218,0.335000,5.083750,33.500,170.000,0,OK
16870230,0.335000,5.085000,33.500,170.000,0,OK
16880218,0.330000,5.083750,33.000,167.500,0,OK
16890230,0.335000,5.081250,33.500,170.000,0,OK
16900218,0.330000,5.083750,32.750,166.250,0,OK
16910230,0.335000,5.083750,33.500,170.000,0,OK
16920218,0.332500,5.083750,33.250,170.000,0,OK
16930230,0.335000,5.083750,33.500,170.000,0,OK
16940218,0.335000,5.083750,33.250,170.000,0,OK
16950230,0.332500,5.085000,33.250,170.000,0,OK
16960218,0.335000,5.077500,33.500,170.000,0,OK
16970230,0.332500,5.083750,33.250,170.000,0,OK
16980218,0.332500,5.082500,33.250,170.000,0,OK
16990230,0.332500,5.083750,33.000,167.500,0,OK
17000218,0.332500,5.083750,33.250,170.000,0,OK
17010230,0.337500,5.083750,33.250,170.000,0,OK
17020218,0.332500,5.085000,33.250,170.000,0,OK
17030230,0.332500,5.083750,33.250,167.500,0,OK
17040218,0.332500,5.083750,33.250,170.000,0,OK
17050230,0.330000,5.078750,33.000,167.500,0,OK
17060218,0.332500,5.082500,33.250,170.000,0,OK
17070226,0.337500,5.083750,33.750,172.500,0,OK
17080222,0.330000,5.083750,33.250,170.000,0,OK
17090226,0.332500,5.085000,33.250,170.000,0,OK
17100222,0.335000,5.083750,33.000,167.500,0,OK
17110226,0.332500,5.082500,33.250,170.000,0,OK
17120218,0.332500,5.083750,33.500,167.500,0,OK
17130230,0.332500,5.083750,33.250,170.000,0,OK
17140218,0.335000,5.080000,33.500,170.000,0,OK
17150230,0.345000,5.083750,33.000,167.500,0,OK
17160218,0.337500,5.083750,33.750,172.500,0,OK
17170226,0.332500,5.082500,33.250,170.000,0,OK
17180222,0.330000,5.083750,33.000,167.500,0,OK
17190226,0.335000,5.082500,33.500,170.000,0,OK
17200218,0.332500,5.082500,33.250,170.000,0,OK
17210230,0.332500,5.083750,33.250,167.500,0,OK
17220218,0.332500,5.083750,33.250,170.000,0,OK
17230230,0.332500,5.078750,33.250,167.500,0,OK
17240218,0.345000,5.083750,33.250,170.000,0,OK
17250230,0.332500,5.085000,33.250,170.000,0,OK
17260218,0.330000,5.083750,33.250,170.000,0,OK
17270230,0.327500,5.085000,32.750,166.250,0,OK
17280218,0.337500,5.083750,33.500,172.500,0,OK
17290230,0.335000,5.083750,33.500,170.000,0,OK
17300218,0.340000,5.083750,34.000,172.500,0,OK
17310230,0.330000,5.085000,33.000,167.500,0,OK
17320218,0.335000,5.078750,33.500,170.000,0,OK
17330230,0.335000,5.083750,32.750,166.250,0,OK
17340218,0.335000,5.083750,33.500,170.000,0,OK
17350226,0.332500,5.083750,33.000,167.500,0,OK
17360222,0.332500,5.083750,33.250,170.000,0,OK
17370226,0.335000,5.083750,33.250,170.000,0,OK
17380222,0.330000,5.083750,33.000,167.500,0,OK
17390226,0.332500,5.082500,33.250,167.500,0,OK
17400218,0.330000,5.083750,33.000,167.500,0,OK
17410230,0.335000,5.081250,33.500,170.000,0,OK
17420218,0.335000,5.083750,33.250,170.000,0,OK
17430230,0.335000,5.085000,33.500,170.000,0,OK
17440218,0.332500,5.083750,33.500,170.000,0,OK
17450230,0.332500,5.083750,33.250,170.000,0,OK
17460218,0.332500,5.083750,33.250,167.500,0,OK
17470230,0.330000,5.083750,33.000,167.500,0,OK
17480218,0.332500,5.083750,33.250,167.500,0,OK
17490226,0.330000,5.083750,33.000,167.500,0,OK
17500222,0.332500,5.082500,33.250,170.000,0,OK
17510226,0.330000,5.085000,33.250,170.000,0,OK
17520222,0.337500,5.083750,33.750,172.500,0,OK
17530226,0.332500,5.083750,33.000,167.500,0,OK
17540222,0.332500,5.083750,33.250,170.000,0,OK
17550226,0.332500,5.083750,33.000,167.500,0,OK
17560222,0.330000,5.083750,33.000,167.500,0,OK
17570226,0.332500,5.076250,33.250,167.500,0,OK
17580218,0.332500,5.083750,33.250,170.000,0,OK
17590230,0.335000,5.082500,33.500,170.000,0,OK
17600218,0.332500,5.083750,33.250,170.000,0,OK
17610230,0.335000,5.085000,33.500,170.000,0,OK
17620218,0.335000,5.082500,33.000,167.500,0,OK
17630230,0.332500,5.082500,33.250,170.000,0,OK
17640218,0.335000,5.083750,33.500,170.000,0,OK
17650230,0.332500,5.085000,33.250,170.000,0,OK
17660218,0.335000,5.078750,33.500,170.000,0,OK
17670230,0.332500,5.083750,33.250,170.000,0,OK
17680218,0.332500,5.083750,33.250,170.000,0,OK
17690230,0.330000,5.083750,33.250,170.000,0,OK
17700218,0.332500,5.083750,33.250,170.000,0,OK
17710230,0.335000,5.083750,33.000,167.500,0,OK
17720218,0.332500,5.083750,33.250,170.000,0,OK
17730226,0.337500,5.083750,33.500,172.500,0,OK
17740222,0.335000,5.085000,33.500,170.000,0,OK
17750226,0.330000,5.081250,33.000,167.500,0,OK
17760222,0.345000,5.085000,33.000,167.500,0,OK
17770226,0.337500,5.083750,33.750,172.500,0,OK
17780222,0.335000,5.083750,33.250,170.000,0,OK
17790226,0.330000,5.085000,33.000,167.500,0,OK
17800222,0.332500,5.083750,33.250,170.000,0,OK
17810226,0.335000,5.083750,33.500,170.000,0,OK
17820222,0.332500,5.085000,33.250,167.500,0,OK
17830226,0.332500,5.085000,33.250,170.000,0,OK
17840222,0.332500,5.078750,33.250,167.500,0,OK
17850226,0.340000,5.082500,33.250,170.000,0,OK
17860222,0.332500,5.085000,33.250,170.000,0,OK
17870226,0.332500,5.083750,33.250,170.000,0,OK
17880222,0.332500,5.083750,33.250,170.000,0,OK
17890226,0.332500,5.083750,33.250,167.500,0,OK
17900222,0.332500,5.083750,33.250,170.000,0,OK
17910226,0.330000,5.083750,33.000,167.500,0,OK
17920222,0.330000,5.083750,33.000,167.500,0,OK
17930226,0.332500,5.081250,33.250,167.500,0,OK
17940218,0.340000,5.082500,33.250,170.000,0,OK
17950230,0.335000,5.083750,33.500,170.000,0,OK
17960218,0.332500,5.083750,33.250,170.000,0,OK
17970230,0.330000,5.085000,33.000,167.500,0,OK
17980218,0.332500,5.085000,33.250,167.500,0,OK
17990230,0.332500,5.083750,33.250,170.000,0,OK
18000218,0.335000,5.083750,33.500,170.000,0,OK
18010230,0.332500,5.085000,33.250,170.000,0,OK
18020218,0.332500,5.082500,33.250,170.000,0,OK
18030230,0.335000,5.083750,33.250,170.000,0,OK
18040218,0.335000,5.083750,33.500,170.000,0,OK
18050230,0.327500,5.083750,33.250,170.000,0,OK
18060218,0.332500,5.082500,33.250,170.000,0,OK
18070230,0.335000,5.083750,33.000,170.000,0,OK
18080218,0.332500,5.083750,33.250,170.000,0,OK
18090230,0.330000,5.083750,33.000,167.500,0,OK
18100218,0.332500,5.083750,33.250,170.000,0,OK
18110226,0.332500,5.083750,33.250,170.000,0,OK
18120222,0.332500,5.083750,33.250,170.000,0,OK
18130226,0.335000,5.085000,33.500,170.000,0,OK
18140222,0.327500,5.083750,33.250,170.000,0,OK
18150226,0.332500,5.083750,33.250,170.000,0,OK
18160222,0.337500,5.083750,33.250,172.500,0,OK
18170226,0.330000,5.083750,33.000,167.500,0,OK
18180222,0.337500,5.077500,33.750,172.500,0,OK
18190226,0.330000,5.083750,33.000,167.500,0,OK
18200222,0.332500,5.082500,33.250,170.000,0,OK
18210226,0.332500,5.083750,33.250,170.000,0,OK
18220222,0.335000,5.083750,33.500,170.000,0,OK
18230226,0.332500,5.083750,33.250,170.000,0,OK
18240222,0.332500,5.082500,33.250,170.000,0,OK
18250226,0.332500,5.083750,33.250,167.500,0,OK
18260222,0.330000,5.083750,33.000,167.500,0,OK
18270226,0.332500,5.078750,33.250,167.500,0,OK
18280218,0.335000,5.085000,33.500,170.000,0,OK
18290230,0.332500,5.082500,33.250,170.000,0,OK
18300218,0.330000,5.083750,33.500,170.000,0,OK
18310230,0.335000,5.085000,33.500,170.000,0,OK
18320218,0.335000,5.083750,33.500,170.000,0,OK
18330230,0.332500,5.083750,33.250,170.000,0,OK
18340218,0.335000,5.083750,33.250,170.000,0,OK
18350230,0.332500,5.083750,33.250,170.000,0,OK
18360218,0.332500,5.078750,33.250,167.500,0,OK
18370230,0.347500,5.083750,33.000,167.500,0,OK
18380218,0.335000,5.086250,33.500,170.000,0,OK
18390226,0.332500,5.082500,33.250,170.000,0,OK
18400222,0.335000,5.083750,33.500,170.000,0,OK
18410226,0.332500,5.085000,33.000,167.500,0,OK
18420222,0.335000,5.083750,33.500,170.000,0,OK
18430226,0.332500,5.083750,33.250,167.500,0,OK
18440222,0.332500,5.082500,33.250,170.000,0,OK
18450226,0.332500,5.080000,33.250,167.500,0,OK
18460222,0.340000,5.083750,33.000,167.500,0,OK
18470226,0.332500,5.083750,33.250,170.000,0,OK
18480222,0.330000,5.083750,33.250,170.000,0,OK
18490226,0.332500,5.083750,33.250,170.000,0,OK
18500222,0.332500,5.083750,33.250,167.500,0,OK
18510226,0.332500,5.083750,33.250,170.000,0,OK
18520222,0.332500,5.083750,33.250,167.500,0,OK
18530226,0.330000,5.082500,33.000,167.500,0,OK
18540222,0.337500,5.081250,33.750,172.500,0,OK
18550226,0.337500,5.082500,33.250,170.000,0,OK
18560222,0.335000,5.083750,33.500,170.000,0,OK
18570226,0.332500,5.083750,33.500,170.000,0,OK
18580222,0.335000,5.083750,33.500,170.000,0,OK
18590226,0.332500,5.085000,33.500,167.500,0,OK
18600222,0.330000,5.082500,33.000,167.500,0,OK
18610226,0.332500,5.082500,33.250,167.500,0,OK
18620218,0.330000,5.083750,33.000,167.500,0,OK
18630230,0.332500,5.081250,33.250,167.500,0,OK
18640218,0.335000,5.083750,33.250,170.000,0,OK
18650230,0.332500,5.085000,33.250,170.000,0,OK
18660218,0.335000,5.083750,33.250,170.000,0,OK
18670230,0.330000,5.083750,33.000,167.500,0,OK
18680218,0.332500,5.083750,33.250,167.500,0,OK
18690226,0.332500,5.083750,33.250,170.000,0,OK
18700222,0.335000,5.085000,33.500,170.000,0,OK
18710226,0.332500,5.083750,33.250,170.000,0,OK
18720222,0.332500,5.081250,33.250,167.500,0,OK
18730226,0.335000,5.082500,33.250,170.000,0,OK
18740222,0.332500,5.083750,33.250,170.000,0,OK
18750226,0.332500,5.085000,33.000,167.500,0,OK
18760222,0.335000,5.083750,33.500,170.000,0,OK
18770226,0.335000,5.083750,33.250,170.000,0,OK
18780222,0.332500,5.083750,33.250,170.000,0,OK
18790226,0.332500,5.077500,33.250,167.500,0,OK
18800222,0.332500,5.083750,33.250,170.000,0,OK
18810226,0.335000,5.082500,33.500,170.000,0,OK
18820222,0.330000,5.082500,33.250,170.000,0,OK
18830226,0.335000,5.085000,33.500,170.000,0,OK
18840222,0.332500,5.083750,33.250,170.000,0,OK
18850226,0.330000,5.083750,33.000,167.500,0,OK
18860222,0.332500,5.085000,33.250,167.500,0,OK
18870226,0.332500,5.083750,33.250,170.000,0,OK
18880222,0.330000,5.078750,33.000,167.500,0,OK
18890226,0.330000,5.083750,33.000,167.500,0,OK
18900218,0.332500,5.082500,33.250,170.000,0,OK
18910226,0.330000,5.082500,33.500,170.000,0,OK
18920222,0.330000,5.083750,33.000,167.500,0,OK
18930226,0.335000,5.083750,33.000,167.500,0,OK
18940218,0.332500,5.085000,33.250,170.000,0,OK
18950226,0.337500,5.083750,33.000,172.500,0,OK
18960222,0.332500,5.083750,33.250,170.000,0,OK
18970226,0.330000,5.078750,33.000,167.500,0,OK
18980222,0.345000,5.085000,33.000,167.500,0,OK
18990226,0.335000,5.082500,33.500,170.000,0,OK
19000222,0.335000,5.083750,33.250,170.000,0,OK
19010226,0.335000,5.083750,33.500,170.000,0,OK
19020222,0.332500,5.085000,33.250,170.000,0,OK
19030226,0.332500,5.083750,33.250,170.000,0,OK
19040222,0.332500,5.085000,33.250,167.500,0,OK
19050226,0.330000,5.083750,33.000,167.500,0,OK
19060222,0.335000,5.078750,33.500,170.000,0,OK
19070226,0.342500,5.083750,33.250,170.000,0,OK
19080222,0.332500,5.083750,33.250,170.000,0,OK
19090226,0.332500,5.083750,33.000,167.500,0,OK
19100222,0.332500,5.083750,33.250,170.000,0,OK
19110226,0.332500,5.083750,33.250,167.500,0,OK
19120222,0.332500,5.082500,33.250,170.000,0,OK
19130226,0.335000,5.085000,33.500,170.000,0,OK
19140222,0.332500,5.083750,33.250,170.000,0,OK
19150226,0.332500,5.081250,33.250,167.500,0,OK
19160222,0.340000,5.083750,32.750,166.250,0,OK
19170226,0.335000,5.082500,33.500,170.000,0,OK
19180222,0.332500,5.083750,33.250,170.000,0,OK
19190226,0.332500,5.083750,33.250,170.000,0,OK
19200222,0.330000,5.083750,33.500,167.500,0,OK
19210226,0.332500,5.083750,33.250,170.000,0,OK
19220222,0.330000,5.083750,33.000,167.500,0,OK
19230226,0.332500,5.083750,33.250,170.000,0,OK
19240218,0.335000,5.081250,33.500,170.000,0,OK
19250230,0.337500,5.083750,33.000,167.500,0,OK
19260218,0.337500,5.083750,33.750,172.500,0,OK
19270226,0.330000,5.083750,33.250,170.000,0,OK
19280222,0.330000,5.083750,33.000,167.500,0,OK
19290226,0.332500,5.085000,33.000,167.500,0,OK
19300218,0.335000,5.082500,33.500,170.000,0,OK
19310230,0.337500,5.083750,33.750,172.500,0,OK
19320218,0.330000,5.083750,33.000,167.500,0,OK
19330230,0.335000,5.082500,33.500,170.000,0,OK
19340218,0.335000,5.083750,33.250,170.000,0,OK
19350230,0.335000,5.085000,33.500,170.000,0,OK
19360218,0.332500,5.083750,33.000,167.500,0,OK
19370230,0.335000,5.083750,33.500,170.000,0,OK
19380218,0.335000,5.083750,33.000,170.000,0,OK
19390230,0.332500,5.085000,33.250,170.000,0,OK
19400218,0.337500,5.077500,33.750,172.500,0,OK
19410230,0.332500,5.083750,33.250,170.000,0,OK
19420218,0.332500,5.082500,33.250,170.000,0,OK
19430230,0.330000,5.083750,33.250,170.000,0,OK
19440218,0.332500,5.085000,33.250,170.000,0,OK
19450230,0.330000,5.085000,33.000,167.500,0,OK
19460218,0.332500,5.085000,33.250,170.000,0,OK
19470230,0.335000,5.085000,33.250,170.000,0,OK
19480218,0.332500,5.085000,33.250,170.000,0,OK
19490230,0.332500,5.078750,33.250,167.500,0,OK
19500218,0.332500,5.083750,33.250,170.000,0,OK
19510230,0.332500,5.082500,33.250,170.000,0,OK
19520218,0.332500,5.083750,33.250,170.000,0,OK
19530230,0.335000,5.086250,33.500,170.000,0,OK
19540218,0.337500,5.082500,33.250,170.000,0,OK
19550230,0.330000,5.083750,33.000,167.500,0,OK
19560218,0.332500,5.083750,33.250,167.500,0,OK
19570226,0.332500,5.083750,33.250,170.000,0,OK
19580222,0.330000,5.078750,33.000,167.500,0,OK
19590226,0.332500,5.083750,33.250,170.000,0,OK
19600218,0.327500,5.083750,32.750,166.250,0,OK
19610230,0.332500,5.082500,33.250,170.000,0,OK
19620218,0.335000,5.083750,33.500,170.000,0,OK
19630230,0.332500,5.083750,33.000,167.500,0,OK
19640218,0.330000,5.083750,33.000,167.500,0,OK
19650230,0.335000,5.085000,33.500,170.000,0,OK
19660218,0.330000,5.083750,33.000,167.500,0,OK
19670230,0.332500,5.078750,33.250,167.500,0,OK
19680218,0.345000,5.085000,33.000,167.500,0,OK
19690230,0.335000,5.083750,33.500,170.000,0,OK
19700218,0.332500,5.083750,33.000,167.500,0,OK
19710230,0.330000,5.085000,33.000,167.500,0,OK
19720218,0.332500,5.083750,33.250,170.000,0,OK
19730230,0.332500,5.083750,33.250,170.000,0,OK
19740218,0.332500,5.083750,33.250,167.500,0,OK
19750230,0.330000,5.085000,33.000,167.500,0,OK
19760218,0.332500,5.080000,33.250,167.500,0,OK
19770230,0.340000,5.083750,33.000,167.500,0,OK
19780218,0.335000,5.083750,33.500,170.000,0,OK
19790230,0.332500,5.082500,33.250,170.000,0,OK
19800218,0.330000,5.085000,33.000,167.500,0,OK
19810230,0.332500,5.083750,33.000,167.500,0,OK
19820218,0.332500,5.082500,33.250,170.000,0,OK
19830230,0.332500,5.083750,33.250,167.500,0,OK
19840218,0.330000,5.083750,33.000,167.500,0,OK
19850230,0.335000,5.082500,33.500,170.000,0,OK
19860218,0.337500,5.083750,33.500,170.000,0,OK
19870230,0.332500,5.083750,33.250,170.000,0,OK
19880218,0.332500,5.083750,33.250,170.000,0,OK
19890230,0.332500,5.082500,33.250,170.000,0,OK
19900218,0.337500,5.083750,33.250,172.500,0,OK
19910230,0.332500,5.083750,33.250,170.000,0,OK
19920218,0.335000,5.083750,33.500,170.000,0,OK
19930230,0.335000,5.083750,33.500,170.000,0,OK
19940218,0.332500,5.082500,33.250,170.000,0,OK
19950230,0.335000,5.085000,33.500,170.000,0,OK
19960218,0.337500,5.085000,33.750,172.500,0,OK
19970230,0.332500,5.083750,33.250,170.000,0,OK
19980218,0.330000,5.083750,33.000,167.500,0,OK
19990230,0.332500,5.083750,33.250,167.500,0,OK
20000218,0.332500,5.083750,33.250,170.000,0,OK
20010230,0.332500,5.083750,33.250,167.500,0,OK
20020218,0.332500,5.085000,33.250,170.000,0,OK
20030230,0.332500,5.083750,33.250,170.000,0,OK
20040218,0.330000,5.085000,33.000,167.500,0,OK
20050230,0.330000,5.083750,33.000,167.500,0,OK
20060218,0.332500,5.083750,33.250,170.000,0,OK
20070226,0.332500,5.083750,33.250,170.000,0,OK
20080222,0.332500,5.083750,33.250,167.500,0,OK
20090226,0.332500,5.083750,33.250,170.000,0,OK
20100222,0.332500,5.078750,33.250,167.500,0,OK
20110226,0.330000,5.083750,33.000,167.500,0,OK
20120222,0.335000,5.082500,33.500,170.000,0,OK
20130226,0.330000,5.085000,33.250,170.000,0,OK
20140222,0.332500,5.083750,33.250,170.000,0,OK
20150226,0.332500,5.082500,33.250,170.000,0,OK
20160222,0.332500,5.083750,33.250,170.000,0,OK
20170226,0.332500,5.085000,33.000,167.500,0,OK
20180222,0.327500,5.083750,32.750,166.250,0,OK
20190226,0.332500,5.078750,33.250,167.500,0,OK
20200218,0.330000,5.083750,33.000,167.500,0,OK
20210230,0.330000,5.082500,33.000,167.500,0,OK
20220218,0.332500,5.085000,33.250,170.000,0,OK
20230226,0.335000,5.085000,33.500,170.000,0,OK
20240222,0.332500,5.083750,33.250,170.000,0,OK
20250226,0.332500,5.083750,33.250,170.000,0,OK
20260222,0.337500,5.085000,33.750,172.500,0,OK
20270226,0.332500,5.085000,33.250,170.000,0,OK
20280222,0.335000,5.081250,33.500,170.000,0,OK
20290226,0.342500,5.085000,33.250,170.000,0,OK
20300222,0.332500,5.083750,33.250,170.000,0,OK
20310226,0.330000,5.083750,33.250,170.000,0,OK
20320222,0.335000,5.082500,33.500,170.000,0,OK
20330226,0.335000,5.083750,33.000,167.500,0,OK
20340222,0.332500,5.083750,33.250,170.000,0,OK
20350226,0.332500,5.082500,33.250,167.500,0,OK
20360222,0.330000,5.082500,33.000,167.500,0,OK
20370226,0.332500,5.080000,33.250,167.500,0,OK
20380218,0.337500,5.085000,33.000,167.500,0,OK
20390230,0.335000,5.083750,33.500,170.000,0,OK
20400218,0.330000,5.083750,33.250,170.000,0,OK
20410230,0.330000,5.083750,33.000,167.500,0,OK
20420218,0.332500,5.083750,33.000,167.500,0,OK
20430226,0.332500,5.083750,33.250,170.000,0,OK
20440222,0.332500,5.082500,33.250,167.500,0,OK
20450226,0.332500,5.083750,33.250,170.000,0,OK
20460222,0.335000,5.081250,33.500,170.000,0,OK
20470226,0.332500,5.083750,33.500,170.000,0,OK
20480222,0.332500,5.085000,33.250,170.000,0,OK
20490226,0.330000,5.083750,33.000,167.500,0,OK
20500222,0.330000,5.083750,33.000,167.500,0,OK
20510226,0.332500,5.083750,33.000,167.500,0,OK
20520218,0.332500,5.082500,33.250,170.000,0,OK
20530230,0.330000,5.085000,33.000,167.500,0,OK
20540218,0.332500,5.083750,33.250,170.000,0,OK
20550230,0.335000,5.082500,33.500,170.000,0,OK
20560218,0.335000,5.083750,33.250,170.000,0,OK
20570230,0.332500,5.083750,33.250,170.000,0,OK
20580218,0.332500,5.083750,33.000,167.500,0,OK
20590230,0.330000,5.082500,33.000,167.500,0,OK
20600218,0.335000,5.083750,33.500,170.000,0,OK
20610226,0.332500,5.085000,33.250,170.000,0,OK
20620222,0.332500,5.083750,33.250,167.500,0,OK
20630226,0.332500,5.083750,33.250,170.000,0,OK
20640222,0.335000,5.082500,33.500,170.000,0,OK
20650226,0.332500,5.085000,33.000,167.500,0,OK
20660222,0.332500,5.083750,33.250,170.000,0,OK
20670226,0.332500,5.083750,33.250,170.000,0,OK
20680222,0.332500,5.085000,33.250,170.000,0,OK
20690226,0.335000,5.083750,33.000,170.000,0,OK
20700222,0.330000,5.085000,33.000,167.500,0,OK
20710226,0.335000,5.077500,33.500,170.000,0,OK
20720222,0.330000,5.083750,33.000,167.500,0,OK
20730226,0.335000,5.082500,33.500,170.000,0,OK
20740218,0.330000,5.082500,33.250,170.000,0,OK
20750230,0.335000,5.085000,33.500,170.000,0,OK
20760218,0.335000,5.083750,33.000,167.500,0,OK
20770230,0.332500,5.083750,33.250,170.000,0,OK
20780218,0.332500,5.085000,33.250,167.500,0,OK
20790230,0.332500,5.083750,33.250,170.000,0,OK
20800218,0.330000,5.078750,33.000,167.500,0,OK
20810230,0.330000,5.085000,33.000,167.500,0,OK
20820218,0.332500,5.082500,33.250,170.000,0,OK
20830230,0.330000,5.083750,33.250,170.000,0,OK
20840218,0.335000,5.083750,33.500,170.000,0,OK
20850230,0.332500,5.083750,33.000,167.500,0,OK
20860218,0.335000,5.083750,33.500,170.000,0,OK
20870230,0.335000,5.083750,33.000,170.000,0,OK
20880218,0.332500,5.085000,33.250,170.000,0,OK
20890230,0.332500,5.080000,33.250,167.500,0,OK
20900218,0.347500,5.083750,33.250,170.000,0,OK
20910230,0.335000,5.083750,33.500,170.000,0,OK
20920218,0.332500,5.083750,33.250,170.000,0,OK
20930230,0.335000,5.083750,33.500,170.000,0,OK
20940218,0.335000,5.083750,33.500,170.000,0,OK
20950230,0.332500,5.083750,33.250,170.000,0,OK
20960218,0.335000,5.083750,33.500,170.000,0,OK
20970230,0.335000,5.083750,33.500,170.000,0,OK
20980218,0.335000,5.080000,33.500,170.000,0,OK
20990230,0.340000,5.083750,33.500,170.000,0,OK
21000218,0.335000,5.083750,33.500,170.000,0,OK
21010230,0.332500,5.083750,33.250,170.000,0,OK
21020218,0.330000,5.085000,33.000,167.500,0,OK
21030230,0.332500,5.083750,33.000,167.500,0,OK
21040218,0.332500,5.083750,33.250,170.000,0,OK
21050230,0.335000,5.083750,33.500,170.000,0,OK
21060218,0.330000,5.085000,33.000,167.500,0,OK
21070230,0.337500,5.081250,33.750,172.500,0,OK
21080218,0.337500,5.083750,33.000,167.500,0,OK
21090230,0.337500,5.083750,33.750,172.500,0,OK
21100218,0.330000,5.083750,33.250,170.000,0,OK
21110230,0.332500,5.082500,33.250,170.000,0,OK
21120218,0.335000,5.083750,33.000,170.000,0,OK
21130230,0.330000,5.085000,33.000,167.500,0,OK
21140218,0.332500,5.083750,33.250,167.500,0,OK
21150230,0.330000,5.083750,33.000,167.500,0,OK
21160218,0.335000,5.080000,33.500,170.000,0,OK
21170226,0.332500,5.082500,33.000,167.500,0,OK
21180222,0.332500,5.083750,33.250,170.000,0,OK
21190226,0.330000,5.082500,33.000,167.500,0,OK
21200222,0.330000,5.083750,33.000,167.500,0,OK
21210226,0.332500,5.083750,33.000,167.500,0,OK
21220218,0.330000,5.085000,33.000,167.500,0,OK
21230230,0.335000,5.083750,33.500,170.000,0,OK
21240218,0.332500,5.083750,33.250,170.000,0,OK
21250230,0.332500,5.082500,33.250,170.000,0,OK
21260218,0.327500,5.083750,33.250,170.000,0,OK
21270230,0.332500,5.083750,33.250,170.000,0,OK
21280218,0.332500,5.085000,33.250,170.000,0,OK
21290230,0.332500,5.083750,33.250,170.000,0,OK
21300218,0.332500,5.083750,33.000,167.500,0,OK
21310230,0.332500,5.083750,33.250,170.000,0,OK
21320218,0.332500,5.077500,33.250,167.500,0,OK
21330230,0.332500,5.082500,33.250,170.000,0,OK
21340218,0.332500,5.083750,33.250,170.000,0,OK
21350230,0.330000,5.083750,33.000,167.500,0,OK
21360218,0.332500,5.083750,33.250,170.000,0,OK
21370226,0.330000,5.085000,33.250,170.000,0,OK
21380222,0.330000,5.082500,33.000,167.500,0,OK
21390226,0.332500,5.083750,33.250,167.500,0,OK
21400218,0.332500,5.082500,33.250,170.000,0,OK
21410230,0.332500,5.077500,33.250,167.500,0,OK
21420218,0.332500,5.082500,33.250,170.000,0,OK
21430230,0.335000,5.083750,33.500,170.000,0,OK
21440218,0.332500,5.082500,33.250,170.000,0,OK
21450230,0.335000,5.083750,33.500,170.000,0,OK
21460218,0.335000,5.083750,33.250,170.000,0,OK
21470230,0.330000,5.083750,33.000,167.500,0,OK
21480218,0.337500,5.082500,33.250,172.500,0,OK
21490226,0.332500,5.082500,33.250,170.000,0,OK
21500222,0.330000,5.080000,33.000,167.500,0,OK
21510226,0.345000,5.083750,33.250,170.000,0,OK
21520218,0.332500,5.085000,33.250,170.000,0,OK
21530230,0.330000,5.083750,33.250,170.000,0,OK
21540218,0.332500,5.083750,33.250,170.000,0,OK
21550230,0.332500,5.085000,33.250,170.000,0,OK
21560218,0.330000,5.083750,33.000,167.500,0,OK
21570230,0.332500,5.083750,33.250,167.500,0,OK
21580218,0.330000,5.083750,33.000,167.500,0,OK
21590230,0.335000,5.080000,33.500,170.000,0,OK
21600218,0.340000,5.083750,33.250,170.000,0,OK
21610230,0.335000,5.083750,33.500,170.000,0,OK
21620218,0.330000,5.083750,33.250,170.000,0,OK
21630230,0.332500,5.085000,33.250,170.000,0,OK
21640218,0.330000,5.082500,33.000,167.500,0,OK
21650230,0.332500,5.083750,33.250,170.000,0,OK
21660218,0.332500,5.083750,33.250,167.500,0,OK
21670230,0.332500,5.085000,33.250,170.000,0,OK
21680218,0.332500,5.081250,33.250,167.500,0,OK
21690230,0.337500,5.083750,33.000,167.500,0,OK
21700218,0.332500,5.085000,33.250,170.000,0,OK
21710226,0.332500,5.083750,33.250,170.000,0,OK
21720222,0.332500,5.083750,33.250,170.000,0,OK
21730226,0.332500,5.083750,33.000,167.500,0,OK
21740222,0.332500,5.082500,33.250,170.000,0,OK
21750226,0.332500,5.083750,33.250,167.500,0,OK
21760222,0.335000,5.083750,33.500,170.000,0,OK
21770226,0.332500,5.082500,33.250,170.000,0,OK
21780222,0.335000,5.083750,33.250,170.000,0,OK
21790226,0.335000,5.083750,33.500,170.000,0,OK
21800222,0.332500,5.083750,33.500,170.000,0,OK
21810226,0.332500,5.083750,33.250,170.000,0,OK
21820222,0.335000,5.083750,33.250,170.000,0,OK
21830226,0.330000,5.082500,33.000,167.500,0,OK
21840222,0.335000,5.083750,33.500,170.000,0,OK
21850226,0.335000,5.083750,33.500,170.000,0,OK
21860222,0.332500,5.082500,33.250,170.000,0,OK
21870226,0.332500,5.082500,33.000,167.500,0,OK
21880222,0.332500,5.083750,33.250,170.000,0,OK
21890226,0.332500,5.083750,33.250,170.000,0,OK
21900222,0.332500,5.083750,33.250,170.000,0,OK
21910226,0.335000,5.085000,33.250,170.000,0,OK
21920222,0.330000,5.085000,33.000,167.500,0,OK
21930226,0.332500,5.078750,33.250,167.500,0,OK
21940222,0.332500,5.085000,33.250,170.000,0,OK
21950226,0.337500,5.083750,33.750,172.500,0,OK
21960222,0.335000,5.082500,33.250,170.000,0,OK
21970226,0.335000,5.083750,33.500,170.000,0,OK
21980222,0.332500,5.083750,33.000,167.500,0,OK
21990226,0.335000,5.085000,33.500,170.000,0,OK
22000222,0.332500,5.083750,33.000,167.500,0,OK
22010226,0.332500,5.083750,33.250,170.000,0,OK
22020222,0.335000,5.078750,33.500,170.000,0,OK
22030226,0.330000,5.083750,33.000,167.500,0,OK
22040222,0.335000,5.083750,33.500,170.000,0,OK
22050226,0.332500,5.085000,33.250,170.000,0,OK
22060222,0.337500,5.085000,33.750,172.500,0,OK
22070226,0.337500,5.083750,33.000,167.500,0,OK
22080222,0.330000,5.085000,33.000,167.500,0,OK
22090226,0.335000,5.082500,33.250,170.000,0,OK
22100222,0.332500,5.082500,33.250,170.000,0,OK
22110226,0.332500,5.080000,33.250,167.500,0,OK
22120222,0.347500,5.083750,33.250,170.000,0,OK
22130226,0.335000,5.085000,33.500,170.000,0,OK
22140222,0.330000,5.083750,33.000,167.500,0,OK
22150226,0.332500,5.083750,33.250,170.000,0,OK
22160218,0.332500,5.085000,33.000,167.500,0,OK
22170230,0.332500,5.083750,33.250,170.000,0,OK
22180218,0.332500,5.085000,33.250,167.500,0,OK
22190230,0.332500,5.083750,33.250,170.000,0,OK
22200218,0.332500,5.080000,33.250,167.500,0,OK
22210230,0.340000,5.083750,33.250,170.000,0,OK
22220218,0.335000,5.085000,33.500,170.000,0,OK
22230230,0.327500,5.083750,33.000,167.500,0,OK
22240218,0.332500,5.083750,33.250,170.000,0,OK
22250226,0.335000,5.085000,33.250,170.000,0,OK
22260222,0.332500,5.083750,33.250,170.000,0,OK
22270226,0.335000,5.083750,33.500,170.000,0,OK
22280222,0.332500,5.083750,33.250,170.000,0,OK
22290226,0.330000,5.080000,33.000,167.500,0,OK
22300222,0.335000,5.083750,33.250,170.000,0,OK
22310226,0.330000,5.085000,33.000,167.500,0,OK
22320222,0.330000,5.083750,33.250,170.000,0,OK
22330226,0.330000,5.083750,33.000,167.500,0,OK
22340222,0.335000,5.082500,32.750,170.000,0,OK
22350226,0.332500,5.083750,33.250,170.000,0,OK
22360222,0.335000,5.083750,33.500,170.000,0,OK
22370226,0.332500,5.083750,33.250,170.000,0,OK
22380222,0.332500,5.081250,33.250,167.500,0,OK
22390226,0.335000,5.083750,33.000,167.500,0,OK
22400222,0.332500,5.085000,33.250,170.000,0,OK
22410226,0.330000,5.083750,33.250,170.000,0,OK
22420222,0.330000,5.083750,33.000,167.500,0,OK
22430226,0.335000,5.083750,33.250,170.000,0,OK
22440218,0.332500,5.083750,33.250,170.000,0,OK
22450230,0.332500,5.085000,33.250,167.500,0,OK
22460218,0.332500,5.083750,33.250,170.000,0,OK
22470230,0.335000,5.081250,33.500,170.000,0,OK
22480218,0.332500,5.083750,33.000,167.500,0,OK
22490230,0.332500,5.083750,33.250,170.000,0,OK
22500218,0.332500,5.083750,33.000,167.500,0,OK
22510230,0.332500,5.083750,33.250,170.000,0,OK
22520218,0.335000,5.083750,33.250,170.000,0,OK
22530230,0.332500,5.083750,33.250,170.000,0,OK
22540218,0.332500,5.077500,33.250,167.500,0,OK
22550230,0.327500,5.085000,32.750,166.250,0,OK
22560218,0.332500,5.083750,33.250,170.000,0,OK
22570230,0.335000,5.085000,33.000,167.500,0,OK
22580218,0.332500,5.085000,33.250,170.000,0,OK
22590230,0.332500,5.083750,33.250,170.000,0,OK
22600218,0.332500,5.083750,33.250,170.000,0,OK
22610230,0.332500,5.083750,33.000,167.500,0,OK
22620218,0.332500,5.082500,33.250,170.000,0,OK
22630230,0.335000,5.078750,33.500,170.000,0,OK
22640218,0.332500,5.085000,33.250,170.000,0,OK
22650230,0.335000,5.083750,33.500,170.000,0,OK
22660218,0.330000,5.083750,33.250,170.000,0,OK
22670230,0.332500,5.083750,33.250,170.000,0,OK
22680218,0.332500,5.085000,33.250,170.000,0,OK
22690230,0.330000,5.083750,33.000,167.500,0,OK
22700218,0.330000,5.085000,33.250,167.500,0,OK
22710226,0.332500,5.083750,33.250,170.000,0,OK
22720222,0.330000,5.077500,33.000,167.500,0,OK
22730226,0.345000,5.083750,33.250,170.000,0,OK
22740218,0.332500,5.085000,33.250,170.000,0,OK
22750230,0.332500,5.083750,33.000,167.500,0,OK
22760218,0.332500,5.083750,33.250,170.000,0,OK
22770230,0.335000,5.083750,33.000,167.500,0,OK
22780218,0.335000,5.083750,33.500,170.000,0,OK
22790226,0.332500,5.085000,33.250,167.500,0,OK
22800222,0.330000,5.085000,33.000,167.500,0,OK
22810226,0.335000,5.078750,33.500,170.000,0,OK
22820222,0.342500,5.083750,33.250,170.000,0,OK
22830226,0.337500,5.083750,33.750,172.500,0,OK
22840222,0.332500,5.082500,33.250,170.000,0,OK
22850226,0.330000,5.083750,33.000,167.500,0,OK
22860222,0.332500,5.083750,33.250,167.500,0,OK
22870226,0.332500,5.083750,33.250,170.000,0,OK
22880222,0.335000,5.083750,33.500,170.000,0,OK
22890226,0.330000,5.083750,33.000,167.500,0,OK
22900222,0.335000,5.081250,33.500,170.000,0,OK
22910226,0.337500,5.083750,33.250,170.000,0,OK
22920222,0.332500,5.083750,33.250,170.000,0,OK
22930226,0.332500,5.085000,33.250,170.000,0,OK
22940222,0.332500,5.083750,33.250,170.000,0,OK
22950226,0.332500,5.083750,33.000,167.500,0,OK
22960222,0.332500,5.085000,33.250,170.000,0,OK
22970226,0.332500,5.083750,33.250,167.500,0,OK
22980222,0.332500,5.083750,33.250,170.000,0,OK
22990226,0.330000,5.081250,33.000,167.500,0,OK
23000222,0.332500,5.083750,33.250,170.000,0,OK
23010226,0.332500,5.083750,33.250,170.000,0,OK
23020222,0.332500,5.085000,33.000,167.500,0,OK
23030226,0.332500,5.083750,33.250,170.000,0,OK
23040222,0.335000,5.082500,33.000,170.000,0,OK
23050226,0.332500,5.085000,33.250,170.000,0,OK
23060222,0.335000,5.083750,33.500,170.000,0,OK
23070226,0.332500,5.082500,33.250,170.000,0,OK
23080222,0.337500,5.083750,33.750,172.500,0,OK
23090226,0.335000,5.083750,33.000,167.500,0,OK
23100222,0.332500,5.083750,33.250,170.000,0,OK
23110226,0.332500,5.082500,33.250,170.000,0,OK
23120222,0.327500,5.083750,32.750,166.250,0,OK
23130226,0.332500,5.083750,33.250,167.500,0,OK
23140218,0.332500,5.083750,33.250,170.000,0,OK
23150230,0.332500,5.077500,33.250,167.500,0,OK
23160218,0.332500,5.083750,33.250,170.000,0,OK
23170230,0.335000,5.082500,33.500,170.000,0,OK
23180218,0.330000,5.083750,33.000,167.500,0,OK
23190230,0.335000,5.085000,33.500,170.000,0,OK
23200218,0.332500,5.085000,33.250,170.000,0,OK
23210230,0.330000,5.083750,33.000,167.500,0,OK
23220218,0.335000,5.083750,33.250,170.000,0,OK
23230226,0.335000,5.085000,33.500,170.000,0,OK
23240222,0.332500,5.078750,33.250,167.500,0,OK
23250226,0.332500,5.082500,33.250,170.000,0,OK
23260222,0.335000,5.082500,33.500,170.000,0,OK
23270226,0.332500,5.085000,33.250,170.000,0,OK
23280222,0.332500,5.085000,33.250,170.000,0,OK
23290226,0.335000,5.083750,33.500,170.000,0,OK
23300222,0.332500,5.083750,33.250,170.000,0,OK
23310226,0.332500,5.083750,33.250,167.500,0,OK
23320222,0.332500,5.083750,33.250,170.000,0,OK
23330226,0.332500,5.078750,33.250,167.500,0,OK
23340222,0.342500,5.083750,33.000,167.500,0,OK
23350226,0.335000,5.083750,33.500,170.000,0,OK
23360222,0.332500,5.083750,33.500,170.000,0,OK
23370226,0.332500,5.085000,33.250,170.000,0,OK
23380222,0.332500,5.086250,33.250,170.000,0,OK
23390226,0.332500,5.083750,33.250,170.000,0,OK
23400222,0.332500,5.083750,33.250,167.500,0,OK
23410226,0.330000,5.083750,33.000,167.500,0,OK
23420222,0.332500,5.078750,33.250,167.500,0,OK
23430226,0.342500,5.083750,33.250,170.000,0,OK
23440222,0.332500,5.083750,33.250,170.000,0,OK
23450226,0.330000,5.083750,33.000,167.500,0,OK
23460222,0.332500,5.085000,33.250,170.000,0,OK
23470226,0.332500,5.085000,33.250,167.500,0,OK
23480222,0.332500,5.085000,33.250,170.000,0,OK
23490226,0.332500,5.083750,33.250,167.500,0,OK
23500222,0.327500,5.083750,32.750,166.250,0,OK
23510226,0.332500,5.080000,33.250,167.500,0,OK
23520218,0.337500,5.083750,33.500,170.000,0,OK
23530230,0.335000,5.083750,33.500,170.000,0,OK
23540218,0.330000,5.081250,33.000,167.500,0,OK
23550230,0.332500,5.082500,33.250,170.000,0,OK
23560218,0.332500,5.085000,33.250,167.500,0,OK
23570230,0.335000,5.083750,33.500,170.000,0,OK
23580218,0.335000,5.083750,33.500,170.000,0,OK
23590230,0.332500,5.083750,33.250,170.000,0,OK
23600218,0.332500,5.081250,33.250,167.500,0,OK
23610230,0.332500,5.083750,33.000,167.500,0,OK
23620218,0.332500,5.083750,33.250,170.000,0,OK
23630230,0.332500,5.083750,33.500,170.000,0,OK
23640218,0.330000,5.083750,33.000,167.500,0,OK
23650230,0.332500,5.083750,33.000,167.500,0,OK
23660218,0.327500,5.085000,32.750,166.250,0,OK
23670230,0.332500,5.082500,33.250,167.500,0,OK
23680218,0.332500,5.083750,33.250,170.000,0,OK
23690230,0.332500,5.082500,33.250,170.000,0,OK
23700218,0.332500,5.083750,33.000,167.500,0,OK
23710230,0.335000,5.082500,33.500,170.000,0,OK
23720218,0.335000,5.083750,33.000,167.500,0,OK
23730230,0.332500,5.083750,33.250,170.000,0,OK
23740218,0.335000,5.083750,33.250,170.000,0,OK
23750230,0.330000,5.085000,33.000,167.500,0,OK
23760218,0.337500,5.077500,33.750,172.500,0,OK
23770230,0.332500,5.082500,33.250,170.000,0,OK
23780218,0.332500,5.082500,33.250,170.000,0,OK
23790230,0.332500,5.083750,33.250,170.000,0,OK
23800218,0.332500,5.085000,33.250,170.000,0,OK
23810230,0.332500,5.083750,33.000,167.500,0,OK
23820218,0.335000,5.083750,33.500,170.000,0,OK
23830230,0.332500,5.085000,33.000,167.500,0,OK
23840218,0.332500,5.083750,33.250,170.000,0,OK
23850230,0.332500,5.078750,33.250,167.500,0,OK
23860218,0.332500,5.083750,33.250,170.000,0,OK
23870230,0.332500,5.083750,33.250,170.000,0,OK
23880218,0.332500,5.083750,33.000,167.500,0,OK
23890230,0.332500,5.083750,33.250,170.000,0,OK
23900218,0.332500,5.083750,33.000,167.500,0,OK
23910230,0.332500,5.083750,33.250,170.000,0,OK
23920218,0.332500,5.082500,33.250,167.500,0,OK
23930230,0.335000,5.083750,33.500,170.000,0,OK
23940218,0.332500,5.077500,33.250,167.500,0,OK
23950230,0.330000,5.083750,33.000,167.500,0,OK
23960218,0.330000,5.083750,33.000,167.500,0,OK
23970226,0.332500,5.083750,33.000,167.500,0,OK
23980218,0.337500,5.083750,33.750,172.500,0,OK
23990230,0.335000,5.083750,33.000,167.500,0,OK
24000218,0.330000,5.083750,33.000,167.500,0,OK
24010226,0.332500,5.083750,33.250,167.500,0,OK
24020218,0.330000,5.083750,33.000,167.500,0,OK
24030230,0.335000,5.080000,33.500,170.000,0,OK
24040218,0.345000,5.082500,33.000,167.500,0,OK
24050230,0.335000,5.085000,33.500,170.000,0,OK
24060218,0.332500,5.085000,33.250,170.000,0,OK
24070230,0.332500,5.083750,33.250,170.000,0,OK
24080218,0.335000,5.083750,32.750,170.000,0,OK
24090230,0.330000,5.083750,33.000,167.500,0,OK
24100218,0.335000,5.085000,33.500,170.000,0,OK
24110226,0.332500,5.085000,33.250,170.000,0,OK
24120222,0.335000,5.080000,33.500,170.000,0,OK
24130226,0.337500,5.083750,33.250,170.000,0,OK
24140222,0.335000,5.083750,33.500,170.000,0,OK
24150226,0.327500,5.083750,33.000,167.500,0,OK
24160222,0.332500,5.083750,33.250,170.000,0,OK
24170226,0.335000,5.083750,33.250,170.000,0,OK
24180222,0.332500,5.085000,33.250,170.000,0,OK
24190226,0.335000,5.083750,33.500,170.000,0,OK
24200222,0.332500,5.083750,33.250,170.000,0,OK
24210226,0.330000,5.081250,33.000,167.500,0,OK
24220222,0.340000,5.083750,33.000,167.500,0,OK
24230226,0.332500,5.083750,33.250,170.000,0,OK
24240222,0.330000,5.082500,33.000,167.500,0,OK
24250226,0.332500,5.085000,33.250,170.000,0,OK
24260218,0.330000,5.083750,33.250,167.500,0,OK
24270230,0.332500,5.083750,33.250,170.000,0,OK
24280218,0.332500,5.083750,33.250,167.500,0,OK
24290230,0.330000,5.085000,33.000,167.500,0,OK
24300218,0.332500,5.082500,33.250,170.000,0,OK
24310230,0.335000,5.085000,33.500,170.000,0,OK
24320218,0.332500,5.083750,33.250,170.000,0,OK
24330230,0.330000,5.085000,33.000,167.500,0,OK
24340218,0.332500,5.083750,33.250,170.000,0,OK
24350230,0.332500,5.083750,33.250,167.500,0,OK
24360218,0.332500,5.083750,33.250,170.000,0,OK
24370230,0.332500,5.085000,33.250,167.500,0,OK
24380218,0.327500,5.083750,32.750,166.250,0,OK
24390230,0.335000,5.083750,33.500,170.000,0,OK
24400218,0.332500,5.083750,33.000,167.500,0,OK
24410230,0.332500,5.085000,33.250,170.000,0,OK
24420218,0.332500,5.083750,33.250,170.000,0,OK
24430230,0.332500,5.083750,33.250,170.000,0,OK
24440218,0.335000,5.083750,33.250,170.000,0,OK
24450230,0.332500,5.083750,33.250,170.000,0,OK
24460218,0.335000,5.078750,33.500,170.000,0,OK
24470230,0.330000,5.085000,33.000,167.500,0,OK
24480218,0.332500,5.082500,33.250,170.000,0,OK
24490230,0.332500,5.083750,33.000,167.500,0,OK
24500218,0.335000,5.083750,33.500,170.000,0,OK
24510230,0.335000,5.085000,33.000,167.500,0,OK
24520218,0.330000,5.083750,33.000,167.500,0,OK
24530230,0.332500,5.085000,33.500,167.500,0,OK
24540218,0.332500,5.082500,33.250,170.000,0,OK
24550230,0.335000,5.080000,33.500,170.000,0,OK
24560218,0.332500,5.083750,33.250,170.000,0,OK
24570230,0.335000,5.082500,33.500,170.000,0,OK
24580218,0.332500,5.083750,33.000,167.500,0,OK
24590230,0.335000,5.083750,33.500,170.000,0,OK
24600218,0.332500,5.083750,33.000,167.500,0,OK
24610230,0.327500,5.083750,32.750,166.250,0,OK
24620218,0.332500,5.083750,33.500,167.500,0,OK
24630226,0.327500,5.082500,32.750,166.250,0,OK
24640222,0.335000,5.080000,33.500,170.000,0,OK
24650226,0.345000,5.083750,33.000,167.500,0,OK
24660222,0.332500,5.088750,33.250,170.000,0,OK
24670226,0.332500,5.085000,33.000,167.500,0,OK
24680222,0.332500,5.087500,33.250,170.000,0,OK
24690226,0.332500,5.083750,33.250,167.500,0,OK
24700222,0.332500,5.085000,33.250,170.000,0,OK
24710226,0.335000,5.082500,33.500,170.000,0,OK
24720222,0.335000,5.083750,33.500,170.000,0,OK
24730226,0.335000,5.080000,33.500,170.000,0,OK
24740222,0.340000,5.085000,33.250,170.000,0,OK
24750226,0.335000,5.085000,33.500,170.000,0,OK
24760222,0.332500,5.083750,33.250,170.000,0,OK
24770226,0.332500,5.083750,33.250,170.000,0,OK
24780222,0.332500,5.085000,33.250,167.500,0,OK
24790226,0.330000,5.081250,33.000,167.500,0,OK
24800222,0.335000,5.085000,33.500,170.000,0,OK
24810226,0.332500,5.082500,33.250,170.000,0,OK
24820222,0.335000,5.082500,33.500,170.000,0,OK
24830226,0.337500,5.085000,33.000,167.500,0,OK
24840222,0.337500,5.085000,33.750,172.500,0,OK
24850226,0.332500,5.083750,33.000,167.500,0,OK
24860222,0.332500,5.083750,33.250,170.000,0,OK
24870226,0.335000,5.086250,33.000,170.000,0,OK
24880222,0.330000,5.083750,33.000,167.500,0,OK
24890226,0.332500,5.085000,33.250,167.500,0,OK
24900218,0.330000,5.083750,33.000,167.500,0,OK
24910230,0.332500,5.082500,33.250,170.000,0,OK
24920218,0.335000,5.083750,33.000,167.500,0,OK
24930230,0.332500,5.085000,33.250,170.000,0,OK
24940218,0.330000,5.082500,33.250,170.000,0,OK
24950230,0.330000,5.085000,33.000,167.500,0,OK
24960218,0.335000,5.082500,33.000,170.000,0,OK
24970230,0.332500,5.085000,33.250,170.000,0,OK
24980218,0.335000,5.085000,33.500,170.000,0,OK
24990230,0.330000,5.082500,33.000,167.500,0,OK
25000218,0.335000,5.083750,33.500,170.000,0,OK
25010226,0.330000,5.083750,33.250,170.000,0,OK
25020222,0.335000,5.081250,33.500,170.000,0,OK
25030226,0.332500,5.086250,33.250,170.000,0,OK
25040222,0.332500,5.082500,33.250,170.000,0,OK
25050226,0.332500,5.085000,33.250,167.500,0,OK
25060222,0.332500,5.083750,33.250,170.000,0,OK
25070226,0.335000,5.078750,33.500,170.000,0,OK
25080222,0.332500,5.083750,33.250,170.000,0,OK
25090226,0.335000,5.085000,33.500,170.000,0,OK
25100222,0.332500,5.086250,33.250,170.000,0,OK
25110226,0.335000,5.086250,33.500,170.000,0,OK
25120222,0.332500,5.086250,33.250,170.000,0,OK
25130226,0.332500,5.086250,33.250,170.000,0,OK
25140222,0.335000,5.085000,33.250,170.000,0,OK
25150226,0.332500,5.085000,33.250,170.000,0,OK
25160222,0.332500,5.081250,33.250,167.500,0,OK
25170226,0.335000,5.085000,33.500,170.000,0,OK
25180222,0.335000,5.085000,33.500,170.000,0,OK
25190226,0.332500,5.083750,33.000,167.500,0,OK
25200222,0.335000,5.086250,33.500,170.000,0,OK
25210226,0.337500,5.086250,33.000,167.500,0,OK
25220222,0.330000,5.085000,33.000,167.500,0,OK
25230226,0.332500,5.086250,33.250,167.500,0,OK
25240222,0.332500,5.083750,33.250,170.000,0,OK
25250226,0.332500,5.078750,33.250,167.500,0,OK
25260222,0.342500,5.083750,33.500,170.000,0,OK
25270226,0.332500,5.083750,33.250,170.000,0,OK
25280222,0.332500,5.083750,33.250,170.000,0,OK
25290226,0.332500,5.085000,33.250,170.000,0,OK
25300222,0.335000,5.083750,33.250,170.000,0,OK
25310226,0.332500,5.085000,33.250,170.000,0,OK
25320222,0.332500,5.086250,33.250,167.500,0,OK
25330226,0.332500,5.086250,33.250,170.000,0,OK
25340222,0.332500,5.082500,33.250,170.000,0,OK
25350226,0.340000,5.086250,33.000,167.500,0,OK
25360222,0.332500,5.085000,33.250,170.000,0,OK
25370226,0.330000,5.085000,33.250,170.000,0,OK
25380222,0.332500,5.085000,33.250,170.000,0,OK
25390226,0.335000,5.085000,33.250,170.000,0,OK
25400222,0.330000,5.085000,33.000,167.500,0,OK
25410226,0.332500,5.086250,33.250,167.500,0,OK
25420222,0.335000,5.085000,33.500,170.000,0,OK
25430226,0.335000,5.082500,33.500,170.000,0,OK
25440222,0.340000,5.085000,33.250,170.000,0,OK
25450226,0.332500,5.086250,33.250,170.000,0,OK
25460222,0.332500,5.085000,33.000,167.500,0,OK
25470226,0.330000,5.083750,33.000,167.500,0,OK
25480222,0.337500,5.085000,33.000,172.500,0,OK
25490226,0.332500,5.085000,33.250,170.000,0,OK
25500222,0.335000,5.085000,33.500,170.000,0,OK
25510226,0.330000,5.085000,33.000,167.500,0,OK
25520222,0.335000,5.083750,33.500,170.000,0,OK
25530226,0.332500,5.085000,33.250,170.000,0,OK
25540222,0.332500,5.085000,33.250,170.000,0,OK
25550226,0.330000,5.085000,33.250,170.000,0,OK
25560222,0.332500,5.086250,33.250,170.000,0,OK
25570226,0.335000,5.087500,33.250,170.000,0,OK
25580222,0.330000,5.086250,33.000,167.500,0,OK
25590226,0.335000,5.086250,33.500,170.000,0,OK
25600218,0.330000,5.083750,33.000,167.500,0,OK
25610230,0.332500,5.083750,33.250,170.000,0,OK
25620218,0.335000,5.083750,33.250,170.000,0,OK
25630230,0.332500,5.086250,33.250,170.000,0,OK
25640218,0.330000,5.085000,33.250,170.000,0,OK
25650230,0.330000,5.085000,33.000,167.500,0,OK
25660218,0.335000,5.086250,33.250,170.000,0,OK
25670230,0.330000,5.083750,33.000,167.500,0,OK
25680218,0.335000,5.078750,33.500,170.000,0,OK
25690226,0.335000,5.085000,33.500,170.000,0,OK
25700222,0.335000,5.085000,33.500,170.000,0,OK
25710226,0.332500,5.086250,33.000,167.500,0,OK
25720222,0.332500,5.085000,33.250,170.000,0,OK
25730226,0.332500,5.086250,33.750,172.500,0,OK
25740222,0.332500,5.086250,33.250,170.000,0,OK
25750226,0.332500,5.086250,33.250,167.500,0,OK
25760222,0.330000,5.083750,33.000,167.500,0,OK
25770226,0.335000,5.078750,33.500,170.000,0,OK
25780218,0.332500,5.085000,33.250,170.000,0,OK
25790230,0.335000,5.085000,33.500,170.000,0,OK
25800218,0.332500,5.086250,33.000,167.500,0,OK
25810230,0.332500,5.085000,33.250,170.000,0,OK
25820218,0.332500,5.086250,33.250,170.000,0,OK
25830230,0.330000,5.087500,33.000,167.500,0,OK
25840218,0.332500,5.083750,33.000,167.500,0,OK
25850230,0.330000,5.086250,33.000,167.500,0,OK
25860218,0.335000,5.081250,33.500,170.000,0,OK
25870226,0.347500,5.085000,33.250,170.000,0,OK
25880222,0.332500,5.086250,33.250,170.000,0,OK
25890226,0.330000,5.083750,33.250,170.000,0,OK
25900222,0.335000,5.087500,33.500,170.000,0,OK
25910226,0.332500,5.085000,33.000,167.500,0,OK
25920222,0.332500,5.083750,33.250,170.000,0,OK
25930226,0.332500,5.085000,33.250,167.500,0,OK
25940222,0.332500,5.085000,33.250,170.000,0,OK
25950226,0.332500,5.081250,33.250,167.500,0,OK
25960222,0.342500,5.086250,33.250,170.000,0,OK
25970226,0.332500,5.083750,33.250,170.000,0,OK
25980222,0.332500,5.083750,33.250,170.000,0,OK
25990226,0.332500,5.087500,33.250,170.000,0,OK
26000222,0.330000,5.085000,33.250,167.500,0,OK
26010226,0.330000,5.085000,33.000,167.500,0,OK
26020222,0.330000,5.085000,33.000,167.500,0,OK
26030226,0.332500,5.085000,33.250,170.000,0,OK
26040222,0.335000,5.082500,33.500,170.000,0,OK
26050226,0.337500,5.085000,33.000,167.500,0,OK
26060222,0.335000,5.086250,33.500,170.000,0,OK
26070226,0.330000,5.085000,33.250,170.000,0,OK
26080222,0.327500,5.086250,32.750,166.250,0,OK
26090226,0.332500,5.083750,33.250,167.500,0,OK
26100218,0.335000,5.086250,33.500,170.000,0,OK
26110230,0.335000,5.086250,33.500,170.000,0,OK
26120218,0.332500,5.083750,33.250,170.000,0,OK
26130230,0.332500,5.083750,33.250,170.000,0,OK
26140218,0.335000,5.085000,33.000,167.500,0,OK
26150230,0.335000,5.085000,33.500,170.000,0,OK
26160218,0.332500,5.085000,33.250,170.000,0,OK
26170230,0.332500,5.085000,33.250,170.000,0,OK
26180218,0.332500,5.086250,33.000,167.500,0,OK
26190230,0.335000,5.086250,33.500,170.000,0,OK
26200218,0.335000,5.085000,33.500,170.000,0,OK
26210230,0.332500,5.085000,33.250,170.000,0,OK
26220218,0.335000,5.083750,33.500,170.000,0,OK
26230230,0.330000,5.085000,33.250,170.000,0,OK
26240218,0.335000,5.086250,33.500,170.000,0,OK
26250230,0.332500,5.086250,33.250,170.000,0,OK
26260218,0.332500,5.086250,33.250,170.000,0,OK
26270230,0.335000,5.086250,33.250,170.000,0,OK
26280218,0.330000,5.086250,33.000,167.500,0,OK
26290230,0.332500,5.080000,33.250,167.500,0,OK
26300218,0.330000,5.085000,33.000,167.500,0,OK
26310230,0.337500,5.085000,33.750,172.500,0,OK
26320218,0.332500,5.085000,33.250,170.000,0,OK
26330230,0.332500,5.085000,33.250,170.000,0,OK
26340218,0.332500,5.085000,33.500,170.000,0,OK
26350230,0.330000,5.085000,33.000,167.500,0,OK
26360218,0.335000,5.085000,33.250,170.000,0,OK
26370230,0.332500,5.085000,33.250,170.000,0,OK
26380218,0.332500,5.082500,33.250,170.000,0,OK
26390230,0.330000,5.083750,33.000,167.500,0,OK
26400218,0.335000,5.085000,33.500,170.000,0,OK
26410226,0.327500,5.086250,33.000,167.500,0,OK
26420222,0.330000,5.083750,33.000,167.500,0,OK
26430226,0.335000,5.085000,33.500,170.000,0,OK
26440218,0.332500,5.085000,33.250,170.000,0,OK
26450230,0.335000,5.086250,33.250,170.000,0,OK
26460218,0.327500,5.085000,32.750,166.250,0,OK
26470230,0.330000,5.081250,33.000,167.500,0,OK
26480218,0.345000,5.085000,33.250,170.000,0,OK
26490226,0.335000,5.087500,33.500,170.000,0,OK
26500222,0.335000,5.086250,33.000,167.500,0,OK
26510226,0.335000,5.085000,33.500,170.000,0,OK
26520218,0.337500,5.083750,33.250,170.000,0,OK
26530230,0.330000,5.086250,33.000,167.500,0,OK
26540218,0.332500,5.085000,33.250,167.500,0,OK
26550226,0.332500,5.086250,33.250,170.000,0,OK
26560222,0.335000,5.082500,33.500,170.000,0,OK
26570226,0.342500,5.083750,33.500,170.000,0,OK
26580222,0.332500,5.085000,33.250,170.000,0,OK
26590226,0.330000,5.085000,33.250,170.000,0,OK
26600222,0.332500,5.086250,33.250,170.000,0,OK
26610226,0.335000,5.085000,33.250,170.000,0,OK
26620222,0.332500,5.083750,33.250,170.000,0,OK
26630226,0.335000,5.085000,33.500,170.000,0,OK
26640222,0.332500,5.083750,33.250,170.000,0,OK
26650226,0.332500,5.081250,33.250,167.500,0,OK
26660222,0.337500,5.083750,33.500,170.000,0,OK
26670226,0.332500,5.083750,33.250,170.000,0,OK
26680222,0.330000,5.083750,33.250,170.000,0,OK
26690226,0.332500,5.083750,33.250,170.000,0,OK
26700222,0.332500,5.083750,33.000,167.500,0,OK
26710226,0.332500,5.086250,33.250,170.000,0,OK
26720222,0.332500,5.083750,33.250,167.500,0,OK
26730226,0.332500,5.085000,33.250,170.000,0,OK
26740222,0.335000,5.082500,33.500,170.000,0,OK
26750226,0.332500,5.083750,33.250,170.000,0,OK
26760222,0.335000,5.085000,33.500,170.000,0,OK
26770226,0.330000,5.086250,33.000,167.500,0,OK
26780222,0.332500,5.083750,33.250,170.000,0,OK
26790226,0.335000,5.083750,33.250,170.000,0,OK
26800222,0.332500,5.083750,33.250,170.000,0,OK
26810226,0.332500,5.083750,33.250,167.500,0,OK
26820222,0.332500,5.085000,33.250,170.000,0,OK
26830226,0.332500,5.082500,33.250,170.000,0,OK
26840222,0.332500,5.083750,33.000,167.500,0,OK
26850226,0.337500,5.083750,33.750,172.500,0,OK
26860222,0.335000,5.083750,33.250,170.000,0,OK
26870226,0.332500,5.083750,33.250,170.000,0,OK
26880222,0.335000,5.086250,33.250,170.000,0,OK
26890226,0.332500,5.085000,33.250,170.000,0,OK
26900222,0.330000,5.080000,33.000,167.500,0,OK
26910226,0.330000,5.083750,33.000,167.500,0,OK
26920218,0.332500,5.083750,33.250,170.000,0,OK
26930226,0.332500,5.083750,33.250,170.000,0,OK
26940222,0.332500,5.086250,33.250,170.000,0,OK
26950226,0.335000,5.086250,33.000,167.500,0,OK
26960222,0.332500,5.083750,33.250,170.000,0,OK
26970226,0.335000,5.085000,33.500,170.000,0,OK
26980222,0.332500,5.083750,33.250,170.000,0,OK
26990226,0.332500,5.080000,33.250,167.500,0,OK
27000222,0.330000,5.083750,33.000,167.500,0,OK
27010226,0.332500,5.083750,33.250,170.000,0,OK
27020218,0.335000,5.081250,33.250,167.500,0,OK
27030230,0.332500,5.085000,33.250,170.000,0,OK
27040218,0.332500,5.085000,33.000,167.500,0,OK
27050230,0.332500,5.085000,33.250,170.000,0,OK
27060218,0.332500,5.085000,33.250,167.500,0,OK
27070230,0.332500,5.085000,33.250,170.000,0,OK
27080218,0.335000,5.080000,33.500,170.000,0,OK
27090230,0.345000,5.083750,33.500,170.000,0,OK
27100218,0.332500,5.085000,33.250,170.000,0,OK
27110230,0.332500,5.085000,33.000,167.500,0,OK
27120218,0.335000,5.085000,33.500,170.000,0,OK
27130230,0.332500,5.085000,33.000,167.500,0,OK
27140218,0.332500,5.083750,33.250,170.000,0,OK
27150230,0.335000,5.086250,33.500,170.000,0,OK
27160218,0.332500,5.085000,33.250,170.000,0,OK
27170230,0.332500,5.080000,33.250,167.500,0,OK
27180218,0.342500,5.085000,33.500,170.000,0,OK
27190230,0.337500,5.085000,33.750,172.500,0,OK
27200218,0.332500,5.086250,33.250,170.000,0,OK
27210230,0.332500,5.085000,33.250,170.000,0,OK
27220218,0.337500,5.083750,33.000,172.500,0,OK
27230230,0.332500,5.085000,33.250,170.000,0,OK
27240218,0.337500,5.085000,33.750,172.500,0,OK
27250230,0.327500,5.085000,32.750,166.250,0,OK
27260218,0.332500,5.081250,33.250,167.500,0,OK
27270230,0.337500,5.085000,33.250,170.000,0,OK
27280218,0.335000,5.085000,33.500,170.000,0,OK
27290230,0.335000,5.085000,33.000,167.500,0,OK
27300218,0.327500,5.085000,32.750,166.250,0,OK
27310230,0.332500,5.085000,33.250,167.500,0,OK
27320218,0.332500,5.083750,33.250,170.000,0,OK
27330230,0.335000,5.085000,33.500,170.000,0,OK
27340218,0.332500,5.085000,33.250,170.000,0,OK
27350230,0.332500,5.082500,33.250,170.000,0,OK
27360218,0.337500,5.083750,33.250,170.000,0,OK
27370230,0.335000,5.083750,33.500,170.000,0,OK
27380218,0.332500,5.085000,33.000,167.500,0,OK
27390230,0.332500,5.085000,33.250,170.000,0,OK
27400218,0.335000,5.085000,33.250,170.000,0,OK
27410230,0.330000,5.085000,33.000,167.500,0,OK
27420218,0.332500,5.085000,33.250,167.500,0,OK
27430230,0.332500,5.086250,33.250,170.000,0,OK
27440218,0.332500,5.083750,33.250,170.000,0,OK
27450230,0.332500,5.085000,33.250,170.000,0,OK
27460218,0.335000,5.085000,33.500,170.000,0,OK
27470230,0.332500,5.086250,33.500,170.000,0,OK
27480218,0.330000,5.085000,33.000,167.500,0,OK
27490230,0.332500,5.085000,33.250,167.500,0,OK
27500218,0.332500,5.085000,33.250,170.000,0,OK
27510230,0.332500,5.078750,33.250,167.500,0,OK
27520218,0.332500,5.083750,33.250,170.000,0,OK
27530230,0.335000,5.085000,33.500,170.000,0,OK
27540218,0.330000,5.083750,33.000,167.500,0,OK
27550230,0.335000,5.085000,33.500,170.000,0,OK
27560218,0.330000,5.086250,33.000,167.500,0,OK
27570230,0.335000,5.083750,33.500,170.000,0,OK
27580218,0.332500,5.085000,33.250,167.500,0,OK
27590230,0.332500,5.085000,33.250,170.000,0,OK
27600218,0.337500,5.078750,33.750,172.500,0,OK
27610230,0.332500,5.085000,33.250,170.000,0,OK
27620218,0.332500,5.086250,33.250,170.000,0,OK
27630230,0.330000,5.083750,33.250,170.000,0,OK
27640218,0.332500,5.085000,33.250,170.000,0,OK
27650230,0.332500,5.085000,33.000,167.500,0,OK
27660218,0.335000,5.085000,33.500,170.000,0,OK
27670230,0.332500,5.083750,33.250,167.500,0,OK
27680218,0.332500,5.083750,33.250,170.000,0,OK
27690230,0.332500,5.080000,33.250,167.500,0,OK
27700218,0.347500,5.085000,33.250,170.000,0,OK
27710230,0.335000,5.085000,33.500,170.000,0,OK
27720218,0.332500,5.083750,33.250,170.000,0,OK
27730230,0.332500,5.086250,33.250,170.000,0,OK
27740218,0.332500,5.085000,33.000,167.500,0,OK
27750230,0.335000,5.086250,33.500,170.000,0,OK
27760218,0.335000,5.085000,33.500,170.000,0,OK
27770230,0.332500,5.083750,33.250,170.000,0,OK
27780218,0.335000,5.081250,33.500,170.000,0,OK
27790230,0.340000,5.083750,33.250,170.000,0,OK
27800218,0.332500,5.085000,33.250,170.000,0,OK
27810230,0.332500,5.085000,33.250,170.000,0,OK
27820218,0.332500,5.085000,33.250,170.000,0,OK
27830230,0.332500,5.083750,33.000,167.500,0,OK
27840218,0.335000,5.085000,33.500,170.000,0,OK
27850230,0.337500,5.085000,33.750,172.500,0,OK
27860218,0.330000,5.085000,33.000,167.500,0,OK
27870230,0.335000,5.081250,33.500,170.000,0,OK
27880218,0.340000,5.085000,33.250,170.000,0,OK
27890230,0.335000,5.086250,33.500,170.000,0,OK
27900218,0.332500,5.085000,33.250,170.000,0,OK
27910230,0.332500,5.083750,33.250,170.000,0,OK
27920218,0.332500,5.087500,33.250,167.500,0,OK
27930230,0.332500,5.085000,33.250,170.000,0,OK
27940218,0.332500,5.085000,33.250,167.500,0,OK
27950230,0.332500,5.085000,33.250,170.000,0,OK
27960218,0.332500,5.082500,33.250,170.000,0,OK
27970230,0.340000,5.085000,33.000,167.500,0,OK
27980218,0.332500,5.086250,33.250,170.000,0,OK
27990230,0.330000,5.085000,33.250,170.000,0,OK
28000218,0.332500,5.085000,33.250,170.000,0,OK
28010230,0.332500,5.086250,32.750,167.500,0,OK
28020218,0.332500,5.082500,33.250,170.000,0,OK
28030230,0.335000,5.087500,33.500,170.000,0,OK
28040218,0.330000,5.085000,33.000,167.500,0,OK
28050230,0.335000,5.083750,33.500,170.000,0,OK
28060218,0.332500,5.085000,33.250,170.000,0,OK
28070230,0.335000,5.085000,33.500,170.000,0,OK
28080218,0.332500,5.085000,33.250,170.000,0,OK
28090230,0.332500,5.085000,33.250,170.000,0,OK
28100218,0.335000,5.085000,33.250,170.000,0,OK
28110230,0.332500,5.085000,33.250,170.000,0,OK
28120218,0.335000,5.078750,33.500,170.000,0,OK
28130230,0.332500,5.083750,33.250,170.000,0,OK
28140218,0.335000,5.085000,33.500,170.000,0,OK
28150230,0.332500,5.083750,33.000,167.500,0,OK
28160218,0.335000,5.085000,33.500,170.000,0,OK
28170230,0.332500,5.085000,33.000,167.500,0,OK
28180218,0.330000,5.083750,33.000,167.500,0,OK
28190230,0.335000,5.085000,33.000,170.000,0,OK
28200218,0.330000,5.085000,33.000,167.500,0,OK
28210230,0.335000,5.078750,33.500,170.000,0,OK
28220218,0.330000,5.085000,33.000,167.500,0,OK
28230230,0.332500,5.085000,33.250,170.000,0,OK
28240218,0.335000,5.083750,33.500,170.000,0,OK
28250230,0.335000,5.083750,33.500,170.000,0,OK
28260218,0.332500,5.085000,33.000,167.500,0,OK
28270230,0.335000,5.085000,33.500,170.000,0,OK
28280218,0.335000,5.085000,33.500,170.000,0,OK
28290230,0.332500,5.085000,33.250,170.000,0,OK
28300218,0.332500,5.080000,33.250,167.500,0,OK
28310230,0.330000,5.085000,33.000,167.500,0,OK
28320218,0.332500,5.086250,33.250,170.000,0,OK
28330230,0.330000,5.085000,33.500,170.000,0,OK
28340218,0.332500,5.085000,33.250,170.000,0,OK
28350230,0.332500,5.085000,32.750,166.250,0,OK
28360218,0.330000,5.085000,33.000,167.500,0,OK
28370230,0.335000,5.085000,33.500,170.000,0,OK
28380218,0.335000,5.085000,33.500,170.000,0,OK
28390230,0.335000,5.081250,33.500,170.000,0,OK
28400218,0.342500,5.085000,33.250,170.000,0,OK
28410230,0.332500,5.085000,33.250,170.000,0,OK
28420218,0.330000,5.085000,33.250,170.000,0,OK
28430230,0.335000,5.086250,33.500,170.000,0,OK
28440218,0.332500,5.085000,33.250,170.000,0,OK
28450230,0.332500,5.085000,33.250,170.000,0,OK
28460218,0.332500,5.086250,33.250,167.500,0,OK
28470230,0.330000,5.085000,33.000,167.500,0,OK
28480218,0.335000,5.081250,33.500,170.000,0,OK
28490230,0.342500,5.085000,33.000,167.500,0,OK
28500218,0.332500,5.086250,33.250,170.000,0,OK
28510230,0.330000,5.085000,33.250,170.000,0,OK
28520218,0.332500,5.083750,33.250,170.000,0,OK
28530230,0.332500,5.086250,32.750,167.500,0,OK
28540218,0.330000,5.085000,33.000,167.500,0,OK
28550230,0.335000,5.086250,33.500,170.000,0,OK
28560218,0.330000,5.086250,33.000,167.500,0,OK
28570230,0.332500,5.081250,33.250,167.500,0,OK
28580218,0.335000,5.083750,33.250,170.000,0,OK
28590230,0.332500,5.086250,33.250,170.000,0,OK
28600218,0.330000,5.085000,33.250,170.000,0,OK
28610230,0.332500,5.085000,33.250,170.000,0,OK
28620218,0.332500,5.086250,33.000,167.500,0,OK
28630230,0.332500,5.085000,33.250,170.000,0,OK
28640218,0.335000,5.083750,33.500,170.000,0,OK
28650230,0.332500,5.083750,33.250,170.000,0,OK
28660218,0.335000,5.083750,33.500,170.000,0,OK
28670230,0.330000,5.085000,33.250,170.000,0,OK
28680218,0.335000,5.085000,33.500,170.000,0,OK
28690230,0.332500,5.085000,33.250,170.000,0,OK
28700218,0.332500,5.085000,33.250,170.000,0,OK
28710230,0.332500,5.086250,33.250,167.500,0,OK
28720218,0.330000,5.085000,33.000,167.500,0,OK
28730230,0.335000,5.085000,33.500,170.000,0,OK
28740218,0.335000,5.085000,33.500,170.000,0,OK
28750230,0.335000,5.083750,33.500,170.000,0,OK
28760218,0.332500,5.085000,33.000,167.500,0,OK
28770230,0.332500,5.085000,33.250,170.000,0,OK
28780218,0.330000,5.085000,33.500,170.000,0,OK
28790230,0.330000,5.086250,33.000,167.500,0,OK
28800218,0.335000,5.085000,33.250,170.000,0,OK
28810226,0.330000,5.083750,33.000,167.500,0,OK
28820222,0.332500,5.078750,33.250,167.500,0,OK
28830226,0.332500,5.085000,33.250,170.000,0,OK
28840222,0.335000,5.083750,33.500,170.000,0,OK
28850226,0.330000,5.085000,33.500,170.000,0,OK
28860222,0.335000,5.085000,33.500,170.000,0,OK
28870226,0.330000,5.086250,33.250,170.000,0,OK
28880222,0.332500,5.086250,33.250,170.000,0,OK
28890226,0.332500,5.083750,33.250,167.500,0,OK
28900222,0.332500,5.085000,33.250,170.000,0,OK
28910226,0.335000,5.080000,33.500,170.000,0,OK
28920222,0.330000,5.086250,33.000,167.500,0,OK
28930226,0.332500,5.085000,33.250,170.000,0,OK
28940218,0.335000,5.083750,33.500,170.000,0,OK
28950230,0.335000,5.085000,33.500,170.000,0,OK
28960218,0.335000,5.085000,33.250,170.000,0,OK
28970230,0.330000,5.083750,33.000,167.500,0,OK
28980218,0.335000,5.085000,33.250,170.000,0,OK
28990226,0.332500,5.086250,33.250,170.000,0,OK
29000222,0.332500,5.078750,33.250,167.500,0,OK
29010226,0.345000,5.085000,33.250,170.000,0,OK
29020222,0.332500,5.086250,33.250,170.000,0,OK
29030226,0.332500,5.083750,33.250,170.000,0,OK
29040222,0.335000,5.085000,33.500,170.000,0,OK
29050226,0.332500,5.083750,33.250,170.000,0,OK
29060222,0.332500,5.085000,33.250,170.000,0,OK
29070226,0.335000,5.086250,33.500,170.000,0,OK
29080222,0.327500,5.085000,32.750,166.250,0,OK
29090226,0.335000,5.080000,33.500,170.000,0,OK
29100222,0.342500,5.085000,33.250,170.000,0,OK
29110226,0.332500,5.085000,33.250,170.000,0,OK
29120222,0.332500,5.085000,33.250,170.000,0,OK
29130226,0.330000,5.085000,33.000,167.500,0,OK
29140222,0.330000,5.083750,33.250,167.500,0,OK
29150226,0.332500,5.083750,33.250,170.000,0,OK
29160222,0.332500,5.085000,33.250,167.500,0,OK
29170226,0.330000,5.082500,33.000,167.500,0,OK
29180222,0.330000,5.081250,33.000,167.500,0,OK
29190226,0.332500,5.083750,33.000,167.500,0,OK
29200218,0.332500,5.085000,33.250,170.000,0,OK
29210230,0.332500,5.085000,33.500,170.000,0,OK
29220218,0.332500,5.083750,33.250,170.000,0,OK
29230230,0.332500,5.083750,33.000,167.500,0,OK
29240218,0.332500,5.085000,33.250,170.000,0,OK
29250230,0.332500,5.083750,33.250,167.500,0,OK
29260218,0.330000,5.085000,33.000,167.500,0,OK
29270230,0.335000,5.082500,33.500,170.000,0,OK
29280218,0.335000,5.085000,33.250,170.000,0,OK
29290230,0.332500,5.083750,33.250,170.000,0,OK
29300218,0.332500,5.085000,33.000,167.500,0,OK
29310230,0.332500,5.083750,33.250,170.000,0,OK
29320218,0.332500,5.083750,33.250,167.500,0,OK
29330230,0.332500,5.085000,33.250,170.000,0,OK
29340218,0.332500,5.085000,33.250,167.500,0,OK
29350230,0.335000,5.086250,33.500,170.000,0,OK
29360218,0.335000,5.082500,33.500,170.000,0,OK
29370230,0.330000,5.085000,33.250,170.000,0,OK
29380218,0.335000,5.086250,33.500,170.000,0,OK
29390230,0.330000,5.085000,33.000,167.500,0,OK
29400218,0.330000,5.085000,33.000,167.500,0,OK
29410230,0.335000,5.085000,32.750,170.000,0,OK
29420218,0.332500,5.085000,33.250,170.000,0,OK
29430230,0.332500,5.078750,33.250,167.500,0,OK
29440218,0.330000,5.085000,33.000,167.500,0,OK
29450230,0.332500,5.083750,33.250,170.000,0,OK
29460218,0.330000,5.085000,33.250,170.000,0,OK
29470230,0.332500,5.085000,33.250,170.000,0,OK
29480218,0.332500,5.086250,33.000,167.500,0,OK
29490230,0.335000,5.085000,33.500,170.000,0,OK
29500218,0.332500,5.086250,33.000,167.500,0,OK
29510230,0.330000,5.085000,33.000,167.500,0,OK
29520218,0.330000,5.078750,33.000,167.500,0,OK
29530230,0.330000,5.085000,33.000,167.500,0,OK
29540218,0.332500,5.085000,33.250,170.000,0,OK
29550230,0.335000,5.085000,33.250,170.000,0,OK
29560218,0.335000,5.085000,33.500,170.000,0,OK
29570230,0.335000,5.087500,33.250,170.000,0,OK
29580218,0.332500,5.086250,33.250,170.000,0,OK
29590230,0.337500,5.085000,33.000,172.500,0,OK
29600218,0.332500,5.085000,33.250,170.000,0,OK
29610230,0.335000,5.080000,33.500,170.000,0,OK
29620218,0.345000,5.083750,33.250,170.000,0,OK
29630230,0.332500,5.086250,33.250,170.000,0,OK
29640218,0.332500,5.085000,33.000,167.500,0,OK
29650230,0.335000,5.085000,33.500,170.000,0,OK
29660218,0.335000,5.085000,33.000,167.500,0,OK
29670230,0.332500,5.085000,33.250,170.000,0,OK
29680218,0.332500,5.086250,33.250,167.500,0,OK
29690230,0.332500,5.083750,33.250,170.000,0,OK
29700218,0.332500,5.081250,33.250,167.500,0,OK
29710230,0.340000,5.086250,33.250,170.000,0,OK
29720218,0.332500,5.083750,33.250,170.000,0,OK
29730230,0.332500,5.086250,33.250,170.000,0,OK
29740218,0.332500,5.086250,33.250,170.000,0,OK
29750230,0.335000,5.086250,33.250,170.000,0,OK
29760218,0.332500,5.086250,33.250,170.000,0,OK
29770230,0.335000,5.086250,33.500,170.000,0,OK
29780218,0.330000,5.085000,33.000,167.500,0,OK
29790230,0.332500,5.082500,33.250,170.000,0,OK
29800218,0.337500,5.085000,33.250,170.000,0,OK
29810230,0.335000,5.086250,33.500,170.000,0,OK
29820218,0.335000,5.085000,33.000,167.500,0,OK
29830230,0.335000,5.085000,33.500,170.000,0,OK
29840218,0.332500,5.086250,33.250,167.500,0,OK
29850230,0.332500,5.083750,33.250,170.000,0,OK
29860218,0.335000,5.087500,33.500,170.000,0,OK
29870230,0.335000,5.085000,33.500,170.000,0,OK
29880218,0.335000,5.083750,33.500,170.000,0,OK
29890230,0.332500,5.083750,33.250,170.000,0,OK
29900218,0.332500,5.083750,33.250,170.000,0,OK
29910230,0.332500,5.085000,32.750,166.250,0,OK
29920218,0.335000,5.083750,33.500,170.000,0,OK
29930230,0.332500,5.086250,33.250,167.500,0,OK
29940218,0.335000,5.085000,33.500,170.000,0,OK
29950230,0.332500,5.085000,33.250,167.500,0,OK
29960218,0.330000,5.083750,33.000,167.500,0,OK
29970230,0.335000,5.082500,33.500,170.000,0,OK
29980218,0.332500,5.086250,33.000,167.500,0,OK
29990230,0.335000,5.083750,33.500,170.000,0,OK
30000218,0.332500,5.085000,33.250,170.000,0,OK
30010230,0.332500,5.085000,33.250,170.000,0,OK
30020218,0.332500,5.085000,32.750,167.500,0,OK
30030230,0.330000,5.086250,33.000,167.500,0,OK
30040218,0.335000,5.080000,33.500,170.000,0,OK
30050226,0.330000,5.086250,33.000,167.500,0,OK
30060222,0.335000,5.083750,33.500,170.000,0,OK
30070226,0.332500,5.086250,33.000,167.500,0,OK
30080222,0.332500,5.085000,33.250,170.000,0,OK
30090226,0.335000,5.085000,32.750,166.250,0,OK
30100222,0.332500,5.085000,33.250,170.000,0,OK
30110226,0.332500,5.085000,33.000,167.500,0,OK
30120222,0.332500,5.083750,33.250,170.000,0,OK
30130226,0.335000,5.080000,33.500,170.000,0,OK
30140222,0.327500,5.085000,32.750,166.250,0,OK
30150226,0.332500,5.086250,33.250,170.000,0,OK
30160222,0.330000,5.085000,33.250,170.000,0,OK
30170226,0.332500,5.085000,33.250,170.000,0,OK
30180222,0.332500,5.085000,33.250,170.000,0,OK
30190226,0.335000,5.086250,33.500,170.000,0,OK
30200222,0.335000,5.085000,33.500,170.000,0,OK
30210226,0.335000,5.086250,33.500,170.000,0,OK
30220222,0.330000,5.080000,33.000,167.500,0,OK
30230226,0.345000,5.085000,33.250,170.000,0,OK
30240218,0.330000,5.086250,33.000,167.500,0,OK
30250230,0.335000,5.086250,33.250,170.000,0,OK
30260218,0.332500,5.085000,33.250,170.000,0,OK
30270230,0.330000,5.085000,33.000,167.500,0,OK
30280218,0.330000,5.085000,33.000,167.500,0,OK
30290230,0.332500,5.085000,33.250,167.500,0,OK
30300218,0.332500,5.085000,33.250,170.000,0,OK
30310230,0.335000,5.081250,33.500,170.000,0,OK
30320218,0.340000,5.083750,33.000,167.500,0,OK
30330230,0.332500,5.086250,33.250,170.000,0,OK
30340218,0.332500,5.085000,32.750,166.250,0,OK
30350230,0.330000,5.086250,33.000,167.500,0,OK
30360218,0.332500,5.085000,33.250,167.500,0,OK
30370226,0.332500,5.083750,33.250,170.000,0,OK
30380222,0.332500,5.083750,33.250,167.500,0,OK
30390226,0.330000,5.085000,33.000,167.500,0,OK
30400222,0.337500,5.083750,33.750,172.500,0,OK
30410226,0.340000,5.083750,33.250,170.000,0,OK
30420222,0.335000,5.083750,33.500,170.000,0,OK
30430226,0.330000,5.083750,33.250,170.000,0,OK
30440222,0.332500,5.085000,33.250,170.000,0,OK
30450226,0.332500,5.086250,33.250,167.500,0,OK
30460222,0.332500,5.085000,33.250,170.000,0,OK
30470226,0.332500,5.086250,33.250,167.500,0,OK
30480222,0.330000,5.085000,33.000,167.500,0,OK
30490226,0.337500,5.082500,33.750,172.500,0,OK
30500222,0.335000,5.085000,32.750,166.250,0,OK
30510226,0.332500,5.085000,33.250,170.000,0,OK
30520222,0.332500,5.085000,33.250,170.000,0,OK
30530226,0.332500,5.085000,33.250,170.000,0,OK
30540222,0.335000,5.083750,33.250,170.000,0,OK
30550226,0.332500,5.085000,33.250,170.000,0,OK
30560222,0.332500,5.085000,33.250,167.500,0,OK
30570226,0.332500,5.085000,33.250,170.000,0,OK
30580222,0.335000,5.082500,33.500,170.000,0,OK
30590226,0.332500,5.085000,33.250,170.000,0,OK
30600222,0.332500,5.087500,33.250,170.000,0,OK
30610226,0.335000,5.086250,33.000,167.500,0,OK
30620222,0.332500,5.086250,33.250,170.000,0,OK
30630226,0.332500,5.085000,33.250,167.500,0,OK
30640222,0.332500,5.085000,33.250,170.000,0,OK
30650226,0.332500,5.080000,33.250,167.500,0,OK
30660222,0.330000,5.085000,33.000,167.500,0,OK
30670226,0.335000,5.082500,33.500,170.000,0,OK
30680222,0.330000,5.086250,33.250,170.000,0,OK
30690226,0.332500,5.085000,33.250,170.000,0,OK
30700222,0.330000,5.085000,33.250,170.000,0,OK
30710226,0.335000,5.085000,33.500,170.000,0,OK
30720222,0.335000,5.086250,33.250,170.000,0,OK
30730226,0.330000,5.085000,33.000,167.500,0,OK
30740222,0.332500,5.080000,33.250,167.500,0,OK
30750226,0.332500,5.083750,33.250,170.000,0,OK
30760222,0.335000,5.085000,33.500,170.000,0,OK
30770226,0.332500,5.085000,33.250,170.000,0,OK
30780222,0.335000,5.083750,33.500,170.000,0,OK
30790226,0.335000,5.083750,33.250,170.000,0,OK
30800222,0.335000,5.086250,33.500,170.000,0,OK
30810226,0.332500,5.085000,33.250,167.500,0,OK
30820222,0.330000,5.083750,33.000,167.500,0,OK
30830226,0.332500,5.081250,33.250,167.500,0,OK
30840218,0.345000,5.085000,33.250,170.000,0,OK
30850230,0.335000,5.085000,33.500,170.000,0,OK
30860218,0.330000,5.086250,33.250,170.000,0,OK
30870230,0.332500,5.085000,33.250,170.000,0,OK
30880218,0.332500,5.085000,33.250,170.000,0,OK
30890230,0.332500,5.085000,33.250,170.000,0,OK
30900218,0.335000,5.085000,33.500,170.000,0,OK
30910230,0.330000,5.083750,33.000,167.500,0,OK
30920218,0.335000,5.080000,33.500,170.000,0,OK
30930226,0.342500,5.085000,33.250,170.000,0,OK
30940222,0.337500,5.086250,33.750,172.500,0,OK
30950226,0.330000,5.086250,33.250,170.000,0,OK
30960222,0.330000,5.086250,33.000,167.500,0,OK
30970226,0.332500,5.085000,32.750,167.500,0,OK
30980218,0.335000,5.085000,33.500,170.000,0,OK
30990230,0.332500,5.086250,33.250,167.500,0,OK
31000218,0.330000,5.087500,33.000,167.500,0,OK
31010230,0.337500,5.080000,33.750,172.500,0,OK
31020218,0.337500,5.085000,33.250,170.000,0,OK
31030230,0.332500,5.085000,33.250,170.000,0,OK
31040218,0.332500,5.083750,33.000,167.500,0,OK
31050230,0.330000,5.085000,33.000,167.500,0,OK
31060218,0.335000,5.085000,33.250,170.000,0,OK
31070230,0.330000,5.083750,33.000,167.500,0,OK
31080218,0.335000,5.085000,33.500,170.000,0,OK
31090226,0.332500,5.086250,33.250,170.000,0,OK
31100222,0.332500,5.081250,33.250,167.500,0,OK
31110226,0.337500,5.083750,33.000,167.500,0,OK
31120222,0.332500,5.083750,33.250,170.000,0,OK
31130226,0.330000,5.085000,33.250,170.000,0,OK
31140222,0.330000,5.085000,33.000,167.500,0,OK
31150226,0.335000,5.083750,33.000,170.000,0,OK
31160222,0.330000,5.085000,33.000,167.500,0,OK
31170226,0.335000,5.083750,33.500,170.000,0,OK
31180222,0.335000,5.083750,33.500,170.000,0,OK
31190226,0.335000,5.082500,33.500,170.000,0,OK
31200222,0.330000,5.085000,33.250,170.000,0,OK
31210226,0.332500,5.086250,33.250,170.000,0,OK
31220222,0.332500,5.086250,33.000,167.500,0,OK
31230226,0.332500,5.086250,33.250,170.000,0,OK
31240222,0.332500,5.083750,33.500,167.500,0,OK
31250226,0.332500,5.086250,33.250,170.000,0,OK
31260222,0.332500,5.077500,33.250,167.500,0,OK
31270226,0.332500,5.085000,33.250,170.000,0,OK
31280222,0.332500,5.083750,33.250,170.000,0,OK
31290226,0.332500,5.083750,33.250,170.000,0,OK
31300222,0.332500,5.083750,33.250,170.000,0,OK
31310226,0.332500,5.086250,33.500,170.000,0,OK
31320222,0.332500,5.085000,33.250,170.000,0,OK
31330226,0.335000,5.083750,33.250,170.000,0,OK
31340222,0.335000,5.085000,33.500,170.000,0,OK
31350226,0.332500,5.078750,33.250,167.500,0,OK
31360222,0.335000,5.083750,33.500,170.000,0,OK
31370226,0.335000,5.082500,33.500,170.000,0,OK
31380222,0.335000,5.085000,33.250,170.000,0,OK
31390226,0.332500,5.083750,33.250,170.000,0,OK
31400222,0.332500,5.085000,33.500,170.000,0,OK
31410226,0.335000,5.083750,33.500,170.000,0,OK
31420222,0.332500,5.085000,33.250,167.500,0,OK
31430226,0.332500,5.086250,33.250,170.000,0,OK
31440222,0.330000,5.080000,33.000,167.500,0,OK
31450226,0.347500,5.083750,33.250,170.000,0,OK
31460218,0.335000,5.085000,33.500,170.000,0,OK
31470230,0.332500,5.085000,33.250,170.000,0,OK
31480218,0.332500,5.083750,33.250,170.000,0,OK
31490230,0.332500,5.082500,33.500,170.000,0,OK
31500218,0.330000,5.083750,33.000,167.500,0,OK
31510230,0.335000,5.085000,33.500,170.000,0,OK
31520218,0.332500,5.083750,33.250,170.000,0,OK
31530230,0.332500,5.078750,33.250,167.500,0,OK
31540218,0.342500,5.085000,33.000,167.500,0,OK
31550230,0.332500,5.086250,33.250,170.000,0,OK
31560218,0.332500,5.085000,33.250,170.000,0,OK
31570230,0.332500,5.083750,33.250,170.000,0,OK
31580218,0.332500,5.086250,33.000,167.500,0,OK
31590230,0.332500,5.086250,33.250,170.000,0,OK
31600218,0.332500,5.086250,33.250,167.500,0,OK
31610230,0.330000,5.083750,33.000,167.500,0,OK
31620218,0.335000,5.081250,33.500,170.000,0,OK
31630226,0.337500,5.083750,33.000,167.500,0,OK
31640222,0.332500,5.083750,33.250,170.000,0,OK
31650226,0.332500,5.083750,33.250,170.000,0,OK
31660222,0.332500,5.083750,33.250,170.000,0,OK
31670226,0.332500,5.086250,33.000,167.500,0,OK
31680222,0.332500,5.086250,33.250,170.000,0,OK
31690226,0.337500,5.085000,33.750,172.500,0,OK
31700222,0.332500,5.085000,33.250,170.000,0,OK
31710226,0.335000,5.082500,33.500,170.000,0,OK
31720222,0.332500,5.085000,33.000,167.500,0,OK
31730226,0.335000,5.086250,33.500,170.000,0,OK
31740222,0.332500,5.083750,33.250,170.000,0,OK
31750226,0.332500,5.086250,33.250,170.000,0,OK
31760222,0.332500,5.085000,33.500,167.500,0,OK
31770226,0.332500,5.082500,33.250,170.000,0,OK
31780222,0.332500,5.083750,33.250,167.500,0,OK
31790226,0.332500,5.086250,33.250,170.000,0,OK
31800222,0.332500,5.081250,33.250,167.500,0,OK
31810226,0.332500,5.083750,33.250,170.000,0,OK
31820222,0.332500,5.083750,33.250,170.000,0,OK
31830226,0.332500,5.085000,33.250,170.000,0,OK
31840222,0.332500,5.085000,33.250,170.000,0,OK
31850226,0.332500,5.085000,33.250,167.500,0,OK
31860222,0.330000,5.085000,33.000,167.500,0,OK
31870226,0.335000,5.077500,33.500,170.000,0,OK
31880222,0.332500,5.083750,33.250,170.000,0,OK
31890226,0.330000,5.082500,33.000,167.500,0,OK
31900222,0.332500,5.083750,33.250,170.000,0,OK
31910226,0.332500,5.083750,33.250,170.000,0,OK
31920222,0.330000,5.085000,33.000,167.500,0,OK
31930226,0.332500,5.085000,33.250,170.000,0,OK
31940222,0.335000,5.085000,33.000,170.000,0,OK
31950226,0.330000,5.085000,33.000,167.500,0,OK
31960222,0.332500,5.078750,33.250,167.500,0,OK
31970226,0.332500,5.085000,33.250,170.000,0,OK
31980222,0.335000,5.083750,33.500,170.000,0,OK
31990226,0.332500,5.085000,33.250,170.000,0,OK
32000222,0.332500,5.083750,33.250,170.000,0,OK
32010226,0.335000,5.086250,33.250,170.000,0,OK
32020222,0.332500,5.085000,33.250,170.000,0,OK
32030226,0.332500,5.086250,33.500,167.500,0,OK
32040222,0.330000,5.083750,33.000,167.500,0,OK
32050226,0.335000,5.078750,33.500,170.000,0,OK
32060218,0.347500,5.082500,33.000,167.500,0,OK
32070230,0.332500,5.083750,33.250,170.000,0,OK
32080218,0.332500,5.085000,33.250,170.000,0,OK
32090230,0.337500,5.085000,33.750,172.500,0,OK
32100218,0.335000,5.086250,33.250,170.000,0,OK
32110230,0.332500,5.085000,33.250,170.000,0,OK
32120218,0.332500,5.083750,33.000,167.500,0,OK
32130230,0.332500,5.085000,33.250,170.000,0,OK
32140218,0.335000,5.080000,33.500,170.000,0,OK
32150230,0.342500,5.085000,33.000,167.500,0,OK
32160218,0.332500,5.085000,33.250,170.000,0,OK
32170230,0.332500,5.085000,33.250,170.000,0,OK
32180218,0.332500,5.085000,33.250,170.000,0,OK
32190230,0.335000,5.083750,33.250,170.000,0,OK
32200218,0.330000,5.085000,33.000,167.500,0,OK
32210230,0.335000,5.083750,33.500,170.000,0,OK
32220218,0.332500,5.083750,33.250,170.000,0,OK
32230230,0.330000,5.081250,33.000,167.500,0,OK
32240218,0.340000,5.086250,33.250,170.000,0,OK
32250226,0.335000,5.085000,33.500,170.000,0,OK
32260222,0.332500,5.085000,33.000,167.500,0,OK
32270226,0.332500,5.083750,33.250,170.000,0,OK
32280222,0.332500,5.085000,33.250,167.500,0,OK
32290226,0.332500,5.083750,33.250,170.000,0,OK
32300222,0.335000,5.085000,33.500,170.000,0,OK
32310226,0.332500,5.086250,33.250,170.000,0,OK
32320222,0.332500,5.081250,33.250,167.500,0,OK
32330226,0.332500,5.085000,33.000,167.500,0,OK
32340222,0.335000,5.086250,33.500,170.000,0,OK
32350226,0.330000,5.086250,33.250,170.000,0,OK
32360222,0.332500,5.083750,33.250,170.000,0,OK
32370226,0.332500,5.083750,33.250,167.500,0,OK
32380222,0.335000,5.085000,33.500,170.000,0,OK
32390226,0.337500,5.083750,33.750,172.500,0,OK
32400222,0.330000,5.085000,33.000,167.500,0,OK
32410226,0.332500,5.081250,33.250,167.500,0,OK
32420222,0.332500,5.085000,33.000,167.500,0,OK
32430226,0.335000,5.085000,33.500,170.000,0,OK
32440222,0.332500,5.083750,33.500,170.000,0,OK
32450226,0.332500,5.086250,33.250,170.000,0,OK
32460222,0.335000,5.082500,33.250,170.000,0,OK
32470226,0.332500,5.082500,33.250,170.000,0,OK
32480222,0.335000,5.085000,33.500,170.000,0,OK
32490226,0.332500,5.083750,33.250,170.000,0,OK
32500222,0.332500,5.083750,33.250,170.000,0,OK
32510226,0.327500,5.085000,33.000,167.500,0,OK
32520222,0.337500,5.085000,33.750,172.500,0,OK
32530226,0.332500,5.083750,33.000,167.500,0,OK
32540222,0.332500,5.083750,33.250,170.000,0,OK
32550226,0.335000,5.083750,33.000,170.000,0,OK
32560222,0.330000,5.083750,33.000,167.500,0,OK
32570226,0.332500,5.078750,33.250,167.500,0,OK
32580218,0.332500,5.085000,33.250,170.000,0,OK
32590230,0.335000,5.083750,33.500,170.000,0,OK
32600218,0.332500,5.083750,33.000,167.500,0,OK
32610230,0.337500,5.085000,33.750,172.500,0,OK
32620218,0.335000,5.086250,33.000,167.500,0,OK
32630230,0.332500,5.083750,33.250,170.000,0,OK
32640218,0.332500,5.085000,33.250,167.500,0,OK
32650230,0.332500,5.086250,33.250,170.000,0,OK
32660218,0.332500,5.078750,33.250,167.500,0,OK
32670230,0.330000,5.085000,33.000,167.500,0,OK
32680218,0.335000,5.086250,33.500,170.000,0,OK
32690230,0.332500,5.083750,33.000,167.500,0,OK
32700218,0.330000,5.085000,33.000,167.500,0,OK
32710230,0.332500,5.083750,33.250,170.000,0,OK
32720218,0.332500,5.085000,33.250,170.000,0,OK
32730230,0.335000,5.085000,33.000,170.000,0,OK
32740218,0.332500,5.085000,33.250,170.000,0,OK
32750230,0.335000,5.080000,33.500,170.000,0,OK
32760218,0.345000,5.085000,33.000,167.500,0,OK
32770230,0.332500,5.083750,33.250,170.000,0,OK
32780218,0.332500,5.083750,33.250,170.000,0,OK
32790230,0.335000,5.085000,33.500,170.000,0,OK
32800218,0.332500,5.085000,33.500,167.500,0,OK
32810230,0.332500,5.083750,33.250,170.000,0,OK
32820218,0.332500,5.083750,33.250,167.500,0,OK
32830230,0.330000,5.085000,33.000,167.500,0,OK
32840218,0.335000,5.081250,33.500,170.000,0,OK
32850230,0.342500,5.086250,33.250,170.000,0,OK
32860218,0.332500,5.085000,33.250,170.000,0,OK
32870230,0.332500,5.085000,33.250,170.000,0,OK
32880218,0.330000,5.086250,33.000,167.500,0,OK
32890230,0.332500,5.085000,33.250,167.500,0,OK
32900218,0.332500,5.083750,33.250,170.000,0,OK
32910230,0.335000,5.086250,33.500,170.000,0,OK
32920218,0.332500,5.085000,33.250,170.000,0,OK
32930230,0.332500,5.082500,33.250,170.000,0,OK
32940218,0.337500,5.085000,33.250,170.000,0,OK
32950230,0.330000,5.086250,33.000,167.500,0,OK
32960218,0.332500,5.086250,33.250,170.000,0,OK
32970226,0.332500,5.083750,33.250,170.000,0,OK
32980222,0.332500,5.083750,33.000,167.500,0,OK
32990226,0.332500,5.083750,33.250,170.000,0,OK
33000222,0.335000,5.085000,33.500,170.000,0,OK
33010226,0.332500,5.085000,33.250,170.000,0,OK
33020222,0.335000,5.081250,33.500,170.000,0,OK
33030226,0.332500,5.086250,33.250,170.000,0,OK
33040222,0.335000,5.085000,33.500,170.000,0,OK
33050226,0.332500,5.083750,33.000,167.500,0,OK
33060222,0.332500,5.086250,33.250,170.000,0,OK
33070226,0.332500,5.086250,33.250,167.500,0,OK
33080222,0.332500,5.085000,33.250,170.000,0,OK
33090226,0.332500,5.083750,33.250,167.500,0,OK
33100222,0.332500,5.085000,33.250,170.000,0,OK
33110226,0.332500,5.085000,33.250,170.000,0,OK
33120222,0.332500,5.085000,33.000,167.500,0,OK
33130226,0.332500,5.085000,33.250,170.000,0,OK
33140222,0.332500,5.086250,33.000,167.500,0,OK
33150226,0.332500,5.085000,33.250,170.000,0,OK
33160222,0.332500,5.086250,33.250,167.500,0,OK
33170226,0.335000,5.083750,33.500,170.000,0,OK
33180222,0.332500,5.077500,33.250,167.500,0,OK
33190226,0.330000,5.086250,33.000,167.500,0,OK
33200222,0.330000,5.083750,33.000,167.500,0,OK
33210226,0.332500,5.085000,33.000,167.500,0,OK
33220218,0.335000,5.083750,33.500,170.000,0,OK
33230230,0.332500,5.085000,33.250,170.000,0,OK
33240218,0.332500,5.083750,33.250,170.000,0,OK
33250230,0.332500,5.085000,33.500,167.500,0,OK
33260218,0.330000,5.085000,33.000,167.500,0,OK
33270230,0.332500,5.077500,33.250,167.500,0,OK
33280218,0.332500,5.083750,33.250,170.000,0,OK
33290230,0.337500,5.083750,33.750,172.500,0,OK
33300218,0.330000,5.085000,33.250,170.000,0,OK
33310230,0.332500,5.085000,33.250,170.000,0,OK
33320218,0.335000,5.085000,33.250,170.000,0,OK
33330230,0.332500,5.085000,33.250,170.000,0,OK
33340218,0.332500,5.083750,33.500,167.500,0,OK
33350230,0.332500,5.085000,33.250,170.000,0,OK
33360218,0.332500,5.081250,33.250,167.500,0,OK
33370230,0.342500,5.085000,33.250,170.000,0,OK
33380218,0.337500,5.085000,33.750,172.500,0,OK
33390230,0.330000,5.083750,33.000,167.500,0,OK
33400218,0.332500,5.085000,33.250,170.000,0,OK
33410226,0.337500,5.085000,33.000,172.500,0,OK
33420222,0.332500,5.083750,33.250,170.000,0,OK
33430226,0.335000,5.086250,33.500,170.000,0,OK
33440222,0.330000,5.085000,33.000,167.500,0,OK
33450226,0.330000,5.080000,33.000,167.500,0,OK
33460222,0.340000,5.085000,33.500,170.000,0,OK
33470226,0.335000,5.085000,33.500,170.000,0,OK
33480222,0.327500,5.085000,33.250,170.000,0,OK
33490226,0.330000,5.085000,33.000,167.500,0,OK
33500222,0.330000,5.086250,33.000,167.500,0,OK
33510226,0.332500,5.086250,33.250,170.000,0,OK
33520218,0.335000,5.086250,33.500,170.000,0,OK
33530230,0.332500,5.086250,33.250,170.000,0,OK
33540218,0.332500,5.082500,33.250,170.000,0,OK
33550230,0.337500,5.086250,33.000,167.500,0,OK
33560218,0.332500,5.085000,33.250,170.000,0,OK
33570226,0.332500,5.087500,33.250,170.000,0,OK
33580222,0.327500,5.085000,32.750,166.250,0,OK
33590226,0.330000,5.085000,33.250,167.500,0,OK
33600222,0.330000,5.085000,33.000,167.500,0,OK
33610226,0.335000,5.085000,33.500,170.000,0,OK
33620222,0.332500,5.085000,33.250,170.000,0,OK
33630226,0.332500,5.083750,33.250,170.000,0,OK
33640222,0.330000,5.085000,33.250,170.000,0,OK
33650226,0.337500,5.086250,33.750,172.500,0,OK
33660222,0.330000,5.086250,33.250,170.000,0,OK
33670226,0.330000,5.082500,33.000,167.500,0,OK
33680222,0.332500,5.085000,33.000,167.500,0,OK
33690226,0.335000,5.085000,33.500,170.000,0,OK
33700222,0.327500,5.085000,32.750,166.250,0,OK
33710226,0.330000,5.086250,33.000,167.500,0,OK
33720222,0.330000,5.082500,33.000,167.500,0,OK
33730226,0.332500,5.085000,33.000,167.500,0,OK
33740218,0.332500,5.085000,33.250,170.000,0,OK
33750230,0.335000,5.087500,33.250,170.000,0,OK
33760218,0.330000,5.085000,33.000,167.500,0,OK
33770230,0.335000,5.083750,33.000,170.000,0,OK
33780218,0.332500,5.083750,33.250,170.000,0,OK
33790230,0.332500,5.077500,33.250,167.500,0,OK
33800218,0.332500,5.083750,33.250,170.000,0,OK
33810230,0.335000,5.083750,33.500,170.000,0,OK
33820218,0.332500,5.083750,33.250,170.000,0,OK
33830230,0.335000,5.085000,33.500,170.000,0,OK
33840218,0.335000,5.083750,33.250,170.000,0,OK
33850230,0.332500,5.083750,33.250,170.000,0,OK
33860218,0.332500,5.086250,33.000,167.500,0,OK
33870230,0.330000,5.083750,33.000,167.500,0,OK
33880218,0.330000,5.078750,33.000,167.500,0,OK
33890226,0.327500,5.083750,32.750,166.250,0,OK
33900218,0.332500,5.085000,33.250,170.000,0,OK
33910226,0.330000,5.085000,33.250,170.000,0,OK
33920222,0.332500,5.083750,33.250,170.000,0,OK
33930226,0.332500,5.083750,33.000,167.500,0,OK
33940222,0.332500,5.085000,33.250,170.000,0,OK
33950226,0.335000,5.085000,33.250,170.000,0,OK
33960222,0.332500,5.085000,33.250,170.000,0,OK
33970226,0.335000,5.080000,33.500,170.000,0,OK
33980222,0.345000,5.085000,33.500,170.000,0,OK
33990226,0.332500,5.083750,33.250,170.000,0,OK
34000222,0.335000,5.085000,33.500,170.000,0,OK
34010226,0.332500,5.085000,33.250,170.000,0,OK
34020222,0.335000,5.085000,33.500,170.000,0,OK
34030226,0.332500,5.085000,33.250,170.000,0,OK
34040222,0.330000,5.083750,33.000,167.500,0,OK
34050226,0.332500,5.086250,33.250,170.000,0,OK
34060218,0.332500,5.081250,33.250,167.500,0,OK
34070230,0.340000,5.085000,33.000,167.500,0,OK
34080218,0.335000,5.085000,33.500,170.000,0,OK
34090230,0.332500,5.085000,33.000,167.500,0,OK
34100218,0.332500,5.085000,33.250,170.000,0,OK
34110230,0.332500,5.086250,33.250,167.500,0,OK
34120218,0.335000,5.083750,33.500,170.000,0,OK
34130230,0.337500,5.085000,33.750,172.500,0,OK
34140218,0.330000,5.085000,33.000,167.500,0,OK
34150230,0.332500,5.082500,33.250,170.000,0,OK
34160218,0.337500,5.085000,33.000,167.500,0,OK
34170230,0.332500,5.083750,33.250,170.000,0,OK
34180218,0.332500,5.086250,33.000,167.500,0,OK
34190230,0.332500,5.085000,33.250,170.000,0,OK
34200218,0.332500,5.085000,33.000,167.500,0,OK
34210230,0.330000,5.086250,33.000,167.500,0,OK
34220218,0.337500,5.085000,33.750,172.500,0,OK
34230226,0.332500,5.083750,33.250,170.000,0,OK
34240222,0.332500,5.083750,33.250,170.000,0,OK
34250226,0.332500,5.086250,33.000,167.500,0,OK
34260222,0.332500,5.085000,33.250,170.000,0,OK
34270226,0.330000,5.085000,33.250,170.000,0,OK
34280222,0.332500,5.085000,33.250,170.000,0,OK
34290226,0.335000,5.085000,32.750,170.000,0,OK
34300222,0.332500,5.082500,33.250,170.000,0,OK
34310226,0.335000,5.085000,33.500,170.000,0,OK
34320222,0.330000,5.085000,33.000,167.500,0,OK
34330226,0.332500,5.083750,33.250,170.000,0,OK
34340222,0.335000,5.083750,33.000,167.500,0,OK
34350226,0.335000,5.085000,33.500,170.000,0,OK
34360218,0.332500,5.083750,33.250,170.000,0,OK
34370230,0.332500,5.083750,33.250,170.000,0,OK
34380218,0.335000,5.085000,33.250,170.000,0,OK
34390230,0.332500,5.085000,33.250,170.000,0,OK
34400218,0.332500,5.078750,33.250,167.500,0,OK
34410230,0.332500,5.085000,33.250,170.000,0,OK
34420218,0.332500,5.083750,33.250,170.000,0,OK
34430230,0.330000,5.085000,33.250,170.000,0,OK
34440218,0.332500,5.083750,33.250,170.000,0,OK
34450230,0.332500,5.085000,33.000,167.500,0,OK
34460218,0.330000,5.085000,33.000,167.500,0,OK
34470230,0.335000,5.085000,33.250,170.000,0,OK
34480218,0.332500,5.083750,33.250,170.000,0,OK
34490230,0.332500,5.078750,33.250,167.500,0,OK
34500218,0.330000,5.083750,33.000,167.500,0,OK
34510230,0.332500,5.085000,33.250,170.000,0,OK
34520218,0.332500,5.083750,33.000,167.500,0,OK
34530230,0.332500,5.086250,33.250,170.000,0,OK
34540218,0.335000,5.085000,33.000,167.500,0,OK
34550230,0.332500,5.086250,33.250,170.000,0,OK
34560218,0.332500,5.083750,33.250,167.500,0,OK
34570230,0.332500,5.083750,33.250,170.000,0,OK
34580218,0.335000,5.080000,33.500,170.000,0,OK
34590230,0.345000,5.086250,33.000,167.500,0,OK
34600218,0.335000,5.085000,33.500,170.000,0,OK
34610226,0.330000,5.083750,33.250,170.000,0,OK
34620222,0.335000,5.085000,33.500,170.000,0,OK
34630226,0.332500,5.086250,33.500,170.000,0,OK
34640222,0.332500,5.083750,33.250,170.000,0,OK
34650226,0.332500,5.085000,33.250,167.500,0,OK
34660222,0.330000,5.083750,33.000,167.500,0,OK
34670226,0.332500,5.081250,33.250,167.500,0,OK
34680218,0.342500,5.083750,33.000,167.500,0,OK
34690230,0.332500,5.085000,33.250,170.000,0,OK
34700218,0.332500,5.083750,33.000,167.500,0,OK
34710230,0.332500,5.086250,33.250,170.000,0,OK
34720218,0.332500,5.086250,33.250,167.500,0,OK
34730230,0.330000,5.083750,33.000,167.500,0,OK
34740218,0.335000,5.085000,33.500,170.000,0,OK
34750226,0.330000,5.085000,33.000,167.500,0,OK
34760222,0.330000,5.082500,33.000,167.500,0,OK
34770226,0.337500,5.083750,33.250,170.000,0,OK
34780218,0.335000,5.085000,33.500,170.000,0,OK
34790230,0.332500,5.083750,33.250,170.000,0,OK
34800218,0.332500,5.085000,33.250,170.000,0,OK
34810230,0.335000,5.086250,33.000,170.000,0,OK
34820218,0.330000,5.083750,33.000,167.500,0,OK
34830230,0.332500,5.085000,33.250,167.500,0,OK
34840218,0.335000,5.087500,33.500,170.000,0,OK
34850230,0.335000,5.083750,33.500,170.000,0,OK
34860218,0.332500,5.085000,33.250,170.000,0,OK
34870230,0.332500,5.085000,33.250,170.000,0,OK
34880218,0.335000,5.086250,33.250,170.000,0,OK
34890230,0.332500,5.085000,33.250,170.000,0,OK
34900218,0.337500,5.086250,33.250,172.500,0,OK
34910230,0.332500,5.085000,33.250,170.000,0,OK
34920218,0.332500,5.085000,33.250,167.500,0,OK
34930230,0.332500,5.085000,33.250,170.000,0,OK
34940218,0.335000,5.085000,33.500,170.000,0,OK
34950230,0.335000,5.083750,33.250,170.000,0,OK
34960218,0.332500,5.086250,33.250,170.000,0,OK
34970230,0.330000,5.087500,33.250,170.000,0,OK
34980218,0.332500,5.085000,33.250,170.000,0,OK
34990230,0.335000,5.083750,33.000,170.000,0,OK
35000218,0.332500,5.085000,33.250,170.000,0,OK
35010230,0.332500,5.080000,33.250,167.500,0,OK
35020218,0.327500,5.083750,32.750,166.250,0,OK
35030230,0.335000,5.086250,33.500,170.000,0,OK
35040218,0.332500,5.085000,32.750,166.250,0,OK
35050230,0.337500,5.086250,33.750,172.500,0,OK
35060218,0.330000,5.086250,33.250,170.000,0,OK
35070230,0.332500,5.083750,33.250,170.000,0,OK
35080218,0.335000,5.086250,33.500,170.000,0,OK
35090230,0.332500,5.085000,33.250,170.000,0,OK
35100218,0.335000,5.081250,33.500,170.000,0,OK
35110230,0.332500,5.085000,33.250,170.000,0,OK
35120218,0.332500,5.085000,33.250,170.000,0,OK
35130230,0.332500,5.085000,33.250,170.000,0,OK
35140218,0.332500,5.085000,33.250,170.000,0,OK
35150230,0.332500,5.085000,33.000,167.500,0,OK
35160218,0.327500,5.085000,32.750,166.250,0,OK
35170230,0.332500,5.086250,33.250,167.500,0,OK
35180218,0.332500,5.083750,33.250,170.000,0,OK
35190230,0.332500,5.081250,33.250,167.500,0,OK
35200218,0.350000,5.086250,33.250,170.000,0,OK
35210230,0.332500,5.085000,33.250,170.000,0,OK
35220218,0.332500,5.083750,33.250,170.000,0,OK
35230230,0.332500,5.083750,33.250,170.000,0,OK
35240218,0.332500,5.085000,33.250,170.000,0,OK
35250230,0.327500,5.086250,32.750,166.250,0,OK
35260218,0.332500,5.086250,33.250,167.500,0,OK
35270226,0.327500,5.083750,32.750,166.250,0,OK
35280222,0.332500,5.082500,33.250,170.000,0,OK
35290226,0.342500,5.085000,33.250,170.000,0,OK
35300222,0.335000,5.087500,33.500,170.000,0,OK
35310226,0.332500,5.085000,33.250,170.000,0,OK
35320222,0.332500,5.085000,33.250,170.000,0,OK
35330226,0.335000,5.085000,33.500,170.000,0,OK
35340222,0.332500,5.083750,33.250,170.000,0,OK
35350226,0.332500,5.083750,33.250,167.500,0,OK
35360222,0.332500,5.086250,33.250,170.000,0,OK
35370226,0.335000,5.081250,33.500,170.000,0,OK
35380222,0.337500,5.085000,33.250,170.000,0,OK
35390226,0.335000,5.086250,33.500,170.000,0,OK
35400222,0.330000,5.085000,33.000,167.500,0,OK
35410226,0.332500,5.085000,33.250,170.000,0,OK
35420222,0.335000,5.086250,33.250,170.000,0,OK
35430226,0.332500,5.086250,33.250,170.000,0,OK
35440222,0.332500,5.086250,33.250,167.500,0,OK
35450226,0.330000,5.085000,33.000,167.500,0,OK
35460222,0.332500,5.082500,33.250,170.000,0,OK
35470226,0.335000,5.083750,33.250,170.000,0,OK
35480222,0.332500,5.086250,33.250,170.000,0,OK
35490226,0.332500,5.083750,33.000,167.500,0,OK
35500222,0.332500,5.086250,33.250,170.000,0,OK
35510226,0.330000,5.085000,33.500,167.500,0,OK
35520222,0.330000,5.085000,33.000,167.500,0,OK
35530226,0.335000,5.086250,33.500,170.000,0,OK
35540222,0.332500,5.086250,33.250,170.000,0,OK
35550226,0.335000,5.083750,33.500,170.000,0,OK
35560222,0.332500,5.083750,33.000,167.500,0,OK
35570226,0.332500,5.085000,33.250,170.000,0,OK
35580222,0.332500,5.085000,33.000,167.500,0,OK
35590226,0.332500,5.085000,33.250,170.000,0,OK
35600222,0.335000,5.083750,33.250,170.000,0,OK
35610226,0.330000,5.086250,33.000,167.500,0,OK
35620222,0.332500,5.078750,33.250,167.500,0,OK
35630226,0.330000,5.083750,33.000,167.500,0,OK
35640222,0.335000,5.083750,33.500,170.000,0,OK
35650226,0.335000,5.085000,33.250,170.000,0,OK
35660222,0.335000,5.085000,33.500,170.000,0,OK
35670226,0.332500,5.083750,33.250,170.000,0,OK
35680222,0.330000,5.085000,33.000,167.500,0,OK
35690226,0.335000,5.085000,33.250,170.000,0,OK
35700222,0.330000,5.085000,33.000,167.500,0,OK
35710226,0.332500,5.081250,33.250,167.500,0,OK
35720222,0.327500,5.085000,32.750,166.250,0,OK
35730226,0.335000,5.086250,33.500,170.000,0,OK
35740222,0.332500,5.085000,33.250,170.000,0,OK
35750226,0.332500,5.085000,33.250,170.000,0,OK
35760222,0.332500,5.085000,33.000,167.500,0,OK
35770226,0.332500,5.083750,33.250,170.000,0,OK
35780222,0.335000,5.085000,33.000,170.000,0,OK
35790226,0.330000,5.085000,33.000,167.500,0,OK
35800222,0.330000,5.081250,33.000,167.500,0,OK
35810226,0.332500,5.085000,33.250,170.000,0,OK
35820218,0.332500,5.085000,33.250,170.000,0,OK
35830230,0.332500,5.085000,33.000,167.500,0,OK
35840218,0.332500,5.086250,33.250,170.000,0,OK
35850230,0.330000,5.083750,33.500,170.000,0,OK
35860218,0.332500,5.086250,33.250,170.000,0,OK
35870230,0.335000,5.086250,33.500,170.000,0,OK
35880218,0.332500,5.086250,33.250,170.000,0,OK
35890230,0.335000,5.078750,33.500,170.000,0,OK
35900218,0.345000,5.083750,33.250,170.000,0,OK
35910230,0.332500,5.086250,33.250,170.000,0,OK
35920218,0.330000,5.083750,33.250,170.000,0,OK
35930230,0.332500,5.085000,33.250,170.000,0,OK
35940218,0.332500,5.085000,33.250,167.500,0,OK
35950230,0.332500,5.086250,33.250,170.000,0,OK
35960218,0.335000,5.086250,33.500,170.000,0,OK
35970230,0.332500,5.085000,33.250,170.000,0,OK
35980218,0.335000,5.082500,33.500,170.000,0,OK
35990230,0.340000,5.083750,32.750,166.250,0,OK
36000218,0.332500,5.086250,33.250,170.000,0,OK
36010230,0.332500,5.086250,33.000,167.500,0,OK
36020218,0.332500,5.083750,33.250,170.000,0,OK
36030230,0.332500,5.085000,33.250,167.500,0,OK
36040218,0.330000,5.083750,33.000,167.500,0,OK
36050230,0.335000,5.086250,33.500,170.000,0,OK
36060218,0.332500,5.085000,33.250,170.000,0,OK
36070230,0.332500,5.081250,33.250,167.500,0,OK
36080218,0.337500,5.086250,33.250,170.000,0,OK
36090230,0.332500,5.086250,33.250,170.000,0,OK
36100218,0.332500,5.085000,33.250,170.000,0,OK
36110230,0.332500,5.085000,33.250,170.000,0,OK
36120218,0.330000,5.085000,33.000,167.500,0,OK
36130230,0.332500,5.085000,33.250,170.000,0,OK
36140218,0.332500,5.085000,33.250,167.500,0,OK
36150230,0.332500,5.083750,33.250,170.000,0,OK
36160218,0.332500,5.083750,33.250,170.000,0,OK
36170230,0.332500,5.083750,33.000,167.500,0,OK
36180218,0.337500,5.086250,33.750,172.500,0,OK
36190230,0.330000,5.083750,33.250,170.000,0,OK
36200218,0.332500,5.085000,33.250,170.000,0,OK
36210230,0.332500,5.085000,33.500,167.500,0,OK
36220218,0.330000,5.085000,33.000,167.500,0,OK
36230230,0.335000,5.080000,33.500,170.000,0,OK
36240218,0.332500,5.085000,33.250,170.000,0,OK
36250230,0.332500,5.083750,33.250,170.000,0,OK
36260218,0.330000,5.086250,33.250,170.000,0,OK
36270230,0.332500,5.085000,33.250,170.000,0,OK
36280218,0.335000,5.085000,33.500,170.000,0,OK
36290230,0.332500,5.086250,33.250,170.000,0,OK
36300218,0.335000,5.085000,33.250,170.000,0,OK
36310230,0.332500,5.085000,33.250,170.000,0,OK
36320218,0.335000,5.080000,33.500,170.000,0,OK
36330230,0.327500,5.085000,32.750,166.250,0,OK
36340218,0.335000,5.085000,33.500,170.000,0,OK
36350230,0.332500,5.086250,33.250,170.000,0,OK
36360218,0.332500,5.086250,33.250,170.000,0,OK
36370230,0.335000,5.086250,33.250,170.000,0,OK
36380218,0.332500,5.086250,33.250,170.000,0,OK
36390230,0.335000,5.083750,33.250,170.000,0,OK
36400218,0.332500,5.086250,33.250,170.000,0,OK
36410230,0.332500,5.078750,33.250,167.500,0,OK
36420218,0.347500,5.083750,33.250,170.000,0,OK
36430230,0.332500,5.086250,33.250,170.000,0,OK
36440218,0.335000,5.085000,33.000,167.500,0,OK
36450230,0.332500,5.085000,33.250,170.000,0,OK
36460218,0.332500,5.086250,33.250,170.000,0,OK
36470230,0.332500,5.083750,33.250,170.000,0,OK
36480218,0.335000,5.086250,33.500,170.000,0,OK
36490230,0.330000,5.085000,33.000,167.500,0,OK
36500218,0.335000,5.081250,33.500,170.000,0,OK
36510230,0.342500,5.085000,33.250,170.000,0,OK
36520218,0.332500,5.085000,33.250,170.000,0,OK
36530230,0.330000,5.085000,33.250,170.000,0,OK
36540218,0.335000,5.086250,33.500,170.000,0,OK
36550230,0.332500,5.085000,33.000,167.500,0,OK
36560218,0.332500,5.083750,33.250,170.000,0,OK
36570230,0.332500,5.086250,33.250,167.500,0,OK
36580218,0.330000,5.085000,33.000,167.500,0,OK
36590230,0.335000,5.081250,33.500,170.000,0,OK
36600218,0.340000,5.085000,33.250,170.000,0,OK
36610230,0.335000,5.086250,33.500,170.000,0,OK
36620218,0.330000,5.086250,33.250,170.000,0,OK
36630230,0.332500,5.086250,33.250,170.000,0,OK
36640218,0.335000,5.085000,33.250,170.000,0,OK
36650230,0.330000,5.086250,33.000,167.500,0,OK
36660218,0.335000,5.086250,33.500,170.000,0,OK
36670226,0.332500,5.085000,33.250,170.000,0,OK
36680222,0.332500,5.083750,33.250,170.000,0,OK
36690226,0.337500,5.085000,33.250,170.000,0,OK
36700222,0.335000,5.086250,33.500,170.000,0,OK
36710226,0.332500,5.085000,33.250,170.000,0,OK
36720222,0.332500,5.083750,33.250,170.000,0,OK
36730226,0.332500,5.085000,33.000,167.500,0,OK
36740222,0.330000,5.086250,33.000,167.500,0,OK
36750226,0.337500,5.086250,33.750,172.500,0,OK
36760218,0.332500,5.085000,33.250,170.000,0,OK
36770230,0.335000,5.082500,33.500,170.000,0,OK
36780218,0.332500,5.085000,33.250,170.000,0,OK
36790230,0.332500,5.085000,33.250,170.000,0,OK
36800218,0.335000,5.085000,33.250,170.000,0,OK
36810230,0.332500,5.085000,33.250,170.000,0,OK
36820218,0.332500,5.085000,33.250,167.500,0,OK
36830230,0.335000,5.085000,33.500,170.000,0,OK
36840218,0.332500,5.077500,33.250,167.500,0,OK
36850230,0.332500,5.085000,33.250,170.000,0,OK
36860218,0.335000,5.082500,33.500,170.000,0,OK
36870230,0.332500,5.083750,33.000,167.500,0,OK
36880218,0.332500,5.085000,33.250,170.000,0,OK
36890230,0.332500,5.086250,33.250,170.000,0,OK
36900218,0.335000,5.083750,33.500,170.000,0,OK
36910230,0.332500,5.085000,33.000,167.500,0,OK
36920218,0.330000,5.085000,33.000,167.500,0,OK
36930230,0.335000,5.077500,33.500,170.000,0,OK
36940218,0.330000,5.085000,33.000,167.500,0,OK
36950230,0.332500,5.082500,33.250,170.000,0,OK
36960218,0.337500,5.083750,32.750,166.250,0,OK
36970230,0.332500,5.082500,33.250,170.000,0,OK
36980218,0.337500,5.083750,33.000,167.500,0,OK
36990230,0.330000,5.085000,33.000,167.500,0,OK
37000218,0.335000,5.085000,33.250,170.000,0,OK
37010230,0.330000,5.085000,33.000,167.500,0,OK
37020218,0.330000,5.078750,33.000,167.500,0,OK
37030230,0.330000,5.085000,33.000,167.500,0,OK
37040218,0.332500,5.083750,33.250,170.000,0,OK
37050230,0.335000,5.083750,33.250,170.000,0,OK
37060218,0.332500,5.086250,33.250,170.000,0,OK
37070230,0.332500,5.086250,33.000,167.500,0,OK
37080218,0.327500,5.085000,32.750,166.250,0,OK
37090230,0.332500,5.083750,33.250,167.500,0,OK
37100218,0.335000,5.086250,33.500,170.000,0,OK
37110230,0.335000,5.082500,33.500,170.000,0,OK
37120218,0.342500,5.083750,33.250,170.000,0,OK
37130230,0.332500,5.085000,33.250,170.000,0,OK
37140218,0.330000,5.083750,33.000,167.500,0,OK
37150230,0.335000,5.086250,33.500,170.000,0,OK
37160218,0.332500,5.085000,33.250,170.000,0,OK
37170230,0.327500,5.083750,32.750,166.250,0,OK
37180218,0.332500,5.085000,33.250,167.500,0,OK
37190226,0.332500,5.085000,33.250,170.000,0,OK
37200222,0.335000,5.081250,33.500,170.000,0,OK
37210226,0.342500,5.083750,33.250,170.000,0,OK
37220222,0.332500,5.083750,33.250,170.000,0,OK
37230226,0.330000,5.085000,33.000,167.500,0,OK
37240222,0.332500,5.083750,33.250,170.000,0,OK
37250226,0.332500,5.085000,33.250,167.500,0,OK
37260222,0.335000,5.085000,33.500,170.000,0,OK
37270226,0.337500,5.085000,33.750,172.500,0,OK
37280222,0.332500,5.083750,33.250,170.000,0,OK
37290226,0.335000,5.082500,33.500,170.000,0,OK
37300222,0.340000,5.085000,33.000,167.500,0,OK
37310226,0.332500,5.087500,33.250,170.000,0,OK
37320222,0.332500,5.085000,33.250,170.000,0,OK
37330226,0.332500,5.086250,33.250,170.000,0,OK
37340222,0.332500,5.086250,33.500,167.500,0,OK
37350226,0.332500,5.086250,33.250,170.000,0,OK
37360222,0.335000,5.086250,33.500,170.000,0,OK
37370226,0.332500,5.083750,33.250,170.000,0,OK
37380222,0.335000,5.082500,33.500,170.000,0,OK
37390226,0.335000,5.085000,33.250,170.000,0,OK
37400222,0.335000,5.085000,33.500,170.000,0,OK
37410226,0.335000,5.085000,33.250,170.000,0,OK
37420222,0.332500,5.085000,33.250,170.000,0,OK
37430226,0.337500,5.085000,33.000,172.500,0,OK
37440222,0.330000,5.085000,33.000,167.500,0,OK
37450226,0.335000,5.087500,33.500,170.000,0,OK
37460222,0.332500,5.086250,33.250,170.000,0,OK
37470226,0.332500,5.085000,33.250,170.000,0,OK
37480222,0.332500,5.086250,33.250,170.000,0,OK
37490226,0.335000,5.085000,33.500,170.000,0,OK
37500222,0.330000,5.085000,33.250,170.000,0,OK
37510226,0.330000,5.085000,33.000,167.500,0,OK
37520222,0.332500,5.085000,33.500,167.500,0,OK
37530226,0.332500,5.085000,33.250,170.000,0,OK
37540222,0.335000,5.078750,33.500,170.000,0,OK
37550226,0.330000,5.086250,33.000,167.500,0,OK
37560222,0.332500,5.085000,33.250,170.000,0,OK
37570226,0.332500,5.085000,33.250,170.000,0,OK
37580222,0.327500,5.087500,32.750,166.250,0,OK
37590226,0.335000,5.085000,33.000,167.500,0,OK
37600222,0.335000,5.086250,33.500,170.000,0,OK
37610226,0.332500,5.085000,33.250,167.500,0,OK
37620222,0.332500,5.085000,33.250,170.000,0,OK
37630226,0.332500,5.080000,33.250,167.500,0,OK
37640222,0.330000,5.085000,33.000,167.500,0,OK
37650226,0.335000,5.088750,33.500,170.000,0,OK
37660222,0.332500,5.085000,33.250,170.000,0,OK
37670226,0.335000,5.085000,33.500,170.000,0,OK
37680222,0.337500,5.085000,33.500,170.000,0,OK
37690226,0.330000,5.085000,33.000,167.500,0,OK
37700222,0.332500,5.085000,33.250,167.500,0,OK
37710226,0.332500,5.085000,33.250,170.000,0,OK
37720222,0.332500,5.081250,33.250,167.500,0,OK
37730226,0.345000,5.085000,33.000,167.500,0,OK
37740222,0.335000,5.083750,33.500,170.000,0,OK
37750226,0.332500,5.085000,33.250,170.000,0,OK
37760222,0.332500,5.086250,33.250,170.000,0,OK
37770226,0.335000,5.086250,33.000,167.500,0,OK
37780222,0.332500,5.086250,33.250,170.000,0,OK
37790226,0.335000,5.083750,33.500,170.000,0,OK
37800222,0.332500,5.085000,33.250,170.000,0,OK
37810226,0.335000,5.082500,33.500,170.000,0,OK
37820222,0.340000,5.086250,33.250,170.000,0,OK
37830226,0.332500,5.087500,33.250,170.000,0,OK
37840222,0.330000,5.086250,33.000,167.500,0,OK
37850226,0.332500,5.086250,33.250,170.000,0,OK
37860218,0.337500,5.086250,33.250,172.500,0,OK
37870230,0.335000,5.083750,33.500,170.000,0,OK
37880218,0.335000,5.085000,33.500,170.000,0,OK
37890230,0.330000,5.085000,33.000,167.500,0,OK
37900218,0.335000,5.082500,33.500,170.000,0,OK
37910230,0.337500,5.085000,33.000,167.500,0,OK
37920218,0.335000,5.083750,33.500,170.000,0,OK
37930230,0.332500,5.085000,32.750,166.250,0,OK
37940218,0.330000,5.086250,33.000,167.500,0,OK
37950230,0.335000,5.085000,33.250,170.000,0,OK
37960218,0.332500,5.085000,33.250,170.000,0,OK
37970230,0.332500,5.086250,33.250,167.500,0,OK
37980218,0.332500,5.086250,33.250,170.000,0,OK
37990230,0.337500,5.083750,33.750,172.500,0,OK
38000218,0.335000,5.085000,33.250,170.000,0,OK
38010230,0.335000,5.086250,33.500,170.000,0,OK
38020218,0.330000,5.086250,33.250,170.000,0,OK
38030230,0.332500,5.086250,33.250,170.000,0,OK
38040218,0.337500,5.085000,33.000,172.500,0,OK
38050230,0.327500,5.086250,32.750,166.250,0,OK
38060218,0.335000,5.085000,33.500,170.000,0,OK
38070226,0.332500,5.083750,33.250,170.000,0,OK
38080222,0.335000,5.086250,33.500,170.000,0,OK
38090226,0.330000,5.085000,33.250,170.000,0,OK
38100222,0.332500,5.086250,33.250,170.000,0,OK
38110226,0.332500,5.086250,33.000,167.500,0,OK
38120222,0.332500,5.085000,33.250,170.000,0,OK
38130226,0.332500,5.083750,32.750,167.500,0,OK
38140222,0.332500,5.087500,33.250,170.000,0,OK
38150226,0.332500,5.081250,33.250,167.500,0,OK
38160222,0.332500,5.085000,33.250,170.000,0,OK
38170226,0.335000,5.083750,33.500,170.000,0,OK
38180222,0.332500,5.085000,33.250,170.000,0,OK
38190226,0.332500,5.086250,33.250,170.000,0,OK
38200222,0.332500,5.086250,33.250,170.000,0,OK
38210226,0.332500,5.086250,33.250,170.000,0,OK
38220222,0.332500,5.085000,33.250,167.500,0,OK
38230226,0.332500,5.085000,33.250,170.000,0,OK
38240222,0.332500,5.081250,33.250,167.500,0,OK
38250226,0.335000,5.086250,33.500,170.000,0,OK
38260222,0.332500,5.085000,33.250,170.000,0,OK
38270226,0.335000,5.087500,33.000,167.500,0,OK
38280222,0.337500,5.087500,33.750,172.500,0,OK
38290226,0.335000,5.083750,33.250,170.000,0,OK
38300222,0.332500,5.086250,33.250,170.000,0,OK
38310226,0.335000,5.085000,33.250,170.000,0,OK
38320222,0.335000,5.085000,33.500,170.000,0,OK
38330226,0.332500,5.081250,33.250,167.500,0,OK
38340222,0.345000,5.085000,33.250,170.000,0,OK
38350226,0.335000,5.086250,33.500,170.000,0,OK
38360222,0.332500,5.085000,33.250,170.000,0,OK
38370226,0.335000,5.085000,33.500,170.000,0,OK
38380222,0.335000,5.086250,33.000,167.500,0,OK
38390226,0.332500,5.085000,33.250,170.000,0,OK
38400218,0.332500,5.085000,33.250,167.500,0,OK
38410230,0.330000,5.086250,33.000,167.500,0,OK
38420218,0.335000,5.081250,33.500,170.000,0,OK
38430226,0.345000,5.085000,33.000,167.500,0,OK
38440222,0.332500,5.086250,33.250,170.000,0,OK
38450226,0.332500,5.085000,33.250,170.000,0,OK
38460222,0.332500,5.087500,33.250,170.000,0,OK
38470226,0.335000,5.083750,33.500,170.000,0,OK
38480222,0.332500,5.085000,33.250,170.000,0,OK
38490226,0.332500,5.085000,33.250,167.500,0,OK
38500222,0.332500,5.087500,33.250,170.000,0,OK
38510226,0.335000,5.083750,33.500,170.000,0,OK
38520222,0.335000,5.085000,33.250,170.000,0,OK
38530226,0.332500,5.086250,33.250,170.000,0,OK
38540222,0.332500,5.086250,33.250,170.000,0,OK
38550226,0.330000,5.086250,33.000,167.500,0,OK
38560222,0.332500,5.086250,33.250,167.500,0,OK
38570226,0.330000,5.085000,33.000,167.500,0,OK
38580222,0.335000,5.085000,33.500,170.000,0,OK
38590226,0.335000,5.086250,33.500,170.000,0,OK
38600222,0.332500,5.082500,33.250,170.000,0,OK
38610226,0.335000,5.086250,33.250,170.000,0,OK
38620222,0.335000,5.083750,33.500,170.000,0,OK
38630226,0.335000,5.083750,33.250,170.000,0,OK
38640222,0.337500,5.086250,33.750,172.500,0,OK
38650226,0.335000,5.085000,33.000,170.000,0,OK
38660222,0.332500,5.085000,33.250,170.000,0,OK
38670226,0.332500,5.085000,33.250,167.500,0,OK
38680222,0.330000,5.086250,33.000,167.500,0,OK
38690226,0.332500,5.086250,33.250,170.000,0,OK
38700218,0.332500,5.085000,33.000,167.500,0,OK
38710230,0.332500,5.086250,33.250,170.000,0,OK
38720218,0.332500,5.086250,33.250,170.000,0,OK
38730230,0.330000,5.085000,33.000,167.500,0,OK
38740218,0.332500,5.085000,33.250,167.500,0,OK
38750230,0.332500,5.085000,33.250,170.000,0,OK
38760218,0.332500,5.078750,33.250,167.500,0,OK
38770230,0.330000,5.086250,33.000,167.500,0,OK
38780218,0.332500,5.085000,33.250,170.000,0,OK
38790226,0.332500,5.085000,33.250,170.000,0,OK
38800222,0.335000,5.087500,33.500,170.000,0,OK
38810226,0.335000,5.083750,33.250,170.000,0,OK
38820222,0.332500,5.083750,33.250,170.000,0,OK
38830226,0.335000,5.086250,33.250,170.000,0,OK
38840222,0.332500,5.085000,33.250,170.000,0,OK
38850226,0.337500,5.081250,33.750,172.500,0,OK
38860222,0.330000,5.085000,33.000,167.500,0,OK
38870226,0.335000,5.083750,33.500,170.000,0,OK
38880222,0.332500,5.085000,33.250,170.000,0,OK
38890226,0.332500,5.085000,33.250,170.000,0,OK
38900222,0.335000,5.085000,33.250,170.000,0,OK
38910226,0.332500,5.083750,33.250,170.000,0,OK
38920222,0.332500,5.083750,33.250,167.500,0,OK
38930226,0.327500,5.083750,32.750,166.250,0,OK
38940222,0.332500,5.080000,33.250,167.500,0,OK
38950226,0.345000,5.086250,33.500,170.000,0,OK
38960222,0.335000,5.087500,33.500,170.000,0,OK
38970226,0.332500,5.085000,33.000,167.500,0,OK
38980222,0.335000,5.085000,33.500,170.000,0,OK
38990226,0.337500,5.083750,33.250,170.000,0,OK
39000222,0.330000,5.085000,33.000,167.500,0,OK
39010226,0.332500,5.085000,33.250,167.500,0,OK
39020222,0.330000,5.085000,33.000,167.500,0,OK
39030226,0.332500,5.082500,33.250,170.000,0,OK
39040222,0.340000,5.086250,33.000,167.500,0,OK
39050226,0.332500,5.087500,33.250,170.000,0,OK
39060222,0.330000,5.083750,33.000,167.500,0,OK
39070226,0.330000,5.083750,33.000,167.500,0,OK
39080218,0.332500,5.086250,33.250,167.500,0,OK
39090226,0.332500,5.085000,33.250,170.000,0,OK
39100222,0.332500,5.085000,33.250,167.500,0,OK
39110226,0.332500,5.087500,33.250,170.000,0,OK
39120222,0.332500,5.081250,33.250,167.500,0,OK
39130226,0.337500,5.086250,33.000,167.500,0,OK
39140222,0.332500,5.085000,33.250,170.000,0,OK
39150226,0.332500,5.085000,33.250,170.000,0,OK
39160222,0.335000,5.085000,33.500,170.000,0,OK
39170226,0.335000,5.086250,33.250,170.000,0,OK
39180222,0.335000,5.085000,33.500,170.000,0,OK
39190226,0.337500,5.085000,33.750,172.500,0,OK
39200222,0.335000,5.086250,33.500,170.000,0,OK
39210226,0.332500,5.083750,33.250,170.000,0,OK
39220222,0.335000,5.085000,33.250,170.000,0,OK
39230226,0.335000,5.087500,33.500,170.000,0,OK
39240222,0.335000,5.085000,33.000,167.500,0,OK
39250226,0.327500,5.087500,32.750,166.250,0,OK
39260222,0.332500,5.085000,33.250,167.500,0,OK
39270226,0.332500,5.083750,33.250,170.000,0,OK
39280222,0.332500,5.085000,33.250,167.500,0,OK
39290226,0.332500,5.086250,33.250,170.000,0,OK
39300222,0.332500,5.085000,33.250,170.000,0,OK
39310226,0.332500,5.085000,33.250,170.000,0,OK
39320222,0.332500,5.085000,33.250,170.000,0,OK
39330226,0.335000,5.085000,33.000,167.500,0,OK
39340222,0.330000,5.086250,33.000,167.500,0,OK
39350226,0.332500,5.085000,33.250,167.500,0,OK
39360218,0.332500,5.085000,33.250,170.000,0,OK
39370230,0.335000,5.077500,33.500,170.000,0,OK
39380218,0.332500,5.086250,33.250,170.000,0,OK
39390230,0.332500,5.085000,33.250,170.000,0,OK
39400218,0.332500,5.085000,33.250,170.000,0,OK
39410230,0.330000,5.086250,33.000,167.500,0,OK
39420218,0.332500,5.085000,33.000,167.500,0,OK
39430226,0.330000,5.085000,33.000,167.500,0,OK
39440222,0.332500,5.086250,33.750,167.500,0,OK
39450226,0.330000,5.086250,33.000,167.500,0,OK
39460222,0.330000,5.081250,33.000,167.500,0,OK
39470226,0.330000,5.083750,33.000,167.500,0,OK
39480218,0.330000,5.086250,33.000,167.500,0,OK
39490226,0.330000,5.085000,33.250,170.000,0,OK
39500218,0.335000,5.085000,33.500,170.000,0,OK
39510230,0.330000,5.086250,33.250,170.000,0,OK
39520218,0.332500,5.085000,33.250,170.000,0,OK
39530230,0.332500,5.085000,33.250,167.500,0,OK
39540218,0.332500,5.085000,33.250,170.000,0,OK
39550230,0.332500,5.081250,33.250,167.500,0,OK
39560218,0.345000,5.085000,33.250,170.000,0,OK
39570230,0.332500,5.083750,33.250,170.000,0,OK
39580218,0.330000,5.085000,33.000,167.500,0,OK
39590230,0.335000,5.086250,33.500,170.000,0,OK
39600218,0.332500,5.085000,33.250,170.000,0,OK
39610230,0.330000,5.086250,33.000,167.500,0,OK
39620218,0.332500,5.085000,33.250,167.500,0,OK
39630226,0.332500,5.086250,33.250,170.000,0,OK
39640222,0.335000,5.082500,33.500,170.000,0,OK
39650226,0.342500,5.085000,33.250,170.000,0,OK
39660222,0.335000,5.086250,33.500,170.000,0,OK
39670226,0.332500,5.085000,33.250,170.000,0,OK
39680222,0.335000,5.083750,33.500,170.000,0,OK
39690226,0.335000,5.085000,33.500,170.000,0,OK
39700222,0.332500,5.085000,33.250,170.000,0,OK
39710226,0.335000,5.086250,33.500,170.000,0,OK
39720222,0.332500,5.083750,33.250,170.000,0,OK
39730226,0.332500,5.082500,33.250,170.000,0,OK
39740222,0.337500,5.086250,33.500,170.000,0,OK
39750226,0.332500,5.086250,33.250,170.000,0,OK
39760222,0.330000,5.086250,33.250,170.000,0,OK
39770226,0.332500,5.083750,33.250,170.000,0,OK
39780222,0.332500,5.085000,33.250,167.500,0,OK
39790226,0.332500,5.085000,33.250,170.000,0,OK
39800222,0.332500,5.086250,33.250,167.500,0,OK
39810226,0.330000,5.085000,33.000,167.500,0,OK
39820222,0.332500,5.082500,33.250,170.000,0,OK
39830226,0.337500,5.085000,33.250,170.000,0,OK
39840222,0.332500,5.087500,33.250,170.000,0,OK
39850226,0.332500,5.086250,33.500,170.000,0,OK
39860222,0.332500,5.085000,33.250,170.000,0,OK
39870226,0.332500,5.086250,33.250,167.500,0,OK
39880222,0.335000,5.085000,33.500,170.000,0,OK
39890226,0.332500,5.083750,33.250,167.500,0,OK
39900222,0.332500,5.086250,33.250,170.000,0,OK
39910226,0.335000,5.082500,33.500,170.000,0,OK
39920222,0.332500,5.085000,33.000,167.500,0,OK
39930226,0.332500,5.087500,33.250,170.000,0,OK
39940222,0.332500,5.086250,33.250,170.000,0,OK
39950226,0.332500,5.085000,33.250,170.000,0,OK
39960222,0.335000,5.083750,33.000,170.000,0,OK
39970226,0.332500,5.085000,33.250,170.000,0,OK
39980222,0.332500,5.078750,33.250,167.500,0,OK
39990226,0.330000,5.085000,33.000,167.500,0,OK
40000222,0.332500,5.085000,33.250,170.000,0,OK
40010226,0.332500,5.085000,33.000,167.500,0,OK
40020222,0.332500,5.082500,33.250,170.000,0,OK
40030226,0.332500,5.087500,33.000,167.500,0,OK
40040222,0.332500,5.086250,33.250,170.000,0,OK
40050226,0.332500,5.085000,33.000,167.500,0,OK
40060222,0.330000,5.086250,33.000,167.500,0,OK
40070226,0.335000,5.078750,33.500,170.000,0,OK
40080218,0.332500,5.086250,33.250,170.000,0,OK
40090230,0.335000,5.086250,33.500,170.000,0,OK
40100218,0.330000,5.083750,33.500,170.000,0,OK
40110230,0.337500,5.086250,33.750,172.500,0,OK
40120218,0.332500,5.086250,33.250,170.000,0,OK
40130230,0.332500,5.086250,33.250,170.000,0,OK
40140218,0.332500,5.083750,32.750,167.500,0,OK
40150230,0.335000,5.085000,33.500,170.000,0,OK
40160218,0.332500,5.081250,33.250,167.500,0,OK
40170230,0.345000,5.083750,33.000,167.500,0,OK
40180218,0.332500,5.086250,33.250,170.000,0,OK
40190226,0.332500,5.085000,33.500,170.000,0,OK
40200222,0.332500,5.086250,33.250,170.000,0,OK
40210226,0.332500,5.086250,33.500,170.000,0,OK
40220222,0.332500,5.085000,33.250,170.000,0,OK
40230226,0.332500,5.085000,33.250,167.500,0,OK
40240222,0.332500,5.086250,33.250,170.000,0,OK
40250226,0.332500,5.081250,33.250,167.500,0,OK
40260222,0.342500,5.083750,33.250,170.000,0,OK
40270226,0.335000,5.085000,33.500,170.000,0,OK
40280222,0.332500,5.085000,33.250,170.000,0,OK
40290226,0.332500,5.086250,33.250,170.000,0,OK
40300222,0.335000,5.086250,33.000,170.000,0,OK
40310226,0.330000,5.085000,33.000,167.500,0,OK
40320222,0.335000,5.086250,33.500,170.000,0,OK
40330226,0.335000,5.085000,33.500,170.000,0,OK
40340222,0.332500,5.082500,33.250,170.000,0,OK
40350226,0.340000,5.085000,33.250,170.000,0,OK
40360222,0.330000,5.086250,33.000,167.500,0,OK
40370226,0.332500,5.083750,33.250,170.000,0,OK
40380218,0.335000,5.085000,33.500,170.000,0,OK
40390230,0.335000,5.086250,33.500,170.000,0,OK
40400218,0.332500,5.086250,33.250,170.000,0,OK
40410230,0.335000,5.085000,33.500,170.000,0,OK
40420218,0.332500,5.085000,33.250,170.000,0,OK
40430230,0.335000,5.083750,33.500,170.000,0,OK
40440218,0.335000,5.083750,33.250,170.000,0,OK
40450230,0.335000,5.086250,33.500,170.000,0,OK
40460218,0.332500,5.085000,33.000,167.500,0,OK
40470230,0.332500,5.086250,33.250,170.000,0,OK
40480218,0.335000,5.086250,33.000,170.000,0,OK
40490230,0.332500,5.086250,33.250,170.000,0,OK
40500218,0.337500,5.087500,33.750,172.500,0,OK
40510230,0.335000,5.085000,33.500,170.000,0,OK
40520218,0.335000,5.081250,33.500,170.000,0,OK
40530230,0.335000,5.085000,33.250,170.000,0,OK
40540218,0.335000,5.086250,33.500,170.000,0,OK
40550230,0.332500,5.086250,33.000,167.500,0,OK
40560218,0.332500,5.085000,33.250,170.000,0,OK
40570230,0.332500,5.086250,33.000,167.500,0,OK
40580218,0.332500,5.086250,33.250,170.000,0,OK
40590230,0.332500,5.086250,33.250,167.500,0,OK
40600218,0.332500,5.085000,33.250,170.000,0,OK
40610230,0.332500,5.085000,33.250,170.000,0,OK
40620218,0.330000,5.086250,33.500,170.000,0,OK
40630230,0.335000,5.085000,33.500,170.000,0,OK
40640218,0.330000,5.086250,33.000,167.500,0,OK
40650230,0.332500,5.086250,33.250,170.000,0,OK
40660218,0.335000,5.085000,33.250,170.000,0,OK
40670230,0.330000,5.083750,33.000,167.500,0,OK
40680218,0.332500,5.080000,33.250,167.500,0,OK
40690226,0.335000,5.085000,33.500,170.000,0,OK
40700222,0.335000,5.088750,33.500,170.000,0,OK
40710226,0.332500,5.086250,33.250,170.000,0,OK
40720222,0.335000,5.085000,33.500,170.000,0,OK
40730226,0.332500,5.085000,33.250,170.000,0,OK
40740222,0.330000,5.086250,33.000,167.500,0,OK
40750226,0.335000,5.085000,33.250,170.000,0,OK
40760218,0.330000,5.085000,33.000,167.500,0,OK
40770230,0.332500,5.078750,33.250,167.500,0,OK
40780218,0.330000,5.087500,33.000,167.500,0,OK
40790230,0.335000,5.085000,33.500,170.000,0,OK
40800218,0.330000,5.085000,33.250,170.000,0,OK
40810230,0.332500,5.085000,33.250,170.000,0,OK
40820218,0.335000,5.085000,33.250,170.000,0,OK
40830230,0.332500,5.085000,33.250,170.000,0,OK
40840218,0.337500,5.085000,33.250,172.500,0,OK
40850230,0.332500,5.086250,33.250,170.000,0,OK
40860218,0.335000,5.081250,33.500,170.000,0,OK
40870230,0.345000,5.085000,33.250,170.000,0,OK
40880218,0.335000,5.087500,33.500,170.000,0,OK
40890230,0.332500,5.085000,33.500,170.000,0,OK
40900218,0.335000,5.086250,33.500,170.000,0,OK
40910230,0.332500,5.085000,33.000,167.500,0,OK
40920218,0.332500,5.083750,33.250,170.000,0,OK
40930230,0.332500,5.085000,33.250,167.500,0,OK
40940218,0.332500,5.086250,33.250,170.000,0,OK
40950230,0.332500,5.083750,33.250,170.000,0,OK
40960218,0.337500,5.085000,33.000,167.500,0,OK
40970230,0.332500,5.086250,33.250,170.000,0,OK
40980218,0.327500,5.085000,33.250,170.000,0,OK
40990230,0.330000,5.086250,33.000,167.500,0,OK
41000218,0.335000,5.085000,33.000,170.000,0,OK
41010226,0.332500,5.085000,33.250,170.000,0,OK
41020222,0.335000,5.086250,33.500,170.000,0,OK
41030226,0.332500,5.086250,33.250,170.000,0,OK
41040222,0.335000,5.082500,33.500,170.000,0,OK
41050226,0.335000,5.086250,33.000,167.500,0,OK
41060222,0.332500,5.087500,33.250,170.000,0,OK
41070226,0.332500,5.085000,33.250,170.000,0,OK
41080222,0.332500,5.085000,33.250,170.000,0,OK
41090226,0.332500,5.085000,33.250,167.500,0,OK
41100222,0.330000,5.086250,33.000,167.500,0,OK
41110226,0.332500,5.086250,33.250,167.500,0,OK
41120218,0.332500,5.085000,33.250,170.000,0,OK
41130230,0.332500,5.085000,33.250,170.000,0,OK
41140218,0.335000,5.083750,33.250,170.000,0,OK
41150230,0.332500,5.088750,33.250,170.000,0,OK
41160218,0.330000,5.085000,33.500,170.000,0,OK
41170230,0.332500,5.083750,33.250,170.000,0,OK
41180218,0.337500,5.086250,33.500,172.500,0,OK
41190230,0.332500,5.085000,33.250,170.000,0,OK
41200218,0.332500,5.083750,33.250,167.500,0,OK
41210230,0.332500,5.085000,33.250,170.000,0,OK
41220218,0.335000,5.082500,33.500,170.000,0,OK
41230230,0.330000,5.085000,33.250,170.000,0,OK
41240218,0.335000,5.085000,33.500,170.000,0,OK
41250230,0.330000,5.086250,33.250,170.000,0,OK
41260218,0.330000,5.085000,33.000,167.500,0,OK
41270230,0.332500,5.085000,33.250,167.500,0,OK
41280218,0.332500,5.086250,33.250,170.000,0,OK
41290230,0.335000,5.078750,33.500,170.000,0,OK
41300218,0.332500,5.086250,33.250,170.000,0,OK
41310230,0.332500,5.085000,33.250,170.000,0,OK
41320218,0.330000,5.086250,33.500,170.000,0,OK
41330230,0.330000,5.086250,33.000,167.500,0,OK
41340218,0.332500,5.085000,33.000,167.500,0,OK
41350226,0.330000,5.086250,33.000,167.500,0,OK
41360222,0.335000,5.085000,33.250,170.000,0,OK
41370226,0.332500,5.086250,33.250,170.000,0,OK
41380222,0.330000,5.081250,33.000,167.500,0,OK
41390226,0.330000,5.085000,33.000,167.500,0,OK
41400218,0.335000,5.086250,33.500,170.000,0,OK
41410230,0.332500,5.085000,33.250,170.000,0,OK
41420218,0.332500,5.083750,33.250,170.000,0,OK
41430230,0.335000,5.085000,33.500,170.000,0,OK
41440218,0.332500,5.086250,33.250,170.000,0,OK
41450230,0.332500,5.085000,33.250,167.500,0,OK
41460218,0.330000,5.086250,33.000,167.500,0,OK
41470230,0.335000,5.081250,33.500,170.000,0,OK
41480218,0.342500,5.085000,33.250,170.000,0,OK
41490230,0.335000,5.087500,33.500,170.000,0,OK
41500218,0.332500,5.085000,33.250,170.000,0,OK
41510230,0.332500,5.087500,33.250,170.000,0,OK
41520218,0.335000,5.085000,33.250,170.000,0,OK
41530230,0.335000,5.086250,33.500,170.000,0,OK
41540218,0.332500,5.085000,33.250,167.500,0,OK
41550230,0.335000,5.086250,33.500,170.000,0,OK
41560218,0.332500,5.083750,33.250,170.000,0,OK
41570230,0.340000,5.085000,33.250,170.000,0,OK
41580218,0.332500,5.087500,33.250,170.000,0,OK
41590230,0.330000,5.085000,33.250,170.000,0,OK
41600218,0.330000,5.086250,33.000,167.500,0,OK
41610230,0.332500,5.085000,33.000,167.500,0,OK
41620218,0.332500,5.083750,33.250,170.000,0,OK
41630230,0.335000,5.085000,33.500,170.000,0,OK
41640218,0.332500,5.085000,33.250,170.000,0,OK
41650230,0.332500,5.082500,33.250,170.000,0,OK
41660218,0.337500,5.083750,33.000,167.500,0,OK
41670230,0.332500,5.083750,33.250,170.000,0,OK
41680218,0.335000,5.086250,33.250,170.000,0,OK
41690230,0.330000,5.085000,33.000,167.500,0,OK
41700218,0.332500,5.086250,33.250,167.500,0,OK
41710230,0.330000,5.085000,33.000,167.500,0,OK
41720218,0.332500,5.085000,33.250,167.500,0,OK
41730230,0.330000,5.085000,33.000,167.500,0,OK
41740218,0.335000,5.082500,33.500,170.000,0,OK
41750230,0.337500,5.086250,33.500,170.000,0,OK
41760218,0.335000,5.085000,33.500,170.000,0,OK
41770230,0.332500,5.085000,33.250,170.000,0,OK
41780218,0.335000,5.085000,33.500,170.000,0,OK
41790230,0.337500,5.085000,33.250,172.500,0,OK
41800218,0.335000,5.086250,33.500,170.000,0,OK
41810230,0.332500,5.085000,33.250,167.500,0,OK
41820218,0.335000,5.085000,33.500,170.000,0,OK
41830230,0.335000,5.086250,33.500,170.000,0,OK
41840218,0.330000,5.085000,33.000,167.500,0,OK
41850230,0.337500,5.086250,33.750,172.500,0,OK
41860218,0.330000,5.085000,33.250,170.000,0,OK
41870230,0.332500,5.086250,33.250,170.000,0,OK
41880218,0.332500,5.086250,32.750,167.500,0,OK
41890230,0.332500,5.086250,33.250,170.000,0,OK
41900218,0.335000,5.081250,33.500,170.000,0,OK
41910230,0.332500,5.085000,33.250,170.000,0,OK
41920218,0.332500,5.083750,33.250,170.000,0,OK
41930230,0.330000,5.085000,33.250,170.000,0,OK
41940218,0.332500,5.086250,33.250,170.000,0,OK
41950230,0.335000,5.086250,33.000,167.500,0,OK
41960218,0.332500,5.085000,33.250,170.000,0,OK
41970226,0.337500,5.086250,33.250,172.500,0,OK
41980222,0.332500,5.085000,33.250,170.000,0,OK
41990226,0.335000,5.080000,33.500,170.000,0,OK
42000222,0.330000,5.083750,33.000,167.500,0,OK
42010226,0.332500,5.086250,33.250,170.000,0,OK
42020218,0.332500,5.085000,33.250,170.000,0,OK
42030230,0.332500,5.083750,33.250,170.000,0,OK
42040218,0.335000,5.085000,33.000,167.500,0,OK
42050230,0.332500,5.083750,33.250,170.000,0,OK
42060218,0.337500,5.086250,33.250,172.500,0,OK
42070230,0.332500,5.082500,33.250,170.000,0,OK
42080218,0.335000,5.081250,33.500,170.000,0,OK
42090230,0.347500,5.088750,33.250,170.000,0,OK
42100218,0.335000,5.086250,33.500,170.000,0,OK
42110230,0.330000,5.086250,33.250,170.000,0,OK
42120218,0.332500,5.086250,33.250,170.000,0,OK
42130230,0.335000,5.085000,33.000,170.000,0,OK
42140218,0.327500,5.085000,32.750,166.250,0,OK
42150230,0.337500,5.085000,33.750,172.500,0,OK
42160218,0.330000,5.085000,33.000,167.500,0,OK
42170230,0.332500,5.080000,33.250,167.500,0,OK
42180218,0.340000,5.083750,33.250,170.000,0,OK
42190230,0.332500,5.086250,33.250,170.000,0,OK
42200218,0.332500,5.085000,33.500,170.000,0,OK
42210230,0.332500,5.085000,33.250,170.000,0,OK
42220218,0.337500,5.085000,33.250,172.500,0,OK
42230230,0.330000,5.086250,33.000,167.500,0,OK
42240218,0.332500,5.085000,33.250,167.500,0,OK
42250226,0.332500,5.085000,33.250,170.000,0,OK
42260222,0.335000,5.082500,33.500,170.000,0,OK
42270226,0.340000,5.083750,33.250,170.000,0,OK
42280222,0.332500,5.087500,33.250,170.000,0,OK
42290226,0.332500,5.085000,33.250,170.000,0,OK
42300222,0.332500,5.086250,33.250,170.000,0,OK
42310226,0.330000,5.085000,33.000,167.500,0,OK
42320222,0.332500,5.085000,33.250,170.000,0,OK
42330226,0.332500,5.085000,33.250,167.500,0,OK
42340222,0.330000,5.086250,33.000,167.500,0,OK
42350226,0.332500,5.083750,33.250,170.000,0,OK
42360218,0.335000,5.085000,33.250,170.000,0,OK
42370230,0.335000,5.083750,33.500,170.000,0,OK
42380218,0.332500,5.085000,33.000,167.500,0,OK
42390230,0.335000,5.085000,33.500,170.000,0,OK
42400218,0.332500,5.085000,33.500,167.500,0,OK
42410230,0.332500,5.086250,33.250,170.000,0,OK
42420218,0.332500,5.085000,33.250,167.500,0,OK
42430230,0.332500,5.086250,33.250,170.000,0,OK
42440218,0.335000,5.085000,33.500,170.000,0,OK
42450230,0.335000,5.086250,33.250,170.000,0,OK
42460218,0.332500,5.086250,33.250,170.000,0,OK
42470230,0.335000,5.085000,33.250,170.000,0,OK
42480218,0.335000,5.086250,33.500,170.000,0,OK
42490230,0.337500,5.083750,33.000,172.500,0,OK
42500218,0.332500,5.085000,33.250,170.000,0,OK
42510230,0.337500,5.080000,33.750,172.500,0,OK
42520218,0.332500,5.085000,33.250,170.000,0,OK
42530230,0.335000,5.083750,33.500,170.000,0,OK
42540218,0.330000,5.085000,33.250,170.000,0,OK
42550230,0.332500,5.083750,33.250,170.000,0,OK
42560218,0.335000,5.085000,33.000,167.500,0,OK
42570230,0.332500,5.083750,33.250,170.000,0,OK
42580218,0.335000,5.085000,33.250,170.000,0,OK
42590230,0.332500,5.085000,33.250,170.000,0,OK
42600218,0.330000,5.081250,33.000,167.500,0,OK
42610230,0.332500,5.086250,33.250,170.000,0,OK
42620218,0.332500,5.085000,33.250,170.000,0,OK
42630230,0.330000,5.083750,33.250,170.000,0,OK
42640218,0.335000,5.085000,33.500,170.000,0,OK
42650230,0.337500,5.085000,32.750,166.250,0,OK
42660218,0.332500,5.086250,33.250,170.000,0,OK
42670230,0.335000,5.085000,33.000,170.000,0,OK
42680218,0.330000,5.086250,33.000,167.500,0,OK
42690230,0.332500,5.081250,33.250,167.500,0,OK
42700218,0.345000,5.083750,33.250,170.000,0,OK
42710230,0.332500,5.085000,33.250,170.000,0,OK
42720218,0.330000,5.085000,33.000,167.500,0,OK
42730230,0.332500,5.086250,33.250,170.000,0,OK
42740218,0.332500,5.085000,33.250,170.000,0,OK
42750230,0.335000,5.086250,33.500,170.000,0,OK
42760218,0.332500,5.086250,33.250,167.500,0,OK
42770230,0.332500,5.083750,33.250,170.000,0,OK
42780218,0.335000,5.082500,33.500,170.000,0,OK
42790230,0.342500,5.086250,33.500,170.000,0,OK
42800218,0.335000,5.087500,33.500,170.000,0,OK
42810230,0.335000,5.085000,33.000,167.500,0,OK
42820218,0.332500,5.085000,33.250,170.000,0,OK
42830230,0.332500,5.083750,33.250,167.500,0,OK
42840218,0.332500,5.086250,33.250,170.000,0,OK
42850230,0.335000,5.085000,33.500,170.000,0,OK
42860218,0.330000,5.086250,33.000,167.500,0,OK
42870230,0.335000,5.080000,33.500,170.000,0,OK
42880218,0.337500,5.085000,33.500,170.000,0,OK
42890230,0.335000,5.086250,33.500,170.000,0,OK
42900218,0.332500,5.086250,33.000,167.500,0,OK
42910230,0.332500,5.085000,33.250,170.000,0,OK
42920218,0.332500,5.083750,33.000,167.500,0,OK
42930230,0.332500,5.085000,33.250,170.000,0,OK
42940218,0.335000,5.083750,33.500,170.000,0,OK
42950230,0.332500,5.083750,33.250,170.000,0,OK
42960218,0.337500,5.083750,33.750,172.500,0,OK
42970230,0.335000,5.083750,33.500,170.000,0,OK
42980218,0.330000,5.083750,33.000,167.500,0,OK
42990230,0.335000,5.086250,33.250,170.000,0,OK
43000218,0.330000,5.085000,33.000,167.500,0,OK
43010230,0.332500,5.083750,33.000,167.500,0,OK
43020218,0.332500,5.083750,33.250,170.000,0,OK
43030230,0.335000,5.086250,33.500,170.000,0,OK
43040218,0.330000,5.085000,33.000,167.500,0,OK
43050230,0.332500,5.082500,33.250,170.000,0,OK
43060218,0.332500,5.087500,33.250,170.000,0,OK
43070230,0.335000,5.086250,33.500,170.000,0,OK
43080218,0.332500,5.086250,33.250,170.000,0,OK
43090230,0.335000,5.083750,33.500,170.000,0,OK
43100218,0.332500,5.086250,33.250,167.500,0,OK
43110230,0.332500,5.085000,33.250,170.000,0,OK
43120218,0.332500,5.078750,33.250,167.500,0,OK
43130230,0.332500,5.083750,33.250,170.000,0,OK
43140218,0.332500,5.085000,33.250,170.000,0,OK
43150230,0.332500,5.083750,33.250,170.000,0,OK
43160218,0.332500,5.086250,33.250,170.000,0,OK
43170230,0.335000,5.085000,33.000,167.500,0,OK
43180218,0.332500,5.086250,33.250,170.000,0,OK
43190230,0.337500,5.085000,33.250,172.500,0,OK
43200218,0.332500,5.085000,33.250,170.000,0,OK
43210230,0.332500,5.081250,33.250,167.500,0,OK
43220218,0.332500,5.083750,33.250,170.000,0,OK
43230230,0.335000,5.085000,33.500,170.000,0,OK
43240218,0.330000,5.085000,33.500,170.000,0,OK
43250230,0.335000,5.086250,33.500,170.000,0,OK
43260218,0.335000,5.086250,33.500,170.000,0,OK
43270230,0.332500,5.085000,33.250,170.000,0,OK
43280218,0.337500,5.086250,33.250,172.500,0,OK
43290230,0.332500,5.085000,33.250,170.000,0,OK
43300218,0.332500,5.082500,33.250,170.000,0,OK
43310230,0.350000,5.083750,33.000,167.500,0,OK
43320218,0.332500,5.085000,33.250,170.000,0,OK
43330226,0.332500,5.085000,33.000,167.500,0,OK
43340222,0.335000,5.087500,33.500,170.000,0,OK
43350226,0.332500,5.086250,33.250,170.000,0,OK
43360222,0.332500,5.086250,33.250,170.000,0,OK
43370226,0.335000,5.086250,33.500,170.000,0,OK
43380222,0.330000,5.086250,33.000,167.500,0,OK
43390226,0.335000,5.081250,33.500,170.000,0,OK
43400218,0.342500,5.085000,33.250,170.000,0,OK
43410230,0.337500,5.086250,33.750,172.500,0,OK
43420218,0.332500,5.085000,33.250,170.000,0,OK
43430230,0.332500,5.086250,33.250,170.000,0,OK
43440218,0.335000,5.085000,33.250,170.000,0,OK
43450230,0.332500,5.086250,33.250,170.000,0,OK
43460218,0.332500,5.083750,33.250,167.500,0,OK
43470230,0.330000,5.082500,33.000,167.500,0,OK
43480218,0.335000,5.083750,33.500,170.000,0,OK
43490226,0.337500,5.085000,33.250,170.000,0,OK
43500222,0.335000,5.086250,33.500,170.000,0,OK
43510226,0.332500,5.085000,33.250,170.000,0,OK
43520222,0.335000,5.083750,33.500,170.000,0,OK
43530226,0.332500,5.083750,33.250,167.500,0,OK
43540222,0.332500,5.086250,33.250,170.000,0,OK
43550226,0.335000,5.086250,33.500,170.000,0,OK
43560222,0.337500,5.086250,33.750,172.500,0,OK
43570226,0.335000,5.083750,33.500,170.000,0,OK
43580222,0.335000,5.086250,33.250,170.000,0,OK
43590226,0.337500,5.085000,33.750,172.500,0,OK
43600222,0.330000,5.086250,32.750,166.250,0,OK
43610226,0.332500,5.086250,33.250,170.000,0,OK
43620218,0.335000,5.085000,33.250,170.000,0,OK
43630230,0.332500,5.085000,33.250,170.000,0,OK
43640218,0.332500,5.085000,33.250,167.500,0,OK
43650230,0.332500,5.086250,33.250,170.000,0,OK
43660218,0.332500,5.085000,33.250,170.000,0,OK
43670230,0.332500,5.085000,33.250,170.000,0,OK
43680218,0.332500,5.086250,33.250,170.000,0,OK
43690230,0.332500,5.085000,33.250,170.000,0,OK
43700218,0.330000,5.086250,33.000,167.500,0,OK
43710230,0.335000,5.085000,33.250,170.000,0,OK
43720218,0.335000,5.086250,33.500,170.000,0,OK
43730230,0.330000,5.080000,33.000,167.500,0,OK
43740218,0.332500,5.083750,33.250,170.000,0,OK
43750226,0.332500,5.085000,33.250,170.000,0,OK
43760222,0.332500,5.085000,33.250,170.000,0,OK
43770226,0.335000,5.085000,33.500,170.000,0,OK
43780222,0.332500,5.086250,33.000,167.500,0,OK
43790226,0.332500,5.085000,33.250,170.000,0,OK
43800222,0.337500,5.085000,33.500,172.500,0,OK
43810226,0.330000,5.085000,33.000,167.500,0,OK
43820222,0.332500,5.080000,33.250,167.500,0,OK
43830226,0.332500,5.083750,33.250,170.000,0,OK
43840222,0.335000,5.083750,33.500,170.000,0,OK
43850226,0.335000,5.087500,33.250,170.000,0,OK
43860222,0.332500,5.085000,33.250,170.000,0,OK
43870226,0.332500,5.086250,33.250,170.000,0,OK
43880222,0.335000,5.086250,33.500,170.000,0,OK
43890226,0.337500,5.086250,33.000,172.500,0,OK
43900222,0.332500,5.086250,33.250,170.000,0,OK
43910226,0.335000,5.081250,33.500,170.000,0,OK
43920222,0.347500,5.085000,33.000,167.500,0,OK
43930226,0.337500,5.086250,33.750,172.500,0,OK
43940222,0.330000,5.085000,33.250,170.000,0,OK
43950226,0.337500,5.086250,33.750,172.500,0,OK
43960222,0.335000,5.086250,33.250,170.000,0,OK
43970226,0.330000,5.083750,33.000,167.500,0,OK
43980222,0.335000,5.085000,33.500,170.000,0,OK
43990226,0.332500,5.085000,33.250,170.000,0,OK
44000222,0.332500,5.081250,33.250,167.500,0,OK
44010226,0.342500,5.085000,33.250,170.000,0,OK
44020222,0.332500,5.086250,33.250,170.000,0,OK
44030226,0.332500,5.086250,33.000,167.500,0,OK
44040222,0.332500,5.086250,33.250,170.000,0,OK
44050226,0.332500,5.086250,32.750,167.500,0,OK
44060222,0.330000,5.083750,33.000,167.500,0,OK
44070226,0.335000,5.086250,33.500,170.000,0,OK
44080218,0.332500,5.086250,33.250,170.000,0,OK
44090230,0.332500,5.082500,33.250,170.000,0,OK
44100218,0.342500,5.085000,33.000,167.500,0,OK
44110230,0.335000,5.085000,33.500,170.000,0,OK
44120218,0.332500,5.083750,33.250,170.000,0,OK
44130230,0.327500,5.086250,32.750,166.250,0,OK
44140218,0.332500,5.085000,33.250,167.500,0,OK
44150226,0.332500,5.083750,33.250,170.000,0,OK
44160222,0.332500,5.086250,33.250,167.500,0,OK
44170226,0.337500,5.085000,33.750,172.500,0,OK
44180222,0.332500,5.083750,33.250,170.000,0,OK
44190226,0.337500,5.085000,33.250,170.000,0,OK
44200222,0.335000,5.086250,33.500,170.000,0,OK
44210226,0.332500,5.083750,33.000,167.500,0,OK
44220222,0.332500,5.083750,33.250,170.000,0,OK
44230226,0.330000,5.085000,33.250,167.500,0,OK
44240222,0.332500,5.085000,33.250,170.000,0,OK
44250226,0.337500,5.086250,33.750,172.500,0,OK
44260222,0.330000,5.086250,33.000,167.500,0,OK
44270226,0.335000,5.083750,33.500,170.000,0,OK
44280218,0.332500,5.085000,33.000,167.500,0,OK
44290230,0.335000,5.086250,33.500,170.000,0,OK
44300218,0.332500,5.085000,33.000,167.500,0,OK
44310230,0.332500,5.085000,33.250,170.000,0,OK
44320218,0.335000,5.086250,33.250,170.000,0,OK
44330230,0.335000,5.086250,33.500,170.000,0,OK
44340218,0.332500,5.081250,33.250,167.500,0,OK
44350230,0.335000,5.085000,33.500,170.000,0,OK
44360218,0.335000,5.086250,33.500,170.000,0,OK
44370230,0.335000,5.085000,32.750,166.250,0,OK
44380218,0.337500,5.085000,33.750,172.500,0,OK
44390230,0.330000,5.086250,33.250,170.000,0,OK
44400218,0.332500,5.085000,33.250,170.000,0,OK
44410230,0.335000,5.086250,32.750,170.000,0,OK
44420218,0.330000,5.083750,33.000,167.500,0,OK
44430230,0.332500,5.080000,33.250,167.500,0,OK
44440218,0.332500,5.085000,33.250,170.000,0,OK
44450230,0.337500,5.085000,33.750,172.500,0,OK
44460218,0.330000,5.083750,33.250,170.000,0,OK
44470230,0.332500,5.085000,33.250,170.000,0,OK
44480218,0.332500,5.085000,33.250,170.000,0,OK
44490230,0.330000,5.085000,33.000,167.500,0,OK
44500218,0.332500,5.085000,33.250,167.500,0,OK
44510230,0.332500,5.085000,33.250,170.000,0,OK
44520218,0.330000,5.080000,33.000,167.500,0,OK
44530230,0.350000,5.085000,33.250,170.000,0,OK
44540218,0.332500,5.086250,33.250,170.000,0,OK
44550230,0.332500,5.085000,33.000,167.500,0,OK
44560218,0.335000,5.085000,33.500,170.000,0,OK
44570230,0.332500,5.086250,33.000,167.500,0,OK
44580218,0.332500,5.086250,33.250,170.000,0,OK
44590230,0.335000,5.083750,33.500,170.000,0,OK
44600218,0.332500,5.087500,33.250,170.000,0,OK
44610230,0.335000,5.081250,33.500,170.000,0,OK
44620218,0.340000,5.085000,33.250,170.000,0,OK
44630230,0.332500,5.086250,33.250,170.000,0,OK
44640218,0.332500,5.085000,33.000,167.500,0,OK
44650230,0.335000,5.086250,33.500,170.000,0,OK
44660218,0.335000,5.086250,33.500,170.000,0,OK
44670230,0.335000,5.083750,33.500,170.000,0,OK
44680218,0.335000,5.085000,33.500,170.000,0,OK
44690230,0.332500,5.085000,33.250,170.000,0,OK
44700218,0.335000,5.083750,33.500,170.000,0,OK
44710230,0.337500,5.085000,33.250,170.000,0,OK
44720218,0.332500,5.085000,33.250,170.000,0,OK
44730230,0.332500,5.086250,33.250,170.000,0,OK
44740218,0.330000,5.086250,33.000,167.500,0,OK
44750230,0.335000,5.086250,33.000,170.000,0,OK
44760218,0.332500,5.085000,33.250,170.000,0,OK
44770230,0.332500,5.086250,33.250,167.500,0,OK
44780218,0.332500,5.086250,33.250,170.000,0,OK
44790230,0.335000,5.082500,33.500,170.000,0,OK
44800218,0.332500,5.085000,33.500,170.000,0,OK
44810230,0.335000,5.086250,33.500,170.000,0,OK
44820218,0.330000,5.083750,33.500,170.000,0,OK
44830230,0.332500,5.083750,33.250,170.000,0,OK
44840218,0.335000,5.085000,33.000,170.000,0,OK
44850230,0.332500,5.085000,33.250,170.000,0,OK
44860218,0.332500,5.086250,33.250,167.500,0,OK
44870230,0.332500,5.083750,33.250,170.000,0,OK
44880218,0.335000,5.083750,33.500,170.000,0,OK
44890230,0.330000,5.083750,33.250,170.000,0,OK
44900218,0.332500,5.086250,33.250,170.000,0,OK
44910230,0.332500,5.085000,33.000,167.500,0,OK
44920218,0.330000,5.085000,33.000,167.500,0,OK
44930230,0.335000,5.085000,33.250,170.000,0,OK
44940218,0.332500,5.085000,33.250,170.000,0,OK
44950230,0.335000,5.081250,33.500,170.000,0,OK
44960218,0.332500,5.086250,33.250,170.000,0,OK
44970230,0.332500,5.086250,33.250,170.000,0,OK
44980218,0.332500,5.086250,33.250,170.000,0,OK
44990230,0.335000,5.085000,33.500,170.000,0,OK
45000218,0.335000,5.085000,33.500,170.000,0,OK
45010230,0.330000,5.085000,33.000,167.500,0,OK
45020218,0.335000,5.085000,33.250,170.000,0,OK
45030230,0.332500,5.086250,33.250,170.000,0,OK
45040218,0.332500,5.080000,33.250,167.500,0,OK
45050230,0.332500,5.085000,33.250,170.000,0,OK
45060218,0.335000,5.085000,33.500,170.000,0,OK
45070230,0.330000,5.085000,33.250,170.000,0,OK
45080218,0.332500,5.086250,33.250,170.000,0,OK
45090230,0.335000,5.083750,33.250,170.000,0,OK
45100218,0.335000,5.086250,33.500,170.000,0,OK
45110230,0.332500,5.086250,33.250,167.500,0,OK
45120218,0.332500,5.086250,33.250,170.000,0,OK
45130230,0.332500,5.082500,33.250,170.000,0,OK
45140218,0.345000,5.086250,33.500,170.000,0,OK
45150230,0.332500,5.086250,33.250,170.000,0,OK
45160218,0.335000,5.085000,33.250,170.000,0,OK
45170230,0.335000,5.085000,33.500,170.000,0,OK
45180218,0.332500,5.086250,33.250,170.000,0,OK
45190230,0.332500,5.085000,33.250,170.000,0,OK
45200218,0.335000,5.087500,33.500,170.000,0,OK
45210230,0.332500,5.086250,33.250,170.000,0,OK
45220218,0.332500,5.080000,33.250,167.500,0,OK
45230230,0.345000,5.085000,33.250,170.000,0,OK
45240218,0.335000,5.086250,33.500,170.000,0,OK
45250230,0.332500,5.085000,33.250,170.000,0,OK
45260218,0.332500,5.086250,33.250,170.000,0,OK
45270230,0.337500,5.083750,33.250,172.500,0,OK
45280218,0.335000,5.086250,33.500,170.000,0,OK
45290230,0.335000,5.083750,33.500,170.000,0,OK
45300218,0.330000,5.085000,33.000,167.500,0,OK
45310230,0.332500,5.081250,33.250,167.500,0,OK
45320218,0.340000,5.085000,33.250,170.000,0,OK
45330230,0.332500,5.086250,33.250,170.000,0,OK
45340218,0.332500,5.085000,33.250,170.000,0,OK
45350230,0.335000,5.086250,33.500,170.000,0,OK
45360218,0.332500,5.086250,33.250,167.500,0,OK
45370230,0.332500,5.085000,33.250,170.000,0,OK
45380218,0.335000,5.086250,33.500,170.000,0,OK
45390230,0.332500,5.086250,33.250,170.000,0,OK
45400218,0.332500,5.085000,33.250,170.000,0,OK
45410230,0.337500,5.085000,33.250,170.000,0,OK
45420218,0.335000,5.085000,33.500,170.000,0,OK
45430230,0.332500,5.085000,33.250,170.000,0,OK
45440218,0.332500,5.086250,33.250,170.000,0,OK
45450230,0.332500,5.086250,33.250,167.500,0,OK
45460218,0.330000,5.085000,33.000,167.500,0,OK
45470230,0.335000,5.086250,33.500,170.000,0,OK
45480218,0.332500,5.086250,33.250,170.000,0,OK
45490230,0.335000,5.083750,33.500,170.000,0,OK
45500218,0.332500,5.085000,33.000,167.500,0,OK
45510230,0.335000,5.087500,33.500,170.000,0,OK
45520218,0.332500,5.085000,33.500,170.000,0,OK
45530230,0.332500,5.085000,33.250,170.000,0,OK
45540218,0.332500,5.086250,33.250,167.500,0,OK
45550230,0.330000,5.086250,33.000,167.500,0,OK
45560218,0.335000,5.086250,33.500,170.000,0,OK
45570226,0.332500,5.085000,33.250,170.000,0,OK
45580222,0.335000,5.083750,33.500,170.000,0,OK
45590226,0.332500,5.085000,33.500,170.000,0,OK
45600222,0.332500,5.086250,33.250,170.000,0,OK
45610226,0.332500,5.085000,33.250,170.000,0,OK
45620222,0.330000,5.083750,33.000,167.500,0,OK
45630226,0.335000,5.085000,33.000,170.000,0,OK
45640218,0.332500,5.086250,33.250,170.000,0,OK
45650230,0.335000,5.081250,33.500,170.000,0,OK
45660218,0.335000,5.085000,33.500,170.000,0,OK
45670230,0.335000,5.083750,33.500,170.000,0,OK
45680218,0.330000,5.085000,33.250,170.000,0,OK
45690230,0.332500,5.086250,33.250,170.000,0,OK
45700218,0.337500,5.086250,33.250,170.000,0,OK
45710230,0.330000,5.086250,33.000,167.500,0,OK
45720218,0.335000,5.086250,33.250,170.000,0,OK
45730226,0.335000,5.086250,33.500,170.000,0,OK
45740222,0.332500,5.080000,33.250,167.500,0,OK
45750226,0.332500,5.086250,33.250,170.000,0,OK
45760222,0.337500,5.086250,33.750,172.500,0,OK
45770226,0.332500,5.086250,33.500,170.000,0,OK
45780222,0.335000,5.086250,33.500,170.000,0,OK
45790226,0.335000,5.085000,33.000,167.500,0,OK
45800222,0.332500,5.086250,33.250,170.000,0,OK
45810226,0.335000,5.086250,33.500,170.000,0,OK
45820222,0.332500,5.085000,33.250,170.000,0,OK
45830226,0.332500,5.083750,33.250,170.000,0,OK
45840222,0.345000,5.085000,33.250,170.000,0,OK
45850226,0.332500,5.086250,33.250,170.000,0,OK
45860222,0.335000,5.086250,33.250,170.000,0,OK
45870226,0.330000,5.085000,33.000,167.500,0,OK
45880222,0.332500,5.086250,33.000,167.500,0,OK
45890226,0.332500,5.085000,33.250,170.000,0,OK
45900222,0.337500,5.085000,33.750,172.500,0,OK
45910226,0.332500,5.085000,33.250,170.000,0,OK
45920222,0.332500,5.081250,33.250,167.500,0,OK
45930226,0.340000,5.086250,33.000,167.500,0,OK
45940222,0.335000,5.086250,33.500,170.000,0,OK
45950226,0.332500,5.085000,33.250,170.000,0,OK
45960222,0.330000,5.085000,33.000,167.500,0,OK
45970226,0.337500,5.086250,33.250,172.500,0,OK
45980222,0.332500,5.087500,33.250,170.000,0,OK
45990226,0.332500,5.083750,33.250,167.500,0,OK
46000222,0.330000,5.086250,33.000,167.500,0,OK
46010226,0.332500,5.082500,33.250,170.000,0,OK
46020218,0.337500,5.086250,33.250,170.000,0,OK
46030230,0.337500,5.086250,33.750,172.500,0,OK
46040218,0.330000,5.086250,33.000,167.500,0,OK
46050230,0.332500,5.085000,33.250,170.000,0,OK
46060218,0.335000,5.086250,33.250,170.000,0,OK
46070230,0.330000,5.083750,33.000,167.500,0,OK
46080218,0.335000,5.085000,33.500,170.000,0,OK
46090226,0.332500,5.086250,33.250,170.000,0,OK
46100222,0.335000,5.085000,33.500,170.000,0,OK
46110226,0.335000,5.085000,33.500,170.000,0,OK
46120222,0.335000,5.085000,33.500,170.000,0,OK
46130226,0.332500,5.086250,33.000,167.500,0,OK
46140222,0.335000,5.083750,33.500,170.000,0,OK
46150226,0.332500,5.085000,33.250,167.500,0,OK
46160222,0.332500,5.085000,33.250,170.000,0,OK
46170226,0.335000,5.085000,33.500,170.000,0,OK
46180222,0.332500,5.085000,33.250,170.000,0,OK
46190226,0.335000,5.085000,33.500,170.000,0,OK
46200222,0.332500,5.085000,33.000,167.500,0,OK
46210226,0.335000,5.086250,33.500,170.000,0,OK
46220222,0.332500,5.086250,33.000,167.500,0,OK
46230226,0.330000,5.085000,33.000,167.500,0,OK
46240222,0.332500,5.085000,33.250,167.500,0,OK
46250226,0.332500,5.086250,33.250,170.000,0,OK
46260222,0.332500,5.081250,33.250,167.500,0,OK
46270226,0.332500,5.085000,33.250,170.000,0,OK
46280222,0.332500,5.085000,33.250,170.000,0,OK
46290226,0.330000,5.085000,33.250,170.000,0,OK
46300222,0.335000,5.085000,33.500,170.000,0,OK
46310226,0.335000,5.086250,33.500,170.000,0,OK
46320222,0.332500,5.083750,33.250,170.000,0,OK
46330226,0.335000,5.086250,33.500,170.000,0,OK
46340222,0.332500,5.085000,33.250,170.000,0,OK
46350226,0.332500,5.082500,33.250,170.000,0,OK
46360222,0.330000,5.086250,33.000,167.500,0,OK
46370226,0.335000,5.085000,33.500,170.000,0,OK
46380218,0.332500,5.086250,33.500,170.000,0,OK
46390230,0.330000,5.086250,33.000,167.500,0,OK
46400218,0.335000,5.085000,33.250,170.000,0,OK
46410226,0.335000,5.086250,33.500,170.000,0,OK
46420222,0.332500,5.085000,33.250,167.500,0,OK
46430226,0.332500,5.086250,33.250,170.000,0,OK
46440222,0.335000,5.081250,33.500,170.000,0,OK
46450226,0.345000,5.086250,33.500,170.000,0,OK
46460222,0.332500,5.085000,33.250,170.000,0,OK
46470226,0.335000,5.085000,32.750,166.250,0,OK
46480222,0.335000,5.085000,33.500,170.000,0,OK
46490226,0.335000,5.085000,33.250,170.000,0,OK
46500222,0.332500,5.083750,33.250,170.000,0,OK
46510226,0.337500,5.085000,33.750,172.500,0,OK
46520222,0.335000,5.086250,33.500,170.000,0,OK
46530226,0.332500,5.081250,33.250,167.500,0,OK
46540222,0.340000,5.085000,33.000,167.500,0,OK
46550226,0.335000,5.085000,33.500,170.000,0,OK
46560222,0.332500,5.085000,33.250,170.000,0,OK
46570226,0.330000,5.085000,33.000,167.500,0,OK
46580222,0.332500,5.086250,33.000,167.500,0,OK
46590226,0.335000,5.086250,33.500,170.000,0,OK
46600222,0.335000,5.085000,33.500,170.000,0,OK
46610226,0.330000,5.085000,33.000,167.500,0,OK
46620222,0.332500,5.083750,33.250,170.000,0,OK
46630226,0.335000,5.085000,33.250,170.000,0,OK
46640222,0.332500,5.085000,33.250,170.000,0,OK
46650226,0.332500,5.085000,33.000,167.500,0,OK
46660222,0.330000,5.083750,33.000,167.500,0,OK
46670226,0.332500,5.085000,33.250,167.500,0,OK
46680218,0.332500,5.087500,33.250,170.000,0,OK
46690230,0.335000,5.086250,33.500,170.000,0,OK
46700218,0.330000,5.086250,33.000,167.500,0,OK
46710230,0.335000,5.081250,33.500,170.000,0,OK
46720218,0.332500,5.086250,33.000,167.500,0,OK
46730230,0.332500,5.087500,33.250,170.000,0,OK
46740218,0.332500,5.085000,33.250,170.000,0,OK
46750230,0.332500,5.085000,33.250,170.000,0,OK
46760218,0.332500,5.085000,33.250,167.500,0,OK
46770230,0.330000,5.085000,33.000,167.500,0,OK
46780218,0.332500,5.085000,33.250,167.500,0,OK
46790230,0.332500,5.085000,33.250,170.000,0,OK
46800218,0.332500,5.085000,33.250,170.000,0,OK
46810230,0.330000,5.085000,33.250,170.000,0,OK
46820218,0.335000,5.085000,33.500,170.000,0,OK
46830230,0.332500,5.085000,32.750,166.250,0,OK
46840218,0.332500,5.086250,33.250,170.000,0,OK
46850230,0.332500,5.086250,33.500,167.500,0,OK
46860218,0.332500,5.086250,33.250,170.000,0,OK
46870230,0.335000,5.078750,33.500,170.000,0,OK
46880218,0.330000,5.086250,33.000,167.500,0,OK
46890230,0.335000,5.083750,33.500,170.000,0,OK
46900218,0.332500,5.085000,33.000,167.500,0,OK
46910230,0.335000,5.086250,33.500,170.000,0,OK
46920218,0.332500,5.085000,33.250,170.000,0,OK
46930230,0.332500,5.085000,33.250,170.000,0,OK
46940218,0.335000,5.083750,33.250,170.000,0,OK
46950230,0.332500,5.086250,33.250,170.000,0,OK
46960218,0.335000,5.080000,33.500,170.000,0,OK
46970230,0.335000,5.085000,33.500,170.000,0,OK
46980218,0.335000,5.085000,33.500,170.000,0,OK
46990230,0.330000,5.083750,33.000,167.500,0,OK
47000218,0.332500,5.085000,33.250,170.000,0,OK
47010226,0.335000,5.085000,33.250,170.000,0,OK
47020222,0.332500,5.083750,33.250,170.000,0,OK
47030226,0.332500,5.085000,33.000,167.500,0,OK
47040222,0.332500,5.086250,33.250,170.000,0,OK
47050226,0.332500,5.082500,33.250,170.000,0,OK
47060222,0.342500,5.085000,32.750,166.250,0,OK
47070226,0.335000,5.083750,33.500,170.000,0,OK
47080222,0.330000,5.085000,33.500,170.000,0,OK
47090226,0.335000,5.086250,33.500,170.000,0,OK
47100222,0.332500,5.085000,33.250,170.000,0,OK
47110226,0.332500,5.085000,33.250,170.000,0,OK
47120222,0.332500,5.085000,33.250,167.500,0,OK
47130226,0.330000,5.085000,33.000,167.500,0,OK
47140222,0.332500,5.082500,33.250,170.000,0,OK
47150226,0.342500,5.085000,33.500,170.000,0,OK
47160222,0.332500,5.086250,33.250,170.000,0,OK
47170226,0.330000,5.085000,33.250,170.000,0,OK
47180222,0.332500,5.086250,33.250,170.000,0,OK
47190226,0.335000,5.086250,33.250,170.000,0,OK
47200222,0.332500,5.086250,33.250,170.000,0,OK
47210226,0.337500,5.085000,33.750,172.500,0,OK
47220222,0.327500,5.085000,32.750,166.250,0,OK
47230226,0.337500,5.083750,33.750,172.500,0,OK
47240222,0.337500,5.085000,33.000,167.500,0,OK
47250226,0.335000,5.087500,33.500,170.000,0,OK
47260222,0.332500,5.083750,33.250,170.000,0,OK
47270226,0.332500,5.083750,33.250,170.000,0,OK
47280222,0.332500,5.085000,33.000,167.500,0,OK
47290226,0.332500,5.085000,33.250,170.000,0,OK
47300222,0.332500,5.086250,33.250,167.500,0,OK
47310226,0.332500,5.086250,33.250,170.000,0,OK
47320222,0.332500,5.082500,33.250,170.000,0,OK
47330226,0.337500,5.085000,32.750,166.250,0,OK
47340222,0.337500,5.085000,33.750,172.500,0,OK
47350226,0.332500,5.083750,33.250,170.000,0,OK
47360222,0.332500,5.085000,33.250,170.000,0,OK
47370226,0.335000,5.085000,33.250,170.000,0,OK
47380222,0.332500,5.086250,33.250,170.000,0,OK
47390226,0.332500,5.085000,33.250,167.500,0,OK
47400222,0.330000,5.086250,33.000,167.500,0,OK
47410226,0.335000,5.083750,33.500,170.000,0,OK
47420218,0.332500,5.085000,32.750,166.250,0,OK
47430230,0.335000,5.086250,33.500,170.000,0,OK
47440218,0.332500,5.085000,33.500,170.000,0,OK
47450230,0.332500,5.085000,33.250,170.000,0,OK
47460218,0.332500,5.086250,33.250,167.500,0,OK
47470230,0.327500,5.083750,32.750,166.250,0,OK
47480218,0.332500,5.080000,33.250,167.500,0,OK
47490226,0.332500,5.085000,33.250,170.000,0,OK
47500222,0.335000,5.085000,33.500,170.000,0,OK
47510226,0.330000,5.083750,33.000,167.500,0,OK
47520222,0.332500,5.085000,33.250,170.000,0,OK
47530226,0.330000,5.085000,33.500,170.000,0,OK
47540222,0.335000,5.086250,33.500,170.000,0,OK
47550226,0.335000,5.085000,33.500,170.000,0,OK
47560222,0.330000,5.086250,33.000,167.500,0,OK
47570226,0.335000,5.078750,33.500,170.000,0,OK
47580218,0.330000,5.085000,33.000,167.500,0,OK
47590230,0.332500,5.085000,33.250,170.000,0,OK
47600218,0.332500,5.085000,33.250,170.000,0,OK
47610230,0.332500,5.085000,33.250,170.000,0,OK
47620218,0.332500,5.085000,33.250,170.000,0,OK
47630230,0.332500,5.085000,33.250,170.000,0,OK
47640218,0.335000,5.085000,33.000,170.000,0,OK
47650230,0.332500,5.086250,33.250,170.000,0,OK
47660218,0.332500,5.080000,33.250,167.500,0,OK
47670230,0.345000,5.085000,33.250,170.000,0,OK
47680218,0.337500,5.087500,33.750,172.500,0,OK
47690230,0.330000,5.086250,33.250,170.000,0,OK
47700218,0.332500,5.086250,33.250,170.000,0,OK
47710230,0.337500,5.085000,33.250,170.000,0,OK
47720218,0.330000,5.085000,33.000,167.500,0,OK
47730230,0.337500,5.086250,33.750,172.500,0,OK
47740218,0.332500,5.085000,33.250,170.000,0,OK
47750230,0.330000,5.081250,33.000,167.500,0,OK
47760218,0.340000,5.086250,33.000,167.500,0,OK
47770226,0.332500,5.086250,33.250,170.000,0,OK
47780222,0.332500,5.086250,33.000,167.500,0,OK
47790226,0.330000,5.085000,33.000,167.500,0,OK
47800222,0.335000,5.086250,33.250,170.000,0,OK
47810226,0.332500,5.086250,33.250,170.000,0,OK
47820222,0.332500,5.085000,33.250,167.500,0,OK
47830226,0.335000,5.085000,33.500,170.000,0,OK
47840222,0.332500,5.082500,33.250,170.000,0,OK
47850226,0.337500,5.085000,33.250,170.000,0,OK
47860222,0.335000,5.086250,33.500,170.000,0,OK
47870226,0.332500,5.085000,33.000,167.500,0,OK
47880222,0.330000,5.086250,33.000,167.500,0,OK
47890226,0.335000,5.085000,33.250,170.000,0,OK
47900218,0.332500,5.086250,33.250,170.000,0,OK
47910230,0.335000,5.085000,33.500,170.000,0,OK
47920218,0.332500,5.086250,33.250,170.000,0,OK
47930230,0.335000,5.083750,33.500,170.000,0,OK
47940218,0.332500,5.085000,33.000,167.500,0,OK
47950230,0.335000,5.086250,33.500,170.000,0,OK
47960218,0.335000,5.085000,33.250,170.000,0,OK
47970230,0.330000,5.083750,33.000,167.500,0,OK
47980218,0.332500,5.086250,33.250,167.500,0,OK
47990226,0.332500,5.086250,33.250,170.000,0,OK
48000222,0.332500,5.086250,33.250,167.500,0,OK
48010226,0.332500,5.085000,33.250,170.000,0,OK
48020222,0.335000,5.082500,33.500,170.000,0,OK
48030226,0.332500,5.085000,33.250,170.000,0,OK
48040222,0.335000,5.086250,33.500,170.000,0,OK
48050226,0.335000,5.085000,33.250,170.000,0,OK
48060222,0.332500,5.086250,33.250,170.000,0,OK
48070226,0.332500,5.085000,33.250,167.500,0,OK
48080222,0.330000,5.085000,33.000,167.500,0,OK
48090226,0.335000,5.080000,33.500,170.000,0,OK
48100222,0.330000,5.085000,33.000,167.500,0,OK
48110226,0.335000,5.083750,33.500,170.000,0,OK
48120222,0.332500,5.085000,33.250,170.000,0,OK
48130226,0.335000,5.086250,33.500,170.000,0,OK
48140222,0.335000,5.085000,33.000,167.500,0,OK
48150226,0.332500,5.085000,33.250,170.000,0,OK
48160222,0.335000,5.085000,32.750,170.000,0,OK
48170226,0.332500,5.085000,33.250,170.000,0,OK
48180222,0.332500,5.080000,33.250,167.500,0,OK
48190226,0.332500,5.086250,33.250,170.000,0,OK
48200222,0.335000,5.085000,33.500,170.000,0,OK
48210226,0.332500,5.085000,33.250,170.000,0,OK
48220222,0.332500,5.083750,33.250,170.000,0,OK
48230226,0.335000,5.085000,33.250,170.000,0,OK
48240222,0.332500,5.085000,33.250,170.000,0,OK
48250226,0.337500,5.083750,33.250,172.500,0,OK
48260222,0.332500,5.085000,33.250,170.000,0,OK
48270226,0.332500,5.080000,33.250,167.500,0,OK
48280222,0.342500,5.085000,33.250,170.000,0,OK
48290226,0.337500,5.086250,33.750,172.500,0,OK
48300222,0.332500,5.085000,33.250,170.000,0,OK
48310226,0.335000,5.086250,33.500,170.000,0,OK
48320222,0.335000,5.086250,33.250,170.000,0,OK
48330226,0.332500,5.085000,33.250,170.000,0,OK
48340222,0.332500,5.085000,33.250,167.500,0,OK
48350226,0.337500,5.086250,33.750,172.500,0,OK
48360222,0.335000,5.082500,33.500,170.000,0,OK
48370226,0.342500,5.083750,33.250,170.000,0,OK
48380222,0.330000,5.087500,33.000,167.500,0,OK
48390226,0.330000,5.085000,33.250,170.000,0,OK
48400222,0.332500,5.086250,33.250,170.000,0,OK
48410226,0.332500,5.085000,33.250,167.500,0,OK
48420222,0.330000,5.086250,33.000,167.500,0,OK
48430226,0.335000,5.086250,33.500,170.000,0,OK
48440218,0.330000,5.085000,33.000,167.500,0,OK
48450230,0.337500,5.082500,33.750,172.500,0,OK
48460218,0.340000,5.085000,33.250,170.000,0,OK
48470230,0.332500,5.085000,33.250,170.000,0,OK
48480218,0.332500,5.085000,33.000,167.500,0,OK
48490230,0.335000,5.087500,33.500,170.000,0,OK
48500218,0.335000,5.085000,33.000,170.000,0,OK
48510230,0.332500,5.085000,33.250,170.000,0,OK
48520218,0.332500,5.086250,33.250,167.500,0,OK
48530230,0.332500,5.085000,33.250,170.000,0,OK
48540218,0.335000,5.083750,33.500,170.000,0,OK
48550230,0.332500,5.085000,33.250,170.000,0,OK
48560218,0.332500,5.086250,33.250,170.000,0,OK
48570230,0.332500,5.085000,33.500,170.000,0,OK
48580218,0.332500,5.085000,33.250,170.000,0,OK
48590230,0.332500,5.085000,33.000,167.500,0,OK
48600218,0.332500,5.085000,33.250,170.000,0,OK
48610230,0.335000,5.083750,33.500,170.000,0,OK
48620218,0.330000,5.083750,33.000,167.500,0,OK
48630230,0.332500,5.085000,33.250,170.000,0,OK
48640218,0.330000,5.083750,33.250,170.000,0,OK
48650230,0.337500,5.086250,33.750,172.500,0,OK
48660218,0.332500,5.085000,33.250,170.000,0,OK
48670230,0.335000,5.083750,33.500,170.000,0,OK
48680218,0.335000,5.086250,33.250,170.000,0,OK
48690230,0.332500,5.083750,33.250,170.000,0,OK
48700218,0.332500,5.078750,33.250,167.500,0,OK
48710230,0.330000,5.085000,33.000,167.500,0,OK
48720218,0.332500,5.082500,33.250,170.000,0,OK
48730230,0.330000,5.083750,33.250,170.000,0,OK
48740218,0.335000,5.086250,33.500,170.000,0,OK
48750230,0.330000,5.085000,33.250,170.000,0,OK
48760218,0.332500,5.083750,33.250,170.000,0,OK
48770230,0.337500,5.085000,33.250,172.500,0,OK
48780218,0.332500,5.086250,33.250,170.000,0,OK
48790230,0.332500,5.078750,33.250,167.500,0,OK
48800218,0.330000,5.085000,33.000,167.500,0,OK
48810230,0.335000,5.085000,33.500,170.000,0,OK
48820218,0.330000,5.085000,33.250,170.000,0,OK
48830230,0.332500,5.086250,33.250,170.000,0,OK
48840218,0.335000,5.086250,33.250,170.000,0,OK
48850230,0.335000,5.086250,33.500,170.000,0,OK
48860218,0.335000,5.086250,33.500,170.000,0,OK
48870230,0.335000,5.085000,33.500,170.000,0,OK
48880218,0.335000,5.081250,33.500,170.000,0,OK
48890230,0.345000,5.086250,33.250,170.000,0,OK
48900218,0.335000,5.087500,33.500,170.000,0,OK
48910230,0.335000,5.085000,33.500,170.000,0,OK
48920218,0.335000,5.083750,33.500,170.000,0,OK
48930230,0.335000,5.086250,33.000,167.500,0,OK
48940218,0.330000,5.086250,33.000,167.500,0,OK
48950226,0.332500,5.086250,33.250,167.500,0,OK
48960218,0.332500,5.085000,33.250,170.000,0,OK
48970230,0.340000,5.080000,34.000,172.500,0,OK
48980218,0.345000,5.085000,32.750,166.250,0,OK
48990230,0.332500,5.085000,33.250,170.000,0,OK
49000218,0.330000,5.085000,33.250,170.000,0,OK
49010230,0.330000,5.086250,33.000,167.500,0,OK
49020218,0.332500,5.085000,33.250,167.500,0,OK
49030226,0.332500,5.085000,33.250,170.000,0,OK
49040222,0.332500,5.085000,33.250,167.500,0,OK
49050226,0.335000,5.086250,33.500,170.000,0,OK
49060222,0.332500,5.081250,33.250,167.500,0,OK
49070226,0.337500,5.083750,33.000,167.500,0,OK
49080222,0.335000,5.087500,33.500,170.000,0,OK
49090226,0.332500,5.085000,33.250,170.000,0,OK
49100222,0.335000,5.087500,33.500,170.000,0,OK
49110226,0.332500,5.086250,33.250,167.500,0,OK
49120222,0.330000,5.083750,33.000,167.500,0,OK
49130226,0.332500,5.085000,33.250,167.500,0,OK
49140218,0.332500,5.085000,33.250,170.000,0,OK
49150230,0.332500,5.083750,33.250,170.000,0,OK
49160218,0.335000,5.085000,33.500,170.000,0,OK
49170230,0.335000,5.085000,33.500,170.000,0,OK
49180218,0.330000,5.085000,33.000,167.500,0,OK
49190230,0.332500,5.085000,33.250,170.000,0,OK
49200218,0.335000,5.085000,33.250,170.000,0,OK
49210230,0.330000,5.086250,33.000,167.500,0,OK
49220218,0.332500,5.085000,33.250,167.500,0,OK
49230226,0.332500,5.086250,33.250,170.000,0,OK
49240222,0.335000,5.083750,33.500,170.000,0,OK
49250226,0.335000,5.086250,33.500,170.000,0,OK
49260222,0.332500,5.085000,33.250,170.000,0,OK
49270226,0.332500,5.085000,33.250,170.000,0,OK
49280222,0.332500,5.085000,33.250,170.000,0,OK
49290226,0.332500,5.086250,33.500,167.500,0,OK
49300222,0.332500,5.085000,33.250,170.000,0,OK
49310226,0.332500,5.081250,33.250,167.500,0,OK
49320222,0.332500,5.085000,33.250,170.000,0,OK
49330226,0.332500,5.086250,33.250,170.000,0,OK
49340222,0.335000,5.085000,33.250,170.000,0,OK
49350226,0.335000,5.086250,33.500,170.000,0,OK
49360222,0.332500,5.086250,33.250,170.000,0,OK
49370226,0.332500,5.083750,33.250,170.000,0,OK
49380222,0.335000,5.085000,33.250,170.000,0,OK
49390226,0.330000,5.085000,33.000,167.500,0,OK
49400222,0.335000,5.080000,33.500,170.000,0,OK
49410226,0.332500,5.085000,33.250,170.000,0,OK
49420222,0.335000,5.083750,33.500,170.000,0,OK
49430226,0.330000,5.085000,33.250,170.000,0,OK
49440222,0.330000,5.086250,33.000,167.500,0,OK
49450226,0.330000,5.085000,33.250,170.000,0,OK
49460218,0.330000,5.083750,33.000,167.500,0,OK
49470230,0.335000,5.085000,33.000,170.000,0,OK
49480218,0.330000,5.083750,33.000,167.500,0,OK
49490230,0.330000,5.080000,33.000,167.500,0,OK
49500218,0.330000,5.085000,33.000,167.500,0,OK
49510226,0.332500,5.086250,33.250,170.000,0,OK
49520222,0.335000,5.085000,33.250,170.000,0,OK
49530226,0.335000,5.085000,33.500,170.000,0,OK
49540222,0.335000,5.085000,33.500,170.000,0,OK
49550226,0.332500,5.085000,33.250,170.000,0,OK
49560222,0.332500,5.086250,33.250,167.500,0,OK
49570226,0.332500,5.082500,33.250,170.000,0,OK
49580222,0.335000,5.082500,33.500,170.000,0,OK
49590226,0.345000,5.085000,33.250,170.000,0,OK
49600222,0.335000,5.085000,33.500,170.000,0,OK
49610226,0.335000,5.085000,33.250,170.000,0,OK
49620222,0.330000,5.083750,33.000,167.500,0,OK
49630226,0.335000,5.085000,33.500,170.000,0,OK
49640218,0.332500,5.085000,33.250,170.000,0,OK
49650230,0.332500,5.086250,33.250,167.500,0,OK
49660218,0.332500,5.086250,33.250,170.000,0,OK
49670230,0.337500,5.081250,33.750,172.500,0,OK
49680218,0.340000,5.085000,33.250,170.000,0,OK
49690230,0.335000,5.086250,33.500,170.000,0,OK
49700218,0.332500,5.085000,33.000,167.500,0,OK
49710230,0.330000,5.085000,33.000,167.500,0,OK
49720218,0.337500,5.085000,33.250,172.500,0,OK
49730230,0.332500,5.085000,33.250,170.000,0,OK
49740218,0.335000,5.086250,33.500,170.000,0,OK
49750230,0.332500,5.086250,33.250,170.000,0,OK
49760218,0.332500,5.081250,33.250,167.500,0,OK
49770230,0.335000,5.085000,33.000,167.500,0,OK
49780218,0.335000,5.086250,33.500,170.000,0,OK
49790230,0.332500,5.086250,33.250,170.000,0,OK
49800218,0.332500,5.087500,33.250,170.000,0,OK
49810230,0.335000,5.085000,33.500,170.000,0,OK
49820218,0.332500,5.083750,33.250,170.000,0,OK
49830230,0.337500,5.085000,33.750,172.500,0,OK
49840218,0.330000,5.085000,33.000,167.500,0,OK
49850230,0.332500,5.083750,33.250,170.000,0,OK
49860218,0.332500,5.085000,33.250,170.000,0,OK
49870230,0.335000,5.083750,33.500,170.000,0,OK
49880218,0.332500,5.086250,33.000,167.500,0,OK
49890230,0.332500,5.085000,33.250,170.000,0,OK
49900218,0.335000,5.087500,33.250,170.000,0,OK
49910230,0.332500,5.086250,33.250,170.000,0,OK
49920218,0.332500,5.077500,33.250,167.500,0,OK
49930230,0.332500,5.085000,33.250,170.000,0,OK
49940218,0.332500,5.083750,33.250,170.000,0,OK
49950230,0.332500,5.085000,33.500,170.000,0,OK
49960218,0.335000,5.086250,33.500,170.000,0,OK
49970230,0.330000,5.085000,33.000,167.500,0,OK
49980218,0.332500,5.086250,33.250,170.000,0,OK
49990230,0.332500,5.085000,33.250,167.500,0,OK
50000218,0.332500,5.086250,33.250,170.000,0,OK
50010230,0.332500,5.080000,33.250,167.500,0,OK
50020218,0.330000,5.085000,33.000,167.500,0,OK
50030230,0.335000,5.083750,33.500,170.000,0,OK
50040218,0.332500,5.085000,33.000,167.500,0,OK
50050230,0.335000,5.086250,33.500,170.000,0,OK
50060218,0.332500,5.085000,33.250,170.000,0,OK
50070230,0.332500,5.083750,33.250,170.000,0,OK
50080218,0.332500,5.085000,33.250,167.500,0,OK
50090230,0.332500,5.086250,33.250,170.000,0,OK
50100218,0.332500,5.081250,33.250,167.500,0,OK
50110230,0.332500,5.085000,33.250,170.000,0,OK
50120218,0.332500,5.083750,33.250,170.000,0,OK
50130230,0.330000,5.085000,33.250,170.000,0,OK
50140218,0.332500,5.085000,33.250,170.000,0,OK
50150230,0.337500,5.085000,33.000,167.500,0,OK
50160218,0.330000,5.086250,33.000,167.500,0,OK
50170230,0.335000,5.085000,33.000,170.000,0,OK
50180218,0.332500,5.085000,33.250,170.000,0,OK
50190230,0.335000,5.081250,33.500,170.000,0,OK
50200218,0.342500,5.085000,33.000,167.500,0,OK
50210230,0.332500,5.086250,33.250,170.000,0,OK
50220218,0.335000,5.083750,33.000,167.500,0,OK
50230230,0.335000,5.086250,33.500,170.000,0,OK
50240218,0.332500,5.085000,33.250,167.500,0,OK
50250230,0.335000,5.085000,33.500,170.000,0,OK
50260218,0.332500,5.086250,33.250,167.500,0,OK
50270230,0.332500,5.085000,33.250,170.000,0,OK
50280218,0.332500,5.083750,33.250,170.000,0,OK
50290230,0.337500,5.085000,32.750,166.250,0,OK
50300218,0.335000,5.086250,33.500,170.000,0,OK
50310230,0.332500,5.085000,33.250,170.000,0,OK
50320218,0.332500,5.083750,33.250,170.000,0,OK
50330230,0.335000,5.085000,33.000,170.000,0,OK
50340218,0.330000,5.085000,33.000,167.500,0,OK
50350230,0.332500,5.085000,33.250,167.500,0,OK
50360218,0.332500,5.083750,33.250,170.000,0,OK
50370230,0.332500,5.082500,33.250,170.000,0,OK
50380218,0.340000,5.083750,33.000,167.500,0,OK
50390230,0.332500,5.086250,33.250,170.000,0,OK
50400218,0.332500,5.083750,33.250,170.000,0,OK
50410230,0.332500,5.086250,33.250,170.000,0,OK
50420218,0.332500,5.085000,33.250,167.500,0,OK
50430230,0.332500,5.086250,33.250,170.000,0,OK
50440218,0.332500,5.085000,33.250,167.500,0,OK
50450230,0.335000,5.086250,33.500,170.000,0,OK
50460218,0.335000,5.085000,33.500,170.000,0,OK
50470230,0.332500,5.083750,33.250,170.000,0,OK
50480218,0.335000,5.087500,33.500,170.000,0,OK
50490230,0.330000,5.083750,33.500,170.000,0,OK
50500218,0.332500,5.085000,33.250,170.000,0,OK
50510230,0.332500,5.086250,33.000,167.500,0,OK
50520218,0.330000,5.083750,33.000,167.500,0,OK
50530230,0.337500,5.078750,33.750,172.500,0,OK
50540218,0.335000,5.086250,33.500,170.000,0,OK
50550230,0.335000,5.085000,33.500,170.000,0,OK
50560218,0.332500,5.085000,33.250,170.000,0,OK
50570230,0.335000,5.085000,33.500,170.000,0,OK
50580218,0.330000,5.086250,33.250,170.000,0,OK
50590230,0.332500,5.086250,33.250,170.000,0,OK
50600218,0.332500,5.085000,33.250,167.500,0,OK
50610230,0.330000,5.085000,33.000,167.500,0,OK
50620218,0.335000,5.078750,33.500,170.000,0,OK
50630230,0.335000,5.085000,33.500,170.000,0,OK
50640218,0.335000,5.085000,33.500,170.000,0,OK
50650230,0.332500,5.085000,33.250,170.000,0,OK
50660218,0.335000,5.086250,33.500,170.000,0,OK
50670230,0.332500,5.085000,33.000,167.500,0,OK
50680218,0.332500,5.085000,33.250,170.000,0,OK
50690230,0.335000,5.085000,33.250,170.000,0,OK
50700218,0.332500,5.086250,33.250,170.000,0,OK
50710230,0.332500,5.081250,33.250,167.500,0,OK
50720218,0.332500,5.085000,33.250,170.000,0,OK
50730230,0.330000,5.083750,33.000,167.500,0,OK
50740218,0.330000,5.085000,33.000,167.500,0,OK
50750226,0.335000,5.085000,33.500,170.000,0,OK
50760222,0.332500,5.086250,33.250,170.000,0,OK
50770226,0.330000,5.085000,33.000,167.500,0,OK
50780222,0.330000,5.083750,33.250,167.500,0,OK
50790226,0.332500,5.085000,33.250,170.000,0,OK
50800222,0.330000,5.078750,33.000,167.500,0,OK
50810226,0.342500,5.083750,33.250,170.000,0,OK
50820218,0.335000,5.083750,33.500,170.000,0,OK
50830230,0.332500,5.085000,33.250,170.000,0,OK
50840218,0.332500,5.086250,33.250,170.000,0,OK
50850230,0.332500,5.086250,33.250,167.500,0,OK
50860218,0.330000,5.085000,33.000,167.500,0,OK
50870230,0.340000,5.085000,34.000,172.500,0,OK
50880218,0.332500,5.086250,33.250,170.000,0,OK
50890230,0.335000,5.081250,33.500,170.000,0,OK
50900218,0.342500,5.085000,33.250,170.000,0,OK
50910230,0.332500,5.086250,33.250,170.000,0,OK
50920218,0.330000,5.086250,33.000,167.500,0,OK
50930230,0.330000,5.086250,33.000,167.500,0,OK
50940218,0.332500,5.085000,33.250,167.500,0,OK
50950226,0.332500,5.083750,33.250,170.000,0,OK
50960222,0.332500,5.085000,33.250,167.500,0,OK
50970226,0.335000,5.083750,33.500,170.000,0,OK
50980222,0.332500,5.083750,33.250,170.000,0,OK
50990226,0.337500,5.085000,33.250,170.000,0,OK
51000222,0.330000,5.086250,33.000,167.500,0,OK
51010226,0.332500,5.085000,33.250,170.000,0,OK
51020218,0.330000,5.083750,33.000,167.500,0,OK
51030230,0.332500,5.086250,33.500,167.500,0,OK
51040218,0.330000,5.085000,33.000,167.500,0,OK
51050230,0.332500,5.086250,33.250,167.500,0,OK
51060218,0.332500,5.085000,33.250,170.000,0,OK
51070230,0.332500,5.083750,33.250,170.000,0,OK
51080218,0.332500,5.085000,33.250,170.000,0,OK
51090230,0.335000,5.087500,33.500,170.000,0,OK
51100218,0.332500,5.086250,33.250,170.000,0,OK
51110230,0.332500,5.086250,33.250,170.000,0,OK
51120218,0.330000,5.085000,33.000,167.500,0,OK
51130230,0.332500,5.086250,33.250,170.000,0,OK
51140218,0.335000,5.085000,33.500,170.000,0,OK
51150230,0.335000,5.085000,33.500,170.000,0,OK
51160218,0.335000,5.083750,33.500,170.000,0,OK
51170230,0.330000,5.083750,33.250,170.000,0,OK
51180218,0.335000,5.087500,33.500,170.000,0,OK
51190230,0.335000,5.085000,33.000,167.500,0,OK
51200218,0.332500,5.087500,33.250,170.000,0,OK
51210230,0.335000,5.085000,33.250,170.000,0,OK
51220218,0.332500,5.085000,33.250,170.000,0,OK
51230230,0.332500,5.080000,33.250,167.500,0,OK
51240218,0.332500,5.086250,33.250,170.000,0,OK
51250230,0.332500,5.086250,33.250,170.000,0,OK
51260218,0.332500,5.085000,33.250,170.000,0,OK
51270230,0.335000,5.085000,33.500,170.000,0,OK
51280218,0.332500,5.085000,33.000,167.500,0,OK
51290230,0.335000,5.086250,33.500,170.000,0,OK
51300218,0.332500,5.085000,33.250,167.500,0,OK
51310230,0.332500,5.085000,33.250,170.000,0,OK
51320218,0.330000,5.080000,33.000,167.500,0,OK
51330230,0.335000,5.086250,33.500,170.000,0,OK
51340218,0.332500,5.083750,33.250,170.000,0,OK
51350230,0.335000,5.086250,33.500,170.000,0,OK
51360218,0.332500,5.086250,33.250,170.000,0,OK
51370230,0.332500,5.086250,33.500,170.000,0,OK
51380218,0.332500,5.086250,33.250,170.000,0,OK
51390230,0.335000,5.085000,33.250,170.000,0,OK
51400218,0.330000,5.085000,33.000,167.500,0,OK
51410230,0.335000,5.082500,33.500,170.000,0,OK
51420218,0.342500,5.085000,33.000,167.500,0,OK
51430230,0.332500,5.086250,33.250,170.000,0,OK
51440218,0.332500,5.085000,33.500,170.000,0,OK
51450230,0.332500,5.087500,33.250,170.000,0,OK
51460218,0.335000,5.085000,32.750,166.250,0,OK
51470230,0.332500,5.083750,33.250,170.000,0,OK
51480218,0.335000,5.085000,33.500,170.000,0,OK
51490230,0.335000,5.085000,33.500,170.000,0,OK
51500218,0.330000,5.080000,33.000,167.500,0,OK
51510230,0.342500,5.086250,32.750,166.250,0,OK
51520218,0.335000,5.086250,33.500,170.000,0,OK
51530230,0.332500,5.085000,33.500,170.000,0,OK
51540218,0.332500,5.086250,33.250,170.000,0,OK
51550230,0.335000,5.083750,33.250,170.000,0,OK
51560218,0.332500,5.085000,33.250,170.000,0,OK
51570230,0.335000,5.085000,33.500,170.000,0,OK
51580218,0.330000,5.083750,33.000,167.500,0,OK
51590230,0.332500,5.082500,33.250,170.000,0,OK
51600218,0.340000,5.085000,33.000,167.500,0,OK
51610230,0.330000,5.086250,33.000,167.500,0,OK
51620218,0.332500,5.083750,33.250,170.000,0,OK
51630226,0.332500,5.085000,33.250,170.000,0,OK
51640222,0.332500,5.085000,33.250,167.500,0,OK
51650226,0.332500,5.083750,33.250,170.000,0,OK
51660222,0.332500,5.086250,33.250,167.500,0,OK
51670226,0.332500,5.085000,33.250,170.000,0,OK
51680222,0.332500,5.083750,33.250,170.000,0,OK
51690226,0.332500,5.085000,33.250,170.000,0,OK
51700222,0.335000,5.086250,33.500,170.000,0,OK
51710226,0.330000,5.085000,33.000,167.500,0,OK
51720222,0.332500,5.083750,33.250,170.000,0,OK
51730226,0.332500,5.085000,33.000,167.500,0,OK
51740222,0.330000,5.083750,33.000,167.500,0,OK
51750226,0.332500,5.085000,33.250,167.500,0,OK
51760218,0.330000,5.086250,33.000,167.500,0,OK
51770230,0.337500,5.082500,33.750,172.500,0,OK
51780218,0.332500,5.086250,33.250,170.000,0,OK
51790230,0.335000,5.086250,33.500,170.000,0,OK
51800218,0.335000,5.085000,32.750,166.250,0,OK
51810230,0.332500,5.083750,33.250,170.000,0,OK
51820218,0.332500,5.086250,33.250,167.500,0,OK
51830230,0.332500,5.085000,33.250,170.000,0,OK
51840218,0.335000,5.080000,33.500,170.000,0,OK
51850230,0.332500,5.086250,33.250,170.000,0,OK
51860218,0.332500,5.083750,33.250,170.000,0,OK
51870230,0.330000,5.085000,33.250,170.000,0,OK
51880218,0.332500,5.086250,33.250,170.000,0,OK
51890230,0.332500,5.083750,33.000,167.500,0,OK
51900218,0.335000,5.086250,33.500,170.000,0,OK
51910230,0.332500,5.085000,33.250,167.500,0,OK
51920218,0.330000,5.085000,33.000,167.500,0,OK
51930230,0.332500,5.080000,33.250,167.500,0,OK
51940218,0.335000,5.086250,33.500,170.000,0,OK
51950230,0.335000,5.086250,33.500,170.000,0,OK
51960218,0.330000,5.085000,33.000,167.500,0,OK
51970230,0.335000,5.085000,33.500,170.000,0,OK
51980218,0.332500,5.086250,33.000,167.500,0,OK
51990230,0.332500,5.086250,33.250,170.000,0,OK
52000218,0.335000,5.085000,33.000,170.000,0,OK
52010230,0.335000,5.085000,33.500,170.000,0,OK
52020218,0.332500,5.081250,33.250,167.500,0,OK
52030230,0.342500,5.085000,33.250,170.000,0,OK
52040218,0.330000,5.086250,33.000,167.500,0,OK
52050230,0.330000,5.086250,33.250,170.000,0,OK
52060218,0.332500,5.085000,33.250,170.000,0,OK
52070230,0.335000,5.083750,33.250,170.000,0,OK
52080218,0.330000,5.086250,33.000,167.500,0,OK
52090230,0.332500,5.085000,33.250,167.500,0,OK
52100218,0.332500,5.085000,33.250,170.000,0,OK
52110230,0.335000,5.081250,33.500,170.000,0,OK
52120218,0.340000,5.083750,33.250,170.000,0,OK
52130230,0.335000,5.086250,33.500,170.000,0,OK
52140218,0.330000,5.086250,33.000,167.500,0,OK
52150230,0.330000,5.085000,33.000,167.500,0,OK
52160218,0.335000,5.086250,33.250,170.000,0,OK
52170230,0.335000,5.083750,33.500,170.000,0,OK
52180218,0.332500,5.086250,33.250,167.500,0,OK
52190230,0.332500,5.085000,33.250,170.000,0,OK
52200218,0.335000,5.082500,33.500,170.000,0,OK
52210230,0.337500,5.085000,33.250,170.000,0,OK
52220218,0.335000,5.086250,33.500,170.000,0,OK
52230230,0.332500,5.083750,33.000,167.500,0,OK
52240218,0.332500,5.085000,33.250,170.000,0,OK
52250230,0.335000,5.085000,33.000,170.000,0,OK
52260218,0.330000,5.086250,33.000,167.500,0,OK
52270230,0.337500,5.086250,33.750,172.500,0,OK
52280218,0.327500,5.085000,32.750,166.250,0,OK
52290230,0.332500,5.083750,33.250,170.000,0,OK
52300218,0.332500,5.086250,33.250,170.000,0,OK
52310230,0.335000,5.086250,33.500,170.000,0,OK
52320218,0.332500,5.085000,33.250,170.000,0,OK
52330230,0.332500,5.086250,33.250,170.000,0,OK
52340218,0.335000,5.085000,33.000,170.000,0,OK
52350230,0.332500,5.086250,33.250,170.000,0,OK
52360218,0.337500,5.086250,33.750,172.500,0,OK
52370230,0.330000,5.085000,33.000,167.500,0,OK
52380218,0.332500,5.085000,33.250,170.000,0,OK
52390230,0.332500,5.085000,33.500,170.000,0,OK
52400218,0.332500,5.087500,33.250,170.000,0,OK
52410230,0.332500,5.087500,33.250,170.000,0,OK
52420218,0.332500,5.085000,33.250,170.000,0,OK
52430230,0.335000,5.086250,33.250,170.000,0,OK
52440218,0.330000,5.085000,33.000,167.500,0,OK
52450230,0.335000,5.080000,33.500,170.000,0,OK
52460218,0.332500,5.087500,33.250,170.000,0,OK
52470230,0.337500,5.083750,33.750,172.500,0,OK
52480218,0.327500,5.085000,33.250,170.000,0,OK
52490230,0.335000,5.086250,33.500,170.000,0,OK
52500218,0.335000,5.085000,33.000,167.500,0,OK
52510230,0.330000,5.085000,33.000,167.500,0,OK
52520218,0.332500,5.085000,33.250,167.500,0,OK
52530230,0.332500,5.085000,33.250,170.000,0,OK
52540218,0.330000,5.081250,33.000,167.500,0,OK
52550230,0.330000,5.085000,33.000,167.500,0,OK
52560218,0.332500,5.085000,33.250,170.000,0,OK
52570230,0.330000,5.086250,33.250,170.000,0,OK
52580218,0.332500,5.086250,33.250,170.000,0,OK
52590230,0.335000,5.085000,33.250,170.000,0,OK
52600218,0.332500,5.086250,33.250,170.000,0,OK
52610230,0.335000,5.085000,33.250,170.000,0,OK
52620218,0.332500,5.083750,33.250,170.000,0,OK
52630230,0.332500,5.081250,33.250,167.500,0,OK
52640218,0.347500,5.085000,33.250,170.000,0,OK
52650230,0.332500,5.086250,33.250,170.000,0,OK
52660218,0.332500,5.083750,33.250,170.000,0,OK
52670230,0.332500,5.085000,33.250,170.000,0,OK
52680218,0.337500,5.086250,33.500,170.000,0,OK
52690230,0.332500,5.085000,33.250,170.000,0,OK
52700218,0.332500,5.086250,33.250,167.500,0,OK
52710230,0.332500,5.085000,33.250,170.000,0,OK
52720218,0.332500,5.081250,33.250,167.500,0,OK
52730230,0.342500,5.086250,33.250,170.000,0,OK
52740218,0.335000,5.086250,33.500,170.000,0,OK
52750230,0.332500,5.083750,33.500,170.000,0,OK
52760218,0.332500,5.085000,33.250,170.000,0,OK
52770230,0.332500,5.086250,32.750,167.500,0,OK
52780218,0.330000,5.085000,33.000,167.500,0,OK
52790230,0.337500,5.085000,33.750,172.500,0,OK
52800218,0.332500,5.085000,33.250,170.000,0,OK
52810230,0.335000,5.081250,33.500,170.000,0,OK
52820218,0.337500,5.083750,33.250,170.000,0,OK
52830230,0.335000,5.086250,33.500,170.000,0,OK
52840218,0.332500,5.085000,33.500,170.000,0,OK
52850230,0.332500,5.086250,33.250,170.000,0,OK
52860218,0.332500,5.086250,33.000,167.500,0,OK
52870230,0.330000,5.082500,33.000,167.500,0,OK
52880218,0.330000,5.086250,33.000,167.500,0,OK
52890226,0.332500,5.086250,33.250,170.000,0,OK
52900218,0.332500,5.085000,33.250,170.000,0,OK
52910230,0.337500,5.085000,33.250,170.000,0,OK
52920218,0.332500,5.086250,33.250,170.000,0,OK
52930230,0.330000,5.085000,33.500,170.000,0,OK
52940218,0.332500,5.085000,33.250,170.000,0,OK
52950230,0.335000,5.086250,33.250,170.000,0,OK
52960218,0.335000,5.085000,33.500,170.000,0,OK
52970230,0.332500,5.086250,33.250,167.500,0,OK
52980218,0.330000,5.085000,33.000,167.500,0,OK
52990230,0.335000,5.083750,33.500,170.000,0,OK
53000218,0.330000,5.085000,33.000,167.500,0,OK
53010230,0.335000,5.085000,33.500,170.000,0,OK
53020218,0.332500,5.085000,33.250,170.000,0,OK
53030230,0.332500,5.085000,33.250,170.000,0,OK
53040218,0.335000,5.085000,33.000,170.000,0,OK
53050230,0.332500,5.086250,33.250,170.000,0,OK
53060218,0.332500,5.078750,33.250,167.500,0,OK
53070230,0.332500,5.085000,33.250,170.000,0,OK
53080218,0.337500,5.086250,33.750,172.500,0,OK
53090230,0.335000,5.083750,33.250,170.000,0,OK
53100218,0.335000,5.085000,33.500,170.000,0,OK
53110230,0.332500,5.086250,33.250,170.000,0,OK
53120218,0.332500,5.085000,33.250,170.000,0,OK
53130230,0.335000,5.085000,33.000,170.000,0,OK
53140218,0.332500,5.085000,33.250,170.000,0,OK
53150230,0.337500,5.080000,33.750,172.500,0,OK
53160218,0.332500,5.086250,33.250,170.000,0,OK
53170230,0.332500,5.085000,33.250,170.000,0,OK
53180218,0.332500,5.085000,33.250,170.000,0,OK
53190230,0.337500,5.085000,33.750,172.500,0,OK
53200218,0.332500,5.086250,33.000,167.500,0,OK
53210230,0.332500,5.086250,33.250,170.000,0,OK
53220218,0.332500,5.086250,33.250,167.500,0,OK
53230230,0.330000,5.083750,33.000,167.500,0,OK
53240218,0.332500,5.080000,33.250,167.500,0,OK
53250226,0.342500,5.083750,33.000,167.500,0,OK
53260222,0.332500,5.086250,33.250,170.000,0,OK
53270226,0.332500,5.085000,33.250,170.000,0,OK
53280222,0.335000,5.086250,33.500,170.000,0,OK
53290226,0.332500,5.085000,33.250,170.000,0,OK
53300222,0.332500,5.085000,33.250,170.000,0,OK
53310226,0.337500,5.086250,33.750,172.500,0,OK
53320222,0.330000,5.086250,33.000,167.500,0,OK
53330226,0.335000,5.081250,33.500,170.000,0,OK
53340218,0.342500,5.085000,33.000,167.500,0,OK
53350230,0.332500,5.087500,33.250,170.000,0,OK
53360218,0.332500,5.086250,33.250,170.000,0,OK
53370230,0.332500,5.085000,33.250,170.000,0,OK
53380218,0.335000,5.086250,33.250,170.000,0,OK
53390230,0.332500,5.086250,33.250,170.000,0,OK
53400218,0.335000,5.085000,33.500,170.000,0,OK
53410230,0.332500,5.085000,33.250,170.000,0,OK
53420218,0.335000,5.081250,33.500,170.000,0,OK
53430230,0.340000,5.085000,33.250,170.000,0,OK
53440218,0.332500,5.085000,33.250,170.000,0,OK
53450230,0.330000,5.085000,33.250,170.000,0,OK
53460218,0.332500,5.086250,33.250,170.000,0,OK
53470230,0.332500,5.083750,33.250,167.500,0,OK
53480218,0.327500,5.085000,32.750,166.250,0,OK
53490230,0.335000,5.086250,33.500,170.000,0,OK
53500218,0.330000,5.085000,33.000,167.500,0,OK
53510230,0.332500,5.082500,33.250,170.000,0,OK
53520218,0.335000,5.083750,33.250,170.000,0,OK
53530230,0.330000,5.086250,33.000,167.500,0,OK
53540218,0.332500,5.083750,33.000,167.500,0,OK
53550226,0.332500,5.086250,33.250,170.000,0,OK
53560222,0.332500,5.085000,33.250,167.500,0,OK
53570226,0.332500,5.083750,33.250,170.000,0,OK
53580222,0.335000,5.086250,33.500,170.000,0,OK
53590226,0.332500,5.085000,33.250,170.000,0,OK
53600222,0.332500,5.083750,33.250,170.000,0,OK
53610226,0.332500,5.085000,33.250,170.000,0,OK
53620222,0.335000,5.085000,33.500,170.000,0,OK
53630226,0.330000,5.085000,33.500,170.000,0,OK
53640222,0.332500,5.085000,33.250,170.000,0,OK
53650226,0.335000,5.086250,33.250,170.000,0,OK
53660222,0.330000,5.085000,33.000,167.500,0,OK
53670226,0.332500,5.078750,33.250,167.500,0,OK
53680222,0.332500,5.085000,33.250,170.000,0,OK
53690226,0.332500,5.085000,33.250,170.000,0,OK
53700222,0.332500,5.085000,33.000,167.500,0,OK
53710226,0.332500,5.085000,33.250,170.000,0,OK
53720222,0.330000,5.083750,33.000,167.500,0,OK
53730226,0.335000,5.085000,33.500,170.000,0,OK
53740218,0.332500,5.083750,33.250,167.500,0,OK
53750230,0.332500,5.085000,33.250,170.000,0,OK
53760218,0.335000,5.078750,33.500,170.000,0,OK
53770230,0.332500,5.083750,33.250,170.000,0,OK
53780218,0.332500,5.085000,33.250,170.000,0,OK
53790230,0.332500,5.085000,33.500,170.000,0,OK
53800218,0.332500,5.086250,33.250,170.000,0,OK
53810230,0.337500,5.085000,33.000,167.500,0,OK
53820218,0.337500,5.085000,33.750,172.500,0,OK
53830230,0.335000,5.085000,33.250,170.000,0,OK
53840218,0.332500,5.085000,33.250,170.000,0,OK
53850230,0.330000,5.080000,33.000,167.500,0,OK
53860218,0.347500,5.085000,33.250,170.000,0,OK
53870226,0.335000,5.085000,33.500,170.000,0,OK
53880222,0.332500,5.085000,33.500,170.000,0,OK
53890226,0.335000,5.086250,33.500,170.000,0,OK
53900222,0.335000,5.086250,33.250,170.000,0,OK
53910226,0.330000,5.083750,33.000,167.500,0,OK
53920222,0.332500,5.085000,33.250,167.500,0,OK
53930226,0.332500,5.086250,33.250,170.000,0,OK
53940222,0.335000,5.081250,33.500,170.000,0,OK
53950226,0.340000,5.085000,33.250,170.000,0,OK
53960222,0.337500,5.085000,33.750,172.500,0,OK
53970226,0.335000,5.083750,33.250,170.000,0,OK
53980222,0.332500,5.087500,33.250,170.000,0,OK
53990226,0.335000,5.085000,32.750,170.000,0,OK
54000222,0.332500,5.086250,33.250,170.000,0,OK
54010226,0.332500,5.086250,33.250,167.500,0,OK
54020222,0.332500,5.083750,33.250,170.000,0,OK
54030226,0.335000,5.082500,33.500,170.000,0,OK
54040222,0.340000,5.083750,33.250,170.000,0,OK
54050226,0.335000,5.085000,33.500,170.000,0,OK
54060222,0.332500,5.083750,33.500,170.000,0,OK
54070226,0.332500,5.085000,33.250,170.000,0,OK
54080222,0.337500,5.086250,33.250,172.500,0,OK
54090226,0.327500,5.085000,32.750,166.250,0,OK
54100222,0.337500,5.083750,33.750,172.500,0,OK
54110226,0.332500,5.085000,33.250,170.000,0,OK
54120222,0.335000,5.081250,33.500,170.000,0,OK
54130226,0.332500,5.086250,33.500,170.000,0,OK
54140222,0.332500,5.085000,33.250,170.000,0,OK
54150226,0.332500,5.085000,33.250,170.000,0,OK
54160222,0.332500,5.085000,33.250,170.000,0,OK
54170226,0.335000,5.087500,33.000,170.000,0,OK
54180222,0.332500,5.085000,33.250,170.000,0,OK
54190226,0.335000,5.086250,33.500,170.000,0,OK
54200222,0.332500,5.085000,33.250,170.000,0,OK
54210226,0.332500,5.083750,33.250,170.000,0,OK
54220222,0.330000,5.085000,33.250,170.000,0,OK
54230226,0.332500,5.086250,33.250,170.000,0,OK
54240222,0.332500,5.083750,33.250,170.000,0,OK
54250226,0.332500,5.085000,33.250,170.000,0,OK
54260222,0.332500,5.085000,33.250,167.500,0,OK
54270226,0.335000,5.083750,33.500,170.000,0,OK
54280222,0.332500,5.086250,33.250,167.500,0,OK
54290226,0.332500,5.085000,33.250,170.000,0,OK
54300222,0.335000,5.085000,33.500,170.000,0,OK
54310226,0.330000,5.083750,33.250,170.000,0,OK
54320222,0.332500,5.085000,33.250,170.000,0,OK
54330226,0.330000,5.085000,33.250,170.000,0,OK
54340222,0.335000,5.085000,33.500,170.000,0,OK
54350226,0.335000,5.086250,33.250,170.000,0,OK
54360222,0.332500,5.085000,33.250,170.000,0,OK
54370226,0.332500,5.078750,33.250,167.500,0,OK
54380222,0.330000,5.085000,33.000,167.500,0,OK
54390226,0.337500,5.086250,33.750,172.500,0,OK
54400222,0.332500,5.085000,33.000,167.500,0,OK
54410226,0.335000,5.086250,33.500,170.000,0,OK
54420222,0.332500,5.085000,33.250,170.000,0,OK
54430226,0.330000,5.083750,33.000,167.500,0,OK
54440222,0.332500,5.086250,33.500,167.500,0,OK
54450226,0.332500,5.085000,33.250,170.000,0,OK
54460222,0.332500,5.081250,33.250,167.500,0,OK
54470226,0.347500,5.083750,33.000,167.500,0,OK
54480222,0.335000,5.087500,33.500,170.000,0,OK
54490226,0.332500,5.083750,33.250,170.000,0,OK
54500222,0.330000,5.086250,33.000,167.500,0,OK
54510226,0.335000,5.085000,33.000,167.500,0,OK
54520218,0.330000,5.083750,33.000,167.500,0,OK
54530230,0.332500,5.086250,33.250,167.500,0,OK
54540218,0.330000,5.086250,33.000,167.500,0,OK
54550230,0.335000,5.082500,33.500,170.000,0,OK
54560218,0.340000,5.085000,33.250,170.000,0,OK
54570230,0.330000,5.085000,33.000,167.500,0,OK
54580218,0.332500,5.085000,33.000,167.500,0,OK
54590230,0.335000,5.086250,33.500,170.000,0,OK
54600218,0.330000,5.085000,33.250,167.500,0,OK
54610230,0.335000,5.085000,33.500,170.000,0,OK
54620218,0.335000,5.086250,33.500,170.000,0,OK
54630230,0.332500,5.083750,33.250,170.000,0,OK
54640218,0.332500,5.082500,33.250,170.000,0,OK
54650230,0.340000,5.086250,33.250,170.000,0,OK
54660218,0.332500,5.086250,33.250,170.000,0,OK
54670230,0.330000,5.083750,33.250,170.000,0,OK
54680218,0.330000,5.086250,33.000,167.500,0,OK
54690230,0.332500,5.083750,33.000,167.500,0,OK
54700218,0.332500,5.083750,33.250,170.000,0,OK
54710230,0.332500,5.086250,33.250,167.500,0,OK
54720218,0.332500,5.085000,33.250,170.000,0,OK
54730230,0.335000,5.082500,33.500,170.000,0,OK
54740218,0.337500,5.085000,33.500,170.000,0,OK
54750230,0.330000,5.086250,33.000,167.500,0,OK
54760218,0.332500,5.085000,33.000,167.500,0,OK
54770226,0.332500,5.083750,33.250,170.000,0,OK
54780222,0.335000,5.085000,33.250,170.000,0,OK
54790226,0.330000,5.085000,33.000,167.500,0,OK
54800222,0.335000,5.083750,33.500,170.000,0,OK
54810226,0.332500,5.085000,33.250,170.000,0,OK
54820222,0.337500,5.082500,33.750,172.500,0,OK
54830226,0.332500,5.086250,33.500,170.000,0,OK
54840222,0.335000,5.085000,33.500,170.000,0,OK
54850226,0.332500,5.086250,33.500,170.000,0,OK
54860222,0.330000,5.083750,33.000,167.500,0,OK
54870226,0.335000,5.083750,33.000,170.000,0,OK
54880218,0.332500,5.085000,33.250,170.000,0,OK
54890230,0.330000,5.085000,33.000,167.500,0,OK
54900218,0.330000,5.086250,33.000,167.500,0,OK
54910230,0.330000,5.083750,33.000,167.500,0,OK
54920218,0.332500,5.085000,33.250,170.000,0,OK
54930226,0.337500,5.085000,33.750,172.500,0,OK
54940222,0.335000,5.083750,33.000,167.500,0,OK
54950226,0.330000,5.085000,33.000,167.500,0,OK
54960218,0.332500,5.085000,33.250,167.500,0,OK
54970230,0.332500,5.083750,33.250,170.000,0,OK
54980218,0.332500,5.080000,33.250,167.500,0,OK
54990230,0.332500,5.085000,33.250,170.000,0,OK
55000218,0.332500,5.085000,33.250,170.000,0,OK
55010230,0.332500,5.085000,33.250,170.000,0,OK
55020218,0.332500,5.086250,33.250,170.000,0,OK
55030230,0.332500,5.086250,33.250,170.000,0,OK
55040218,0.330000,5.083750,33.000,167.500,0,OK
55050230,0.332500,5.086250,33.500,167.500,0,OK
55060218,0.330000,5.085000,33.000,167.500,0,OK
55070230,0.330000,5.078750,33.000,167.500,0,OK
55080218,0.332500,5.085000,33.250,170.000,0,OK
55090226,0.335000,5.086250,33.500,170.000,0,OK
55100222,0.330000,5.085000,33.250,170.000,0,OK
55110226,0.332500,5.086250,33.250,170.000,0,OK
55120222,0.332500,5.085000,33.250,170.000,0,OK
55130226,0.332500,5.086250,33.250,170.000,0,OK
55140222,0.335000,5.085000,33.250,170.000,0,OK
55150226,0.332500,5.083750,33.250,170.000,0,OK
55160222,0.332500,5.080000,33.250,167.500,0,OK
55170226,0.340000,5.085000,33.250,170.000,0,OK
55180222,0.332500,5.085000,33.250,170.000,0,OK
55190226,0.332500,5.086250,33.000,167.500,0,OK
55200222,0.332500,5.085000,33.250,170.000,0,OK
55210226,0.335000,5.085000,33.500,170.000,0,OK
55220222,0.332500,5.085000,33.250,170.000,0,OK
55230226,0.335000,5.086250,33.500,170.000,0,OK
55240222,0.332500,5.086250,33.250,170.000,0,OK
55250226,0.335000,5.082500,33.500,170.000,0,OK
55260222,0.340000,5.086250,33.000,167.500,0,OK
55270226,0.332500,5.085000,33.250,170.000,0,OK
55280222,0.335000,5.085000,33.250,170.000,0,OK
55290226,0.332500,5.086250,33.250,170.000,0,OK
55300222,0.332500,5.085000,33.000,167.500,0,OK
55310226,0.332500,5.083750,33.250,170.000,0,OK
55320222,0.335000,5.086250,33.500,170.000,0,OK
55330226,0.330000,5.085000,33.000,167.500,0,OK
55340222,0.335000,5.083750,33.500,170.000,0,OK
55350226,0.335000,5.083750,33.250,170.000,0,OK
55360222,0.332500,5.085000,33.250,170.000,0,OK
55370226,0.332500,5.085000,33.250,170.000,0,OK
55380222,0.330000,5.085000,33.000,167.500,0,OK
55390226,0.335000,5.086250,33.250,170.000,0,OK
55400222,0.330000,5.086250,33.000,167.500,0,OK
55410226,0.337500,5.085000,33.750,172.500,0,OK
55420218,0.332500,5.083750,33.250,170.000,0,OK
55430230,0.335000,5.083750,33.500,170.000,0,OK
55440218,0.332500,5.086250,33.500,170.000,0,OK
55450230,0.335000,5.086250,33.500,170.000,0,OK
55460218,0.327500,5.085000,33.000,167.500,0,OK
55470230,0.330000,5.086250,33.000,167.500,0,OK
55480218,0.335000,5.086250,33.250,170.000,0,OK
55490226,0.335000,5.085000,33.500,170.000,0,OK
55500222,0.332500,5.085000,33.250,167.500,0,OK
55510226,0.335000,5.085000,33.500,170.000,0,OK
55520222,0.332500,5.083750,33.250,170.000,0,OK
55530226,0.332500,5.086250,33.250,170.000,0,OK
55540222,0.335000,5.086250,33.500,170.000,0,OK
55550226,0.332500,5.086250,33.250,170.000,0,OK
55560222,0.332500,5.085000,33.250,170.000,0,OK
55570226,0.335000,5.085000,33.250,170.000,0,OK
55580222,0.330000,5.085000,33.000,167.500,0,OK
55590226,0.335000,5.080000,33.500,170.000,0,OK
55600222,0.332500,5.085000,33.250,170.000,0,OK
55610226,0.332500,5.085000,33.250,170.000,0,OK
55620222,0.335000,5.085000,33.000,167.500,0,OK
55630226,0.332500,5.086250,33.250,170.000,0,OK
55640222,0.332500,5.086250,33.000,167.500,0,OK
55650226,0.330000,5.085000,33.000,167.500,0,OK
55660222,0.335000,5.086250,33.000,170.000,0,OK
55670226,0.330000,5.083750,33.000,167.500,0,OK
55680222,0.335000,5.080000,33.500,170.000,0,OK
55690226,0.335000,5.086250,33.500,170.000,0,OK
55700222,0.337500,5.085000,33.750,172.500,0,OK
55710226,0.330000,5.083750,33.250,170.000,0,OK
55720222,0.332500,5.086250,33.250,170.000,0,OK
55730226,0.335000,5.085000,33.250,170.000,0,OK
55740222,0.330000,5.086250,33.000,167.500,0,OK
55750226,0.332500,5.086250,33.000,167.500,0,OK
55760218,0.332500,5.086250,33.250,170.000,0,OK
55770230,0.332500,5.080000,33.250,167.500,0,OK
55780218,0.340000,5.086250,33.000,167.500,0,OK
55790230,0.332500,5.086250,33.250,170.000,0,OK
55800218,0.332500,5.085000,33.250,170.000,0,OK
55810230,0.332500,5.085000,33.250,170.000,0,OK
55820218,0.332500,5.085000,33.250,170.000,0,OK
55830230,0.330000,5.086250,33.000,167.500,0,OK
55840218,0.332500,5.085000,33.250,167.500,0,OK
55850226,0.330000,5.086250,33.000,167.500,0,OK
55860222,0.335000,5.081250,33.500,170.000,0,OK
55870226,0.340000,5.085000,33.250,170.000,0,OK
55880222,0.332500,5.086250,33.250,170.000,0,OK
55890226,0.330000,5.086250,33.250,170.000,0,OK
55900222,0.332500,5.086250,33.250,170.000,0,OK
55910226,0.332500,5.085000,33.250,167.500,0,OK
55920222,0.332500,5.083750,33.250,170.000,0,OK
55930226,0.332500,5.086250,33.250,167.500,0,OK
55940222,0.332500,5.085000,33.250,170.000,0,OK
55950226,0.335000,5.083750,33.500,170.000,0,OK
55960222,0.337500,5.085000,33.000,167.500,0,OK
55970226,0.335000,5.085000,33.500,170.000,0,OK
55980222,0.330000,5.086250,33.250,170.000,0,OK
55990226,0.332500,5.085000,33.250,170.000,0,OK
56000222,0.337500,5.085000,33.250,172.500,0,OK
56010226,0.332500,5.085000,33.250,170.000,0,OK
56020222,0.337500,5.085000,33.750,172.500,0,OK
56030226,0.332500,5.086250,33.250,170.000,0,OK
56040222,0.335000,5.083750,33.500,170.000,0,OK
56050226,0.332500,5.085000,33.250,170.000,0,OK
56060222,0.335000,5.086250,33.500,170.000,0,OK
56070226,0.332500,5.085000,33.250,170.000,0,OK
56080222,0.332500,5.083750,33.250,170.000,0,OK
56090226,0.332500,5.083750,33.250,167.500,0,OK
56100222,0.332500,5.085000,33.250,170.000,0,OK
56110226,0.335000,5.087500,33.500,170.000,0,OK
56120222,0.335000,5.085000,33.500,170.000,0,OK
56130226,0.332500,5.085000,33.250,170.000,0,OK
56140222,0.332500,5.086250,33.250,170.000,0,OK
56150226,0.332500,5.086250,33.250,170.000,0,OK
56160222,0.330000,5.085000,33.250,170.000,0,OK
56170226,0.330000,5.085000,33.000,167.500,0,OK
56180222,0.332500,5.085000,33.000,167.500,0,OK
56190226,0.332500,5.087500,33.250,170.000,0,OK
56200222,0.330000,5.081250,33.000,167.500,0,OK
56210226,0.332500,5.085000,33.250,170.000,0,OK
56220218,0.335000,5.085000,33.500,170.000,0,OK
56230230,0.332500,5.083750,33.250,170.000,0,OK
56240218,0.330000,5.085000,33.000,167.500,0,OK
56250230,0.332500,5.085000,33.250,170.000,0,OK
56260218,0.332500,5.085000,33.250,170.000,0,OK
56270230,0.332500,5.086250,33.500,167.500,0,OK
56280218,0.335000,5.085000,33.500,170.000,0,OK
56290230,0.330000,5.078750,33.000,167.500,0,OK
56300218,0.335000,5.085000,33.500,170.000,0,OK
56310226,0.332500,5.085000,33.250,170.000,0,OK
56320222,0.332500,5.085000,33.250,170.000,0,OK
56330226,0.337500,5.086250,33.750,172.500,0,OK
56340222,0.335000,5.085000,33.250,170.000,0,OK
56350226,0.332500,5.086250,33.250,170.000,0,OK
56360222,0.335000,5.086250,33.000,170.000,0,OK
56370226,0.332500,5.085000,33.250,170.000,0,OK
56380222,0.332500,5.082500,33.250,170.000,0,OK
56390226,0.345000,5.085000,33.250,170.000,0,OK
56400222,0.332500,5.086250,33.250,170.000,0,OK
56410226,0.332500,5.085000,33.250,170.000,0,OK
56420222,0.330000,5.085000,33.000,167.500,0,OK
56430226,0.332500,5.086250,33.000,167.500,0,OK
56440222,0.332500,5.085000,33.250,170.000,0,OK
56450226,0.330000,5.086250,33.000,167.500,0,OK
56460222,0.332500,5.086250,33.250,170.000,0,OK
56470226,0.332500,5.081250,33.250,167.500,0,OK
56480222,0.340000,5.085000,33.250,170.000,0,OK
56490226,0.335000,5.085000,33.500,170.000,0,OK
56500222,0.332500,5.085000,33.000,167.500,0,OK
56510226,0.332500,5.085000,33.250,170.000,0,OK
56520222,0.335000,5.085000,33.250,170.000,0,OK
56530226,0.335000,5.086250,33.500,170.000,0,OK
56540222,0.332500,5.086250,33.250,167.500,0,OK
56550226,0.330000,5.086250,33.000,167.500,0,OK
56560222,0.335000,5.082500,33.500,170.000,0,OK
56570226,0.340000,5.083750,33.250,170.000,0,OK
56580222,0.335000,5.086250,33.500,170.000,0,OK
56590226,0.332500,5.086250,33.250,170.000,0,OK
56600222,0.332500,5.086250,33.250,170.000,0,OK
56610226,0.332500,5.087500,33.500,167.500,0,OK
56620222,0.330000,5.085000,33.000,167.500,0,OK
56630226,0.332500,5.086250,33.250,167.500,0,OK
56640222,0.332500,5.086250,33.250,170.000,0,OK
56650226,0.335000,5.086250,33.500,170.000,0,OK
56660222,0.332500,5.086250,33.000,167.500,0,OK
56670226,0.337500,5.085000,33.750,172.500,0,OK
56680222,0.332500,5.086250,33.250,170.000,0,OK
56690226,0.330000,5.085000,33.000,167.500,0,OK
56700222,0.332500,5.086250,33.250,167.500,0,OK
56710226,0.332500,5.085000,33.250,170.000,0,OK
56720222,0.332500,5.085000,33.250,167.500,0,OK
56730226,0.332500,5.085000,33.250,170.000,0,OK
56740222,0.335000,5.083750,33.500,170.000,0,OK
56750226,0.332500,5.086250,33.250,170.000,0,OK
56760222,0.335000,5.085000,33.500,170.000,0,OK
56770226,0.330000,5.086250,33.500,170.000,0,OK
56780222,0.335000,5.086250,33.500,170.000,0,OK
56790226,0.337500,5.085000,33.000,172.500,0,OK
56800222,0.332500,5.085000,33.250,170.000,0,OK
56810226,0.332500,5.080000,33.250,167.500,0,OK
56820222,0.330000,5.085000,33.000,167.500,0,OK
56830226,0.335000,5.087500,33.500,170.000,0,OK
56840222,0.330000,5.085000,33.000,167.500,0,OK
56850226,0.332500,5.087500,33.250,170.000,0,OK
56860222,0.335000,5.086250,33.500,170.000,0,OK
56870226,0.335000,5.083750,33.500,170.000,0,OK
56880222,0.332500,5.086250,33.250,167.500,0,OK
56890226,0.330000,5.086250,33.000,167.500,0,OK
56900222,0.332500,5.081250,33.250,167.500,0,OK
56910226,0.332500,5.085000,33.250,170.000,0,OK
56920222,0.332500,5.083750,33.250,170.000,0,OK
56930226,0.332500,5.085000,33.250,170.000,0,OK
56940222,0.335000,5.085000,33.500,170.000,0,OK
56950226,0.332500,5.086250,33.250,170.000,0,OK
56960222,0.332500,5.086250,33.250,170.000,0,OK
56970226,0.332500,5.085000,33.250,167.500,0,OK
56980222,0.330000,5.086250,33.000,167.500,0,OK
56990226,0.332500,5.080000,33.250,167.500,0,OK
57000218,0.345000,5.085000,33.000,167.500,0,OK
57010230,0.332500,5.086250,33.250,170.000,0,OK
57020218,0.330000,5.085000,33.250,170.000,0,OK
57030230,0.335000,5.085000,33.500,170.000,0,OK
57040218,0.332500,5.083750,33.000,167.500,0,OK
57050230,0.332500,5.083750,33.250,170.000,0,OK
57060218,0.332500,5.086250,33.250,167.500,0,OK
57070230,0.332500,5.085000,33.250,170.000,0,OK
57080218,0.332500,5.080000,33.250,167.500,0,OK
57090230,0.342500,5.085000,33.000,167.500,0,OK
57100218,0.335000,5.086250,33.500,170.000,0,OK
57110230,0.335000,5.086250,33.250,170.000,0,OK
57120218,0.330000,5.086250,33.000,167.500,0,OK
57130230,0.332500,5.085000,33.250,167.500,0,OK
57140218,0.332500,5.086250,33.250,170.000,0,OK
57150230,0.335000,5.085000,33.500,170.000,0,OK
57160218,0.332500,5.085000,33.250,170.000,0,OK
57170230,0.335000,5.081250,33.500,170.000,0,OK
57180218,0.337500,5.085000,33.000,167.500,0,OK
57190230,0.335000,5.085000,33.500,170.000,0,OK
57200218,0.330000,5.086250,33.250,170.000,0,OK
57210230,0.332500,5.085000,33.250,170.000,0,OK
57220218,0.332500,5.085000,32.750,167.500,0,OK
57230230,0.332500,5.085000,33.250,170.000,0,OK
57240218,0.335000,5.085000,33.500,170.000,0,OK
57250230,0.330000,5.085000,33.000,167.500,0,OK
57260218,0.332500,5.083750,33.250,170.000,0,OK
57270230,0.332500,5.085000,33.250,170.000,0,OK
57280218,0.332500,5.086250,33.250,170.000,0,OK
57290230,0.332500,5.083750,33.000,167.500,0,OK
57300218,0.332500,5.085000,33.250,170.000,0,OK
57310230,0.337500,5.086250,33.250,172.500,0,OK
57320218,0.330000,5.085000,33.000,167.500,0,OK
57330230,0.337500,5.085000,33.750,172.500,0,OK
57340218,0.330000,5.085000,33.000,167.500,0,OK
57350230,0.332500,5.083750,33.250,170.000,0,OK
57360218,0.332500,5.085000,33.000,167.500,0,OK
57370230,0.337500,5.085000,33.750,172.500,0,OK
57380218,0.335000,5.086250,33.250,170.000,0,OK
57390230,0.330000,5.085000,33.000,167.500,0,OK
57400218,0.335000,5.086250,33.000,170.000,0,OK
57410230,0.332500,5.085000,33.250,170.000,0,OK
57420218,0.332500,5.077500,33.250,167.500,0,OK
57430230,0.330000,5.085000,33.000,167.500,0,OK
57440218,0.332500,5.086250,33.250,170.000,0,OK
57450230,0.332500,5.086250,33.250,170.000,0,OK
57460218,0.332500,5.083750,33.250,170.000,0,OK
57470230,0.332500,5.085000,33.000,167.500,0,OK
57480218,0.332500,5.086250,33.250,170.000,0,OK
57490230,0.332500,5.083750,33.250,167.500,0,OK
57500218,0.335000,5.083750,33.500,170.000,0,OK
57510230,0.335000,5.080000,33.500,170.000,0,OK
57520218,0.332500,5.083750,33.250,170.000,0,OK
57530230,0.332500,5.086250,33.250,170.000,0,OK
57540218,0.330000,5.085000,33.250,170.000,0,OK
57550230,0.335000,5.087500,33.500,170.000,0,OK
57560218,0.332500,5.085000,33.250,170.000,0,OK
57570230,0.332500,5.085000,33.250,170.000,0,OK
57580218,0.332500,5.085000,33.000,167.500,0,OK
57590230,0.332500,5.085000,33.250,170.000,0,OK
57600218,0.332500,5.081250,33.250,167.500,0,OK
57610230,0.345000,5.085000,33.250,170.000,0,OK
57620218,0.332500,5.085000,33.250,170.000,0,OK
57630230,0.327500,5.085000,33.000,167.500,0,OK
57640218,0.330000,5.087500,33.000,167.500,0,OK
57650230,0.335000,5.085000,33.000,167.500,0,OK
57660218,0.332500,5.086250,33.250,170.000,0,OK
57670230,0.332500,5.083750,33.250,167.500,0,OK
57680218,0.332500,5.086250,33.250,170.000,0,OK
57690230,0.335000,5.081250,33.500,170.000,0,OK
57700218,0.342500,5.086250,33.000,167.500,0,OK
57710230,0.332500,5.086250,33.250,170.000,0,OK
57720218,0.330000,5.085000,33.250,170.000,0,OK
57730230,0.330000,5.085000,33.000,167.500,0,OK
57740218,0.332500,5.086250,33.250,167.500,0,OK
57750230,0.332500,5.086250,33.250,170.000,0,OK
57760218,0.335000,5.085000,33.500,170.000,0,OK
57770230,0.332500,5.086250,33.250,170.000,0,OK
57780218,0.332500,5.082500,33.250,170.000,0,OK
57790230,0.337500,5.086250,33.000,167.500,0,OK
57800218,0.332500,5.087500,33.250,170.000,0,OK
57810226,0.330000,5.086250,33.250,170.000,0,OK
57820222,0.332500,5.085000,33.250,170.000,0,OK
57830226,0.332500,5.085000,33.250,167.500,0,OK
57840222,0.332500,5.085000,33.250,170.000,0,OK
57850226,0.332500,5.085000,33.250,167.500,0,OK
57860222,0.330000,5.085000,33.000,167.500,0,OK
57870226,0.335000,5.081250,33.500,170.000,0,OK
57880222,0.335000,5.085000,33.250,170.000,0,OK
57890226,0.335000,5.085000,33.500,170.000,0,OK
57900222,0.330000,5.083750,33.500,170.000,0,OK
57910226,0.332500,5.085000,33.250,170.000,0,OK
57920222,0.332500,5.085000,33.000,167.500,0,OK
57930226,0.330000,5.087500,33.000,167.500,0,OK
57940222,0.332500,5.085000,33.250,167.500,0,OK
57950226,0.332500,5.086250,33.250,170.000,0,OK
57960222,0.335000,5.083750,33.500,170.000,0,OK
57970226,0.335000,5.085000,33.250,170.000,0,OK
57980222,0.332500,5.086250,33.250,170.000,0,OK
57990226,0.335000,5.085000,33.250,170.000,0,OK
58000222,0.332500,5.086250,33.250,170.000,0,OK
58010226,0.330000,5.086250,33.000,167.500,0,OK
58020222,0.332500,5.085000,33.250,170.000,0,OK
58030226,0.335000,5.078750,33.500,170.000,0,OK
58040222,0.335000,5.085000,33.500,170.000,0,OK
58050226,0.332500,5.085000,33.250,170.000,0,OK
58060222,0.332500,5.086250,33.250,170.000,0,OK
58070226,0.335000,5.085000,33.500,170.000,0,OK
58080222,0.332500,5.085000,33.250,170.000,0,OK
58090226,0.330000,5.085000,33.000,167.500,0,OK
58100222,0.332500,5.085000,33.000,167.500,0,OK
58110226,0.332500,5.085000,33.250,170.000,0,OK
58120222,0.335000,5.080000,33.500,170.000,0,OK
58130226,0.330000,5.085000,33.000,167.500,0,OK
58140222,0.332500,5.083750,33.250,170.000,0,OK
58150226,0.332500,5.085000,33.250,170.000,0,OK
58160222,0.335000,5.086250,33.500,170.000,0,OK
58170226,0.330000,5.086250,33.250,170.000,0,OK
58180222,0.330000,5.086250,33.000,167.500,0,OK
58190226,0.332500,5.085000,33.500,167.500,0,OK
58200218,0.332500,5.085000,33.250,170.000,0,OK
58210230,0.332500,5.081250,33.250,167.500,0,OK
58220218,0.332500,5.085000,33.250,170.000,0,OK
58230230,0.332500,5.086250,33.250,170.000,0,OK
58240218,0.332500,5.086250,33.250,170.000,0,OK
58250230,0.332500,5.086250,33.250,170.000,0,OK
58260218,0.332500,5.086250,33.250,170.000,0,OK
58270230,0.330000,5.083750,33.000,167.500,0,OK
58280218,0.337500,5.086250,33.750,172.500,0,OK
58290226,0.332500,5.085000,33.250,170.000,0,OK
58300222,0.332500,5.081250,33.250,167.500,0,OK
58310226,0.340000,5.085000,33.250,170.000,0,OK
58320222,0.332500,5.085000,33.250,170.000,0,OK
58330226,0.337500,5.085000,33.000,167.500,0,OK
58340222,0.332500,5.086250,33.250,170.000,0,OK
58350226,0.332500,5.086250,33.250,167.500,0,OK
58360222,0.335000,5.086250,33.500,170.000,0,OK
58370226,0.335000,5.085000,33.500,170.000,0,OK
58380222,0.330000,5.085000,33.000,167.500,0,OK
58390226,0.335000,5.082500,33.500,170.000,0,OK
58400222,0.342500,5.085000,33.250,170.000,0,OK
58410226,0.335000,5.085000,33.500,170.000,0,OK
58420222,0.335000,5.083750,33.250,170.000,0,OK
58430226,0.332500,5.085000,33.250,170.000,0,OK
58440222,0.332500,5.085000,33.250,167.500,0,OK
58450226,0.330000,5.085000,33.000,167.500,0,OK
58460222,0.332500,5.085000,33.250,167.500,0,OK
58470226,0.335000,5.083750,33.500,170.000,0,OK
58480222,0.332500,5.082500,33.250,170.000,0,OK
58490226,0.335000,5.083750,33.250,170.000,0,OK
58500222,0.332500,5.087500,33.250,170.000,0,OK
58510226,0.332500,5.085000,33.000,167.500,0,OK
58520222,0.332500,5.085000,33.250,170.000,0,OK
58530226,0.335000,5.085000,33.250,170.000,0,OK
58540222,0.332500,5.085000,33.250,170.000,0,OK
58550226,0.335000,5.086250,33.500,170.000,0,OK
58560222,0.332500,5.086250,33.250,170.000,0,OK
58570226,0.332500,5.081250,33.250,167.500,0,OK
58580222,0.332500,5.085000,33.250,170.000,0,OK
58590226,0.332500,5.085000,33.250,170.000,0,OK
58600222,0.330000,5.085000,33.000,167.500,0,OK
58610226,0.332500,5.085000,33.250,170.000,0,OK
58620222,0.335000,5.086250,33.000,170.000,0,OK
58630226,0.332500,5.085000,33.250,170.000,0,OK
58640222,0.332500,5.077500,33.250,167.500,0,OK
58650226,0.330000,5.085000,33.000,167.500,0,OK
58660222,0.335000,5.085000,33.500,170.000,0,OK
58670226,0.330000,5.086250,33.000,167.500,0,OK
58680222,0.332500,5.086250,33.250,170.000,0,OK
58690226,0.332500,5.086250,33.250,170.000,0,OK
58700222,0.327500,5.087500,32.750,166.250,0,OK
58710226,0.335000,5.086250,33.500,170.000,0,OK
58720222,0.332500,5.085000,33.250,170.000,0,OK
58730226,0.332500,5.080000,33.250,167.500,0,OK
58740222,0.335000,5.085000,33.500,170.000,0,OK
58750226,0.335000,5.085000,33.500,170.000,0,OK
58760222,0.330000,5.085000,33.000,167.500,0,OK
58770226,0.335000,5.085000,33.500,170.000,0,OK
58780222,0.335000,5.085000,33.000,167.500,0,OK
58790226,0.332500,5.086250,33.250,170.000,0,OK
58800222,0.335000,5.085000,33.250,170.000,0,OK
58810226,0.330000,5.083750,33.000,167.500,0,OK
58820222,0.335000,5.080000,33.500,170.000,0,OK
58830226,0.330000,5.085000,33.000,167.500,0,OK
58840222,0.332500,5.085000,33.250,170.000,0,OK
58850226,0.330000,5.085000,33.250,170.000,0,OK
58860222,0.335000,5.086250,33.500,170.000,0,OK
58870226,0.332500,5.085000,33.000,167.500,0,OK
58880222,0.335000,5.085000,33.500,170.000,0,OK
58890226,0.332500,5.083750,33.250,167.500,0,OK
58900222,0.332500,5.086250,33.250,170.000,0,OK
58910226,0.332500,5.082500,33.250,170.000,0,OK
58920222,0.345000,5.085000,33.250,170.000,0,OK
58930226,0.335000,5.086250,33.500,170.000,0,OK
58940222,0.330000,5.085000,33.750,172.500,0,OK
58950226,0.332500,5.086250,33.250,170.000,0,OK
58960222,0.332500,5.086250,33.000,167.500,0,OK
58970226,0.332500,5.083750,33.250,170.000,0,OK
58980222,0.332500,5.085000,33.250,167.500,0,OK
58990226,0.332500,5.085000,33.250,170.000,0,OK
59000222,0.335000,5.083750,33.500,170.000,0,OK
59010226,0.340000,5.085000,33.000,167.500,0,OK
59020222,0.332500,5.086250,33.250,170.000,0,OK
59030226,0.330000,5.087500,33.250,170.000,0,OK
59040222,0.327500,5.086250,32.750,166.250,0,OK
59050226,0.332500,5.085000,33.250,167.500,0,OK
59060218,0.330000,5.085000,33.000,167.500,0,OK
59070230,0.335000,5.083750,33.500,170.000,0,OK
59080218,0.330000,5.085000,33.000,167.500,0,OK
59090230,0.335000,5.082500,33.500,170.000,0,OK
59100218,0.335000,5.085000,33.000,167.500,0,OK
59110230,0.337500,5.083750,33.750,172.500,0,OK
59120218,0.335000,5.083750,33.250,170.000,0,OK
59130230,0.332500,5.083750,33.250,170.000,0,OK
59140218,0.335000,5.085000,33.000,170.000,0,OK
59150230,0.332500,5.086250,33.250,170.000,0,OK
59160218,0.332500,5.086250,33.250,167.500,0,OK
59170230,0.332500,5.085000,33.250,170.000,0,OK
59180218,0.330000,5.083750,33.000,167.500,0,OK
59190230,0.332500,5.085000,33.250,170.000,0,OK
59200218,0.337500,5.085000,33.750,172.500,0,OK
59210230,0.330000,5.085000,33.500,170.000,0,OK
59220218,0.335000,5.085000,33.500,170.000,0,OK
59230230,0.335000,5.085000,33.000,170.000,0,OK
59240218,0.330000,5.086250,33.000,167.500,0,OK
59250230,0.332500,5.078750,33.250,167.500,0,OK
59260218,0.330000,5.085000,33.000,167.500,0,OK
59270230,0.332500,5.082500,33.250,170.000,0,OK
59280218,0.332500,5.085000,33.000,167.500,0,OK
59290230,0.332500,5.086250,33.250,170.000,0,OK
59300218,0.330000,5.085000,33.250,170.000,0,OK
59310230,0.332500,5.086250,33.250,170.000,0,OK
59320218,0.335000,5.085000,33.250,170.000,0,OK
59330230,0.330000,5.085000,33.000,167.500,0,OK
59340218,0.337500,5.081250,33.750,172.500,0,OK
59350230,0.335000,5.086250,33.500,170.000,0,OK
59360218,0.332500,5.083750,33.250,170.000,0,OK
59370230,0.332500,5.085000,33.250,170.000,0,OK
59380218,0.332500,5.086250,33.250,170.000,0,OK
59390230,0.332500,5.085000,33.500,170.000,0,OK
59400218,0.332500,5.085000,33.250,170.000,0,OK
59410230,0.332500,5.086250,33.500,167.500,0,OK
59420218,0.330000,5.085000,33.000,167.500,0,OK
59430230,0.332500,5.080000,33.250,167.500,0,OK
59440218,0.335000,5.085000,33.500,170.000,0,OK
59450230,0.332500,5.087500,33.250,170.000,0,OK
59460218,0.332500,5.085000,33.250,170.000,0,OK
59470230,0.332500,5.083750,33.250,170.000,0,OK
59480218,0.335000,5.086250,33.000,167.500,0,OK
59490230,0.332500,5.085000,33.250,170.000,0,OK
59500218,0.335000,5.086250,33.250,170.000,0,OK
59510230,0.330000,5.085000,33.000,167.500,0,OK
59520218,0.330000,5.081250,33.000,167.500,0,OK
59530230,0.342500,5.085000,33.000,167.500,0,OK
59540218,0.337500,5.085000,33.750,172.500,0,OK
59550230,0.332500,5.085000,33.250,170.000,0,OK
59560218,0.332500,5.085000,33.250,170.000,0,OK
59570230,0.332500,5.085000,33.000,167.500,0,OK
59580218,0.332500,5.086250,33.250,170.000,0,OK
59590230,0.332500,5.085000,33.250,167.500,0,OK
59600218,0.330000,5.085000,33.000,167.500,0,OK
59610230,0.335000,5.082500,33.500,170.000,0,OK
59620218,0.342500,5.083750,33.250,170.000,0,OK
59630230,0.335000,5.087500,33.500,170.000,0,OK
59640218,0.330000,5.083750,33.500,170.000,0,OK
59650230,0.332500,5.085000,33.250,170.000,0,OK
59660218,0.335000,5.085000,33.000,170.000,0,OK
59670230,0.332500,5.083750,33.250,170.000,0,OK
59680218,0.335000,5.086250,33.500,170.000,0,OK
59690230,0.332500,5.085000,33.250,170.000,0,OK
59700218,0.332500,5.083750,33.250,170.000,0,OK
59710230,0.337500,5.085000,33.000,167.500,0,OK
59720218,0.332500,5.085000,33.250,170.000,0,OK
59730230,0.332500,5.085000,33.250,170.000,0,OK
59740218,0.330000,5.086250,33.000,167.500,0,OK
59750230,0.335000,5.086250,33.000,170.000,0,OK
59760218,0.332500,5.083750,33.250,170.000,0,OK
59770230,0.330000,5.086250,33.000,167.500,0,OK
59780218,0.330000,5.085000,33.000,167.500,0,OK
59790226,0.332500,5.082500,33.250,170.000,0,OK
59800222,0.332500,5.085000,33.250,170.000,0,OK
59810226,0.335000,5.085000,33.500,170.000,0,OK
59820222,0.332500,5.083750,33.250,170.000,0,OK
59830226,0.332500,5.086250,33.250,170.000,0,OK
59840222,0.335000,5.085000,33.500,170.000,0,OK
59850226,0.332500,5.085000,33.250,170.000,0,OK
59860222,0.332500,5.080000,33.250,167.500,0,OK
59870226,0.332500,5.085000,33.250,170.000,0,OK
59880222,0.335000,5.085000,33.500,170.000,0,OK
59890226,0.332500,5.083750,33.250,170.000,0,OK
59900222,0.335000,5.085000,33.500,170.000,0,OK
59910226,0.330000,5.085000,33.000,167.500,0,OK
59920222,0.332500,5.085000,33.250,170.000,0,OK
59930226,0.332500,5.086250,33.250,167.500,0,OK
59940222,0.332500,5.085000,33.250,170.000,0,OK
59950226,0.332500,5.081250,33.250,167.500,0,OK
59960222,0.332500,5.085000,33.250,170.000,0,OK
59970226,0.332500,5.083750,33.250,170.000,0,OK
59980222,0.332500,5.086250,33.000,167.500,0,OK
59990226,0.332500,5.087500,33.250,170.000,0,OK
